date,iv_1m_put_10d,iv_1m_put_25d,iv_1m_put_50d,iv_1m_call_10d,iv_1m_call_25d,iv_1m_call_50d,iv_2m_put_10d,iv_2m_put_25d,iv_2m_put_40d,iv_2m_put_50d,iv_2m_call_10d,iv_2m_call_25d,iv_2m_call_40d,iv_2m_call_50d,iv_3m_atm_put
2005-01-03,14.66,13.68,11.89,11.48,11.64,11.88,14.15,13.51,12.84,12.4,11.55,11.88,12.19,12.4,13.41
2005-01-04,14.38,13.48,11.85,11.67,11.74,11.85,14.26,13.64,13.0,12.58,11.82,12.11,12.39,12.58,13.46
2005-01-05,14.56,13.65,12.03,11.66,11.8,12.04,14.22,13.7,13.15,12.79,11.9,12.24,12.58,12.8,13.47
2005-01-06,13.74,12.94,11.52,11.72,11.65,11.52,13.85,13.26,12.65,12.24,11.39,11.72,12.04,12.24,12.95
2005-01-07,13.26,12.5,11.16,11.43,11.33,11.16,13.56,13.04,12.49,12.13,11.52,11.75,11.98,12.14,12.82
2005-01-10,13.8,12.83,11.05,11.41,11.28,11.05,13.29,12.72,12.13,11.73,11.0,11.28,11.56,11.73,12.6
2005-01-11,14.23,13.13,11.1,11.73,11.5,11.09,13.27,12.72,12.14,11.77,11.1,11.35,11.61,11.77,12.71
2005-01-12,13.33,12.18,10.04,11.4,10.91,10.04,12.9,12.35,11.77,11.39,10.78,11.01,11.24,11.4,12.42
2005-01-13,13.44,12.21,9.88,12.29,11.44,9.87,13.13,12.58,12.01,11.64,10.91,11.19,11.46,11.64,12.58
2005-01-14,13.18,11.69,8.73,11.55,10.58,8.72,12.65,12.09,11.51,11.13,10.5,10.74,10.98,11.13,12.25
2005-01-18,17.3,15.02,10.25,15.21,13.56,10.23,12.52,11.97,11.41,11.03,10.35,10.61,10.86,11.03,11.85
2005-01-19,18.41,15.69,9.73,16.05,14.01,9.69,13.21,12.61,11.97,11.56,10.97,11.2,11.42,11.56,12.47
2005-01-20,21.96,17.91,7.31,10.17,9.2,7.31,14.01,13.32,12.58,12.1,11.35,11.64,11.92,12.1,12.77
2005-01-21,14.35,13.59,12.26,11.33,11.69,12.26,14.46,13.86,13.23,12.83,11.92,12.27,12.61,12.83,13.14
2005-01-24,14.85,13.96,12.38,11.67,11.94,12.38,14.62,14.02,13.39,12.98,12.01,12.38,12.74,12.98,13.41
2005-01-25,14.16,13.3,11.77,11.1,11.35,11.77,14.48,13.79,13.06,12.58,11.48,11.9,12.32,12.58,12.95
2005-01-26,13.37,12.55,11.09,10.42,10.68,11.1,14.12,13.35,12.54,12.0,11.04,11.41,11.78,12.01,12.41
2005-01-27,13.17,12.3,10.74,10.08,10.33,10.74,13.77,12.99,12.15,11.6,10.63,11.01,11.37,11.61,12.12
2005-01-28,13.52,12.6,10.92,10.36,10.57,10.92,13.7,12.91,12.06,11.5,10.58,10.94,11.28,11.5,12.14
2005-01-31,12.95,12.06,10.44,9.87,10.08,10.44,12.25,11.81,11.35,11.04,9.99,10.4,10.79,11.05,11.58
2005-02-01,12.64,11.65,9.8,9.4,9.55,9.8,12.05,11.5,10.93,10.55,9.74,10.06,10.36,10.56,11.26
2005-02-02,12.44,11.47,9.69,9.41,9.52,9.69,12.0,11.35,10.66,10.19,9.17,9.57,9.95,10.2,10.86
2005-02-03,12.71,11.65,9.68,9.56,9.61,9.68,11.91,11.34,10.74,10.34,9.48,9.81,10.13,10.34,10.98
2005-02-04,12.0,10.89,8.79,9.13,9.0,8.79,11.37,10.76,10.13,9.7,8.75,9.12,9.48,9.71,10.34
2005-02-07,12.61,11.56,9.61,10.51,10.18,9.61,11.92,11.26,10.56,10.09,9.34,9.63,9.91,10.09,10.68
2005-02-08,13.14,11.79,9.17,10.44,9.98,9.17,11.68,11.06,10.41,9.97,9.15,9.47,9.78,9.98,10.54
2005-02-09,13.5,12.19,9.7,11.39,10.79,9.69,12.11,11.52,10.89,10.47,9.4,9.82,10.22,10.48,11.03
2005-02-10,13.1,11.76,9.16,10.73,10.17,9.15,12.03,11.32,10.56,10.05,9.1,9.47,9.83,10.06,10.64
2005-02-11,13.86,12.09,8.42,10.69,9.9,8.42,11.77,11.05,10.28,9.76,8.98,9.28,9.58,9.77,10.44
2005-02-14,16.56,14.14,8.82,11.72,10.72,8.81,12.0,11.28,10.5,9.98,9.15,9.47,9.78,9.98,10.56
2005-02-15,15.66,13.38,8.39,14.6,12.63,8.38,11.26,10.65,10.01,9.58,8.97,9.2,9.43,9.58,10.26
2005-02-16,16.56,13.8,7.19,8.9,8.3,7.19,11.19,10.54,9.85,9.38,8.77,9.0,9.23,9.38,10.23
2005-02-17,14.32,12.11,7.09,6.95,7.0,7.09,11.77,11.1,10.38,9.9,9.3,9.53,9.75,9.9,10.62
2005-02-18,11.28,10.54,9.22,8.59,8.84,9.22,11.09,10.65,10.2,9.89,8.96,9.32,9.67,9.9,10.54
2005-02-22,13.35,12.58,11.21,10.07,10.52,11.22,12.47,12.04,11.58,11.28,10.22,10.63,11.03,11.28,11.58
2005-02-23,12.44,11.66,10.27,9.43,9.75,10.27,12.52,11.91,11.26,10.83,9.87,10.24,10.6,10.83,11.34
2005-02-24,11.93,11.07,9.49,8.86,9.1,9.49,11.66,11.1,10.51,10.11,9.02,9.44,9.85,10.12,10.81
2005-02-25,11.74,10.99,9.65,9.21,9.38,9.65,11.32,10.78,10.21,9.83,9.03,9.34,9.64,9.84,10.53
2005-02-28,13.55,12.48,10.52,10.1,10.26,10.52,12.29,11.65,10.98,10.53,9.66,9.99,10.32,10.53,11.16
2005-03-01,12.57,11.78,10.36,10.12,10.21,10.36,12.06,11.5,10.92,10.53,9.63,9.98,10.31,10.53,11.13
2005-03-02,13.26,12.37,10.78,10.42,10.56,10.78,12.71,12.09,11.43,11.0,10.07,10.43,10.78,11.0,11.62
2005-03-03,13.54,12.58,10.84,10.7,10.75,10.84,12.72,12.12,11.49,11.08,10.35,10.63,10.9,11.08,11.65
2005-03-04,12.98,11.82,9.62,9.03,9.26,9.62,12.4,11.69,10.94,10.43,9.81,10.05,10.28,10.43,11.21
2005-03-07,13.08,11.88,9.59,10.22,9.98,9.59,12.44,11.76,11.03,10.55,9.78,10.07,10.36,10.55,11.24
2005-03-08,14.06,12.57,9.63,10.76,10.35,9.63,12.7,11.96,11.17,10.64,9.87,10.17,10.46,10.65,11.44
2005-03-09,15.03,13.5,10.52,11.26,10.99,10.52,13.21,12.52,11.79,11.3,10.44,10.77,11.09,11.3,11.92
2005-03-10,14.31,12.75,9.67,10.49,10.19,9.67,13.12,12.34,11.51,10.95,10.1,10.43,10.75,10.96,11.85
2005-03-11,14.51,12.95,9.87,11.93,11.2,9.86,13.02,12.41,11.76,11.32,10.43,10.78,11.11,11.32,12.17
2005-03-14,17.5,15.11,9.97,13.07,12.0,9.97,12.99,12.3,11.57,11.09,10.24,10.56,10.88,11.09,12.06
2005-03-15,19.21,16.46,10.46,15.02,13.49,10.46,13.58,12.82,12.01,11.47,10.63,10.96,11.27,11.47,12.47
2005-03-16,19.66,16.54,9.29,16.95,14.56,9.31,13.97,13.22,12.41,11.88,11.0,11.34,11.66,11.88,12.75
2005-03-17,14.47,12.07,6.32,12.89,10.9,6.33,13.27,12.62,11.92,11.46,10.56,10.9,11.24,11.46,12.99
2005-03-18,13.38,12.57,11.11,10.49,10.73,11.11,13.56,13.08,12.58,12.25,11.36,11.71,12.04,12.26,12.73
2005-03-21,13.58,12.84,11.52,10.93,11.16,11.53,13.52,13.1,12.66,12.36,11.54,11.86,12.17,12.37,12.96
2005-03-22,14.17,13.42,12.11,11.48,11.72,12.11,14.63,13.98,13.29,12.85,12.03,12.35,12.66,12.86,13.32
2005-03-23,14.1,13.27,11.78,11.18,11.41,11.78,14.63,13.92,13.17,12.68,11.91,12.2,12.5,12.69,13.44
2005-03-24,13.31,12.48,10.98,10.33,10.58,10.98,14.01,13.36,12.67,12.22,11.42,11.73,12.03,12.23,13.12
2005-03-28,14.21,13.21,11.4,10.95,11.12,11.4,14.23,13.56,12.84,12.38,11.41,11.78,12.15,12.38,13.09
2005-03-29,14.76,13.82,12.13,12.05,12.08,12.13,14.49,13.86,13.2,12.77,11.87,12.22,12.56,12.78,13.64
2005-03-30,13.85,12.97,11.4,11.04,11.18,11.4,13.23,12.73,12.2,11.86,11.12,11.4,11.68,11.86,12.91
2005-03-31,14.44,13.5,11.81,11.34,11.52,11.81,13.36,12.92,12.47,12.17,11.28,11.62,11.96,12.18,13.01
2005-04-01,14.45,13.43,11.57,11.4,11.46,11.57,14.43,13.71,12.96,12.46,11.52,11.88,12.23,12.46,13.35
2005-04-04,14.71,13.71,11.9,11.73,11.79,11.9,13.4,13.01,12.6,12.32,11.31,11.7,12.08,12.33,13.38
2005-04-05,13.94,12.92,11.05,11.58,11.38,11.05,13.14,12.69,12.23,11.93,11.09,11.41,11.73,11.93,12.95
2005-04-06,14.21,12.93,10.5,10.46,10.47,10.5,13.29,12.64,11.95,11.48,10.52,10.89,11.25,11.48,12.63
2005-04-07,13.28,12.1,9.86,11.21,10.72,9.87,12.45,11.9,11.33,10.94,10.09,10.42,10.74,10.95,12.25
2005-04-08,13.54,12.39,10.23,12.13,11.45,10.22,12.84,12.26,11.64,11.24,10.36,10.7,11.03,11.24,12.31
2005-04-11,15.71,14.04,10.75,14.08,12.93,10.75,12.97,12.37,11.74,11.32,10.44,10.78,11.11,11.33,12.46
2005-04-12,17.63,14.9,8.72,13.8,12.14,8.71,12.57,11.94,11.27,10.82,9.9,10.26,10.61,10.83,12.0
2005-04-13,19.17,16.1,8.97,14.79,12.92,8.96,13.84,13.12,12.36,11.85,10.92,11.28,11.63,11.85,12.89
2005-04-14,22.85,18.73,8.32,9.05,8.78,8.37,14.48,13.93,13.36,12.97,11.8,12.26,12.7,12.99,13.74
2005-04-15,17.31,16.49,15.03,13.57,14.14,15.04,17.34,16.51,15.63,15.06,13.68,14.22,14.74,15.07,15.3
2005-04-18,16.66,15.86,14.45,13.03,13.58,14.46,16.65,15.92,15.17,14.67,13.35,13.86,14.36,14.68,14.85
2005-04-19,15.11,14.35,13.01,11.67,12.19,13.02,14.65,14.2,13.74,13.42,12.2,12.67,13.13,13.43,13.82
2005-04-20,17.44,16.45,14.69,13.19,13.78,14.7,16.44,15.82,15.17,14.74,13.44,13.95,14.44,14.75,14.98
2005-04-21,15.07,14.08,12.3,10.93,11.46,12.3,14.39,13.82,13.23,12.83,11.63,12.1,12.55,12.84,13.4
2005-04-22,16.15,15.09,13.18,11.55,12.19,13.18,14.78,14.29,13.79,13.44,12.02,12.57,13.1,13.45,13.9
2005-04-25,15.24,14.21,12.34,10.84,11.43,12.35,15.13,14.31,13.44,12.86,11.43,11.99,12.53,12.87,13.43
2005-04-26,15.56,14.57,12.8,11.31,11.89,12.81,14.8,14.19,13.56,13.13,11.74,12.28,12.8,13.14,13.64
2005-04-27,15.28,14.32,12.61,11.13,11.71,12.62,14.88,14.2,13.49,13.0,11.5,12.09,12.66,13.02,13.52
2005-04-28,17.52,16.55,14.81,13.16,13.81,14.83,16.59,15.87,15.12,14.62,13.07,13.68,14.26,14.63,14.76
2005-04-29,15.95,14.94,13.13,11.61,12.2,13.13,15.88,15.04,14.14,13.55,12.02,12.62,13.19,13.56,14.07
2005-05-02,15.73,14.68,12.79,11.16,11.8,12.79,15.56,14.71,13.8,13.2,11.7,12.29,12.85,13.21,13.85
2005-05-03,15.51,14.36,12.22,10.65,11.26,12.21,15.3,14.42,13.49,12.86,11.41,11.97,12.51,12.85,13.74
2005-05-04,14.37,13.34,11.47,10.25,10.72,11.47,14.17,13.42,12.62,12.08,10.56,11.16,11.73,12.09,12.88
2005-05-05,14.91,13.73,11.53,10.47,10.88,11.53,14.48,13.58,12.62,11.98,10.53,11.1,11.64,11.98,12.73
2005-05-06,14.66,13.5,11.35,10.58,10.88,11.35,14.61,13.76,12.86,12.26,10.75,11.35,11.91,12.27,12.85
2005-05-09,14.76,13.46,11.03,11.04,11.03,11.03,14.19,13.32,12.4,11.77,10.25,10.85,11.42,11.78,12.46
2005-05-10,16.53,15.18,12.65,12.32,12.44,12.65,15.42,14.52,13.55,12.9,11.34,11.95,12.54,12.91,13.39
2005-05-11,15.45,13.99,11.18,11.57,11.42,11.18,14.79,13.97,13.09,12.49,10.94,11.55,12.13,12.5,13.22
2005-05-12,18.24,16.61,13.53,13.49,13.5,13.53,16.68,15.76,14.78,14.12,12.39,13.07,13.72,14.13,14.56
2005-05-13,17.79,16.05,12.71,12.9,12.83,12.71,16.75,15.85,14.91,14.27,12.72,13.32,13.9,14.28,14.94
2005-05-16,18.14,16.12,12.12,14.79,13.85,12.12,15.98,14.99,13.94,13.23,11.42,12.13,12.8,13.23,14.07
2005-05-17,20.09,17.11,10.48,15.91,14.12,10.48,15.36,14.31,13.18,12.4,10.54,11.28,11.97,12.41,13.49
2005-05-18,20.95,17.56,9.62,14.98,13.23,9.63,14.17,13.16,12.07,11.31,9.63,10.29,10.92,11.32,12.5
2005-05-19,20.09,16.22,5.5,9.99,8.58,5.49,13.85,12.79,11.62,10.81,9.22,9.85,10.44,10.82,12.05
2005-05-20,13.92,12.77,10.62,9.09,9.7,10.63,13.49,12.69,11.84,11.27,9.84,10.4,10.93,11.28,11.98
2005-05-23,13.7,12.51,10.26,9.01,9.5,10.26,13.51,12.57,11.55,10.86,9.55,10.06,10.55,10.86,11.77
2005-05-24,13.29,12.16,10.03,8.98,9.39,10.03,13.33,12.5,11.62,11.03,9.56,10.14,10.69,11.04,11.68
2005-05-25,12.8,11.81,9.97,9.12,9.45,9.98,13.34,12.47,11.54,10.91,9.43,10.01,10.56,10.91,11.85
2005-05-26,12.66,11.63,9.72,9.09,9.33,9.72,12.83,11.99,11.08,10.47,9.19,9.69,10.17,10.47,11.55
2005-05-27,12.71,11.64,9.63,8.96,9.22,9.64,13.04,12.12,11.13,10.46,9.26,9.73,10.18,10.46,11.65
2005-05-31,13.81,12.66,10.48,9.78,10.05,10.48,13.7,12.85,11.93,11.31,10.03,10.53,11.0,11.31,12.43
2005-06-01,12.75,11.65,9.59,9.8,9.72,9.58,13.0,12.17,11.28,10.68,9.53,9.98,10.41,10.69,11.85
2005-06-02,13.28,11.95,9.38,9.38,9.38,9.38,12.35,11.58,10.75,10.19,9.18,9.57,9.95,10.19,11.67
2005-06-03,12.69,11.56,9.44,10.11,9.86,9.44,12.94,12.1,11.2,10.59,9.66,10.02,10.36,10.59,11.92
2005-06-06,13.38,12.08,9.57,10.47,10.14,9.56,12.91,12.09,11.21,10.61,9.61,10.0,10.37,10.62,12.04
2005-06-07,14.52,13.04,10.15,10.89,10.62,10.15,13.13,12.31,11.43,10.83,9.71,10.14,10.56,10.83,12.07
2005-06-08,14.87,13.28,10.15,11.39,10.94,10.15,13.45,12.57,11.63,11.0,9.94,10.35,10.74,11.0,12.27
2005-06-09,13.76,12.24,9.22,11.3,10.57,9.22,12.7,11.94,11.13,10.58,9.53,9.94,10.33,10.58,12.03
2005-06-10,14.06,12.26,8.49,10.32,9.67,8.49,12.72,11.93,11.09,10.52,9.54,9.92,10.28,10.52,12.04
2005-06-13,16.81,14.44,9.28,11.76,10.9,9.28,12.47,11.65,10.78,10.18,9.35,9.67,9.98,10.18,11.91
2005-06-14,18.33,15.45,8.83,13.15,11.72,8.84,12.75,11.81,10.79,10.09,9.37,9.65,9.92,10.09,11.86
2005-06-15,19.47,16.0,7.28,14.54,12.33,7.28,12.04,11.27,10.43,9.87,9.11,9.41,9.69,9.87,11.66
2005-06-16,26.27,20.94,4.57,8.66,7.4,4.56,11.74,10.94,10.07,9.48,8.98,9.17,9.36,9.49,11.24
2005-06-17,11.88,11.04,9.53,9.03,9.22,9.53,11.91,11.37,10.8,10.42,9.57,9.9,10.23,10.43,11.29
2005-06-20,11.92,11.07,9.53,9.35,9.42,9.53,12.18,11.56,10.91,10.48,9.53,9.9,10.26,10.49,11.4
2005-06-21,12.03,11.04,9.17,8.44,8.72,9.17,11.83,11.19,10.51,10.05,9.13,9.49,9.83,10.06,11.15
2005-06-22,11.94,10.93,9.03,8.4,8.64,9.03,12.06,11.33,10.55,10.03,9.15,9.49,9.82,10.03,11.0
2005-06-23,12.74,11.79,10.03,9.61,9.77,10.03,12.76,12.1,11.4,10.93,9.99,10.36,10.71,10.94,11.79
2005-06-24,12.46,11.67,10.25,9.69,9.91,10.25,13.19,12.47,11.71,11.21,10.16,10.57,10.96,11.22,12.13
2005-06-27,12.97,11.98,10.17,9.9,10.0,10.17,13.27,12.52,11.73,11.2,10.14,10.55,10.94,11.2,12.21
2005-06-28,12.1,11.13,9.34,9.29,9.31,9.34,12.44,11.76,11.03,10.54,9.45,9.88,10.29,10.55,11.69
2005-06-29,12.37,11.37,9.5,9.38,9.43,9.5,12.69,11.95,11.16,10.64,9.77,10.11,10.44,10.65,11.72
2005-06-30,12.57,11.54,9.61,9.56,9.58,9.61,12.84,12.14,11.39,10.89,9.86,10.26,10.65,10.9,12.05
2005-07-01,12.16,10.92,8.49,8.92,8.76,8.49,12.56,11.73,10.84,10.23,9.08,9.53,9.96,10.23,11.74
2005-07-05,13.68,12.23,9.37,10.38,10.01,9.37,12.44,11.67,10.85,10.29,9.28,9.68,10.06,10.3,11.49
2005-07-06,14.42,12.96,10.13,10.89,10.61,10.12,12.93,12.18,11.38,10.84,9.81,10.21,10.6,10.85,12.03
2005-07-07,14.98,13.42,10.36,10.91,10.71,10.36,12.93,12.17,11.36,10.82,9.74,10.16,10.56,10.82,12.01
2005-07-08,14.54,12.68,8.83,11.18,10.36,8.83,12.05,11.29,10.46,9.9,8.81,9.23,9.64,9.91,11.24
2005-07-11,17.24,14.83,9.63,12.59,11.57,9.63,12.46,11.61,10.7,10.07,8.91,9.37,9.8,10.08,11.36
2005-07-12,17.05,14.52,8.92,11.93,10.9,8.92,12.19,11.44,10.65,10.1,9.2,9.55,9.89,10.11,11.29
2005-07-13,20.07,16.61,8.09,10.94,9.97,8.09,12.13,11.31,10.43,9.83,8.86,9.23,9.6,9.83,11.21
2005-07-14,23.13,18.51,4.71,5.58,5.28,4.72,11.7,10.92,10.09,9.51,8.62,8.97,9.3,9.52,11.0
2005-07-15,11.39,10.6,9.15,8.2,8.57,9.15,11.53,10.99,10.43,10.05,9.03,9.43,9.81,10.06,10.74
2005-07-18,11.63,10.83,9.36,8.38,8.76,9.37,12.27,11.57,10.83,10.33,9.36,9.74,10.1,10.34,11.25
2005-07-19,11.15,10.36,8.91,8.3,8.53,8.91,11.49,10.93,10.34,9.95,9.03,9.39,9.73,9.96,10.87
2005-07-20,10.69,10.0,8.74,8.28,8.46,8.75,11.45,10.86,10.24,9.82,8.9,9.26,9.61,9.83,10.7
2005-07-21,11.35,10.65,9.39,8.77,9.01,9.39,11.67,11.18,10.67,10.33,9.37,9.74,10.11,10.34,11.24
2005-07-22,11.1,10.28,8.77,8.29,8.47,8.77,11.54,10.96,10.36,9.95,9.01,9.37,9.73,9.96,10.93
2005-07-25,11.71,10.78,9.05,8.41,8.66,9.05,11.64,11.07,10.47,10.07,9.19,9.53,9.86,10.07,11.32
2005-07-26,11.15,10.32,8.8,8.48,8.61,8.8,11.62,11.04,10.42,10.0,8.99,9.38,9.76,10.0,11.12
2005-07-27,10.83,9.92,8.21,8.04,8.1,8.21,11.47,10.78,10.05,9.55,8.62,8.98,9.33,9.56,10.93
2005-07-28,11.03,10.11,8.39,8.42,8.41,8.39,11.4,10.74,10.04,9.57,8.78,9.08,9.38,9.58,10.81
2005-07-29,12.21,11.22,9.37,8.73,8.97,9.37,12.41,11.68,10.9,10.38,9.43,9.8,10.16,10.39,11.54
2005-08-01,12.45,11.54,9.89,9.49,9.64,9.89,12.44,11.8,11.13,10.68,9.78,10.13,10.46,10.68,11.9
2005-08-02,12.15,11.17,9.36,9.12,9.21,9.36,12.12,11.46,10.76,10.29,9.43,9.76,10.09,10.3,11.51
2005-08-03,12.01,11.03,9.2,9.05,9.11,9.2,12.18,11.5,10.78,10.3,9.39,9.74,10.08,10.31,11.6
2005-08-04,12.55,11.56,9.72,9.78,9.76,9.72,12.8,12.08,11.3,10.79,9.76,10.16,10.54,10.79,12.08
2005-08-05,12.96,11.85,9.75,9.36,9.51,9.75,13.0,12.25,11.46,10.93,9.74,10.2,10.65,10.93,12.34
2005-08-08,14.29,12.94,10.35,10.27,10.3,10.35,13.55,12.74,11.88,11.29,10.21,10.63,11.03,11.29,12.75
2005-08-09,13.64,12.19,9.32,9.79,9.62,9.32,12.65,11.92,11.15,10.62,9.49,9.93,10.35,10.62,12.14
2005-08-10,14.09,12.52,9.37,9.58,9.5,9.37,13.08,12.23,11.31,10.69,9.66,10.06,10.44,10.69,12.28
2005-08-11,13.22,11.81,9.04,10.16,9.76,9.04,12.68,11.9,11.07,10.51,9.41,9.84,10.25,10.51,12.08
2005-08-12,13.06,11.73,9.15,11.27,10.52,9.14,12.94,12.18,11.38,10.83,9.67,10.13,10.56,10.84,12.36
2005-08-15,16.66,14.26,8.96,10.16,9.73,8.96,12.93,12.09,11.18,10.56,9.4,9.85,10.28,10.56,12.17
2005-08-16,19.35,16.53,10.33,13.16,12.17,10.33,14.04,13.14,12.17,11.5,10.28,10.76,11.21,11.51,12.74
2005-08-17,17.32,14.61,8.44,14.79,12.78,8.42,13.68,12.78,11.82,11.16,9.86,10.37,10.85,11.17,12.65
2005-08-18,19.71,16.05,6.36,10.4,9.1,6.36,13.97,13.0,11.94,11.22,9.79,10.35,10.88,11.22,12.67
2005-08-19,14.14,12.95,10.73,9.33,9.88,10.73,13.9,13.11,12.27,11.7,10.48,10.96,11.41,11.71,12.55
2005-08-22,13.97,12.82,10.67,9.21,9.78,10.67,13.74,12.94,12.1,11.53,10.22,10.73,11.22,11.54,12.46
2005-08-23,14.13,12.93,10.67,9.21,9.78,10.66,13.71,12.94,12.13,11.59,10.34,10.82,11.29,11.59,12.49
2005-08-24,14.88,13.7,11.51,9.95,10.57,11.52,14.43,13.57,12.66,12.06,10.85,11.32,11.78,12.07,12.78
2005-08-25,14.31,13.12,10.9,9.42,10.0,10.91,13.83,13.09,12.3,11.77,10.48,10.99,11.47,11.78,12.7
2005-08-26,13.82,12.73,10.72,9.33,9.87,10.72,14.28,13.47,12.6,12.02,10.75,11.25,11.72,12.03,12.92
2005-08-29,13.89,12.73,10.52,9.14,9.68,10.53,13.84,13.05,12.21,11.65,10.34,10.85,11.34,11.66,12.72
2005-08-30,14.2,12.97,10.64,9.48,9.93,10.65,14.34,13.48,12.56,11.94,10.61,11.13,11.63,11.95,12.89
2005-08-31,13.45,12.28,10.05,8.6,9.17,10.05,13.33,12.55,11.71,11.15,9.89,10.38,10.85,11.15,12.42
2005-09-01,14.03,12.77,10.38,9.3,9.72,10.38,13.8,12.99,12.12,11.54,10.13,10.68,11.21,11.55,12.66
2005-09-02,14.23,12.91,10.37,9.45,9.81,10.37,14.42,13.51,12.53,11.87,10.57,11.08,11.56,11.88,13.02
2005-09-06,14.51,13.02,10.12,9.68,9.85,10.12,13.51,12.7,11.84,11.25,9.71,10.32,10.89,11.26,12.54
2005-09-07,13.81,12.28,9.27,11.29,10.57,9.26,13.16,12.35,11.49,10.9,9.44,10.02,10.56,10.91,12.18
2005-09-08,13.97,12.36,9.09,9.69,9.47,9.09,13.41,12.66,11.86,11.32,9.78,10.39,10.96,11.33,12.59
2005-09-09,13.17,11.5,8.03,10.94,9.95,8.03,12.68,11.87,11.0,10.41,8.79,9.43,10.03,10.41,12.02
2005-09-12,16.24,13.98,9.12,10.95,10.3,9.12,13.05,12.15,11.19,10.52,9.01,9.61,10.17,10.53,12.27
2005-09-13,17.51,14.94,9.25,14.55,12.82,9.25,13.33,12.56,11.73,11.17,9.6,10.22,10.8,11.17,12.77
2005-09-14,21.18,17.43,8.03,12.91,11.33,8.04,14.03,13.01,11.9,11.13,9.59,10.19,10.77,11.13,12.95
2005-09-15,24.32,19.69,7.01,11.0,9.7,7.02,13.65,12.69,11.66,10.94,9.35,9.98,10.57,10.95,12.82
2005-09-16,12.37,11.47,9.82,8.21,8.85,9.83,13.29,12.5,11.66,11.1,9.81,10.32,10.8,11.11,12.06
2005-09-19,12.89,12.0,10.38,8.6,9.31,10.39,13.55,12.83,12.06,11.55,10.16,10.71,11.22,11.56,13.65
2005-09-20,13.61,12.65,10.88,8.95,9.72,10.88,14.3,13.45,12.55,11.95,10.64,11.15,11.64,11.96,13.92
2005-09-21,14.61,13.64,11.87,9.97,10.72,11.87,14.51,13.88,13.21,12.76,11.24,11.84,12.41,12.77,14.47
2005-09-22,14.24,13.24,11.39,9.51,10.26,11.4,14.26,13.62,12.94,12.49,11.1,11.65,12.17,12.5,14.24
2005-09-23,13.67,12.7,10.92,9.2,9.88,10.93,14.07,13.35,12.6,12.09,10.66,11.22,11.76,12.1,14.07
2005-09-26,13.68,12.69,10.87,9.08,9.79,10.87,13.93,13.21,12.46,11.95,10.42,11.02,11.59,11.96,13.94
2005-09-27,13.5,12.53,10.74,8.98,9.68,10.74,13.74,13.05,12.32,11.83,10.28,10.89,11.47,11.84,13.81
2005-09-28,13.28,12.34,10.6,8.93,9.59,10.6,13.6,12.86,12.07,11.54,10.11,10.67,11.2,11.54,13.64
2005-09-29,12.85,11.87,10.05,8.63,9.19,10.06,13.35,12.58,11.75,11.19,9.67,10.27,10.84,11.2,13.31
2005-09-30,12.75,11.74,9.86,8.22,8.87,9.86,13.19,12.4,11.54,10.96,9.55,10.11,10.63,10.97,13.26
2005-10-03,12.99,12.03,10.25,8.87,9.41,10.25,13.24,12.48,11.67,11.13,9.61,10.21,10.77,11.13,13.33
2005-10-04,14.33,13.27,11.3,9.68,10.32,11.31,13.8,13.13,12.43,11.95,10.4,11.01,11.59,11.96,13.81
2005-10-05,15.81,14.84,13.1,11.39,12.06,13.1,15.36,14.54,13.66,13.07,11.5,12.12,12.71,13.08,14.5
2005-10-06,16.49,15.42,13.47,11.8,12.45,13.47,15.46,14.71,13.91,13.37,11.82,12.43,13.01,13.38,14.79
2005-10-07,15.86,14.78,12.79,11.12,11.77,12.79,15.38,14.54,13.65,13.04,11.43,12.06,12.67,13.05,14.45
2005-10-10,17.41,16.22,14.05,12.63,13.18,14.05,16.08,15.25,14.37,13.78,12.14,12.78,13.4,13.79,14.81
2005-10-11,17.75,16.42,13.97,12.74,13.22,13.98,16.27,15.38,14.44,13.8,12.25,12.86,13.44,13.81,14.82
2005-10-12,17.23,15.95,13.61,13.15,13.32,13.61,16.67,15.84,14.96,14.37,12.7,13.36,13.99,14.4,15.18
2005-10-13,17.32,15.95,13.42,13.29,13.34,13.42,16.83,15.99,15.09,14.49,12.67,13.39,14.07,14.51,15.34
2005-10-14,15.86,14.14,10.72,11.97,11.52,10.72,15.31,14.5,13.63,13.05,11.28,11.98,12.64,13.06,14.59
2005-10-17,17.63,15.46,11.0,14.24,13.12,11.0,14.82,14.08,13.29,12.76,10.94,11.66,12.33,12.76,14.42
2005-10-18,19.82,17.16,11.52,12.74,12.3,11.52,15.89,15.01,14.08,13.44,11.81,12.45,13.06,13.45,14.8
2005-10-19,18.89,15.8,8.48,14.27,12.42,8.5,14.38,13.56,12.68,12.08,10.42,11.08,11.69,12.09,14.12
2005-10-20,19.09,16.19,9.63,12.61,11.58,9.63,16.67,15.68,14.63,13.92,12.23,12.89,13.52,13.93,15.12
2005-10-21,16.93,15.79,13.72,12.02,12.69,13.73,16.07,15.3,14.5,13.97,12.67,13.18,13.66,13.97,15.01
2005-10-24,15.52,14.39,12.31,10.48,11.2,12.32,15.16,14.33,13.46,12.88,11.49,12.03,12.56,12.89,13.44
2005-10-25,14.96,13.96,12.15,10.27,11.02,12.16,14.97,14.17,13.31,12.74,11.17,11.79,12.38,12.75,13.24
2005-10-26,15.29,14.27,12.42,10.56,11.29,12.43,15.19,14.36,13.49,12.9,11.4,11.99,12.55,12.91,13.4
2005-10-27,16.65,15.69,13.95,12.05,12.8,13.95,16.22,15.4,14.55,13.98,12.42,13.03,13.61,13.99,14.3
2005-10-28,14.81,13.91,12.3,10.46,11.19,12.31,14.94,14.15,13.32,12.76,11.27,11.86,12.42,12.77,13.24
2005-10-31,15.69,14.53,12.39,10.7,11.37,12.4,14.93,14.1,13.22,12.62,11.1,11.7,12.27,12.63,13.07
2005-11-01,15.29,14.27,12.4,10.68,11.36,12.41,14.81,14.04,13.23,12.69,11.17,11.77,12.33,12.7,13.21
2005-11-02,14.86,13.58,11.16,9.37,10.08,11.16,14.21,13.39,12.51,11.91,10.41,11.0,11.56,11.92,12.72
2005-11-03,14.36,13.02,10.45,9.02,9.58,10.46,13.87,13.02,12.1,11.48,10.09,10.63,11.15,11.48,12.31
2005-11-04,13.91,12.73,10.5,9.83,10.09,10.5,13.67,12.92,12.13,11.6,10.09,10.69,11.25,11.61,12.35
2005-11-07,14.54,13.21,10.7,10.25,10.42,10.7,13.79,12.99,12.14,11.56,10.04,10.64,11.21,11.58,12.26
2005-11-08,15.21,13.55,10.23,9.67,9.88,10.23,13.9,13.01,12.05,11.39,9.96,10.52,11.05,11.39,12.28
2005-11-09,14.61,12.99,9.78,10.83,10.45,9.78,13.44,12.63,11.75,11.15,9.57,10.2,10.78,11.16,12.14
2005-11-10,13.97,12.19,8.49,11.05,10.16,8.48,12.66,11.88,11.05,10.47,8.93,9.54,10.12,10.48,11.53
2005-11-11,14.34,12.35,8.08,9.18,8.79,8.08,12.51,11.65,10.71,10.07,8.79,9.29,9.77,10.07,11.38
2005-11-14,17.06,14.54,8.95,12.62,11.38,8.95,12.8,11.92,10.97,10.31,9.01,9.52,10.0,10.31,11.48
2005-11-15,18.08,15.28,8.85,9.29,9.13,8.85,13.1,12.2,11.21,10.54,9.29,9.78,10.24,10.54,11.72
2005-11-16,19.76,16.26,7.44,8.39,8.05,7.44,12.89,11.98,10.99,10.3,9.01,9.52,10.0,10.31,11.63
2005-11-17,20.87,16.76,4.89,5.5,5.28,4.89,12.02,11.11,10.12,9.43,8.24,8.71,9.15,9.43,11.0
2005-11-18,11.76,10.88,9.25,8.07,8.53,9.26,11.97,11.26,10.51,10.0,8.97,9.38,9.76,10.01,10.91
2005-11-21,19.76,17.35,14.9,11.24,12.79,14.89,13.26,11.15,10.13,9.58,8.29,8.62,9.17,9.57,10.81
2005-11-22,8.51,8.51,8.51,8.74,8.51,8.51,13.23,11.08,10.07,9.54,8.54,8.71,9.17,9.53,10.69
2005-11-23,10.48,9.01,8.29,8.74,8.29,8.29,13.39,11.3,10.27,9.72,8.83,8.87,9.31,9.7,10.89
2005-11-25,10.34,8.86,8.11,8.51,8.11,8.11,13.49,11.39,10.37,9.84,9.0,9.02,9.44,9.82,11.09
2005-11-28,17.64,15.05,13.11,10.26,12.02,13.1,14.21,12.03,10.98,10.43,9.33,9.52,10.01,10.41,11.75
2005-11-29,15.95,13.49,11.97,10.38,11.0,11.96,14.15,12.06,11.04,10.51,9.45,9.66,10.13,10.5,11.89
2005-11-30,23.31,23.31,23.31,23.31,23.31,23.31,14.8,12.42,11.36,10.82,9.55,9.88,10.42,10.81,12.21
2005-12-01,16.44,14.01,12.42,9.92,10.35,12.42,13.43,11.46,10.49,9.98,9.07,9.18,9.62,9.97,11.42
2005-12-02,22.31,19.42,16.46,11.86,14.01,16.45,13.36,11.3,10.29,9.75,8.76,8.86,9.36,9.74,11.29
2005-12-05,24.43,21.49,18.46,13.71,15.92,18.45,13.75,11.69,10.67,10.13,9.08,9.25,9.75,10.12,11.68
2005-12-06,25.53,22.32,19.03,13.88,16.29,19.01,13.38,11.56,10.67,10.19,9.31,9.43,9.86,10.18,11.62
2005-12-07,26.0,23.21,20.33,15.75,17.86,20.33,14.16,12.16,11.18,10.66,9.53,9.8,10.29,10.65,12.0
2005-12-08,26.81,24.15,21.42,17.0,19.03,21.41,14.43,12.28,11.22,10.65,9.32,9.68,10.24,10.64,12.04
2005-12-09,35.54,35.54,35.54,35.54,35.54,35.54,13.73,11.8,10.8,10.25,8.96,9.29,9.86,10.25,11.78
2005-12-12,,,,,,,14.0,11.89,10.87,10.31,9.05,9.39,9.94,10.3,11.95
2005-12-13,,,,,,,13.37,11.22,10.27,9.75,8.75,8.96,9.43,9.73,11.75
2005-12-14,,,,,,,13.28,11.18,10.34,9.89,9.19,9.19,9.6,9.88,11.73
2005-12-15,,,,,,,13.81,11.39,10.3,9.67,8.77,8.81,9.33,9.66,11.68
2005-12-16,13.47,11.19,9.61,8.75,8.82,9.61,14.63,12.36,11.25,10.69,9.15,9.67,10.26,10.67,11.77
2005-12-19,13.38,11.17,9.81,9.17,9.12,9.8,15.12,12.69,11.53,10.93,9.15,9.82,10.47,10.92,12.07
2005-12-20,13.32,11.07,9.67,8.62,8.79,9.66,14.88,12.5,11.37,10.79,9.08,9.72,10.34,10.77,12.03
2005-12-21,12.68,10.51,9.36,8.4,8.76,9.35,14.67,12.33,11.21,10.63,8.94,9.57,10.19,10.62,11.8
2005-12-22,11.85,9.97,8.88,7.86,8.22,8.88,13.97,11.76,10.7,10.15,8.71,9.18,9.75,10.13,11.43
2005-12-23,11.98,10.09,8.77,7.86,8.1,8.77,13.82,11.67,10.64,10.1,8.59,9.14,9.71,10.09,11.37
2005-12-27,12.93,10.96,9.77,8.94,9.18,9.76,14.83,12.59,11.5,10.93,9.29,9.88,10.5,10.91,12.13
2005-12-28,12.19,10.63,9.51,8.76,8.91,9.51,14.64,12.41,11.32,10.76,9.21,9.75,10.34,10.74,11.99
2005-12-29,12.23,10.67,9.65,9.07,9.12,9.64,14.78,12.53,11.43,10.86,9.4,9.88,10.45,10.85,12.03
2005-12-30,12.25,10.75,9.78,9.27,9.3,9.77,14.98,12.72,11.6,11.02,9.4,9.98,10.59,11.01,12.19
2006-01-03,12.21,10.51,9.34,9.0,9.03,9.34,13.68,11.8,10.82,10.28,8.86,9.36,9.91,10.28,11.54
2006-01-04,12.9,10.81,9.68,9.14,9.24,9.67,13.83,11.88,10.88,10.34,8.89,9.4,9.96,10.32,11.56
2006-01-05,12.49,10.71,9.74,9.02,9.25,9.74,13.68,11.79,10.83,10.32,8.91,9.42,9.96,10.31,11.58
2006-01-06,11.54,10.02,8.96,8.8,8.65,8.96,13.35,11.44,10.47,9.93,8.6,9.03,9.57,9.92,11.19
2006-01-09,12.56,10.58,9.31,8.85,9.02,9.31,13.47,11.48,10.54,10.01,8.72,9.15,9.67,10.01,11.2
2006-01-10,11.26,10.09,8.87,8.3,8.52,8.87,13.14,11.18,10.28,9.77,8.45,8.92,9.43,9.76,11.13
2006-01-11,12.02,10.04,8.51,8.01,8.2,8.51,13.19,11.26,10.38,9.87,8.47,9.01,9.53,9.87,11.15
2006-01-12,11.26,9.96,8.46,8.14,8.26,8.46,13.56,11.51,10.55,10.01,8.9,9.17,9.67,10.0,11.41
2006-01-13,10.43,9.5,7.71,8.24,8.05,7.71,13.58,11.52,10.59,10.06,8.75,9.18,9.71,10.05,11.4
2006-01-17,14.52,12.86,9.48,10.43,10.09,9.48,14.37,12.19,11.21,10.65,9.3,9.74,10.29,10.64,11.89
2006-01-18,14.71,13.07,9.79,11.92,11.17,9.8,14.76,12.43,11.37,10.76,9.57,9.84,10.4,10.75,12.02
2006-01-19,18.3,15.23,7.87,9.37,8.83,7.87,14.07,11.79,10.86,10.3,9.54,9.57,10.02,10.3,11.69
2006-01-20,17.13,14.15,12.18,11.01,11.25,12.18,17.31,14.43,13.1,12.43,10.83,11.28,11.93,12.42,12.99
2006-01-23,16.3,13.26,11.42,10.35,10.5,11.41,16.75,14.02,12.77,12.14,10.48,11.02,11.66,12.12,12.96
2006-01-24,15.37,12.5,10.88,9.98,10.07,10.88,16.12,13.43,12.17,11.53,10.09,10.48,11.08,11.52,12.4
2006-01-25,14.73,12.0,10.55,9.75,9.81,10.54,15.83,13.2,12.0,11.39,10.0,10.37,10.95,11.37,12.32
2006-01-26,14.01,11.48,10.07,9.28,9.37,10.07,15.18,12.66,11.54,10.96,9.71,10.02,10.56,10.95,11.87
2006-01-27,13.03,10.99,9.68,9.02,9.04,9.68,14.64,12.23,11.14,10.58,9.34,9.67,10.2,10.57,11.55
2006-01-30,13.81,11.68,10.28,9.58,9.63,10.28,15.04,12.52,11.39,10.82,9.56,9.89,10.43,10.81,11.69
2006-01-31,14.46,12.33,10.91,10.04,10.15,10.91,15.34,12.84,11.69,11.1,9.8,10.13,10.69,11.09,11.84
2006-02-01,13.69,11.63,10.24,9.66,9.61,10.23,14.97,12.52,11.4,10.82,9.62,9.9,10.43,10.81,11.71
2006-02-02,14.44,12.38,11.09,10.62,10.55,11.09,15.89,13.37,12.23,11.64,10.31,10.69,11.24,11.64,12.18
2006-02-03,13.87,11.95,10.61,10.15,10.05,10.61,15.68,13.29,12.12,11.51,10.13,10.52,11.09,11.5,12.06
2006-02-06,13.6,11.52,10.25,10.02,9.85,10.25,15.63,13.18,12.01,11.4,10.05,10.4,10.98,11.39,12.16
2006-02-07,13.77,11.77,10.58,10.37,10.22,10.58,16.14,13.74,12.61,12.02,10.64,11.03,11.61,12.02,12.65
2006-02-08,12.72,10.81,9.47,9.09,9.23,9.47,15.39,13.0,11.87,11.28,9.81,10.28,10.87,11.27,12.15
2006-02-09,12.91,11.06,9.56,9.27,9.38,9.56,15.63,13.2,12.02,11.39,9.97,10.36,10.97,11.38,12.25
2006-02-10,11.27,10.21,8.86,9.04,8.97,8.86,15.3,12.92,11.77,11.15,9.79,10.19,10.77,11.15,12.03
2006-02-13,12.5,11.61,9.98,10.24,10.14,9.98,15.68,13.34,12.17,11.52,10.01,10.45,11.09,11.51,12.4
2006-02-14,12.88,11.64,9.24,10.75,10.21,9.25,14.48,12.19,11.2,10.63,9.33,9.72,10.27,10.63,11.78
2006-02-15,13.23,11.6,8.22,11.39,10.31,8.22,14.39,11.94,10.94,10.36,9.2,9.46,10.01,10.36,11.61
2006-02-16,13.78,11.54,6.26,16.8,13.83,6.31,13.6,11.0,10.11,9.53,8.59,8.73,9.22,9.53,10.99
2006-02-17,14.3,11.32,9.64,8.71,8.78,9.64,14.46,12.06,10.94,10.37,9.06,9.42,9.96,10.36,11.65
2006-02-21,14.96,11.77,10.09,9.22,9.23,10.08,14.74,12.3,11.16,10.57,9.23,9.6,10.15,10.55,11.28
2006-02-22,13.75,11.06,9.56,9.05,8.89,9.57,14.16,11.74,10.61,10.03,8.91,9.14,9.65,10.02,10.92
2006-02-23,13.7,11.13,9.6,9.11,8.93,9.59,13.98,11.75,10.71,10.19,9.05,9.35,9.82,10.17,11.08
2006-02-24,12.94,10.68,9.19,8.72,8.57,9.19,14.0,11.75,10.66,10.09,8.93,9.21,9.71,10.07,10.97
2006-02-27,13.31,10.97,9.42,9.09,8.86,9.42,13.89,11.62,10.56,10.02,9.02,9.21,9.67,10.01,11.01
2006-02-28,14.17,11.91,10.35,9.81,9.69,10.35,14.93,12.53,11.42,10.85,9.57,9.94,10.46,10.83,11.63
2006-03-01,12.83,10.78,9.35,9.05,8.82,9.35,14.2,11.83,10.72,10.15,9.22,9.35,9.8,10.14,11.15
2006-03-02,13.17,11.1,9.6,9.15,8.98,9.59,14.44,12.03,10.9,10.32,9.09,9.42,9.94,10.3,11.33
2006-03-03,13.55,11.39,9.88,9.69,9.39,9.88,14.56,12.14,11.06,10.51,9.49,9.69,10.16,10.5,11.29
2006-03-06,15.21,12.74,11.0,10.51,10.35,11.0,15.42,12.91,11.75,11.15,10.14,10.29,10.77,11.14,11.9
2006-03-07,14.9,12.44,10.83,10.22,10.23,10.82,15.1,12.81,11.78,11.26,10.31,10.46,10.9,11.24,12.07
2006-03-08,13.45,11.54,10.17,9.69,9.8,10.16,15.01,12.72,11.6,11.01,9.93,10.12,10.62,10.99,11.95
2006-03-09,13.58,11.84,10.62,10.42,10.38,10.62,15.47,13.06,11.86,11.23,10.13,10.3,10.83,11.22,12.12
2006-03-10,12.56,11.03,9.51,8.94,9.16,9.51,14.37,12.2,11.13,10.58,9.53,9.74,10.22,10.56,11.7
2006-03-13,12.84,11.88,10.1,10.16,10.13,10.1,13.89,11.89,10.92,10.39,9.33,9.59,10.05,10.37,11.64
2006-03-14,12.55,11.52,9.56,10.37,10.08,9.56,13.51,11.41,10.49,9.98,8.97,9.23,9.68,9.97,11.12
2006-03-15,13.11,11.78,9.17,11.23,10.5,9.17,13.6,11.45,10.51,9.98,9.12,9.25,9.69,9.97,11.05
2006-03-16,13.45,11.48,7.09,8.26,7.84,7.09,13.64,11.4,10.5,10.01,9.11,9.32,9.73,10.0,11.17
2006-03-17,14.07,11.63,10.08,9.46,9.41,10.08,14.37,11.91,10.84,10.32,9.18,9.48,9.95,10.3,11.22
2006-03-20,14.05,11.45,9.99,9.42,9.36,9.98,14.54,12.13,11.01,10.45,9.03,9.5,10.04,10.43,11.34
2006-03-21,13.95,11.37,9.9,9.24,9.23,9.89,14.48,12.1,11.01,10.46,9.29,9.59,10.08,10.45,11.44
2006-03-22,13.45,10.9,9.46,8.81,8.81,9.45,14.11,11.68,10.6,10.05,8.9,9.21,9.69,10.04,11.09
2006-03-23,13.36,10.92,9.54,9.03,8.93,9.54,14.24,11.77,10.67,10.12,9.0,9.27,9.75,10.11,11.1
2006-03-24,12.99,10.73,9.39,8.81,8.76,9.39,13.98,11.59,10.51,9.97,8.95,9.15,9.61,9.95,10.98
2006-03-27,13.11,10.97,9.79,9.44,9.28,9.79,14.24,11.83,10.74,10.18,9.13,9.34,9.82,10.17,11.12
2006-03-28,12.91,11.06,9.85,9.41,9.27,9.84,14.49,12.01,10.88,10.31,9.28,9.46,9.94,10.29,11.21
2006-03-29,12.2,10.45,9.25,8.94,8.79,9.25,13.67,11.4,10.36,9.83,8.92,9.07,9.5,9.82,10.69
2006-03-30,12.72,11.15,10.03,9.58,9.47,10.02,14.22,11.85,10.79,10.26,9.34,9.49,9.92,10.25,11.08
2006-03-31,13.44,11.51,10.29,10.06,9.79,10.28,14.3,11.98,10.91,10.36,9.39,9.54,10.0,10.35,11.25
2006-04-03,13.21,11.41,10.11,9.73,9.53,10.1,13.99,11.77,10.73,10.2,9.26,9.42,9.86,10.19,11.1
2006-04-04,12.7,10.85,9.67,9.36,9.21,9.66,13.36,11.29,10.31,9.79,8.87,9.05,9.48,9.78,10.8
2006-04-05,12.8,10.93,9.66,9.35,9.22,9.66,13.23,11.25,10.31,9.81,8.95,9.1,9.51,9.8,10.76
2006-04-06,13.03,11.23,9.93,9.49,9.42,9.92,13.5,11.47,10.51,10.01,9.16,9.3,9.71,10.0,10.8
2006-04-07,13.41,11.66,10.59,10.31,10.16,10.59,14.61,12.38,11.34,10.8,9.89,10.01,10.45,10.78,11.38
2006-04-10,13.77,11.96,10.72,10.37,10.3,10.71,14.35,12.29,11.31,10.8,9.56,9.97,10.46,10.79,11.44
2006-04-11,14.26,12.48,11.44,11.28,11.11,11.44,15.62,13.31,12.22,11.65,10.46,10.74,11.27,11.64,12.04
2006-04-12,13.77,11.92,10.56,10.35,10.33,10.56,14.98,12.89,11.86,11.32,10.0,10.41,10.94,11.31,11.9
2006-04-13,13.03,11.26,9.88,9.78,9.82,9.88,14.54,12.5,11.52,11.0,9.86,10.18,10.67,11.0,11.75
2006-04-17,15.04,13.97,12.05,12.05,12.05,12.05,14.97,12.81,11.8,11.26,9.97,10.38,10.9,11.25,12.02
2006-04-18,14.71,13.48,11.15,12.63,12.1,11.15,13.5,11.41,10.57,10.07,8.99,9.3,9.76,10.06,11.06
2006-04-19,14.88,13.28,10.09,11.13,10.75,10.09,13.27,11.07,10.25,9.73,8.67,8.98,9.44,9.73,10.86
2006-04-20,18.62,15.33,7.06,10.52,9.37,7.06,13.53,11.13,10.24,9.67,8.79,8.9,9.37,9.67,10.83
2006-04-21,13.89,11.21,9.66,8.8,8.88,9.65,14.28,11.9,10.76,10.18,8.98,9.27,9.79,10.16,10.92
2006-04-24,13.65,11.05,9.63,8.76,8.87,9.63,14.23,11.81,10.72,10.16,8.96,9.27,9.78,10.14,10.9
2006-04-25,13.64,11.05,9.58,8.64,8.8,9.57,14.47,11.91,10.74,10.14,8.96,9.23,9.75,10.12,10.96
2006-04-26,13.71,11.1,9.59,8.66,8.8,9.59,14.34,11.85,10.73,10.15,8.99,9.26,9.78,10.15,10.88
2006-04-27,13.76,11.11,9.52,8.64,8.73,9.52,14.66,11.94,10.73,10.11,8.9,9.18,9.71,10.09,10.87
2006-04-28,13.42,10.91,9.43,8.78,8.75,9.42,14.18,11.69,10.56,9.97,8.79,9.08,9.6,9.96,10.85
2006-05-01,14.12,11.83,10.37,9.66,9.67,10.37,14.86,12.37,11.23,10.63,9.39,9.7,10.24,10.62,11.24
2006-05-02,13.62,11.37,9.81,8.95,9.06,9.81,14.63,12.07,10.9,10.3,9.09,9.39,9.92,10.29,11.05
2006-05-03,13.54,11.3,9.85,8.95,9.14,9.85,14.52,12.1,10.93,10.31,9.03,9.37,9.92,10.3,11.11
2006-05-04,12.88,10.9,9.54,8.82,8.96,9.54,14.27,11.93,10.85,10.28,9.07,9.4,9.91,10.27,10.95
2006-05-05,12.59,10.57,9.07,8.59,8.61,9.07,13.84,11.52,10.46,9.91,9.04,9.18,9.61,9.91,10.65
2006-05-08,13.38,11.22,9.82,9.33,9.38,9.83,14.16,11.91,10.88,10.33,9.26,9.53,10.0,10.32,10.96
2006-05-09,13.27,11.2,9.9,9.2,9.45,9.9,14.03,11.71,10.72,10.19,9.31,9.47,9.9,10.19,10.92
2006-05-10,12.76,10.92,9.47,9.03,9.2,9.47,13.85,11.66,10.67,10.13,9.25,9.39,9.83,10.12,10.89
2006-05-11,13.89,11.58,9.84,9.34,9.53,9.83,14.61,12.22,11.17,10.61,9.71,9.84,10.29,10.6,11.37
2006-05-12,17.29,13.93,11.97,11.51,11.46,11.97,16.97,13.89,12.57,11.89,10.59,10.86,11.45,11.88,12.27
2006-05-15,16.71,14.11,11.97,11.51,11.69,11.97,16.06,13.17,11.93,11.28,9.88,10.26,10.87,11.27,11.94
2006-05-16,15.47,13.89,11.38,11.31,11.34,11.38,15.73,13.07,11.85,11.19,9.84,10.17,10.78,11.19,11.84
2006-05-17,19.1,16.81,14.23,14.57,14.45,14.23,19.71,16.17,14.55,13.72,11.93,12.41,13.18,13.73,13.45
2006-05-18,16.27,14.13,9.61,13.16,11.94,9.59,21.05,16.95,15.1,14.14,11.98,12.59,13.5,14.14,13.93
2006-05-19,21.69,16.64,13.41,10.96,11.72,13.39,20.06,16.0,14.13,13.2,10.58,11.49,12.45,13.16,13.73
2006-05-22,23.42,18.19,14.62,11.7,12.67,14.62,21.22,16.86,14.85,13.89,11.08,12.1,13.12,13.87,14.1
2006-05-23,24.23,18.96,15.43,12.53,13.47,15.45,21.75,17.34,15.28,14.3,11.44,12.48,13.53,14.3,14.2
2006-05-24,22.82,17.61,13.94,11.22,12.02,13.93,21.76,17.11,14.98,13.93,10.83,11.97,13.09,13.9,14.2
2006-05-25,19.39,15.25,12.27,10.02,10.7,12.26,19.68,15.41,13.52,12.56,10.01,10.86,11.83,12.53,13.27
2006-05-26,17.67,13.86,11.24,9.34,9.85,11.24,18.82,14.74,12.9,11.96,9.21,10.24,11.24,11.93,12.71
2006-05-30,24.79,20.02,16.41,13.14,14.27,16.42,23.35,18.5,16.18,15.05,11.61,12.89,14.13,15.02,15.16
2006-05-31,20.79,16.63,13.49,10.34,11.63,13.48,21.13,16.69,14.63,13.57,10.42,11.6,12.74,13.53,14.24
2006-06-01,17.59,13.79,11.47,9.91,10.27,11.46,18.74,14.9,13.08,12.13,9.28,10.36,11.4,12.09,13.14
2006-06-02,16.99,13.6,11.08,9.37,9.8,11.08,18.57,14.82,13.0,12.04,9.65,10.43,11.37,12.03,13.07
2006-06-05,21.57,17.59,14.56,12.21,12.85,14.54,21.14,16.98,14.96,13.9,11.05,12.01,13.08,13.86,14.7
2006-06-06,21.51,17.79,14.87,12.59,13.19,14.86,22.01,17.9,15.75,14.62,11.29,12.49,13.71,14.58,15.2
2006-06-07,20.12,17.47,15.16,12.92,13.63,15.16,22.84,18.56,16.31,15.15,11.63,12.93,14.21,15.12,15.66
2006-06-08,20.35,17.55,15.23,13.66,13.91,15.24,23.59,19.15,16.77,15.53,11.97,13.23,14.55,15.51,15.79
2006-06-09,19.07,16.78,14.87,13.75,13.87,14.87,23.28,18.94,16.7,15.52,12.02,13.3,14.59,15.51,15.75
2006-06-12,23.57,21.14,19.22,17.66,17.97,19.23,26.14,21.28,18.73,17.43,13.49,14.93,16.36,17.41,17.06
2006-06-13,23.34,21.79,20.76,20.73,20.25,20.76,29.46,23.97,20.96,19.46,14.91,16.53,18.2,19.43,18.32
2006-06-14,13.97,12.87,10.83,12.63,11.99,10.83,27.63,21.9,18.93,17.44,13.19,14.67,16.24,17.4,17.33
2006-06-15,15.16,13.24,9.22,14.03,12.45,9.24,20.93,16.24,14.0,12.82,9.87,10.84,12.01,12.79,13.97
2006-06-16,22.46,17.37,13.59,10.7,11.53,13.57,22.06,17.59,15.26,14.11,10.67,11.92,13.16,14.08,14.62
2006-06-19,22.85,18.15,14.6,11.45,12.47,14.58,23.21,18.58,16.15,14.95,11.34,12.65,13.96,14.92,15.54
2006-06-20,21.49,17.03,13.55,10.64,11.55,13.51,22.17,17.68,15.4,14.26,10.93,12.09,13.3,14.2,15.07
2006-06-21,19.83,15.78,12.6,9.99,10.78,12.58,20.41,16.16,14.1,13.05,10.05,11.14,12.23,13.02,13.84
2006-06-22,19.98,16.14,13.02,10.48,11.24,13.0,20.57,16.62,14.58,13.55,10.53,11.61,12.71,13.51,14.19
2006-06-23,20.42,16.4,13.22,10.66,11.42,13.2,20.44,16.55,14.61,13.63,10.73,11.79,12.84,13.6,14.37
2006-06-26,19.81,15.94,12.87,10.47,11.17,12.85,19.95,16.17,14.28,13.28,10.3,11.41,12.49,13.25,13.82
2006-06-27,20.51,17.02,14.04,11.37,12.21,14.02,20.79,17.13,15.14,14.09,11.07,12.11,13.23,14.05,14.63
2006-06-28,19.59,16.16,13.28,11.03,11.63,13.26,20.2,16.67,14.77,13.75,10.87,11.86,12.92,13.7,14.43
2006-06-29,15.73,12.59,10.47,9.16,9.37,10.46,16.79,13.71,12.13,11.31,9.4,9.94,10.73,11.29,12.33
2006-06-30,15.87,12.92,10.9,9.46,9.77,10.89,17.47,14.42,12.82,11.98,9.59,10.46,11.35,11.96,12.87
2006-07-03,15.16,12.47,10.59,9.37,9.53,10.58,16.85,13.91,12.38,11.57,9.42,10.15,10.99,11.56,12.56
2006-07-05,16.13,13.33,11.44,10.13,10.35,11.43,17.86,14.82,13.26,12.44,10.21,10.97,11.83,12.42,13.5
2006-07-06,15.06,12.83,11.16,10.17,10.24,11.16,17.22,14.37,12.9,12.13,10.24,10.81,11.57,12.11,13.34
2006-07-07,15.08,12.87,11.18,10.39,10.35,11.17,17.51,14.73,13.26,12.49,10.46,11.14,11.92,12.47,13.85
2006-07-10,15.59,13.1,11.29,10.53,10.49,11.28,17.22,14.58,13.19,12.46,10.43,11.13,11.91,12.44,13.86
2006-07-11,14.78,12.39,10.53,9.35,9.71,10.52,16.24,13.62,12.26,11.54,9.73,10.31,11.03,11.52,13.26
2006-07-12,17.49,14.73,12.53,11.49,11.6,12.52,17.86,15.11,13.62,12.82,10.78,11.43,12.24,12.8,14.23
2006-07-13,24.88,20.58,17.58,15.07,15.77,17.59,22.03,18.67,16.79,15.76,12.82,13.85,14.96,15.75,15.93
2006-07-14,23.66,19.0,15.74,13.59,14.09,15.75,22.66,18.97,16.94,15.83,12.79,13.81,14.98,15.82,16.11
2006-07-17,26.25,21.43,17.48,15.0,15.63,17.47,23.48,19.55,17.37,16.2,13.07,14.11,15.32,16.19,16.25
2006-07-18,27.39,21.68,17.56,15.32,16.06,17.54,22.39,18.34,16.15,14.99,12.26,13.04,14.15,14.95,15.63
2006-07-19,15.24,13.98,11.62,12.97,12.47,11.61,19.63,16.04,14.26,13.33,10.77,11.69,12.69,13.34,13.88
2006-07-20,13.81,12.23,9.05,12.44,11.28,9.04,20.79,17.0,15.01,13.96,11.49,12.24,13.25,13.95,14.58
2006-07-21,22.05,18.26,14.99,12.15,13.01,14.98,21.85,17.95,15.78,14.71,11.9,12.8,13.87,14.69,15.2
2006-07-24,18.47,15.21,12.64,10.51,11.16,12.63,19.49,15.64,13.79,12.86,10.5,11.26,12.16,12.83,13.9
2006-07-25,18.07,14.8,12.29,10.34,10.83,12.3,18.91,15.34,13.6,12.71,10.41,11.15,12.05,12.7,13.45
2006-07-26,17.77,14.56,12.19,10.37,10.83,12.18,18.84,15.28,13.55,12.67,10.43,11.15,12.02,12.65,13.48
2006-07-27,17.72,14.72,12.51,10.84,11.25,12.5,19.09,15.63,13.91,13.03,10.65,11.44,12.34,12.98,13.98
2006-07-28,16.89,13.86,11.79,10.23,10.6,11.79,18.54,15.08,13.47,12.64,10.45,11.17,12.02,12.62,13.59
2006-07-31,17.9,14.75,12.51,10.72,11.18,12.5,19.12,15.61,13.91,13.03,10.62,11.45,12.37,13.01,13.93
2006-08-01,17.72,14.58,12.41,10.66,11.11,12.41,19.15,15.63,13.96,13.1,10.86,11.6,12.46,13.08,14.11
2006-08-02,16.64,13.87,11.94,10.48,10.79,11.94,18.09,14.93,13.39,12.59,10.45,11.18,12.0,12.57,13.69
2006-08-03,16.6,14.11,12.25,10.88,11.13,12.24,18.0,15.02,13.53,12.75,10.56,11.31,12.15,12.72,13.8
2006-08-04,15.74,13.4,11.67,10.93,10.84,11.67,17.97,14.9,13.38,12.6,10.55,11.22,12.02,12.57,13.71
2006-08-07,16.99,14.83,13.04,11.98,12.02,13.03,18.84,15.59,14.0,13.18,11.01,11.74,12.58,13.16,14.21
2006-08-08,16.5,14.24,12.54,11.88,11.75,12.54,18.9,15.74,14.1,13.25,11.13,11.8,12.64,13.23,14.31
2006-08-09,15.57,13.66,12.19,11.29,11.37,12.19,18.92,15.87,14.22,13.36,11.23,11.91,12.74,13.33,14.5
2006-08-10,15.38,13.14,11.39,10.48,10.69,11.39,17.98,14.88,13.34,12.55,10.73,11.28,12.02,12.54,13.96
2006-08-11,14.77,12.68,10.93,9.86,10.27,10.93,17.64,14.69,13.26,12.53,10.74,11.31,12.02,12.51,14.02
2006-08-14,16.57,14.14,11.72,11.18,11.38,11.72,17.79,14.78,13.27,12.47,10.62,11.2,11.95,12.45,14.02
2006-08-15,14.91,13.63,11.19,11.63,11.47,11.19,16.49,13.7,12.38,11.68,9.89,10.53,11.23,11.68,13.27
2006-08-16,13.12,11.62,8.59,10.44,9.79,8.6,14.99,12.51,11.38,10.74,9.26,9.67,10.32,10.73,12.67
2006-08-17,27.95,22.47,6.79,7.44,7.2,6.79,14.7,12.04,10.97,10.35,9.14,9.38,9.97,10.34,12.26
2006-08-18,13.54,11.09,9.64,8.7,8.8,9.63,15.45,12.8,11.51,10.83,8.96,9.57,10.29,10.79,11.85
2006-08-21,13.89,11.39,9.96,8.98,9.15,9.95,15.76,13.12,11.84,11.17,9.21,9.91,10.64,11.14,12.15
2006-08-22,13.9,11.35,9.94,9.13,9.13,9.93,15.77,13.11,11.81,11.13,9.18,9.86,10.59,11.1,12.17
2006-08-23,14.16,11.46,9.95,9.19,9.19,9.94,16.2,13.35,11.98,11.26,9.21,9.93,10.7,11.23,12.33
2006-08-24,13.97,11.54,10.08,9.08,9.24,10.08,15.97,13.33,11.99,11.29,9.31,10.0,10.75,11.27,12.22
2006-08-25,13.5,11.21,9.75,8.82,8.96,9.74,15.87,13.18,11.85,11.16,9.29,9.92,10.64,11.14,12.16
2006-08-28,13.44,11.21,9.63,8.57,8.75,9.63,15.67,12.96,11.63,10.93,9.03,9.65,10.4,10.9,11.97
2006-08-29,13.29,11.09,9.55,8.55,8.73,9.55,15.73,12.92,11.55,10.84,8.96,9.58,10.32,10.82,11.92
2006-08-30,13.33,11.14,9.56,8.53,8.74,9.56,15.62,12.83,11.48,10.78,8.93,9.53,10.26,10.76,11.9
2006-08-31,13.55,11.2,9.6,8.74,8.97,9.59,15.75,12.97,11.61,10.89,8.96,9.61,10.36,10.87,12.02
2006-09-01,12.93,10.6,9.0,8.44,8.51,9.0,15.52,12.65,11.27,10.54,8.6,9.25,10.01,10.52,11.8
2006-09-05,13.95,11.58,9.81,8.67,9.11,9.8,16.03,13.13,11.71,10.94,8.93,9.59,10.39,10.92,12.07
2006-09-06,14.49,12.36,10.73,9.66,10.05,10.73,17.32,14.17,12.65,11.86,9.77,10.45,11.27,11.83,12.96
2006-09-07,14.35,11.97,10.09,9.21,9.55,10.08,17.68,14.43,12.83,12.01,9.9,10.57,11.4,11.98,13.22
2006-09-08,12.45,10.71,8.95,8.9,8.92,8.95,16.91,13.73,12.18,11.37,9.31,9.97,10.79,11.35,12.69
2006-09-11,13.13,11.96,9.73,9.73,9.73,9.73,16.96,13.66,12.12,11.3,9.18,9.9,10.74,11.28,12.73
2006-09-12,12.82,11.69,9.54,10.03,9.85,9.54,15.67,12.72,11.29,10.5,8.32,9.1,9.95,10.49,12.2
2006-09-13,12.81,12.02,10.61,10.61,10.61,10.61,15.06,12.33,10.98,10.21,8.07,8.86,9.69,10.2,11.9
2006-09-14,14.43,13.48,11.75,11.75,11.75,11.75,15.47,12.66,11.22,10.4,8.18,8.92,9.81,10.37,12.29
2006-09-15,14.97,12.03,9.88,8.27,8.65,9.86,16.49,13.21,11.67,10.87,8.49,9.34,10.23,10.83,12.04
2006-09-18,14.98,11.98,9.78,8.04,8.5,9.76,16.45,13.29,11.76,10.95,8.65,9.47,10.33,10.91,12.16
2006-09-19,15.12,12.25,10.05,8.44,8.78,10.03,16.99,13.7,12.12,11.28,8.89,9.74,10.63,11.24,12.33
2006-09-20,14.23,11.57,9.56,8.13,8.4,9.55,16.29,13.1,11.52,10.69,8.43,9.21,10.07,10.66,11.94
2006-09-21,15.29,12.56,10.44,8.61,9.09,10.42,16.77,13.68,12.14,11.33,9.02,9.83,10.69,11.29,12.5
2006-09-22,15.32,12.76,10.81,8.95,9.53,10.8,17.11,14.01,12.44,11.6,9.21,10.06,10.96,11.57,12.67
2006-09-25,14.48,11.98,9.99,8.46,8.81,9.98,16.37,13.42,11.88,11.06,8.79,9.59,10.45,11.03,12.28
2006-09-26,13.48,11.14,9.32,8.08,8.36,9.31,15.54,12.67,11.19,10.4,8.49,9.08,9.85,10.38,11.78
2006-09-27,13.84,11.25,9.31,8.2,8.4,9.3,15.75,12.83,11.35,10.56,8.39,9.16,9.99,10.53,12.01
2006-09-28,13.81,11.28,9.36,8.2,8.44,9.35,15.77,12.87,11.43,10.68,8.6,9.34,10.14,10.66,12.01
2006-09-29,13.83,11.51,9.68,8.51,8.77,9.68,16.07,13.13,11.63,10.82,8.82,9.45,10.25,10.8,12.3
2006-10-02,13.98,11.74,9.84,8.77,8.93,9.83,16.47,13.36,11.88,11.1,9.03,9.76,10.55,11.08,12.49
2006-10-03,13.62,11.43,9.36,8.29,8.52,9.35,16.19,13.31,11.84,11.05,8.88,9.64,10.48,11.02,12.37
2006-10-04,13.18,11.0,9.35,8.68,8.78,9.35,15.47,12.66,11.23,10.46,8.71,9.24,9.96,10.44,12.04
2006-10-05,13.02,11.03,9.59,9.27,9.07,9.58,15.34,12.7,11.37,10.65,9.03,9.5,10.18,10.64,12.09
2006-10-06,12.38,10.25,8.74,8.27,8.34,8.74,14.88,12.23,10.88,10.12,8.5,8.94,9.65,10.11,11.81
2006-10-09,12.5,10.52,9.03,8.32,8.6,9.03,14.83,12.38,11.07,10.33,8.56,9.12,9.85,10.31,11.85
2006-10-10,11.85,9.88,8.34,8.26,8.29,8.34,14.36,12.01,10.79,10.09,8.43,8.95,9.64,10.08,11.73
2006-10-11,12.34,10.31,8.55,8.09,8.26,8.55,14.55,12.22,10.96,10.24,8.66,9.07,9.77,10.22,11.9
2006-10-12,11.53,9.91,8.16,8.48,8.36,8.16,13.86,11.37,10.23,9.58,8.38,8.66,9.22,9.57,11.38
2006-10-13,10.25,9.24,7.26,7.98,7.72,7.26,13.4,11.09,10.04,9.41,8.15,8.47,9.04,9.4,11.1
2006-10-16,12.03,11.04,9.18,9.62,9.46,9.18,13.66,11.29,10.32,9.74,8.56,8.92,9.42,9.74,11.26
2006-10-17,13.37,12.14,9.77,10.36,10.15,9.78,14.37,11.9,10.8,10.16,8.83,9.2,9.78,10.15,11.69
2006-10-18,11.87,10.55,7.9,10.45,9.57,7.9,13.68,11.48,10.51,9.91,8.83,9.03,9.57,9.91,11.56
2006-10-19,5.66,5.66,5.66,5.66,5.66,5.66,13.17,10.65,9.81,9.23,8.46,8.54,8.95,9.22,11.33
2006-10-20,12.43,10.26,8.93,8.28,8.3,8.92,14.04,11.79,10.69,10.12,8.67,9.12,9.7,10.1,10.96
2006-10-23,12.56,10.68,9.38,8.87,8.79,9.38,13.98,11.88,10.83,10.26,8.68,9.18,9.82,10.25,10.91
2006-10-24,12.01,10.33,9.08,8.71,8.54,9.08,13.79,11.56,10.5,9.94,8.44,8.91,9.52,9.92,10.76
2006-10-25,11.64,10.09,9.06,8.65,8.62,9.05,13.25,11.34,10.37,9.84,8.49,8.89,9.45,9.83,10.56
2006-10-26,11.48,9.99,8.99,8.87,8.66,8.99,12.87,11.07,10.16,9.67,8.59,8.84,9.32,9.66,10.18
2006-10-27,11.8,10.23,9.18,8.98,8.8,9.18,13.44,11.51,10.53,10.01,8.7,9.07,9.62,9.99,10.69
2006-10-30,12.03,10.59,9.5,9.18,9.04,9.5,13.41,11.61,10.67,10.16,8.88,9.27,9.79,10.15,10.78
2006-10-31,11.82,10.32,9.24,9.04,8.85,9.24,13.29,11.46,10.51,10.0,8.68,9.1,9.63,9.98,10.75
2006-11-01,12.51,10.71,9.6,9.36,9.2,9.6,13.82,11.94,10.97,10.45,9.09,9.51,10.07,10.44,11.19
2006-11-02,12.25,10.52,9.33,8.96,8.88,9.33,13.79,11.9,10.93,10.41,9.18,9.52,10.04,10.4,11.2
2006-11-03,11.57,9.9,8.74,8.64,8.49,8.74,13.59,11.74,10.78,10.25,9.09,9.39,9.9,10.25,11.11
2006-11-06,11.63,9.97,8.99,9.1,8.94,8.99,13.34,11.43,10.48,9.94,8.66,9.01,9.57,9.93,10.76
2006-11-07,11.97,10.4,9.34,8.98,9.11,9.34,13.2,11.35,10.43,9.9,8.68,9.02,9.55,9.89,10.81
2006-11-08,10.63,9.67,8.77,8.65,8.69,8.77,12.92,11.04,10.15,9.62,8.35,8.69,9.25,9.6,10.55
2006-11-09,10.74,9.83,8.75,8.66,8.69,8.75,13.18,11.34,10.47,9.97,8.85,9.13,9.64,9.96,10.8
2006-11-10,9.87,9.22,8.01,8.08,8.06,8.01,12.89,11.08,10.25,9.75,8.69,8.93,9.43,9.75,10.7
2006-11-13,11.39,10.56,9.04,9.44,9.29,9.04,12.78,11.09,10.31,9.83,8.66,8.98,9.49,9.82,10.72
2006-11-14,11.54,10.58,8.77,9.61,9.3,8.77,12.34,10.6,9.86,9.38,8.51,8.66,9.09,9.37,10.51
2006-11-15,11.75,10.52,8.1,10.05,9.37,8.1,11.89,10.23,9.57,9.11,8.29,8.42,8.84,9.1,10.28
2006-11-16,13.7,11.51,6.34,7.25,6.93,6.35,11.68,10.07,9.37,8.87,8.1,8.19,8.6,8.86,10.2
2006-11-17,11.26,9.68,8.54,7.99,7.96,8.54,12.82,10.72,9.73,9.23,7.97,8.39,8.87,9.21,10.11
2006-11-20,11.16,9.57,8.51,7.96,7.97,8.5,12.68,10.7,9.73,9.23,7.82,8.32,8.85,9.21,10.22
2006-11-21,10.82,9.28,8.27,7.78,7.75,8.26,12.87,10.91,9.93,9.41,7.99,8.49,9.03,9.4,10.43
2006-11-22,11.17,9.4,8.25,7.62,7.68,8.24,13.22,11.17,10.16,9.63,8.09,8.66,9.24,9.62,10.82
2006-11-24,11.54,9.89,8.78,8.1,8.19,8.78,13.96,11.77,10.7,10.15,8.55,9.14,9.74,10.13,11.34
2006-11-27,13.85,11.71,10.25,9.43,9.54,10.25,15.37,13.03,11.81,11.15,9.38,9.97,10.65,11.13,12.27
2006-11-28,13.09,10.83,9.33,8.49,8.67,9.33,14.71,12.32,11.11,10.45,8.47,9.19,9.95,10.43,11.87
2006-11-29,12.36,10.04,8.52,7.74,7.95,8.52,13.76,11.35,10.2,9.59,8.02,8.55,9.16,9.57,11.14
2006-11-30,12.49,10.23,8.66,7.66,8.0,8.65,13.95,11.51,10.34,9.71,7.96,8.61,9.27,9.69,11.24
2006-12-01,13.18,10.81,9.23,8.29,8.54,9.22,14.94,12.11,10.72,9.98,8.36,8.82,9.49,9.96,11.65
2006-12-04,13.2,10.68,9.09,8.17,8.53,9.09,14.09,11.45,10.29,9.67,8.17,8.67,9.27,9.66,11.32
2006-12-05,13.23,10.64,8.75,7.97,8.27,8.75,13.84,11.41,10.27,9.65,8.59,8.59,9.21,9.63,11.36
2006-12-06,13.27,10.86,8.97,7.8,8.26,8.97,14.18,11.62,10.44,9.8,8.62,8.68,9.33,9.78,11.49
2006-12-07,14.68,12.03,9.95,9.0,9.37,9.95,15.94,12.85,11.37,10.59,8.82,9.35,10.08,10.57,12.27
2006-12-08,12.06,10.48,8.75,8.53,8.61,8.75,15.09,12.35,10.98,10.23,8.54,9.03,9.74,10.21,12.04
2006-12-11,12.42,11.27,9.02,9.19,9.13,9.02,14.81,12.09,10.79,10.07,8.25,8.88,9.6,10.05,11.97
2006-12-12,12.44,11.13,8.52,8.52,8.52,8.52,14.06,11.51,10.31,9.62,7.98,8.51,9.18,9.6,11.87
2006-12-13,11.86,10.23,6.73,7.1,6.96,6.73,13.59,10.98,9.83,9.15,7.6,8.09,8.73,9.14,11.63
2006-12-14,13.26,11.38,7.28,8.88,8.32,7.28,13.13,10.28,9.2,8.52,7.45,7.67,8.18,8.51,11.28
2006-12-15,12.98,10.4,8.88,7.62,8.04,8.87,15.58,12.59,11.14,10.39,8.47,9.1,9.84,10.36,11.58
2006-12-18,13.22,10.51,8.91,7.75,8.05,8.9,15.49,12.55,11.14,10.4,8.57,9.15,9.87,10.38,11.6
2006-12-19,12.97,10.18,8.53,7.39,7.67,8.52,15.38,12.44,11.0,10.25,8.44,9.0,9.72,10.23,11.43
2006-12-20,12.67,10.09,8.49,7.42,7.68,8.49,15.07,12.25,10.9,10.19,8.44,8.99,9.68,10.16,11.41
2006-12-21,12.98,10.29,8.61,7.51,7.75,8.6,15.18,12.44,11.11,10.41,8.67,9.22,9.9,10.38,11.64
2006-12-22,13.91,11.18,9.38,8.16,8.42,9.37,15.74,12.94,11.54,10.81,8.78,9.48,10.26,10.79,11.86
2006-12-26,13.1,10.64,9.01,7.69,8.05,9.0,15.31,12.58,11.23,10.51,8.34,9.15,9.96,10.49,11.8
2006-12-27,11.96,9.98,8.25,7.22,7.48,8.25,14.63,11.99,10.69,9.98,8.08,8.75,9.48,9.96,11.52
2006-12-28,12.34,10.14,8.44,7.6,7.73,8.44,14.88,12.23,10.91,10.2,8.33,8.97,9.7,10.19,11.77
2006-12-29,12.81,10.72,9.09,8.06,8.26,9.08,15.49,12.74,11.36,10.62,8.74,9.35,10.1,10.6,12.07
2007-01-03,13.22,11.13,9.57,8.24,8.7,9.57,15.42,12.85,11.52,10.79,8.83,9.51,10.28,10.78,12.14
2007-01-04,12.59,10.41,8.76,7.82,8.1,8.76,14.67,12.33,11.09,10.4,8.32,9.11,9.89,10.38,11.85
2007-01-05,13.19,11.44,10.16,8.87,9.36,10.16,15.32,12.91,11.63,10.92,8.83,9.61,10.4,10.91,12.2
2007-01-08,13.55,11.42,9.81,8.54,9.03,9.8,15.05,12.68,11.39,10.66,8.48,9.31,10.13,10.64,12.16
2007-01-09,13.8,11.49,9.79,8.64,9.09,9.79,14.89,12.65,11.41,10.71,8.62,9.41,10.2,10.7,12.13
2007-01-10,12.71,10.4,8.62,7.86,8.16,8.62,14.52,12.22,10.95,10.22,8.22,8.92,9.71,10.2,11.8
2007-01-11,11.57,10.1,8.48,7.64,7.96,8.48,13.55,11.39,10.29,9.62,7.78,8.46,9.17,9.61,11.35
2007-01-12,10.3,9.25,7.2,6.39,6.7,7.19,12.86,10.65,9.65,9.02,7.24,7.93,8.59,9.0,10.99
2007-01-16,13.41,12.06,9.41,8.46,8.83,9.41,13.39,11.04,10.02,9.36,7.88,8.33,8.95,9.35,11.11
2007-01-17,14.45,12.86,9.65,9.08,9.3,9.65,13.21,10.83,9.82,9.15,7.83,8.18,8.77,9.14,11.0
2007-01-18,13.73,13.73,13.73,13.73,13.73,13.73,13.13,10.78,9.83,9.17,7.66,8.15,8.78,9.17,11.01
2007-01-19,12.6,10.29,8.69,7.38,7.73,8.68,14.2,11.58,10.34,9.67,7.63,8.4,9.16,9.65,10.67
2007-01-22,12.9,10.65,9.01,7.53,8.0,9.0,14.36,11.82,10.55,9.86,8.1,8.66,9.37,9.84,11.08
2007-01-23,12.38,10.16,8.49,7.07,7.55,8.49,13.88,11.38,10.11,9.42,7.73,8.24,8.94,9.4,10.55
2007-01-24,11.64,9.64,8.05,6.65,7.16,8.04,13.2,10.9,9.67,8.97,7.15,7.76,8.5,8.95,10.15
2007-01-25,13.41,11.11,9.42,8.13,8.45,9.42,14.49,12.0,10.74,10.05,8.01,8.78,9.55,10.04,10.92
2007-01-26,13.0,10.88,9.22,7.79,8.24,9.22,14.33,11.89,10.69,10.03,8.01,8.78,9.54,10.01,10.92
2007-01-29,13.32,11.31,9.68,8.29,8.72,9.68,14.71,12.2,10.94,10.25,8.19,8.98,9.75,10.23,11.09
2007-01-30,12.92,10.79,9.15,7.89,8.27,9.15,14.14,11.7,10.44,9.73,7.63,8.45,9.23,9.71,10.77
2007-01-31,12.04,10.13,8.49,7.19,7.7,8.49,13.36,11.18,10.0,9.32,7.34,8.11,8.85,9.31,10.43
2007-02-01,11.97,9.93,8.35,7.28,7.69,8.35,13.27,10.98,9.82,9.16,7.44,8.01,8.71,9.15,10.38
2007-02-02,11.61,9.42,7.88,7.01,7.35,7.88,12.86,10.62,9.54,8.9,7.29,7.81,8.47,8.89,10.31
2007-02-05,12.21,10.0,8.42,7.63,7.93,8.42,13.41,10.92,9.8,9.15,7.53,8.06,8.72,9.13,10.6
2007-02-06,11.78,9.75,8.08,7.26,7.58,8.08,13.18,10.76,9.7,9.08,7.38,7.98,8.65,9.07,10.55
2007-02-07,11.25,9.51,7.65,6.94,7.21,7.64,12.98,10.59,9.53,8.88,7.27,7.8,8.45,8.86,10.42
2007-02-08,11.12,9.54,7.55,7.05,7.24,7.55,13.22,10.78,9.72,9.08,7.4,7.99,8.65,9.07,10.57
2007-02-09,12.5,10.49,8.23,7.71,7.91,8.23,14.28,11.49,10.27,9.57,7.87,8.49,9.14,9.55,11.0
2007-02-12,15.04,12.81,9.97,9.19,9.49,9.97,14.91,12.12,10.79,10.0,8.16,8.8,9.53,9.99,11.35
2007-02-13,11.82,10.39,7.42,8.62,8.19,7.42,12.94,10.45,9.44,8.75,7.17,7.74,8.35,8.74,10.55
2007-02-14,12.63,10.86,7.0,8.62,8.05,7.0,12.84,10.4,9.4,8.69,7.21,7.69,8.3,8.68,10.38
2007-02-15,11.58,9.75,5.49,5.58,5.55,5.49,12.57,10.11,9.18,8.51,7.5,7.67,8.18,8.5,10.37
2007-02-16,11.89,9.81,8.47,7.4,7.74,8.47,13.42,11.05,9.91,9.32,7.83,8.31,8.9,9.29,10.3
2007-02-20,11.63,9.93,8.69,7.48,7.89,8.68,13.14,10.96,9.87,9.28,7.83,8.3,8.87,9.26,10.48
2007-02-21,11.79,9.96,8.58,7.64,7.83,8.57,13.19,10.96,9.84,9.25,7.67,8.22,8.83,9.23,10.56
2007-02-22,11.85,10.02,8.64,7.46,7.88,8.64,13.09,10.99,9.91,9.32,7.8,8.31,8.9,9.3,10.62
2007-02-23,12.12,10.14,8.76,7.94,8.08,8.76,13.61,11.35,10.25,9.67,8.35,8.73,9.28,9.65,10.94
2007-02-26,12.9,10.89,9.47,8.37,8.75,9.46,14.27,11.82,10.57,9.9,8.35,8.82,9.45,9.88,11.25
2007-02-27,24.8,20.75,17.26,15.08,15.54,17.28,22.16,18.45,16.41,15.38,12.94,13.58,14.58,15.38,15.36
2007-02-28,20.62,16.68,14.04,12.11,12.59,14.03,19.15,15.79,14.11,13.22,10.39,11.48,12.49,13.18,13.61
2007-03-01,21.89,17.57,14.24,11.63,12.4,14.23,19.54,15.95,14.07,13.04,9.86,11.03,12.19,13.0,13.51
2007-03-02,27.55,22.08,17.71,14.06,15.21,17.72,23.29,18.73,16.47,15.3,11.39,12.91,14.31,15.28,15.02
2007-03-05,28.65,23.5,19.44,15.8,17.01,19.46,24.9,19.88,17.29,16.0,12.2,13.55,14.94,15.97,15.73
2007-03-06,21.12,17.0,13.84,11.66,12.26,13.83,20.54,16.38,14.35,13.26,10.29,11.3,12.44,13.24,13.68
2007-03-07,18.54,16.02,13.77,12.23,12.68,13.76,19.68,15.91,13.94,12.87,9.94,10.92,12.05,12.84,13.46
2007-03-08,17.91,15.29,13.08,10.69,11.51,13.07,18.32,14.81,13.01,12.03,9.08,10.19,11.28,12.0,12.97
2007-03-09,16.91,14.15,12.18,10.96,11.41,12.18,18.13,14.63,12.83,11.86,9.08,10.06,11.13,11.83,12.77
2007-03-12,16.66,14.53,12.66,11.82,12.14,12.66,17.9,14.31,12.43,11.4,8.9,9.69,10.71,11.38,12.53
2007-03-13,20.0,17.69,14.56,13.7,14.03,14.56,22.51,18.04,15.79,14.58,11.25,12.39,13.66,14.54,14.84
2007-03-14,15.95,14.62,12.12,13.4,12.94,12.13,21.48,16.96,14.76,13.59,10.46,11.5,12.72,13.55,14.44
2007-03-15,15.96,14.18,10.59,8.59,9.39,10.59,20.52,16.12,13.91,12.73,9.81,10.76,11.92,12.71,14.11
2007-03-16,21.53,17.03,13.51,10.53,11.46,13.48,21.96,17.61,15.36,14.23,10.66,11.98,13.26,14.18,14.59
2007-03-19,19.13,15.19,12.04,9.4,10.19,12.01,19.92,16.01,14.02,12.96,9.46,10.85,12.07,12.91,13.5
2007-03-20,17.63,13.8,10.7,8.35,9.03,10.68,18.84,14.95,13.06,12.05,8.83,10.1,11.24,12.01,12.77
2007-03-21,15.61,12.31,9.89,7.78,8.54,9.89,16.56,13.17,11.49,10.6,8.97,9.14,9.97,10.58,11.45
2007-03-22,16.61,13.05,10.41,8.68,9.12,10.4,17.51,13.82,12.08,11.17,9.55,9.71,10.52,11.15,11.84
2007-03-23,16.4,12.91,10.44,8.76,9.21,10.42,17.46,13.93,12.25,11.36,8.83,9.73,10.69,11.33,11.99
2007-03-26,16.5,13.09,10.71,9.02,9.47,10.7,17.7,14.15,12.42,11.5,8.76,9.76,10.81,11.49,12.03
2007-03-27,16.75,13.51,11.05,9.21,9.73,11.04,18.22,14.66,12.87,11.92,8.99,10.07,11.16,11.88,12.52
2007-03-28,18.82,15.4,12.58,10.15,10.93,12.55,20.02,16.09,14.17,13.14,10.11,11.2,12.32,13.1,13.55
2007-03-29,18.66,15.33,12.66,10.49,11.13,12.65,20.1,16.16,14.23,13.2,10.15,11.26,12.39,13.17,13.56
2007-03-30,18.19,14.77,12.04,9.87,10.52,12.03,19.72,15.87,13.96,12.93,9.7,10.94,12.12,12.9,13.42
2007-04-02,17.63,14.35,11.83,9.74,10.39,11.82,19.53,15.7,13.79,12.76,9.58,10.79,11.97,12.74,13.29
2007-04-03,15.63,12.59,10.4,8.94,9.31,10.39,18.28,14.74,12.94,11.97,9.06,10.15,11.24,11.95,12.66
2007-04-04,14.68,11.86,9.67,8.63,8.79,9.67,18.16,14.6,12.77,11.78,8.72,9.9,11.04,11.76,12.68
2007-04-05,14.35,11.46,9.42,8.62,8.69,9.42,17.49,14.01,12.24,11.29,8.43,9.52,10.59,11.26,12.44
2007-04-09,15.3,12.14,9.92,8.64,9.12,9.91,17.48,14.05,12.33,11.39,8.45,9.61,10.7,11.37,12.48
2007-04-10,14.26,11.41,9.27,8.27,8.66,9.27,16.97,13.51,11.83,10.9,8.23,9.25,10.27,10.89,12.14
2007-04-11,15.22,12.12,9.73,8.53,9.0,9.73,17.71,14.15,12.43,11.49,8.83,9.83,10.84,11.47,12.67
2007-04-12,13.98,11.05,8.6,8.08,8.28,8.6,16.88,13.47,11.84,10.95,8.33,9.37,10.34,10.94,12.14
2007-04-13,13.21,10.52,7.64,7.81,7.75,7.64,16.12,12.81,11.22,10.32,8.37,8.82,9.74,10.3,11.84
2007-04-16,12.42,11.04,8.24,8.9,8.66,8.24,15.78,12.59,11.1,10.23,8.37,8.94,9.73,10.22,11.63
2007-04-17,13.22,11.6,8.26,10.06,9.43,8.27,15.59,12.41,10.91,10.02,8.5,8.82,9.55,10.01,11.55
2007-04-18,13.5,11.49,7.0,10.21,9.14,7.01,15.79,12.59,11.12,10.25,8.74,9.11,9.8,10.24,11.77
2007-04-19,14.47,12.01,5.96,10.54,9.1,5.99,16.09,12.88,11.38,10.5,8.78,9.26,10.01,10.48,11.94
2007-04-20,15.38,11.93,9.74,8.72,8.87,9.73,16.29,12.97,11.39,10.58,8.56,9.22,10.01,10.55,11.44
2007-04-23,16.53,12.96,10.84,9.66,9.89,10.84,17.27,13.76,12.14,11.31,9.13,9.86,10.7,11.29,12.03
2007-04-24,16.48,13.05,10.81,9.57,9.79,10.79,17.17,13.7,12.09,11.26,9.24,9.84,10.65,11.23,12.13
2007-04-25,16.39,13.07,11.13,10.1,10.28,11.13,17.07,13.68,12.09,11.27,9.36,9.91,10.69,11.25,11.99
2007-04-26,15.85,12.41,10.6,9.49,9.72,10.59,16.75,13.47,11.91,11.09,9.17,9.74,10.52,11.07,11.97
2007-04-27,15.41,11.98,10.07,8.97,9.2,10.06,16.43,13.2,11.67,10.88,8.97,9.54,10.32,10.85,11.83
2007-04-30,18.81,14.7,12.24,10.51,11.0,12.23,18.42,14.75,13.03,12.14,9.81,10.61,11.5,12.12,12.84
2007-05-01,17.33,13.38,11.08,9.77,10.06,11.07,17.69,14.18,12.46,11.56,9.23,10.02,10.92,11.54,12.41
2007-05-02,16.16,12.74,10.68,9.48,9.83,10.68,17.1,13.76,12.15,11.3,9.19,9.87,10.71,11.29,12.16
2007-05-03,15.58,12.67,10.84,9.68,10.06,10.84,16.99,13.6,12.04,11.24,9.44,9.96,10.71,11.22,12.15
2007-05-04,15.26,12.33,10.34,9.31,9.44,10.33,16.85,13.6,12.06,11.25,9.19,9.87,10.68,11.22,12.34
2007-05-07,16.02,12.98,10.89,9.53,10.03,10.88,16.87,13.67,12.18,11.39,9.33,10.06,10.86,11.38,12.33
2007-05-08,16.49,13.43,11.32,9.85,10.4,11.32,17.02,13.83,12.32,11.52,9.51,10.18,10.98,11.5,12.42
2007-05-09,15.78,12.85,10.81,9.64,10.1,10.81,16.55,13.4,11.96,11.19,9.3,9.93,10.69,11.18,12.15
2007-05-10,16.96,13.77,11.27,10.54,10.8,11.27,17.5,14.32,12.76,11.93,9.77,10.5,11.34,11.9,12.95
2007-05-11,15.61,12.47,10.1,9.31,9.61,10.1,16.75,13.57,12.08,11.27,9.17,9.92,10.74,11.25,12.53
2007-05-14,19.76,15.74,12.61,11.9,12.17,12.61,18.1,14.68,13.05,12.18,9.98,10.74,11.6,12.17,13.12
2007-05-15,17.29,15.45,11.78,11.15,11.39,11.77,17.97,14.56,12.96,12.11,10.05,10.72,11.55,12.09,13.25
2007-05-16,15.98,14.4,11.3,11.3,11.3,11.3,17.28,13.97,12.41,11.56,9.51,10.19,11.02,11.55,12.8
2007-05-17,23.46,19.79,11.32,11.32,11.32,11.32,17.19,13.91,12.36,11.51,9.58,10.17,10.99,11.51,12.81
2007-05-18,16.29,12.82,10.61,8.73,9.39,10.6,17.6,13.82,12.17,11.33,9.18,9.78,10.67,11.29,12.39
2007-05-21,17.06,13.4,10.94,9.11,9.66,10.93,17.85,14.13,12.46,11.6,9.39,10.02,10.93,11.57,12.62
2007-05-22,16.72,13.1,10.74,9.03,9.5,10.73,17.53,13.97,12.37,11.54,9.31,10.0,10.9,11.51,12.54
2007-05-23,16.77,13.25,11.07,9.48,9.92,11.06,17.45,13.96,12.4,11.6,9.55,10.15,10.99,11.57,12.73
2007-05-24,17.82,14.25,11.9,10.11,10.64,11.89,18.63,14.86,13.18,12.32,10.03,10.78,11.66,12.29,13.59
2007-05-25,16.44,12.93,10.9,9.45,9.82,10.9,17.99,14.36,12.71,11.86,9.55,10.32,11.22,11.84,12.98
2007-05-29,16.73,13.25,11.12,9.56,10.02,11.11,17.77,14.29,12.67,11.83,9.56,10.29,11.19,11.79,13.02
2007-05-30,15.4,12.43,10.37,9.11,9.43,10.37,16.86,13.63,12.07,11.25,9.02,9.74,10.63,11.22,12.61
2007-05-31,15.63,12.65,10.53,9.07,9.56,10.53,16.96,13.7,12.13,11.31,9.16,9.84,10.71,11.29,12.65
2007-06-01,14.9,11.96,9.99,9.13,9.28,9.99,16.84,13.52,11.97,11.17,9.35,9.84,10.6,11.15,12.65
2007-06-04,15.98,12.92,10.85,9.84,10.08,10.85,17.2,13.93,12.4,11.6,9.71,10.23,11.02,11.58,12.9
2007-06-05,16.57,13.38,11.07,9.85,10.23,11.07,17.59,14.25,12.66,11.83,9.7,10.35,11.21,11.79,13.3
2007-06-06,19.07,15.44,12.91,11.51,11.84,12.91,19.19,15.55,13.83,12.94,10.48,11.32,12.27,12.92,14.02
2007-06-07,22.76,18.72,15.88,14.11,14.47,15.88,22.08,17.73,15.73,14.72,11.84,12.91,13.96,14.7,15.23
2007-06-08,17.34,14.54,12.29,11.12,11.57,12.29,19.23,15.58,13.83,12.92,10.3,11.27,12.24,12.89,13.93
2007-06-11,19.2,16.33,13.82,12.7,13.13,13.82,19.37,15.79,13.97,13.02,10.34,11.3,12.31,12.98,13.96
2007-06-12,22.71,19.47,16.77,15.49,15.98,16.77,21.52,17.26,15.31,14.32,11.5,12.54,13.58,14.29,14.79
2007-06-13,19.2,17.68,14.81,14.14,14.4,14.81,19.22,15.66,13.86,12.91,10.14,11.16,12.21,12.89,13.88
2007-06-14,19.87,17.36,12.09,12.05,12.06,12.09,18.19,14.72,12.97,12.04,9.44,10.39,11.38,12.02,13.36
2007-06-15,18.23,14.8,12.21,9.7,10.59,12.18,18.95,15.43,13.67,12.76,10.68,11.04,12.0,12.72,13.54
2007-06-18,17.55,14.2,11.75,9.49,10.29,11.73,18.93,15.21,13.48,12.58,10.44,10.89,11.85,12.55,13.42
2007-06-19,16.24,13.41,11.24,9.21,9.91,11.22,18.11,14.64,13.0,12.14,10.07,10.53,11.43,12.1,13.11
2007-06-20,18.71,15.47,12.98,10.64,11.47,12.95,20.03,16.38,14.54,13.6,10.89,11.73,12.81,13.56,14.38
2007-06-21,17.97,14.99,12.56,10.12,11.02,12.54,19.61,16.12,14.32,13.37,10.82,11.5,12.59,13.34,14.18
2007-06-22,20.1,16.76,14.01,11.27,12.26,13.97,21.03,17.46,15.48,14.46,11.38,12.42,13.58,14.4,15.2
2007-06-25,21.24,17.75,14.76,11.88,12.9,14.72,21.59,18.13,16.11,15.05,11.62,12.91,14.13,15.0,15.55
2007-06-26,24.36,20.56,17.28,13.88,15.17,17.3,24.07,20.09,17.81,16.65,13.03,14.35,15.68,16.65,16.4
2007-06-27,19.24,16.23,13.58,10.98,11.93,13.57,20.75,17.24,15.27,14.23,11.04,12.2,13.38,14.2,14.83
2007-06-28,19.04,16.13,13.53,11.04,11.93,13.52,20.7,17.2,15.26,14.23,10.99,12.21,13.39,14.2,14.8
2007-06-29,20.06,16.95,14.09,11.05,12.24,14.07,21.83,18.16,16.06,14.96,11.49,12.79,14.05,14.92,15.47
2007-07-02,18.68,15.41,12.89,10.42,11.34,12.88,20.63,17.0,15.1,14.08,11.02,12.03,13.24,14.05,14.85
2007-07-03,17.3,14.29,12.07,9.85,10.62,12.07,20.18,16.59,14.7,13.68,10.68,11.65,12.86,13.65,14.68
2007-07-05,18.29,14.84,12.5,10.55,11.11,12.5,20.68,16.91,14.97,13.93,10.9,11.89,13.1,13.91,14.71
2007-07-06,16.25,13.5,11.36,10.03,10.2,11.36,19.73,16.12,14.26,13.26,10.22,11.24,12.45,13.23,14.42
2007-07-09,17.59,14.61,12.18,10.23,10.77,12.17,19.93,16.41,14.55,13.54,10.52,11.54,12.74,13.52,14.66
2007-07-10,22.63,18.48,15.55,13.24,13.94,15.55,23.13,19.02,16.8,15.6,11.89,13.27,14.64,15.57,16.06
2007-07-11,21.01,17.43,14.43,11.8,12.63,14.42,21.68,17.8,15.74,14.65,11.28,12.49,13.78,14.62,15.66
2007-07-12,19.16,15.37,12.57,10.61,11.37,12.57,20.5,16.83,14.85,13.77,11.05,11.76,12.91,13.75,14.94
2007-07-13,17.16,13.94,11.54,10.54,10.93,11.55,19.83,16.34,14.47,13.44,11.07,11.59,12.64,13.43,14.98
2007-07-16,19.83,16.22,13.15,11.95,12.42,13.15,20.43,16.99,15.06,13.98,11.44,12.02,13.13,13.96,15.32
2007-07-17,17.23,15.66,12.63,12.41,12.49,12.63,20.29,16.83,14.99,13.98,11.52,12.13,13.19,13.97,15.38
2007-07-18,19.16,17.16,13.19,14.29,13.89,13.19,20.42,17.08,15.23,14.2,11.5,12.26,13.39,14.18,15.69
2007-07-19,20.73,17.98,12.15,17.78,15.9,12.13,19.6,16.21,14.39,13.38,10.83,11.48,12.6,13.37,15.16
2007-07-20,21.99,18.29,15.15,11.73,12.93,15.11,22.37,18.6,16.58,15.57,12.16,13.46,14.66,15.52,16.44
2007-07-23,21.64,17.85,14.75,11.53,12.65,14.73,21.84,18.15,16.19,15.2,11.87,13.14,14.33,15.16,16.27
2007-07-24,23.08,19.72,16.8,13.15,14.6,16.77,23.56,19.8,17.71,16.67,13.05,14.46,15.72,16.62,17.64
2007-07-25,22.88,19.49,16.44,12.86,14.26,16.43,22.88,19.24,17.21,16.19,12.66,14.04,15.28,16.15,17.16
2007-07-26,26.49,22.97,19.46,15.72,17.11,19.47,24.71,21.03,18.8,17.67,13.84,15.32,16.67,17.64,18.09
2007-07-27,31.93,27.72,23.74,19.11,20.82,23.79,28.78,24.72,22.01,20.63,15.99,17.78,19.43,20.64,20.24
2007-07-30,27.48,23.45,19.46,15.62,16.96,19.44,26.21,22.19,19.61,18.32,14.15,15.72,17.19,18.28,18.64
2007-07-31,31.22,26.65,22.34,17.57,19.32,22.32,29.31,24.56,21.66,20.24,15.7,17.37,18.97,20.18,20.74
2007-08-01,30.13,25.97,21.49,17.26,18.62,21.5,29.92,25.0,22.01,20.51,15.55,17.43,19.19,20.49,20.79
2007-08-02,26.57,22.45,18.23,14.55,15.75,18.19,27.85,22.98,20.1,18.67,14.0,15.76,17.4,18.6,19.68
2007-08-03,31.82,27.39,23.1,18.39,19.98,23.05,32.5,27.03,23.58,21.85,16.42,18.36,20.28,21.75,22.29
2007-08-06,28.28,24.45,20.37,16.81,17.84,20.4,29.83,24.51,21.2,19.59,14.92,16.57,18.28,19.6,20.05
2007-08-07,26.46,22.81,19.41,16.55,17.37,19.4,28.3,23.12,20.05,18.58,14.14,15.74,17.33,18.53,19.58
2007-08-08,26.73,22.45,19.08,16.04,17.06,19.07,28.1,22.85,19.92,18.5,13.87,15.66,17.28,18.46,19.09
2007-08-09,35.96,31.56,26.74,21.81,23.43,26.75,33.94,28.34,24.65,22.81,17.09,19.19,21.22,22.78,22.55
2007-08-10,35.12,31.33,26.99,22.56,23.93,27.05,37.15,30.66,26.49,24.42,17.95,20.35,22.68,24.45,23.23
2007-08-13,31.38,28.17,25.62,23.15,23.86,25.63,33.31,27.82,24.12,22.28,16.92,18.78,20.72,22.26,21.88
2007-08-14,32.59,29.01,25.82,23.68,23.89,25.8,34.89,29.54,25.78,23.82,18.05,19.98,22.06,23.73,23.18
2007-08-15,34.31,32.13,30.16,29.1,28.77,30.15,37.78,32.1,28.16,26.09,19.83,21.94,24.22,26.0,24.98
2007-08-16,36.68,33.38,31.09,32.68,31.08,31.09,39.1,32.94,28.68,26.45,19.63,21.93,24.38,26.28,25.02
2007-08-17,37.55,31.03,24.35,18.46,20.34,24.3,35.74,29.69,25.87,23.93,17.68,19.93,22.18,23.84,23.9
2007-08-20,34.13,28.48,22.59,17.24,19.02,22.55,33.94,28.39,24.84,23.03,17.0,19.24,21.38,22.95,22.73
2007-08-21,32.73,27.35,21.87,16.71,18.47,21.84,33.07,27.61,24.16,22.42,16.57,18.76,20.83,22.35,22.18
2007-08-22,29.63,24.33,19.63,15.04,16.7,19.61,30.19,24.96,21.78,20.21,15.22,17.04,18.81,20.14,20.39
2007-08-23,29.77,24.3,19.07,14.36,16.0,19.04,29.9,24.62,21.32,19.69,14.83,16.52,18.26,19.63,20.22
2007-08-24,27.86,21.38,16.52,13.35,14.17,16.5,28.42,23.3,19.97,18.34,13.49,15.18,16.91,18.27,19.27
2007-08-27,29.79,24.08,18.88,14.5,15.93,18.86,30.23,24.9,21.5,19.79,14.76,16.5,18.3,19.73,20.33
2007-08-28,33.68,28.07,22.33,17.27,18.86,22.28,34.34,28.46,24.79,22.94,16.97,19.11,21.24,22.84,23.15
2007-08-29,30.38,24.92,20.07,15.73,17.2,20.05,30.84,25.87,22.51,20.78,15.45,17.34,19.25,20.74,21.31
2007-08-30,31.7,26.54,21.39,16.99,18.36,21.35,32.46,26.89,23.25,21.45,16.0,17.91,19.86,21.38,21.9
2007-08-31,29.64,24.94,20.42,15.9,17.55,20.39,30.84,25.54,22.16,20.48,14.99,17.07,18.97,20.41,21.01
2007-09-04,28.51,23.84,19.63,15.42,16.98,19.63,29.87,24.6,21.34,19.73,14.65,16.53,18.34,19.69,20.21
2007-09-05,30.13,25.5,21.17,16.9,18.44,21.14,32.39,26.86,23.36,21.6,15.82,18.01,20.01,21.52,21.69
2007-09-06,28.73,24.42,20.36,16.3,17.8,20.35,31.99,26.44,22.95,21.22,15.59,17.72,19.69,21.17,21.39
2007-09-07,30.65,26.58,22.29,18.05,19.51,22.25,34.5,29.08,25.29,23.39,17.46,19.57,21.66,23.27,23.3
2007-09-10,32.04,28.43,24.16,19.79,21.27,24.13,35.61,30.16,26.31,24.34,18.26,20.41,22.58,24.25,23.83
2007-09-11,29.38,25.74,21.81,18.02,19.36,21.81,33.12,27.84,24.29,22.49,16.55,18.83,20.9,22.44,22.26
2007-09-12,29.05,25.26,21.39,18.2,19.17,21.36,32.77,27.28,23.74,21.97,16.44,18.46,20.41,21.89,22.17
2007-09-13,30.17,25.93,22.15,18.64,19.87,22.14,32.4,27.0,23.54,21.8,16.09,18.27,20.28,21.75,21.84
2007-09-14,28.49,24.48,21.41,19.23,19.78,21.41,32.63,27.04,23.48,21.71,16.18,18.23,20.2,21.66,21.86
2007-09-17,36.28,31.43,26.95,24.54,24.76,26.94,34.35,28.68,24.95,23.09,17.39,19.46,21.5,23.04,22.63
2007-09-18,25.24,21.31,17.9,16.1,16.79,17.89,26.68,22.33,19.6,18.13,13.42,15.21,16.92,18.09,19.12
2007-09-19,20.3,19.15,17.07,16.58,16.77,17.07,26.43,21.32,18.75,17.37,13.14,14.69,16.26,17.34,18.54
2007-09-20,20.16,18.52,15.45,19.71,18.23,15.45,26.88,21.8,19.16,17.76,13.54,15.08,16.64,17.73,18.96
2007-09-21,24.46,19.96,16.25,12.39,13.78,16.24,26.14,21.36,18.65,17.31,12.7,14.53,16.13,17.28,17.97
2007-09-24,24.42,19.95,16.37,12.87,14.06,16.34,25.57,21.05,18.47,17.18,12.7,14.46,16.02,17.12,18.3
2007-09-25,23.34,19.38,16.05,12.5,13.81,16.03,25.27,20.73,18.17,16.91,12.74,14.34,15.82,16.88,17.99
2007-09-26,22.22,18.32,15.08,11.77,12.94,15.06,23.92,19.61,17.29,16.13,12.22,13.73,15.12,16.1,17.29
2007-09-27,21.27,17.66,14.65,11.58,12.64,14.63,23.03,18.83,16.63,15.51,11.9,13.26,14.56,15.47,16.78
2007-09-28,22.55,18.72,15.57,12.24,13.46,15.55,24.23,19.85,17.53,16.35,12.35,13.91,15.33,16.31,17.45
2007-10-01,21.3,17.75,14.69,11.91,12.72,14.67,24.0,19.45,17.11,15.9,11.93,13.45,14.87,15.86,17.12
2007-10-02,22.25,18.32,15.02,11.97,12.96,15.02,24.68,20.04,17.64,16.42,12.31,13.92,15.38,16.4,17.43
2007-10-03,22.15,18.23,15.01,11.97,12.96,15.0,25.07,20.31,17.87,16.63,12.5,14.1,15.57,16.6,17.89
2007-10-04,21.64,18.02,14.97,12.03,12.99,14.97,24.54,20.0,17.66,16.46,12.44,14.0,15.44,16.43,17.65
2007-10-05,19.34,15.72,13.29,11.13,11.81,13.27,22.52,18.35,16.26,15.13,11.51,12.87,14.18,15.08,16.76
2007-10-08,20.08,16.83,14.4,12.24,12.89,14.39,22.87,18.61,16.55,15.45,12.21,13.35,14.56,15.42,17.14
2007-10-09,18.08,15.21,13.06,11.99,12.07,13.06,20.97,17.24,15.31,14.26,11.33,12.33,13.45,14.23,16.3
2007-10-10,18.37,15.6,13.65,12.64,12.71,13.65,21.64,17.76,15.81,14.75,11.76,12.79,13.93,14.73,16.78
2007-10-11,21.05,18.35,16.42,15.77,15.58,16.42,24.09,20.06,17.99,16.87,13.24,14.62,15.93,16.84,18.05
2007-10-12,18.32,15.46,13.72,13.01,13.02,13.71,22.86,18.86,16.85,15.76,12.53,13.67,14.87,15.72,17.63
2007-10-15,23.48,19.59,17.29,17.69,16.82,17.29,25.01,20.54,18.41,17.26,13.59,15.0,16.32,17.23,18.68
2007-10-16,25.75,21.25,18.27,17.25,17.61,18.27,25.42,21.22,19.11,17.97,14.32,15.68,17.02,17.95,19.34
2007-10-17,20.71,19.28,16.64,16.82,16.75,16.64,23.83,19.7,17.62,16.49,12.96,14.29,15.58,16.46,18.58
2007-10-18,23.8,20.66,14.04,19.84,17.88,14.03,22.88,19.39,17.47,16.42,12.96,14.29,15.56,16.41,18.37
2007-10-19,28.76,24.22,20.59,16.51,18.1,20.59,30.08,24.82,21.93,20.5,15.9,17.59,19.23,20.46,20.98
2007-10-22,26.87,22.66,19.23,15.31,16.82,19.21,28.15,23.83,21.19,19.83,15.34,17.0,18.6,19.79,20.29
2007-10-23,25.3,21.27,17.88,14.19,15.55,17.88,26.95,22.58,20.03,18.73,14.44,16.04,17.56,18.7,19.37
2007-10-24,25.87,22.16,18.64,14.69,16.14,18.63,27.73,23.2,20.56,19.2,14.72,16.38,17.97,19.16,19.83
2007-10-25,26.32,22.52,19.08,14.84,16.51,19.04,27.86,23.42,20.67,19.26,14.78,16.38,17.97,19.19,20.03
2007-10-26,23.78,20.53,17.39,13.56,15.02,17.38,26.0,21.86,19.32,18.01,13.46,15.25,16.83,17.97,18.99
2007-10-29,23.93,20.83,17.86,14.28,15.59,17.86,25.79,21.75,19.28,18.0,13.7,15.36,16.87,17.97,18.98
2007-10-30,26.22,22.69,19.4,15.42,16.92,19.39,27.04,22.87,20.28,18.93,14.19,16.06,17.71,18.9,19.71
2007-10-31,22.47,19.45,16.4,12.89,14.16,16.4,24.45,20.46,18.1,16.87,12.64,14.3,15.79,16.84,18.06
2007-11-01,29.14,24.96,21.15,17.0,18.5,21.13,29.56,25.03,22.27,20.82,15.76,17.68,19.46,20.76,21.3
2007-11-02,26.71,23.1,19.81,15.83,17.37,19.79,29.82,25.17,22.35,20.86,15.41,17.57,19.46,20.8,21.46
2007-11-05,28.4,25.0,21.65,17.83,19.27,21.66,31.29,26.42,23.4,21.8,16.3,18.4,20.35,21.77,22.07
2007-11-06,24.7,21.67,18.74,15.18,16.55,18.75,27.78,23.4,20.8,19.45,14.33,16.47,18.22,19.43,20.43
2007-11-07,32.84,28.97,25.0,21.02,22.42,24.98,33.51,28.44,25.27,23.58,17.57,19.88,21.99,23.51,23.64
2007-11-08,30.03,26.68,23.01,19.68,20.74,23.03,33.45,28.44,25.26,23.54,17.45,19.78,21.96,23.52,23.65
2007-11-09,32.12,28.47,24.56,20.85,21.9,24.57,36.45,30.86,27.46,25.66,19.25,21.73,24.02,25.65,25.14
2007-11-12,38.29,33.62,29.44,25.46,26.55,29.46,38.33,32.11,28.41,26.5,19.7,22.34,24.77,26.49,25.54
2007-11-13,32.57,28.98,25.08,22.86,23.09,25.08,31.69,26.26,23.07,21.42,15.91,18.01,19.97,21.4,22.16
2007-11-14,33.31,29.26,25.74,24.37,24.43,25.72,33.65,28.16,24.8,23.01,16.77,19.15,21.33,22.93,23.31
2007-11-15,29.41,26.05,19.26,25.6,23.43,19.29,36.23,30.28,26.72,24.85,18.3,20.79,23.11,24.79,24.94
2007-11-16,33.39,28.03,22.9,16.84,19.12,22.89,34.02,28.11,24.61,22.85,16.71,19.11,21.26,22.81,23.76
2007-11-19,33.03,28.62,24.03,18.25,20.42,23.99,34.7,29.15,25.56,23.7,17.41,19.78,22.01,23.62,25.07
2007-11-20,30.89,27.2,23.07,17.6,19.65,23.0,32.55,27.73,24.54,22.88,17.05,19.27,21.32,22.78,24.25
2007-11-21,31.81,28.76,25.38,20.39,22.4,25.37,33.91,29.29,26.17,24.5,18.64,20.87,22.96,24.46,25.46
2007-11-23,30.66,27.89,24.58,19.38,21.55,24.57,32.0,27.64,24.73,23.2,17.6,19.81,21.77,23.15,24.13
2007-11-26,33.61,31.17,28.09,22.94,25.11,28.07,35.42,31.01,27.96,26.28,19.96,22.46,24.69,26.22,26.78
2007-11-27,30.33,28.33,25.62,20.82,22.89,25.63,31.87,28.3,25.7,24.26,18.65,20.94,22.91,24.25,24.86
2007-11-28,28.69,26.13,23.16,18.66,20.48,23.15,29.52,25.85,23.31,21.92,16.71,18.81,20.62,21.88,22.7
2007-11-29,28.04,25.77,23.02,18.77,20.47,23.02,29.57,25.87,23.34,21.96,16.76,18.85,20.66,21.92,22.92
2007-11-30,26.85,24.53,21.68,17.28,19.1,21.67,28.75,25.17,22.72,21.39,16.42,18.4,20.13,21.34,22.65
2007-12-03,26.81,24.81,22.34,18.19,19.91,22.32,29.19,25.62,23.14,21.78,16.61,18.69,20.49,21.73,22.91
2007-12-04,26.74,25.04,22.81,18.98,20.54,22.81,28.83,25.66,23.38,22.11,17.22,19.21,20.91,22.08,23.2
2007-12-05,26.02,23.84,21.3,17.61,19.05,21.29,27.48,24.19,21.91,20.66,15.81,17.79,19.47,20.62,21.94
2007-12-06,24.81,22.41,19.83,16.49,17.8,19.83,25.77,22.5,20.33,19.16,14.71,16.52,18.07,19.13,20.56
2007-12-07,24.93,22.41,19.65,16.21,17.51,19.64,25.55,22.38,20.28,19.13,14.77,16.54,18.06,19.09,20.82
2007-12-10,25.68,22.71,19.91,16.65,17.89,19.9,25.41,22.22,20.12,18.97,14.65,16.4,17.91,18.94,20.53
2007-12-11,28.57,25.9,22.95,19.54,20.68,22.95,28.46,25.26,22.96,21.69,17.09,18.89,20.53,21.67,22.69
2007-12-12,27.78,24.67,21.58,18.38,19.45,21.57,27.48,24.06,21.79,20.56,15.93,17.81,19.41,20.51,21.94
2007-12-13,25.82,23.34,20.96,18.4,19.2,20.97,27.48,24.31,22.1,20.87,16.12,18.09,19.74,20.85,22.18
2007-12-14,25.42,23.61,21.55,19.09,19.76,21.55,28.0,24.78,22.54,21.31,16.9,18.62,20.18,21.28,22.73
2007-12-17,29.01,27.61,26.03,23.74,24.32,26.03,28.71,26.21,24.24,23.07,18.52,20.37,21.97,23.05,24.1
2007-12-18,26.13,24.44,23.17,22.34,22.11,23.16,26.59,24.02,22.12,21.03,17.1,18.62,20.02,21.0,23.21
2007-12-19,24.15,22.3,20.94,20.67,20.77,20.94,25.26,22.69,20.91,19.87,16.27,17.64,18.94,19.85,22.44
2007-12-20,27.28,24.7,19.7,24.12,22.58,19.73,24.3,21.55,19.76,18.73,15.13,16.51,17.8,18.69,21.6
2007-12-21,22.04,18.95,16.15,13.15,14.24,16.12,25.13,21.6,19.38,18.21,13.78,15.59,17.1,18.15,20.0
2007-12-24,21.77,18.68,15.87,12.94,13.99,15.86,24.46,21.39,19.15,17.97,13.59,15.38,16.89,17.94,19.72
2007-12-26,21.5,18.61,15.93,12.96,14.07,15.91,24.48,21.15,18.91,17.75,13.47,15.21,16.68,17.7,19.69
2007-12-27,23.36,20.29,17.21,14.05,15.15,17.18,26.19,22.78,20.43,19.19,14.52,16.42,18.02,19.13,20.99
2007-12-28,23.46,20.61,17.65,14.38,15.57,17.64,26.58,23.38,21.02,19.78,15.15,17.03,18.63,19.76,21.42
2007-12-31,24.65,22.09,19.45,15.94,17.36,19.43,27.46,24.57,22.16,20.88,16.03,18.0,19.68,20.84,22.4
2008-01-02,24.87,22.68,20.3,17.4,18.39,20.28,28.37,25.18,22.93,21.69,16.68,18.76,20.48,21.63,23.16
2008-01-03,23.29,21.64,19.74,17.02,18.06,19.71,27.39,24.3,22.24,21.09,16.3,18.33,19.96,21.03,22.46
2008-01-04,25.05,23.62,21.82,18.97,20.04,21.8,28.93,25.98,23.92,22.75,17.7,19.86,21.58,22.7,23.79
2008-01-07,24.15,22.73,21.1,18.91,19.64,21.1,28.33,25.46,23.45,22.32,17.61,19.62,21.24,22.31,23.14
2008-01-08,25.02,23.54,22.06,20.3,20.85,22.06,30.16,27.38,25.31,24.12,18.96,21.18,22.95,24.09,24.66
2008-01-09,24.26,22.28,20.75,18.9,19.57,20.76,28.42,25.73,23.76,22.63,17.87,19.92,21.56,22.63,23.49
2008-01-10,23.54,21.63,20.06,18.23,18.84,20.08,27.81,25.22,23.26,22.12,17.46,19.43,21.06,22.13,22.85
2008-01-11,20.57,19.16,18.2,18.02,17.69,18.2,27.67,25.35,23.59,22.56,18.17,20.03,21.54,22.53,23.6
2008-01-14,22.68,21.23,20.16,19.35,19.44,20.16,26.65,24.24,22.52,21.52,17.38,19.15,20.58,21.51,22.68
2008-01-15,25.11,23.09,22.03,22.86,21.95,22.03,26.68,24.74,23.22,22.3,18.29,20.01,21.39,22.27,23.64
2008-01-16,25.3,23.04,22.62,26.24,23.55,22.62,27.41,25.57,24.1,23.21,19.22,20.96,22.33,23.2,23.63
2008-01-17,19.59,19.06,18.15,20.32,19.54,18.17,32.35,29.83,27.93,26.82,22.08,24.09,25.72,26.78,26.09
2008-01-18,31.22,28.47,25.49,21.04,22.92,25.5,30.72,28.59,26.24,24.94,19.93,21.93,23.74,24.95,25.3
2008-01-22,36.81,33.53,29.31,23.0,25.63,29.34,33.49,30.92,28.01,26.42,20.26,22.77,24.97,26.45,26.15
2008-01-23,35.49,31.59,27.22,21.1,23.63,27.2,32.02,29.31,26.55,25.04,19.06,21.52,23.62,25.02,25.23
2008-01-24,34.06,30.29,26.12,20.39,22.76,26.13,31.16,28.67,25.89,24.38,18.49,20.93,22.99,24.38,24.67
2008-01-25,35.21,31.5,27.55,21.99,24.3,27.53,32.68,30.06,27.27,25.76,19.84,22.24,24.33,25.74,25.78
2008-01-28,33.26,29.89,26.15,21.02,23.1,26.16,31.25,28.71,25.97,24.51,18.83,21.2,23.17,24.51,24.62
2008-01-29,33.87,30.1,26.26,21.18,23.21,26.27,30.8,28.19,25.56,24.15,18.56,20.91,22.84,24.15,24.2
2008-01-30,33.96,30.54,26.78,21.82,23.78,26.83,31.13,28.76,26.09,24.65,18.93,21.35,23.35,24.7,24.55
2008-01-31,31.34,27.84,24.33,19.81,21.57,24.32,30.21,27.28,24.67,23.28,17.79,20.08,21.97,23.25,23.65
2008-02-01,28.11,24.68,21.38,17.58,18.95,21.37,28.8,25.63,23.19,21.88,16.81,18.9,20.66,21.87,22.49
2008-02-04,30.67,27.5,24.23,20.33,21.76,24.25,30.3,27.48,24.97,23.61,18.35,20.55,22.38,23.63,23.57
2008-02-05,33.13,30.16,26.99,22.8,24.39,26.95,33.1,29.79,27.12,25.68,19.92,22.32,24.3,25.63,25.72
2008-02-06,33.22,30.27,27.16,23.17,24.67,27.14,33.92,30.76,28.01,26.5,20.4,22.96,25.06,26.46,26.34
2008-02-07,30.82,28.03,25.16,21.75,22.96,25.14,32.54,29.31,26.74,25.32,19.52,21.98,23.97,25.3,25.4
2008-02-08,30.14,27.47,24.8,21.96,22.87,24.81,33.15,29.9,27.21,25.75,19.96,22.4,24.41,25.76,25.55
2008-02-11,30.15,27.42,24.92,22.54,23.07,24.93,32.23,29.22,26.67,25.24,19.43,21.9,23.92,25.26,25.0
2008-02-12,28.39,25.58,23.13,21.74,21.71,23.13,31.36,28.16,25.67,24.29,18.81,21.09,23.0,24.29,24.36
2008-02-13,23.68,20.49,18.18,17.81,17.78,18.19,29.78,26.55,24.19,22.89,17.86,19.95,21.71,22.92,23.32
2008-02-14,19.55,17.88,14.7,16.65,15.95,14.71,30.21,27.06,24.87,23.64,18.61,20.73,22.47,23.63,23.8
2008-02-15,29.77,26.73,23.44,18.55,20.63,23.43,31.33,27.43,24.89,23.52,18.43,20.46,22.26,23.51,23.75
2008-02-19,29.77,26.65,23.38,18.58,20.6,23.33,30.77,27.07,24.65,23.34,18.35,20.34,22.08,23.28,23.78
2008-02-20,28.2,25.39,22.34,17.9,19.78,22.35,29.67,26.13,23.76,22.49,17.92,19.72,21.35,22.5,22.9
2008-02-21,29.12,26.1,22.92,18.49,20.3,22.89,30.56,26.87,24.37,23.04,18.28,20.12,21.81,23.0,23.55
2008-02-22,27.55,24.7,21.69,17.33,19.16,21.68,29.72,26.0,23.55,22.24,17.5,19.38,21.05,22.22,22.66
2008-02-25,25.9,23.29,20.64,16.96,18.44,20.64,28.55,25.07,22.8,21.56,16.9,18.8,20.43,21.56,22.1
2008-02-26,24.67,22.1,19.53,16.18,17.5,19.53,27.15,23.79,21.62,20.46,16.26,17.92,19.4,20.45,21.36
2008-02-27,25.13,22.69,20.22,16.76,18.17,20.22,28.03,24.7,22.53,21.34,16.82,18.67,20.25,21.34,22.04
2008-02-28,25.72,23.48,21.0,17.43,18.87,21.01,29.0,25.51,23.2,21.95,17.48,19.26,20.84,21.96,22.46
2008-02-29,29.41,26.97,24.28,20.07,21.88,24.28,32.26,28.65,26.12,24.74,19.75,21.7,23.48,24.73,24.78
2008-03-03,28.78,26.48,23.96,20.12,21.72,23.96,31.24,27.9,25.53,24.21,19.59,21.34,23.0,24.2,24.32
2008-03-04,27.57,25.54,23.36,20.03,21.41,23.35,30.16,27.14,24.95,23.69,19.09,20.87,22.52,23.69,24.08
2008-03-05,26.32,24.24,22.09,19.05,20.27,22.08,29.37,26.24,24.08,22.85,18.45,20.13,21.71,22.83,23.36
2008-03-06,29.9,27.66,25.21,21.63,23.07,25.19,32.36,29.09,26.71,25.37,20.57,22.35,24.09,25.33,25.32
2008-03-07,29.01,26.84,24.39,21.0,22.3,24.39,32.38,29.27,26.94,25.58,20.61,22.46,24.29,25.58,25.41
2008-03-10,31.18,29.1,26.83,23.67,24.85,26.82,34.05,30.99,28.69,27.33,21.95,24.08,26.01,27.31,26.61
2008-03-11,26.17,24.22,22.22,19.66,20.6,22.21,31.25,27.89,25.62,24.33,19.38,21.36,23.1,24.3,24.47
2008-03-12,26.86,24.96,22.85,20.23,21.13,22.85,32.13,28.87,26.55,25.22,20.23,22.19,23.97,25.21,25.4
2008-03-13,27.87,25.49,23.33,20.97,21.79,23.34,32.22,28.86,26.55,25.24,20.14,22.22,24.03,25.25,25.38
2008-03-14,46.87,39.67,33.81,28.5,30.12,33.79,37.03,32.97,30.31,28.82,23.31,25.4,27.4,28.8,27.6
2008-03-17,41.47,36.88,32.45,28.95,29.72,32.43,37.4,33.73,31.06,29.53,23.64,25.94,28.06,29.51,27.57
2008-03-18,26.05,22.53,20.22,19.79,19.34,20.21,31.39,27.62,25.21,23.85,18.83,20.78,22.58,23.83,24.01
2008-03-19,18.67,16.85,14.76,15.01,14.92,14.76,35.27,31.43,28.74,27.19,22.05,23.85,25.77,27.19,26.52
2008-03-20,31.76,27.86,23.91,19.36,20.96,23.96,32.96,28.6,25.92,24.55,19.59,21.59,23.37,24.61,24.95
2008-03-24,30.68,26.76,22.78,18.46,19.97,22.77,31.92,27.61,25.02,23.68,18.44,20.62,22.44,23.67,24.16
2008-03-25,30.42,26.8,22.91,18.56,20.09,22.92,31.75,27.47,24.93,23.6,18.44,20.6,22.4,23.63,24.19
2008-03-26,29.85,26.96,23.71,19.28,20.99,23.77,31.95,28.05,25.59,24.3,19.31,21.42,23.18,24.37,24.66
2008-03-27,29.68,26.85,23.52,19.01,20.69,23.49,31.32,27.6,25.25,24.02,19.22,21.2,22.86,23.99,24.77
2008-03-28,29.07,26.52,23.52,19.14,20.85,23.49,30.69,27.39,25.19,24.03,19.54,21.39,22.95,24.01,24.84
2008-03-31,28.86,26.34,23.54,19.2,21.02,23.53,30.35,26.92,24.73,23.57,18.95,20.9,22.49,23.56,24.17
2008-04-01,25.52,22.91,20.24,16.64,18.06,20.24,27.3,24.32,22.37,21.29,16.88,18.71,20.27,21.3,22.09
2008-04-02,26.0,23.34,20.66,16.98,18.41,20.65,28.19,25.14,23.17,22.07,17.5,19.41,21.01,22.05,22.91
2008-04-03,25.66,23.01,20.36,16.9,18.2,20.34,27.72,24.87,22.97,21.9,17.47,19.3,20.86,21.88,22.83
2008-04-04,23.39,21.17,18.85,15.99,16.99,18.85,26.87,24.18,22.36,21.33,17.13,18.86,20.36,21.33,22.18
2008-04-07,24.13,21.69,19.41,16.61,17.67,19.42,26.65,23.93,22.12,21.09,16.83,18.62,20.12,21.1,21.79
2008-04-08,23.57,21.1,18.79,15.94,16.98,18.77,26.72,23.9,22.02,20.96,16.59,18.41,19.93,20.93,21.85
2008-04-09,23.24,20.95,18.72,16.2,16.98,18.7,26.65,24.3,22.56,21.55,17.21,19.05,20.55,21.52,22.39
2008-04-10,22.57,20.12,17.95,15.57,16.3,17.94,25.68,23.41,21.69,20.7,16.54,18.28,19.74,20.69,21.78
2008-04-11,23.98,21.71,19.76,17.69,18.32,19.76,26.96,24.6,22.93,21.98,17.98,19.69,21.08,21.97,22.89
2008-04-14,25.12,22.61,20.81,19.68,19.77,20.8,26.83,24.58,22.92,21.98,18.29,19.82,21.12,21.98,23.05
2008-04-15,23.77,21.93,20.57,19.28,19.57,20.57,26.27,23.72,22.07,21.15,17.48,19.03,20.32,21.16,22.43
2008-04-16,21.52,19.11,17.34,16.93,17.08,17.34,24.64,21.76,19.96,18.9,15.0,16.44,17.88,18.86,20.84
2008-04-17,17.36,16.12,13.81,14.97,14.55,13.82,24.44,21.32,19.59,18.59,15.14,16.39,17.67,18.56,20.62
2008-04-18,24.15,20.82,17.85,14.62,15.78,17.87,25.33,22.18,20.21,19.14,15.23,16.79,18.19,19.17,19.8
2008-04-21,24.26,20.9,18.01,14.81,16.02,18.02,25.75,22.49,20.46,19.36,15.33,16.93,18.36,19.37,20.07
2008-04-22,24.22,21.2,18.36,15.15,16.29,18.34,26.04,22.78,20.77,19.69,15.66,17.27,18.68,19.67,20.55
2008-04-23,23.44,20.57,17.9,14.93,16.01,17.91,25.3,22.32,20.48,19.47,15.73,17.22,18.56,19.49,20.19
2008-04-24,22.95,20.06,17.72,14.94,16.0,17.74,24.78,21.82,19.98,18.98,15.42,16.82,18.1,19.01,19.72
2008-04-25,22.3,19.58,17.27,14.4,15.52,17.29,24.12,21.17,19.36,18.39,14.86,16.26,17.51,18.4,19.17
2008-04-28,22.38,19.66,17.31,14.48,15.59,17.31,23.76,20.9,19.16,18.23,14.89,16.19,17.39,18.23,19.07
2008-04-29,22.93,20.15,17.77,15.18,16.12,17.77,24.72,21.55,19.67,18.67,15.19,16.53,17.78,18.67,19.43
2008-04-30,23.72,21.12,18.72,15.71,16.94,18.73,25.46,22.16,20.2,19.17,15.44,16.92,18.24,19.17,19.79
2008-05-01,20.58,18.09,15.8,13.63,14.32,15.79,23.07,20.1,18.34,17.39,14.16,15.39,16.56,17.39,18.43
2008-05-02,18.6,16.24,14.38,12.86,13.22,14.38,22.61,19.6,17.83,16.89,13.63,14.9,16.06,16.88,18.12
2008-05-05,19.98,17.46,15.59,13.84,14.4,15.59,22.93,20.0,18.27,17.33,13.98,15.31,16.5,17.33,18.51
2008-05-06,18.53,16.33,14.51,13.24,13.43,14.51,22.13,19.3,17.61,16.69,13.53,14.75,15.88,16.68,18.29
2008-05-07,21.5,18.49,16.39,14.71,15.1,16.38,23.78,20.74,18.88,17.88,14.61,15.8,17.01,17.87,19.47
2008-05-08,19.99,17.57,15.6,14.58,14.61,15.62,23.39,20.42,18.66,17.7,14.52,15.74,16.91,17.74,19.14
2008-05-09,19.67,17.0,15.06,13.91,14.08,15.06,23.4,20.38,18.57,17.6,14.44,15.6,16.77,17.6,19.32
2008-05-12,18.97,16.27,14.24,13.24,13.62,14.24,22.53,19.41,17.72,16.79,13.78,14.9,16.01,16.79,18.66
2008-05-13,19.27,16.32,14.04,13.26,13.56,14.04,22.56,19.42,17.63,16.64,13.5,14.64,15.81,16.63,18.59
2008-05-14,18.96,16.54,13.46,13.57,13.53,13.46,22.37,18.9,17.05,16.06,13.15,14.18,15.28,16.06,18.24
2008-05-15,14.0,12.54,9.63,12.21,11.31,9.64,20.7,17.63,15.92,14.99,12.29,13.23,14.26,14.98,17.55
2008-05-16,20.78,17.49,14.8,12.35,13.15,14.8,23.24,19.67,17.65,16.61,13.32,14.48,15.7,16.61,17.78
2008-05-19,20.9,17.91,15.19,12.45,13.4,15.18,23.34,19.8,17.79,16.75,13.43,14.61,15.84,16.74,18.07
2008-05-20,21.42,18.33,15.69,12.95,13.9,15.67,24.45,20.82,18.76,17.68,13.91,15.37,16.71,17.66,18.92
2008-05-21,21.89,19.15,16.76,14.13,15.09,16.76,25.92,22.17,20.02,18.91,15.07,16.53,17.91,18.9,20.15
2008-05-22,21.21,18.4,16.09,13.52,14.48,16.09,24.93,21.39,19.33,18.26,14.57,15.98,17.31,18.26,19.61
2008-05-23,22.76,19.93,17.51,14.9,15.85,17.52,26.14,22.43,20.3,19.2,15.5,16.89,18.24,19.22,20.39
2008-05-27,22.05,19.46,17.19,14.54,15.53,17.19,25.65,22.11,20.04,18.95,14.89,16.54,17.97,18.95,20.16
2008-05-28,21.12,18.73,16.69,14.31,15.19,16.69,24.68,21.29,19.33,18.29,14.47,16.02,17.36,18.29,19.67
2008-05-29,20.0,17.72,15.7,13.43,14.24,15.7,23.28,20.18,18.36,17.38,13.76,15.22,16.51,17.39,18.91
2008-05-30,19.8,17.37,15.24,12.88,13.77,15.24,22.88,19.76,17.96,16.99,13.31,14.82,16.11,16.98,18.65
2008-06-02,21.7,19.37,17.03,14.67,15.44,17.04,24.95,21.54,19.56,18.5,14.58,16.18,17.56,18.5,19.67
2008-06-03,22.18,19.7,17.37,15.0,15.78,17.37,25.44,21.95,19.91,18.83,14.84,16.45,17.85,18.82,20.1
2008-06-04,22.95,20.28,17.76,15.14,16.03,17.76,26.25,22.45,20.29,19.17,15.15,16.75,18.18,19.17,20.38
2008-06-05,20.05,17.64,15.42,13.13,13.89,15.42,23.8,20.4,18.43,17.38,13.93,15.16,16.46,17.37,19.02
2008-06-06,26.53,23.57,20.59,17.36,18.46,20.6,29.6,25.33,22.87,21.59,17.05,18.84,20.45,21.6,22.0
2008-06-09,26.45,23.29,20.38,17.27,18.37,20.38,28.8,24.8,22.39,21.12,16.44,18.34,19.98,21.11,21.75
2008-06-10,25.56,22.67,19.91,17.17,18.04,19.92,28.79,24.83,22.41,21.15,16.87,18.5,20.06,21.16,21.7
2008-06-11,26.16,23.56,21.3,19.05,19.77,21.3,29.66,25.81,23.45,22.21,17.84,19.56,21.1,22.2,22.45
2008-06-12,25.28,22.67,20.3,18.05,18.67,20.3,28.58,24.8,22.54,21.36,17.35,18.88,20.32,21.35,21.86
2008-06-13,21.16,18.58,16.82,15.54,15.79,16.83,26.38,23.09,20.88,19.69,15.8,17.26,18.7,19.71,20.59
2008-06-16,22.86,19.92,17.91,16.9,16.9,17.91,25.5,22.2,20.27,19.23,15.76,17.09,18.36,19.24,20.47
2008-06-17,22.54,19.5,17.22,16.32,16.36,17.21,25.77,22.27,20.34,19.3,16.01,17.22,18.44,19.3,20.58
2008-06-18,20.29,18.53,16.79,16.02,16.31,16.79,26.84,23.55,21.55,20.47,17.11,18.33,19.58,20.48,21.45
2008-06-19,14.84,13.46,10.8,10.56,10.65,10.8,26.2,22.74,20.74,19.66,16.44,17.59,18.81,19.68,20.74
2008-06-20,27.72,24.08,20.77,17.5,18.58,20.77,28.3,24.93,22.56,21.32,16.6,18.54,20.19,21.32,21.66
2008-06-23,26.67,23.56,20.67,17.37,18.54,20.68,27.94,24.59,22.29,21.07,16.5,18.36,19.97,21.08,21.42
2008-06-24,26.39,23.49,20.72,17.25,18.53,20.72,27.82,24.51,22.25,21.04,16.48,18.35,19.95,21.05,21.44
2008-06-25,24.47,21.97,19.33,16.4,17.39,19.34,26.59,23.27,21.2,20.1,15.87,17.62,19.09,20.11,20.65
2008-06-26,27.4,24.72,22.11,18.95,20.08,22.11,29.49,26.09,23.87,22.67,17.94,19.92,21.56,22.67,22.74
2008-06-27,26.45,23.87,21.44,18.57,19.61,21.44,29.17,25.6,23.42,22.24,17.55,19.52,21.15,22.24,22.5
2008-06-30,27.31,24.44,21.94,18.93,20.08,21.93,29.5,25.78,23.51,22.29,17.59,19.53,21.16,22.29,22.39
2008-07-01,26.33,23.67,21.33,18.52,19.53,21.33,29.14,25.48,23.22,22.0,17.36,19.26,20.89,22.0,22.24
2008-07-02,29.6,26.62,24.0,21.22,22.18,24.0,31.54,27.68,25.28,23.99,19.03,21.07,22.8,23.99,23.7
2008-07-03,27.22,24.47,22.1,19.9,20.55,22.1,30.35,26.57,24.28,23.05,18.34,20.27,21.91,23.04,23.1
2008-07-07,28.55,26.09,23.79,21.91,22.37,23.79,30.84,27.23,25.0,23.8,19.15,21.07,22.7,23.81,23.56
2008-07-08,24.28,22.25,20.6,18.96,19.46,20.6,28.06,24.45,22.29,21.14,17.07,18.66,20.12,21.15,21.73
2008-07-09,27.3,25.23,23.42,22.06,22.32,23.41,29.85,26.55,24.48,23.36,19.13,20.83,22.32,23.34,23.46
2008-07-10,27.54,25.51,24.2,22.38,23.06,24.2,30.19,26.91,24.81,23.67,19.23,21.06,22.61,23.67,23.38
2008-07-11,31.5,28.56,26.59,25.25,25.48,26.6,32.31,28.83,26.63,25.43,20.72,22.68,24.32,25.44,24.65
2008-07-14,34.59,31.76,29.88,29.12,28.81,29.88,33.83,29.86,27.46,26.17,21.2,23.25,24.99,26.17,25.11
2008-07-15,33.69,31.52,30.25,30.84,29.83,30.26,33.81,29.88,27.49,26.22,21.66,23.47,25.11,26.26,25.34
2008-07-16,31.71,29.32,28.32,29.57,28.48,28.31,29.74,26.24,24.07,22.91,19.07,20.49,21.93,22.95,23.09
2008-07-17,27.79,27.58,27.29,31.06,29.59,27.23,29.97,26.05,23.72,22.5,18.6,20.02,21.5,22.57,22.66
2008-07-18,28.72,25.01,21.67,17.84,19.24,21.68,28.39,25.57,23.22,21.98,17.25,19.2,20.86,21.99,22.36
2008-07-21,27.08,23.72,20.7,16.96,18.4,20.69,27.74,24.73,22.53,21.37,16.85,18.73,20.3,21.37,21.83
2008-07-22,24.62,21.65,18.81,15.47,16.74,18.84,25.97,22.97,20.93,19.86,15.88,17.52,18.92,19.89,20.5
2008-07-23,24.43,21.46,18.87,15.76,16.93,18.87,25.48,22.84,21.03,20.04,16.03,17.73,19.12,20.05,20.79
2008-07-24,27.08,24.02,21.17,17.49,18.93,21.17,28.15,25.07,22.94,21.81,17.5,19.27,20.78,21.81,22.38
2008-07-25,25.59,22.9,20.41,17.28,18.51,20.44,27.2,24.49,22.49,21.4,17.09,18.93,20.43,21.44,21.94
2008-07-28,27.06,24.52,22.15,19.24,20.34,22.16,28.49,25.66,23.69,22.6,18.23,20.07,21.59,22.61,22.99
2008-07-29,24.42,22.03,19.92,17.35,18.33,19.92,25.96,23.28,21.5,20.53,16.77,18.34,19.65,20.54,21.15
2008-07-30,23.72,21.32,19.11,16.75,17.56,19.11,24.99,22.36,20.65,19.72,16.11,17.58,18.85,19.72,20.34
2008-07-31,26.12,23.41,20.92,17.87,19.07,20.92,27.03,24.21,22.32,21.29,17.25,18.94,20.35,21.3,21.71
2008-08-01,24.36,22.01,19.76,17.31,18.15,19.77,26.73,24.11,22.36,21.4,17.5,19.15,20.51,21.41,21.84
2008-08-04,26.1,23.77,21.48,18.83,19.78,21.48,27.39,24.76,22.94,21.93,18.02,19.62,20.99,21.93,22.35
2008-08-05,23.47,21.11,19.07,16.32,17.49,19.08,24.77,22.22,20.57,19.67,16.2,17.64,18.85,19.68,20.46
2008-08-06,21.48,18.97,17.1,15.39,15.82,17.11,23.84,21.42,19.83,18.95,15.52,16.95,18.15,18.96,20.15
2008-08-07,22.67,19.92,17.73,15.7,16.25,17.72,24.61,22.3,20.74,19.87,16.38,17.84,19.06,19.87,20.99
2008-08-08,20.73,18.21,16.38,15.2,15.35,16.39,24.36,21.78,20.16,19.27,15.93,17.31,18.49,19.29,20.6
2008-08-11,23.01,19.79,17.62,16.64,16.66,17.61,23.92,21.58,20.07,19.24,16.1,17.38,18.49,19.24,20.51
2008-08-12,23.92,20.63,18.45,17.76,17.65,18.44,25.03,22.48,20.89,20.02,16.77,18.08,19.23,20.01,21.29
2008-08-13,24.19,20.65,18.1,17.51,17.65,18.1,25.69,22.83,21.17,20.28,16.99,18.34,19.5,20.29,21.58
2008-08-14,15.95,14.31,11.09,12.59,12.05,11.09,24.04,21.43,19.88,19.04,15.92,17.19,18.29,19.03,20.63
2008-08-15,23.47,20.64,18.31,15.45,16.58,18.31,24.88,22.32,20.56,19.61,15.86,17.44,18.73,19.61,20.37
2008-08-18,24.5,21.77,19.39,16.5,17.61,19.39,26.22,23.38,21.57,20.58,16.72,18.34,19.68,20.6,21.35
2008-08-19,24.63,22.1,19.78,16.88,18.01,19.79,26.22,23.63,21.9,20.94,17.15,18.75,20.07,20.97,21.71
2008-08-20,23.5,21.07,18.84,16.12,17.16,18.86,25.28,22.81,21.14,20.22,16.55,18.11,19.4,20.26,21.11
2008-08-21,22.48,20.24,18.16,15.75,16.65,18.18,24.78,22.28,20.65,19.75,16.22,17.71,18.95,19.79,20.73
2008-08-22,21.25,19.04,17.03,14.69,15.56,17.04,23.99,21.5,19.89,19.01,15.59,17.01,18.21,19.03,20.25
2008-08-25,23.16,21.07,19.07,16.55,17.53,19.09,25.58,23.03,21.38,20.48,16.96,18.43,19.67,20.51,21.44
2008-08-26,22.31,20.3,18.38,15.92,16.88,18.39,25.16,22.69,21.06,20.15,16.56,18.06,19.32,20.17,21.23
2008-08-27,21.53,19.45,17.55,15.24,16.11,17.56,24.36,21.93,20.33,19.45,16.01,17.43,18.65,19.47,20.69
2008-08-28,21.35,19.15,17.14,15.02,15.74,17.16,23.75,21.29,19.72,18.86,15.6,16.94,18.1,18.89,20.15
2008-08-29,22.54,20.3,18.25,15.93,16.76,18.26,25.03,22.5,20.89,20.01,16.64,18.02,19.21,20.03,21.13
2008-09-02,24.33,22.04,19.96,17.5,18.42,19.97,25.77,23.28,21.66,20.77,17.31,18.74,19.97,20.8,21.69
2008-09-03,22.85,20.82,18.99,16.87,17.65,19.0,25.1,22.81,21.29,20.44,17.09,18.48,19.66,20.46,21.45
2008-09-04,26.35,24.09,22.14,20.18,20.79,22.15,27.32,24.92,23.37,22.5,19.06,20.51,21.71,22.52,23.0
2008-09-05,24.66,22.67,20.97,19.27,19.81,20.98,26.42,24.1,22.57,21.72,18.4,19.77,20.95,21.75,22.4
2008-09-08,25.23,23.19,21.45,19.93,20.32,21.46,25.73,23.55,22.09,21.28,18.09,19.41,20.54,21.3,21.86
2008-09-09,29.69,27.11,24.98,22.93,23.53,24.98,28.91,26.37,24.7,23.76,20.04,21.58,22.89,23.76,23.84
2008-09-10,26.96,24.85,23.02,21.35,21.79,23.02,27.81,25.44,23.87,22.99,19.52,20.95,22.18,23.0,23.3
2008-09-11,28.42,26.08,23.95,22.0,22.51,23.95,29.0,26.37,24.65,23.69,19.94,21.48,22.81,23.71,23.7
2008-09-12,30.25,27.52,25.47,24.22,24.38,25.47,29.5,26.79,24.98,23.98,20.12,21.69,23.05,23.99,23.73
2008-09-15,44.1,39.2,35.42,33.33,33.49,35.43,34.55,31.41,29.39,28.27,23.89,25.69,27.24,28.29,26.06
2008-09-16,42.95,38.86,35.64,33.14,33.72,35.65,35.3,31.8,29.6,28.38,23.55,25.58,27.27,28.41,25.84
2008-09-17,43.81,39.86,36.78,35.59,35.29,36.78,41.14,36.34,33.27,31.67,25.97,28.19,30.24,31.68,27.92
2008-09-18,40.19,36.88,36.33,36.34,36.66,36.33,41.2,35.79,32.55,30.86,24.36,27.06,29.31,30.84,27.08
2008-09-19,37.93,33.27,28.72,23.41,25.5,28.76,33.25,30.89,27.88,26.32,20.83,22.97,24.99,26.4,25.75
2008-09-22,40.12,35.04,30.7,25.88,27.7,30.74,35.52,32.84,29.82,28.25,22.52,24.83,26.89,28.32,27.44
2008-09-23,40.14,35.9,31.97,26.95,28.99,32.01,36.35,33.72,30.73,29.17,23.65,25.82,27.84,29.25,28.29
2008-09-24,42.1,37.54,33.5,28.26,30.36,33.49,37.35,34.23,31.39,29.88,24.43,26.51,28.52,29.91,28.81
2008-09-25,38.91,34.99,31.41,26.77,28.66,31.43,35.04,32.44,29.79,28.39,23.12,25.26,27.14,28.43,27.3
2008-09-26,42.81,38.44,34.39,28.84,31.15,34.4,36.81,33.94,31.16,29.68,24.41,26.41,28.38,29.72,28.34
2008-09-29,61.85,56.36,50.6,44.09,46.3,50.64,48.78,44.55,40.91,39.08,33.55,35.3,37.54,39.15,35.58
2008-09-30,48.65,44.19,39.8,33.68,36.22,39.8,40.85,38.11,34.95,33.26,27.59,29.43,31.74,33.29,31.2
2008-10-01,50.6,45.67,40.91,34.87,37.27,40.92,41.73,39.2,36.0,34.24,28.42,30.25,32.66,34.29,32.12
2008-10-02,59.21,53.34,47.84,40.56,43.51,47.83,47.06,44.09,40.44,38.44,31.89,33.89,36.63,38.48,35.37
2008-10-03,54.92,49.17,43.74,36.25,39.35,43.71,46.62,43.35,39.43,37.35,30.19,32.67,35.44,37.35,34.75
2008-10-06,78.1,69.28,61.92,52.18,56.28,61.99,55.8,51.5,46.82,44.3,35.74,38.74,42.06,44.36,38.68
2008-10-07,69.4,62.73,56.89,49.98,52.6,56.9,56.62,51.39,47.07,44.76,36.27,39.59,42.7,44.82,39.1
2008-10-08,75.43,68.48,61.84,53.83,56.86,61.83,57.96,54.78,50.28,47.84,40.27,42.26,45.62,47.88,41.28
2008-10-09,81.77,74.87,69.0,61.9,64.61,68.97,64.09,61.25,56.49,53.9,46.67,47.86,51.51,53.92,45.29
2008-10-10,106.92,96.96,86.76,80.66,82.24,87.22,75.47,72.66,66.43,63.16,55.81,56.96,60.82,63.74,49.26
2008-10-13,87.44,76.0,69.11,65.41,65.87,68.99,59.51,55.06,49.84,47.29,41.13,42.1,45.01,47.16,46.73
2008-10-14,77.72,72.34,67.94,65.58,65.45,67.92,57.39,53.91,49.63,47.42,40.39,42.39,45.47,47.5,43.35
2008-10-15,86.38,79.41,74.7,74.62,72.83,74.77,70.99,66.4,60.0,56.71,47.15,49.92,54.05,56.99,48.85
2008-10-16,71.81,65.4,62.91,67.76,63.43,62.91,70.47,67.25,60.1,56.45,46.23,48.97,53.57,56.83,50.81
2008-10-17,73.06,69.29,57.52,46.42,49.51,57.95,63.61,62.65,55.3,51.6,43.11,44.16,48.82,52.12,49.89
2008-10-20,59.61,53.15,44.2,33.91,37.74,44.06,54.35,50.93,44.99,42.01,33.95,35.53,39.27,41.88,40.71
2008-10-21,60.4,54.48,46.03,35.01,39.39,45.91,54.71,51.45,45.89,42.89,34.23,36.11,40.04,42.74,41.31
2008-10-22,76.16,70.32,59.28,48.83,51.4,59.21,65.19,62.03,55.11,51.49,42.99,43.68,48.25,51.46,48.48
2008-10-23,75.43,69.52,57.97,45.16,48.97,57.8,64.93,61.75,54.8,51.12,41.99,42.89,47.73,51.04,48.6
2008-10-24,84.96,81.51,69.36,54.25,59.32,69.94,73.49,71.81,63.54,59.21,49.26,50.32,55.86,59.77,55.09
2008-10-27,89.39,84.34,70.37,55.37,60.94,71.11,76.04,74.02,65.65,61.31,51.07,52.6,58.18,62.12,55.74
2008-10-28,76.46,69.62,57.7,44.46,49.28,57.74,65.79,62.86,55.26,51.41,41.83,43.34,48.11,51.47,47.9
2008-10-29,79.8,73.84,62.15,49.36,53.57,62.16,69.09,66.47,58.7,54.71,45.0,46.18,51.29,54.83,50.78
2008-10-30,72.66,65.43,55.4,43.12,47.71,55.22,64.44,61.05,54.05,50.43,41.3,42.51,47.13,50.34,47.75
2008-10-31,68.67,61.28,51.42,39.77,44.48,51.56,62.84,59.87,52.76,49.13,39.27,41.55,46.15,49.39,46.77
2008-11-03,64.1,55.2,46.68,36.38,40.46,46.62,59.12,55.24,48.89,45.66,35.84,38.72,42.81,45.68,44.35
2008-11-04,57.98,49.39,41.75,33.48,36.61,41.81,52.49,48.55,42.91,40.04,29.84,33.98,37.62,40.19,39.64
2008-11-05,63.96,54.77,46.87,37.75,41.2,46.74,58.83,54.12,47.84,44.61,34.24,37.55,41.65,44.51,43.52
2008-11-06,75.6,66.89,58.02,47.32,51.58,58.03,66.77,63.21,56.35,52.76,42.57,45.04,49.64,52.86,49.41
2008-11-07,65.27,56.45,48.76,39.6,43.08,48.61,60.98,56.73,50.3,46.99,36.27,39.67,43.91,46.85,45.77
2008-11-10,71.45,61.82,53.47,43.67,47.4,53.41,64.75,59.77,53.08,49.64,38.64,42.16,46.57,49.64,46.91
2008-11-11,72.9,64.4,56.65,47.85,51.08,56.78,66.74,62.46,55.82,52.34,41.13,44.96,49.47,52.61,48.37
2008-11-12,75.73,68.88,62.36,54.13,57.32,62.34,71.31,67.1,60.47,56.92,45.76,48.96,53.72,56.96,52.16
2008-11-13,66.09,60.1,54.6,47.94,50.4,54.65,63.56,59.41,53.64,50.56,39.72,43.78,47.89,50.71,47.03
2008-11-14,74.46,68.19,62.64,57.48,59.0,62.84,70.49,67.1,61.06,57.76,47.1,50.69,55.12,58.16,52.36
2008-11-17,86.43,79.8,73.52,67.88,69.27,73.47,75.43,70.94,64.6,61.17,50.62,53.47,58.04,61.17,53.59
2008-11-18,73.95,68.52,64.66,61.16,62.17,64.57,73.52,68.39,62.77,59.72,50.17,52.41,56.66,59.47,54.19
2008-11-19,85.13,75.18,69.6,67.05,66.97,69.51,81.03,75.66,69.43,66.09,56.12,58.32,62.86,65.9,57.94
2008-11-20,74.92,66.69,62.13,63.4,61.06,62.15,87.61,81.87,75.4,71.91,61.5,64.33,68.91,72.08,61.57
2008-11-21,78.37,73.5,64.86,54.94,58.3,65.21,74.1,71.41,64.71,61.2,52.75,53.66,58.38,61.61,58.37
2008-11-24,72.62,64.17,55.93,46.96,49.6,55.97,67.64,63.64,57.19,53.86,43.82,46.75,51.0,53.96,52.03
2008-11-25,71.17,62.87,55.12,46.09,49.15,55.17,67.96,62.56,56.57,53.46,43.96,46.77,50.77,53.55,51.78
2008-11-26,64.57,56.36,49.09,41.84,43.51,49.14,61.1,56.66,51.24,48.39,39.16,42.15,45.9,48.49,47.95
2008-11-28,64.66,56.99,49.93,43.32,44.23,49.95,61.04,56.83,51.44,48.62,39.73,42.48,46.15,48.69,48.06
2008-12-01,76.59,69.18,61.77,52.19,56.12,61.82,71.25,65.51,59.81,56.76,47.26,50.05,54.09,56.85,54.03
2008-12-02,76.06,68.08,60.45,50.17,54.31,60.5,70.17,64.4,58.74,55.7,46.08,48.94,53.03,55.8,53.71
2008-12-03,73.17,65.21,58.08,48.81,52.51,58.12,67.3,62.99,57.56,54.68,45.08,48.35,52.16,54.77,53.01
2008-12-04,75.7,67.95,60.77,51.48,55.21,60.79,70.54,65.29,59.89,57.0,47.66,50.59,54.45,57.08,55.06
2008-12-05,67.86,60.71,54.24,45.97,49.06,54.25,64.62,60.78,55.65,52.89,44.46,46.71,50.42,52.95,52.4
2008-12-08,66.84,59.19,52.58,46.96,47.5,52.58,64.77,57.57,52.73,50.1,44.21,44.43,47.72,50.15,49.91
2008-12-09,65.82,58.7,52.71,45.34,48.17,52.72,64.69,59.38,54.59,51.99,44.42,46.05,49.63,52.03,51.47
2008-12-10,59.32,52.79,47.7,42.09,44.11,47.7,63.48,57.13,52.34,49.76,42.33,43.9,47.41,49.78,50.17
2008-12-11,57.72,51.59,47.53,43.75,45.03,47.53,60.97,55.9,51.48,49.14,41.07,43.89,47.03,49.16,50.01
2008-12-12,56.93,50.64,46.4,43.81,44.11,46.4,61.62,56.08,51.5,49.12,41.2,43.94,47.01,49.14,49.68
2008-12-15,64.96,58.87,54.66,52.39,52.49,54.66,64.1,58.8,54.31,51.97,44.2,46.85,49.9,52.01,51.39
2008-12-16,51.44,46.88,44.13,42.78,42.93,44.13,59.98,52.61,48.45,46.24,39.67,41.25,44.23,46.25,47.04
2008-12-17,48.31,43.73,41.28,43.63,41.26,41.28,57.05,50.53,46.74,44.71,38.3,40.15,42.87,44.73,46.54
2008-12-18,47.13,42.11,39.87,43.19,39.87,39.87,54.93,48.2,44.55,42.67,36.0,38.67,41.04,42.71,44.97
2008-12-19,50.83,44.42,39.5,33.84,36.07,39.53,53.94,46.67,42.55,40.4,32.8,35.84,38.58,40.5,41.76
2008-12-22,52.3,46.05,40.91,34.99,37.28,40.97,50.77,47.01,42.84,40.66,33.69,36.06,38.85,40.8,42.21
2008-12-23,51.28,45.35,40.36,34.28,36.71,40.43,50.41,46.77,42.56,40.35,32.81,35.59,38.49,40.49,41.85
2008-12-24,50.58,44.66,39.84,33.87,36.22,39.82,50.69,46.53,42.42,40.27,33.09,35.51,38.35,40.3,41.43
2008-12-26,50.08,43.55,38.49,32.78,34.96,38.52,49.55,45.55,41.47,39.33,31.68,34.66,37.48,39.42,40.77
2008-12-29,50.21,43.83,38.64,32.77,34.93,38.57,50.41,45.77,41.61,39.41,31.59,34.53,37.4,39.39,41.51
2008-12-30,46.48,40.64,36.05,31.13,32.89,36.06,47.44,43.2,39.36,37.34,29.62,32.84,35.55,37.4,39.87
2008-12-31,43.31,37.79,33.48,29.02,30.62,33.5,45.68,41.11,37.36,35.39,27.95,31.06,33.67,35.48,37.2
2009-01-02,43.55,36.95,32.58,29.35,30.19,32.62,43.8,39.28,35.57,33.67,26.87,29.65,32.08,33.79,34.83
2009-01-05,44.51,38.31,34.12,31.42,31.89,34.11,45.08,39.76,36.0,34.09,27.28,30.01,32.4,34.1,35.96
2009-01-06,43.03,36.97,33.2,31.03,31.33,33.22,44.78,39.3,35.55,33.67,27.09,29.75,32.09,33.75,34.76
2009-01-07,48.61,41.63,36.89,33.78,34.3,36.88,49.73,44.1,39.66,37.43,29.57,32.72,35.49,37.46,38.04
2009-01-08,45.67,38.79,34.29,31.5,31.88,34.29,49.0,43.18,38.88,36.72,29.06,32.14,34.85,36.78,38.42
2009-01-09,45.3,38.35,33.67,30.53,31.19,33.7,49.14,43.58,39.3,37.15,29.64,32.65,35.33,37.25,38.12
2009-01-12,52.45,44.77,39.57,36.34,36.86,39.55,53.79,47.61,42.8,40.37,31.83,35.23,38.24,40.4,41.36
2009-01-13,48.87,42.13,36.66,33.25,33.7,36.64,52.59,45.82,41.08,38.72,30.65,33.82,36.69,38.76,40.57
2009-01-14,51.14,44.67,40.02,37.16,37.61,40.01,57.31,50.04,44.86,42.31,33.63,37.04,40.12,42.36,43.96
2009-01-15,32.97,25.89,21.98,25.62,22.86,21.98,58.69,50.36,44.63,41.9,33.11,36.47,39.63,41.99,43.6
2009-01-16,55.2,46.27,38.77,30.45,33.71,38.76,54.15,49.53,44.02,41.23,32.47,35.36,38.83,41.29,42.13
2009-01-20,65.18,56.57,47.94,38.13,41.96,47.86,61.67,57.2,50.99,47.86,38.74,41.21,45.09,47.84,47.24
2009-01-21,57.26,47.93,40.5,32.22,35.45,40.56,56.4,51.47,45.78,42.89,33.39,36.85,40.48,43.04,43.47
2009-01-22,58.0,48.42,40.77,32.28,35.6,40.84,56.68,51.5,45.58,42.61,33.07,36.54,40.15,42.75,43.17
2009-01-23,57.02,47.44,39.88,31.43,34.73,39.95,54.9,49.82,44.42,41.67,31.95,35.82,39.35,41.81,42.22
2009-01-26,53.52,44.66,37.72,30.11,33.01,37.77,52.72,47.51,42.28,39.65,30.49,34.17,37.44,39.77,40.58
2009-01-27,49.9,41.62,35.08,28.22,30.74,35.11,50.96,44.99,39.89,37.33,28.66,32.07,35.16,37.41,38.78
2009-01-28,47.41,39.5,33.67,27.96,29.93,33.71,47.42,42.02,37.72,35.52,27.53,30.81,33.63,35.62,36.21
2009-01-29,49.24,41.39,35.55,29.58,31.73,35.58,49.32,43.55,39.2,37.01,29.06,32.33,35.13,37.09,37.44
2009-01-30,53.2,44.87,38.78,32.63,34.83,38.81,51.86,46.07,41.65,39.38,31.01,34.48,37.43,39.48,39.08
2009-02-02,53.05,45.3,39.15,32.55,34.95,39.22,51.85,45.85,41.22,38.86,30.61,33.91,36.86,38.98,38.61
2009-02-03,48.21,40.72,34.91,29.42,31.18,34.94,49.14,42.85,38.4,36.14,28.23,31.39,34.21,36.23,36.49
2009-02-04,49.45,41.72,35.99,30.88,32.43,36.03,50.5,43.76,39.36,37.15,29.45,32.55,35.29,37.25,36.91
2009-02-05,48.21,40.97,35.37,30.03,31.79,35.4,49.52,43.02,38.76,36.62,29.24,32.17,34.81,36.71,36.5
2009-02-06,46.68,40.05,35.42,31.85,32.77,35.47,48.83,42.66,38.6,36.58,29.69,32.4,34.89,36.68,35.9
2009-02-09,48.07,41.54,36.86,33.3,34.17,36.88,49.43,42.94,38.78,36.72,29.91,32.51,34.98,36.78,36.32
2009-02-10,55.32,47.51,41.81,37.59,38.54,41.84,54.0,47.38,43.02,40.84,33.47,36.35,38.99,40.92,39.54
2009-02-11,48.87,41.91,36.8,33.23,33.87,36.81,51.72,44.32,40.21,38.17,31.3,33.95,36.42,38.21,37.86
2009-02-12,47.33,40.57,35.53,32.05,32.63,35.55,52.44,44.73,40.51,38.44,31.43,34.16,36.67,38.49,38.41
2009-02-13,43.81,37.47,32.65,29.27,29.92,32.66,49.42,42.12,38.08,36.05,29.48,31.95,34.36,36.12,36.5
2009-02-17,58.98,52.02,47.03,43.74,44.34,47.04,55.57,47.39,42.96,40.75,33.52,36.25,38.88,40.81,39.5
2009-02-18,49.58,44.1,40.94,42.97,40.64,40.94,55.51,47.15,42.98,40.92,33.87,36.64,39.16,40.97,39.67
2009-02-19,35.89,30.8,28.07,31.34,28.15,28.07,55.23,46.54,42.26,40.16,33.34,35.9,38.37,40.19,39.61
2009-02-20,58.23,48.97,42.34,35.38,38.01,42.4,54.02,47.91,43.09,40.7,32.59,35.8,38.7,40.78,40.8
2009-02-23,61.47,53.34,46.71,38.75,41.94,46.77,57.79,51.68,46.75,44.25,35.7,39.02,42.14,44.35,43.57
2009-02-24,51.19,45.12,39.86,33.45,35.95,39.89,51.29,45.15,41.05,38.94,31.29,34.42,37.13,39.02,38.99
2009-02-25,49.02,43.33,38.23,31.94,34.41,38.25,50.49,44.42,40.38,38.29,30.73,33.81,36.48,38.35,38.59
2009-02-26,51.56,45.81,40.67,34.34,36.78,40.66,52.06,45.72,41.73,39.67,32.21,35.21,37.85,39.7,39.92
2009-02-27,52.64,46.66,41.56,35.52,37.84,41.6,52.45,45.85,41.92,39.86,32.2,35.37,38.06,39.93,39.67
2009-03-02,63.0,55.12,48.86,41.72,44.46,48.89,60.03,52.21,47.6,45.22,36.64,40.13,43.17,45.3,43.97
2009-03-03,57.76,50.65,45.24,39.93,41.74,45.27,57.47,49.78,45.5,43.29,35.31,38.56,41.38,43.35,42.19
2009-03-04,52.87,45.96,40.93,36.07,37.71,40.95,52.06,44.94,41.02,39.0,31.84,34.72,37.26,39.06,38.31
2009-03-05,59.59,52.44,46.98,41.72,43.45,47.0,57.55,49.92,45.84,43.74,36.37,39.31,41.94,43.8,41.8
2009-03-06,61.08,53.79,48.53,44.01,45.34,48.54,58.33,50.93,46.88,44.78,37.29,40.3,42.96,44.83,43.1
2009-03-09,57.78,51.49,47.03,43.12,44.22,47.02,56.19,49.35,45.66,43.75,36.81,39.63,42.07,43.78,41.78
2009-03-10,49.33,44.61,41.24,39.13,39.37,41.24,49.86,44.21,41.04,39.41,33.63,35.91,37.97,39.43,38.06
2009-03-11,47.03,42.77,39.98,38.32,38.53,39.98,48.0,43.12,40.41,39.01,33.97,35.96,37.76,39.02,38.27
2009-03-12,43.49,39.01,36.33,34.83,34.92,36.33,45.99,41.31,38.67,37.29,32.54,34.35,36.08,37.32,36.99
2009-03-13,43.24,38.86,35.98,34.85,34.61,35.98,47.51,42.33,39.53,38.11,33.39,35.14,36.87,38.13,37.72
2009-03-16,50.73,44.62,41.08,39.61,39.56,41.08,49.28,43.2,40.1,38.56,33.64,35.43,37.24,38.58,38.13
2009-03-17,44.81,39.88,37.0,37.66,36.4,37.0,46.65,40.87,37.9,36.45,31.92,33.52,35.21,36.47,37.0
2009-03-18,45.63,41.58,39.93,42.8,40.35,39.93,46.87,40.81,37.68,36.16,31.38,33.08,34.86,36.18,36.56
2009-03-19,36.52,31.11,28.82,32.43,29.38,28.82,49.81,43.25,39.98,38.39,33.42,35.22,37.05,38.42,38.79
2009-03-20,53.95,45.89,40.2,34.41,36.53,40.23,52.49,46.97,42.85,40.81,34.19,36.67,39.12,40.9,41.14
2009-03-23,49.45,42.14,36.88,31.55,33.48,36.89,49.42,42.47,38.83,37.01,31.37,33.25,35.47,37.08,37.59
2009-03-24,47.72,41.96,37.73,33.75,35.09,37.75,49.97,43.13,39.65,37.93,32.92,34.43,36.48,37.99,38.16
2009-03-25,48.97,43.11,38.68,34.41,35.84,38.68,50.37,43.71,40.34,38.69,33.39,35.32,37.32,38.76,38.58
2009-03-26,45.65,40.03,36.01,32.43,33.56,36.01,47.58,41.21,37.95,36.33,31.82,32.99,34.96,36.38,36.78
2009-03-27,45.25,40.02,36.28,32.81,33.96,36.29,48.68,42.34,39.07,37.44,32.46,34.01,36.04,37.49,37.81
2009-03-30,51.4,44.7,40.01,36.14,37.23,40.02,51.82,46.28,42.74,40.96,34.98,37.31,39.47,41.04,40.88
2009-03-31,47.32,41.73,37.66,33.97,35.12,37.65,50.35,43.8,40.44,38.77,33.24,35.27,37.33,38.8,39.47
2009-04-01,46.27,40.82,37.09,33.95,34.89,37.1,49.98,43.55,40.25,38.6,33.06,35.16,37.2,38.66,39.5
2009-04-02,45.43,40.4,37.21,34.68,35.45,37.22,48.21,42.77,39.82,38.32,34.45,35.15,37.02,38.36,38.51
2009-04-03,41.84,37.42,34.54,32.15,32.88,34.55,46.7,41.5,38.62,37.16,33.09,34.07,35.89,37.2,38.13
2009-04-06,42.07,37.48,34.39,32.1,32.64,34.39,47.21,41.92,39.14,37.74,33.64,34.81,36.54,37.79,38.41
2009-04-07,41.34,36.78,33.67,31.39,31.84,33.67,46.76,41.45,38.76,37.4,32.66,34.49,36.22,37.44,38.72
2009-04-08,37.64,33.78,31.17,29.77,29.83,31.16,44.99,40.08,37.47,36.15,31.69,33.36,35.0,36.18,37.57
2009-04-09,34.46,30.99,28.88,28.1,27.98,28.88,41.35,37.56,35.64,34.72,32.47,32.91,33.97,34.75,36.26
2009-04-13,41.09,37.09,34.64,34.03,33.85,34.64,42.12,38.0,35.81,34.69,31.9,32.33,33.72,34.72,35.88
2009-04-14,40.15,36.18,33.92,34.36,33.37,33.91,41.7,37.74,35.76,34.79,31.73,32.69,33.94,34.81,36.03
2009-04-15,35.59,31.98,30.3,31.11,29.95,30.3,41.4,37.08,34.92,33.87,30.73,31.72,32.97,33.89,35.78
2009-04-16,26.42,22.58,20.2,21.22,20.72,20.21,39.38,34.72,32.57,31.58,29.12,29.62,30.76,31.61,34.02
2009-04-17,37.81,33.25,30.27,28.1,28.47,30.3,40.63,36.11,33.59,32.26,29.19,29.42,31.11,32.33,32.92
2009-04-20,44.13,38.91,35.13,31.34,32.65,35.15,44.88,39.85,37.09,35.65,31.36,32.56,34.42,35.72,35.69
2009-04-21,42.03,36.95,33.14,28.78,30.46,33.16,43.15,38.2,35.38,33.9,29.47,30.68,32.62,33.97,34.14
2009-04-22,41.61,36.57,32.83,28.82,30.23,32.85,43.01,37.94,35.13,33.65,29.55,30.45,32.39,33.73,33.84
2009-04-23,42.49,37.4,33.59,29.13,30.9,33.62,43.95,38.7,35.82,34.32,29.79,31.1,33.04,34.4,34.56
2009-04-24,41.13,35.96,32.15,28.61,29.58,32.18,43.29,37.96,35.01,33.49,29.81,30.24,32.18,33.56,33.84
2009-04-27,43.92,38.56,34.54,30.22,31.78,34.57,45.01,39.32,36.28,34.73,30.51,31.43,33.4,34.8,35.03
2009-04-28,43.25,37.92,33.87,29.49,31.11,33.9,44.3,38.64,35.57,34.0,29.52,30.65,32.66,34.08,34.45
2009-04-29,40.79,35.73,32.1,28.46,29.71,32.12,42.65,37.15,34.18,32.65,28.67,29.37,31.34,32.72,33.1
2009-04-30,40.23,34.97,31.55,28.62,29.53,31.58,42.8,37.41,34.42,32.87,28.9,29.5,31.53,32.95,33.21
2009-05-01,39.28,34.45,31.01,27.68,28.81,31.03,42.31,36.98,34.03,32.49,28.33,29.16,31.17,32.57,33.06
2009-05-04,39.77,34.34,31.0,28.91,29.05,31.02,40.85,35.42,32.52,31.05,28.38,28.4,29.78,31.11,31.6
2009-05-05,36.74,32.76,30.04,28.19,28.4,30.05,39.91,34.81,32.1,30.71,28.15,28.16,29.51,30.77,31.47
2009-05-06,35.68,31.77,29.2,27.87,27.96,29.21,38.51,33.73,31.12,29.78,27.7,27.7,28.61,29.84,30.47
2009-05-07,36.75,32.98,30.56,28.99,29.22,30.57,39.98,35.16,32.5,31.12,28.62,28.62,29.92,31.18,31.4
2009-05-08,33.44,29.85,27.76,27.36,27.36,27.76,36.96,32.51,30.09,28.84,27.47,27.47,27.85,28.89,29.47
2009-05-11,38.3,33.57,30.5,28.73,28.99,30.5,37.88,33.37,30.91,29.65,27.49,27.49,28.52,29.68,30.15
2009-05-12,33.78,29.12,26.8,25.43,25.65,26.8,36.69,32.32,29.95,28.74,26.61,26.61,27.66,28.77,29.58
2009-05-13,35.78,30.77,28.18,28.05,27.37,28.19,38.5,33.95,31.53,30.32,27.1,27.71,29.26,30.35,30.86
2009-05-14,28.57,23.32,20.33,22.39,21.11,20.33,36.16,31.74,29.44,28.28,25.34,25.79,27.27,28.31,29.29
2009-05-15,37.83,32.87,29.28,26.18,26.89,29.31,38.54,33.56,30.85,29.45,25.54,26.42,28.24,29.51,29.95
2009-05-18,34.79,30.13,26.86,24.54,24.76,26.88,36.18,31.27,28.68,27.37,24.29,24.58,26.24,27.42,28.2
2009-05-19,32.25,28.05,25.14,23.36,23.48,25.16,34.47,29.82,27.34,26.08,23.37,23.56,25.0,26.13,27.03
2009-05-20,32.63,28.46,25.62,23.67,23.93,25.63,34.97,30.12,27.65,26.43,23.52,23.88,25.39,26.47,27.27
2009-05-21,37.65,32.05,28.33,25.27,26.1,28.36,38.95,33.12,30.17,28.7,24.47,25.6,27.45,28.76,29.29
2009-05-22,37.77,31.56,27.33,23.67,24.65,27.35,38.23,32.47,29.57,28.12,24.12,25.04,26.88,28.17,28.96
2009-05-26,36.86,30.63,26.35,23.15,23.7,26.37,37.04,31.29,28.34,26.87,23.3,23.82,25.61,26.92,27.86
2009-05-27,37.95,31.87,27.52,23.43,24.68,27.54,37.92,32.12,29.14,27.65,23.29,24.45,26.37,27.71,28.54
2009-05-28,37.63,31.44,27.11,23.65,24.39,27.13,38.07,32.01,28.96,27.45,23.63,24.29,26.16,27.5,28.43
2009-05-29,36.08,29.81,25.67,22.51,23.11,25.69,36.57,30.84,27.91,26.47,22.9,23.46,25.23,26.51,27.66
2009-06-01,33.49,28.13,25.26,24.76,24.76,25.27,34.9,29.58,26.84,25.48,23.85,23.85,24.38,25.52,26.51
2009-06-02,32.52,27.77,25.17,24.68,24.68,25.18,34.84,29.66,26.98,25.66,24.1,24.1,24.61,25.69,26.63
2009-06-03,34.43,29.34,26.47,25.11,25.15,26.48,37.42,31.98,29.14,27.73,25.1,25.1,26.51,27.77,28.56
2009-06-04,32.15,27.94,25.44,24.74,24.74,25.44,35.53,30.45,27.82,26.53,24.77,24.77,25.44,26.56,27.7
2009-06-05,30.54,26.68,24.23,23.42,23.42,24.23,35.14,30.19,27.56,26.25,24.36,24.36,25.12,26.28,27.6
2009-06-08,30.02,26.28,24.08,23.56,23.56,24.08,34.44,29.67,27.16,25.91,24.3,24.3,24.88,25.93,27.52
2009-06-09,27.55,24.41,22.45,21.92,21.92,22.45,32.93,28.38,26.01,24.83,23.15,23.15,23.83,24.85,26.68
2009-06-10,28.58,25.14,22.78,21.67,21.75,22.79,34.21,29.27,26.76,25.51,23.29,23.37,24.44,25.53,27.21
2009-06-11,28.16,24.38,22.35,21.99,21.99,22.35,32.71,27.91,25.56,24.4,23.01,23.01,23.45,24.42,25.79
2009-06-12,26.69,22.65,20.79,20.5,20.5,20.79,33.11,27.63,25.15,24.0,22.74,22.74,23.08,24.02,25.63
2009-06-15,35.5,29.95,27.23,26.28,26.33,27.23,37.07,31.04,28.17,26.8,24.06,24.29,25.64,26.82,27.43
2009-06-16,37.19,30.79,27.82,27.39,26.81,27.82,38.17,31.72,28.71,27.27,23.97,24.41,26.05,27.3,27.9
2009-06-17,31.97,26.96,24.38,25.42,24.13,24.38,37.22,30.95,28.03,26.65,23.2,23.92,25.49,26.67,27.98
2009-06-18,22.79,20.13,17.05,18.82,18.18,17.05,35.06,29.07,26.31,25.01,21.96,22.5,23.92,25.03,27.06
2009-06-19,32.86,27.32,23.41,20.44,20.97,23.43,36.02,30.05,27.01,25.5,20.51,22.35,24.23,25.57,26.28
2009-06-22,35.82,30.69,26.85,22.82,24.3,26.86,38.51,32.34,29.18,27.61,22.2,24.34,26.28,27.67,28.25
2009-06-23,34.83,30.2,26.64,22.78,24.23,26.66,37.79,32.01,28.96,27.42,22.04,24.19,26.12,27.49,27.93
2009-06-24,33.6,28.92,25.4,21.94,23.14,25.41,36.69,31.07,28.08,26.58,21.3,23.41,25.3,26.63,27.25
2009-06-25,30.59,26.21,23.02,20.07,20.95,23.03,33.93,28.78,26.01,24.64,19.84,21.73,23.46,24.69,25.63
2009-06-26,29.22,24.95,21.9,18.97,19.91,21.91,33.0,27.94,25.27,23.97,19.44,21.24,22.86,24.02,25.17
2009-06-29,28.62,24.24,21.24,18.83,19.46,21.25,31.57,26.7,24.14,22.85,18.36,20.15,21.76,22.9,24.19
2009-06-30,29.45,25.03,21.97,19.27,20.14,21.98,32.78,27.71,25.06,23.74,19.1,20.97,22.62,23.79,24.99
2009-07-01,28.84,24.6,21.74,19.37,20.05,21.74,32.15,27.36,24.79,23.51,19.02,20.8,22.4,23.55,24.85
2009-07-02,30.63,26.64,23.74,21.3,22.07,23.75,34.23,29.3,26.59,25.25,20.7,22.45,24.11,25.3,26.52
2009-07-06,33.45,29.24,26.28,24.39,24.75,26.29,35.62,30.38,27.62,26.26,21.59,23.42,25.11,26.31,27.14
2009-07-07,33.69,29.58,26.75,24.97,25.29,26.76,35.99,30.91,28.18,26.83,22.26,24.04,25.69,26.88,27.72
2009-07-08,35.72,31.76,28.86,27.17,27.36,28.86,37.89,32.69,29.93,28.55,23.74,25.66,27.38,28.6,28.88
2009-07-09,31.02,27.57,25.14,24.02,24.03,25.14,35.22,30.56,28.0,26.71,22.27,24.0,25.61,26.75,27.84
2009-07-10,28.97,25.72,23.65,22.85,22.75,23.65,34.7,30.07,27.58,26.34,22.14,23.75,25.27,26.37,27.99
2009-07-13,30.63,27.09,25.2,24.61,24.4,25.2,32.63,28.33,26.0,24.81,20.76,22.32,23.78,24.84,26.58
2009-07-14,28.3,25.38,23.5,23.49,22.86,23.5,31.88,27.57,25.32,24.19,20.27,21.81,23.21,24.21,26.16
2009-07-15,25.95,22.17,20.24,23.0,20.53,20.24,31.23,26.82,24.58,23.5,20.23,21.39,22.6,23.53,25.44
2009-07-16,19.11,18.19,16.59,18.92,18.08,16.59,29.88,25.64,23.55,22.56,19.62,20.65,21.74,22.58,24.78
2009-07-17,29.05,25.07,22.11,19.37,20.28,22.13,32.31,27.57,25.07,23.85,19.82,21.32,22.82,23.9,24.91
2009-07-20,28.25,24.57,21.88,19.4,20.23,21.9,31.35,26.83,24.46,23.31,19.65,20.95,22.34,23.35,24.36
2009-07-21,27.14,23.96,21.69,19.73,20.34,21.71,30.94,26.63,24.41,23.33,19.97,21.12,22.43,23.38,24.5
2009-07-22,26.1,23.23,21.19,19.41,19.94,21.2,30.0,25.97,23.88,22.85,19.67,20.74,21.98,22.89,23.99
2009-07-23,25.76,22.95,21.09,19.73,19.95,21.11,28.91,25.17,23.26,22.31,19.9,20.31,21.49,22.34,23.34
2009-07-24,25.17,22.38,20.61,19.31,19.54,20.62,28.49,24.85,23.01,22.1,19.74,20.18,21.31,22.13,23.4
2009-07-27,26.06,23.3,21.53,20.3,20.49,21.54,29.44,25.48,23.54,22.6,20.31,20.67,21.8,22.63,23.84
2009-07-28,26.88,23.68,21.78,20.62,20.81,21.79,30.75,26.32,24.21,23.21,20.78,21.2,22.37,23.24,24.6
2009-07-29,28.03,24.48,22.3,20.71,21.07,22.31,31.77,27.02,24.76,23.68,20.94,21.53,22.79,23.72,25.24
2009-07-30,26.27,23.32,21.47,20.58,20.64,21.48,30.16,25.84,23.81,22.83,21.25,21.27,22.01,22.86,24.3
2009-07-31,26.69,23.71,21.87,20.93,21.0,21.88,30.32,25.98,23.97,23.02,21.13,21.23,22.24,23.05,24.42
2009-08-03,27.37,24.43,22.53,21.63,21.66,22.53,30.23,26.02,24.02,23.05,21.41,21.45,22.24,23.08,24.39
2009-08-04,26.45,23.73,22.02,21.26,21.3,22.02,29.73,25.55,23.63,22.73,21.22,21.27,22.0,22.76,24.02
2009-08-05,25.83,22.91,21.21,20.63,20.65,21.21,29.09,25.04,23.13,22.22,20.7,20.73,21.46,22.24,23.7
2009-08-06,26.66,23.71,21.89,20.95,21.05,21.89,30.17,26.04,24.07,23.12,21.33,21.43,22.32,23.14,24.5
2009-08-07,25.27,22.57,20.85,20.34,20.34,20.85,28.77,24.91,23.05,22.15,20.86,20.86,21.39,22.16,23.45
2009-08-10,26.19,23.07,21.08,20.26,20.27,21.09,29.32,25.29,23.4,22.51,21.02,21.04,21.77,22.53,23.95
2009-08-11,26.21,22.89,20.88,19.95,20.08,20.89,30.23,25.89,23.83,22.86,20.96,21.13,22.06,22.88,24.51
2009-08-12,25.35,21.46,19.56,19.08,19.08,19.56,29.52,25.11,23.06,22.09,20.67,20.67,21.29,22.11,24.02
2009-08-13,25.1,21.18,19.31,18.81,18.81,19.31,29.12,24.85,22.87,21.92,20.46,20.46,21.14,21.94,24.05
2009-08-14,25.87,21.8,19.77,18.62,18.82,19.77,29.56,25.13,23.07,22.09,20.05,20.28,21.28,22.11,24.24
2009-08-17,31.71,26.86,24.3,23.01,23.08,24.3,32.49,27.66,25.39,24.32,21.66,22.27,23.43,24.34,26.0
2009-08-18,26.61,22.67,20.24,19.78,19.52,20.24,30.93,26.12,23.92,22.89,20.47,20.96,22.05,22.91,25.15
2009-08-19,25.55,21.43,18.97,18.75,18.65,18.97,31.07,26.01,23.71,22.62,20.14,20.57,21.74,22.64,24.96
2009-08-20,17.39,15.59,12.04,12.52,12.35,12.04,29.13,23.99,21.81,20.79,18.97,19.03,20.0,20.8,24.09
2009-08-21,28.75,23.89,20.85,18.75,19.22,20.85,31.3,26.18,23.64,22.47,18.83,20.16,21.49,22.49,23.67
2009-08-24,28.32,23.76,20.86,18.85,19.3,20.87,31.82,26.7,24.15,22.95,19.2,20.57,21.94,22.97,24.23
2009-08-25,27.16,23.18,20.78,19.39,19.61,20.79,31.39,26.46,24.08,22.95,19.44,20.74,22.02,22.98,24.18
2009-08-26,26.75,22.98,20.56,19.11,19.34,20.57,31.33,26.51,24.17,23.07,19.65,20.91,22.16,23.1,24.64
2009-08-27,26.04,22.31,20.03,18.73,18.94,20.04,31.2,26.29,23.97,22.88,19.49,20.72,21.97,22.9,24.5
2009-08-28,25.47,22.1,19.97,18.64,18.92,19.97,31.25,26.37,24.05,22.96,19.78,20.87,22.06,22.98,24.47
2009-08-31,26.59,22.82,20.48,19.09,19.36,20.48,32.23,27.19,24.79,23.65,20.1,21.4,22.7,23.67,25.32
2009-09-01,32.63,27.15,24.04,22.08,22.49,24.05,35.0,29.56,26.92,25.69,21.93,23.28,24.67,25.72,26.68
2009-09-02,31.51,26.36,23.2,20.98,21.55,23.2,35.1,29.59,26.97,25.73,21.96,23.3,24.7,25.76,26.79
2009-09-03,28.23,23.92,21.11,19.32,19.7,21.11,32.65,27.63,25.25,24.1,20.53,21.83,23.14,24.12,25.89
2009-09-04,25.16,21.39,18.84,17.37,17.6,18.85,30.75,25.93,23.62,22.52,19.24,20.4,21.62,22.55,24.59
2009-09-08,24.92,21.01,18.66,17.57,17.64,18.66,30.57,25.68,23.34,22.24,18.99,20.12,21.32,22.25,24.46
2009-09-09,23.29,19.59,17.56,16.71,16.64,17.57,29.1,24.34,22.1,21.04,18.02,19.05,20.18,21.06,23.62
2009-09-10,22.05,18.44,16.56,16.21,15.83,16.57,28.0,23.5,21.42,20.43,17.64,18.59,19.65,20.46,22.81
2009-09-11,21.68,18.56,16.75,16.61,16.08,16.75,28.57,24.05,21.93,20.94,18.27,19.13,20.16,20.96,22.94
2009-09-14,23.11,19.45,17.59,17.81,17.12,17.59,28.22,23.59,21.58,20.64,18.24,18.98,19.93,20.66,22.86
2009-09-15,22.13,18.97,17.1,17.29,16.72,17.1,27.55,23.31,21.33,20.38,17.92,18.69,19.66,20.41,22.39
2009-09-16,23.87,20.94,18.48,18.07,18.22,18.48,27.47,23.32,21.44,20.55,18.34,19.0,19.87,20.56,22.28
2009-09-17,17.94,16.21,12.82,15.37,14.47,12.84,27.07,23.04,21.27,20.42,18.58,19.0,19.78,20.42,22.49
2009-09-18,27.1,23.23,20.72,18.91,19.33,20.75,29.6,25.66,23.34,22.24,18.86,20.07,21.35,22.3,22.62
2009-09-21,26.92,23.0,20.45,18.41,18.96,20.46,29.99,25.72,23.41,22.31,18.86,20.12,21.4,22.34,22.83
2009-09-22,25.53,21.87,19.47,17.73,18.18,19.47,28.98,24.79,22.59,21.55,18.34,19.49,20.68,21.58,22.47
2009-09-23,25.73,22.18,19.79,17.88,18.43,19.78,29.5,25.11,22.89,21.83,18.55,19.73,20.94,21.84,22.25
2009-09-24,27.74,23.87,21.16,18.82,19.53,21.18,30.92,26.48,24.05,22.89,19.22,20.59,21.94,22.95,23.66
2009-09-25,28.1,23.94,21.17,18.79,19.55,21.18,30.83,26.26,23.79,22.62,18.94,20.29,21.65,22.66,23.47
2009-09-28,27.96,23.82,20.83,18.23,19.05,20.83,30.55,25.7,23.2,22.01,18.34,19.67,21.02,22.04,22.82
2009-09-29,28.08,23.8,20.74,18.3,19.01,20.75,30.63,25.66,23.17,21.98,18.3,19.66,21.0,22.02,22.7
2009-09-30,29.38,25.03,21.93,19.42,20.18,21.94,31.43,26.5,23.93,22.7,18.78,20.24,21.67,22.73,23.14
2009-10-01,32.27,27.36,24.0,21.17,22.05,24.01,33.52,28.37,25.64,24.33,20.08,21.69,23.24,24.37,24.37
2009-10-02,32.89,27.85,24.43,21.49,22.43,24.44,34.14,29.03,26.21,24.88,20.6,22.2,23.76,24.91,24.9
2009-10-05,29.7,25.36,22.19,19.74,20.41,22.19,32.36,27.25,24.66,23.4,19.4,20.88,22.34,23.43,23.74
2009-10-06,27.2,23.48,20.8,18.94,19.4,20.8,30.75,25.86,23.44,22.27,18.61,19.95,21.29,22.3,22.86
2009-10-07,25.89,22.27,19.84,18.3,18.62,19.84,29.73,25.23,22.93,21.82,18.42,19.63,20.89,21.85,22.75
2009-10-08,24.81,21.15,19.1,18.14,18.14,19.1,28.92,24.69,22.56,21.54,18.5,19.56,20.69,21.56,22.49
2009-10-09,21.13,18.2,16.24,15.7,15.41,16.24,27.71,23.54,21.49,20.51,17.64,18.63,19.7,20.53,21.77
2009-10-12,26.37,22.27,19.87,19.63,19.07,19.87,28.18,23.82,21.77,20.81,18.11,19.03,20.04,20.83,21.85
2009-10-13,27.06,21.94,19.18,19.83,18.89,19.18,27.6,23.34,21.32,20.36,17.87,18.64,19.61,20.38,21.65
2009-10-14,24.33,20.58,18.74,20.67,19.31,18.74,27.22,22.95,21.0,20.08,17.69,18.43,19.36,20.1,21.34
2009-10-15,19.78,18.77,16.99,18.53,17.97,16.99,26.36,22.12,20.2,19.3,17.17,17.74,18.61,19.31,20.95
2009-10-16,25.64,21.56,18.87,16.99,17.42,18.88,28.03,23.49,21.24,20.2,17.27,18.25,19.36,20.23,20.84
2009-10-19,25.22,21.2,18.56,16.46,17.06,18.57,27.88,23.12,20.89,19.85,16.95,17.91,19.01,19.88,20.57
2009-10-20,24.76,21.08,18.71,16.96,17.39,18.72,27.74,23.18,21.04,20.03,17.18,18.14,19.22,20.06,20.72
2009-10-21,24.32,20.7,18.34,16.57,17.03,18.35,27.47,22.95,20.8,19.8,16.94,17.91,18.98,19.83,20.46
2009-10-22,23.34,20.13,17.94,16.13,16.68,17.95,26.67,22.49,20.41,19.41,16.56,17.52,18.59,19.44,20.14
2009-10-23,25.68,21.88,19.39,17.36,17.96,19.41,27.96,23.66,21.53,20.51,17.45,18.53,19.67,20.54,21.09
2009-10-26,28.87,24.45,21.48,19.11,19.8,21.5,30.05,25.3,22.97,21.86,18.62,19.74,20.95,21.89,22.14
2009-10-27,29.0,24.3,21.17,18.56,19.36,21.19,30.09,25.12,22.75,21.62,18.27,19.44,20.69,21.65,21.97
2009-10-28,32.51,27.11,23.4,20.35,21.27,23.42,32.73,27.37,24.65,23.38,19.47,20.9,22.34,23.42,23.45
2009-10-29,29.51,24.43,20.99,17.96,18.95,21.0,30.7,25.53,23.02,21.82,18.1,19.45,20.81,21.85,22.24
2009-10-30,41.04,32.49,26.78,22.1,23.58,26.8,36.56,30.6,27.16,25.59,20.85,22.53,24.29,25.63,25.18
2009-11-02,38.98,30.99,25.73,21.23,22.76,25.77,36.79,30.41,26.94,25.34,20.41,22.21,24.03,25.39,25.15
2009-11-03,35.89,29.04,24.27,19.95,21.44,24.3,35.43,29.4,26.19,24.69,19.89,21.69,23.43,24.73,24.97
2009-11-04,32.01,26.6,22.8,19.51,20.61,22.82,33.49,27.89,25.05,23.7,19.47,21.02,22.56,23.73,24.2
2009-11-05,29.21,24.66,21.23,18.14,19.17,21.25,31.68,26.29,23.65,22.39,18.47,19.9,21.33,22.41,23.26
2009-11-06,26.65,22.6,19.54,17.06,17.8,19.55,30.12,25.05,22.58,21.39,17.73,19.06,20.4,21.42,22.58
2009-11-09,24.92,21.45,18.9,17.33,17.61,18.9,27.88,23.41,21.21,20.15,17.14,18.16,19.3,20.18,21.45
2009-11-10,23.79,20.18,18.06,17.01,17.08,18.06,27.56,23.08,21.01,20.05,17.53,18.32,19.29,20.07,21.55
2009-11-11,22.86,19.39,17.48,16.82,16.66,17.48,27.29,22.93,20.93,20.0,17.73,18.38,19.28,20.02,21.71
2009-11-12,24.21,20.63,18.59,17.89,17.7,18.59,28.86,24.3,22.16,21.19,18.81,19.48,20.42,21.2,22.82
2009-11-13,22.84,18.87,16.58,15.98,15.67,16.58,28.04,23.53,21.45,20.48,18.15,18.8,19.74,20.5,22.48
2009-11-16,23.26,19.69,17.42,17.4,16.75,17.42,27.28,23.05,21.12,20.21,18.04,18.62,19.51,20.22,22.11
2009-11-17,21.01,17.5,15.32,15.23,15.16,15.32,26.61,22.31,20.43,19.52,17.39,17.96,18.84,19.53,21.91
2009-11-18,19.22,17.01,14.84,15.37,15.18,14.84,25.99,21.95,20.15,19.26,17.09,17.72,18.6,19.28,21.76
2009-11-19,17.45,15.52,11.68,14.57,13.56,11.68,27.23,22.76,20.71,19.7,17.27,17.94,18.93,19.71,22.09
2009-11-20,26.39,21.39,18.45,16.44,16.95,18.46,28.6,23.43,21.1,20.0,16.65,17.89,19.1,20.03,21.48
2009-11-23,24.07,19.9,17.21,15.47,15.87,17.22,26.74,22.13,19.96,18.94,16.07,17.05,18.11,18.96,20.71
2009-11-24,23.05,19.08,16.57,15.13,15.39,16.58,25.88,21.62,19.54,18.57,15.86,16.76,17.78,18.59,20.46
2009-11-25,22.98,19.03,16.68,15.51,15.66,16.69,25.65,21.45,19.44,18.5,15.93,16.79,17.75,18.52,20.43
2009-11-27,30.05,24.4,21.0,18.62,19.27,21.02,29.79,24.73,22.34,21.22,18.08,19.15,20.33,21.26,22.42
2009-11-30,29.27,23.74,20.32,17.95,18.58,20.33,29.98,24.6,22.16,21.04,17.9,18.96,20.12,21.06,22.61
2009-12-01,24.66,20.42,17.82,16.26,16.6,17.83,27.24,22.62,20.42,19.39,16.59,17.51,18.57,19.41,21.42
2009-12-02,23.2,19.44,16.92,15.51,15.75,16.92,26.19,22.03,20.01,19.06,16.45,17.31,18.3,19.08,21.34
2009-12-03,22.94,19.55,17.29,16.34,16.35,17.29,26.82,22.45,20.36,19.38,16.75,17.6,18.6,19.4,21.56
2009-12-04,23.29,19.48,17.13,16.38,16.25,17.13,26.84,22.45,20.39,19.42,16.86,17.67,18.66,19.44,21.56
2009-12-07,23.72,19.67,17.38,16.68,16.52,17.38,26.81,22.59,20.6,19.68,17.33,18.03,18.95,19.69,21.85
2009-12-08,26.6,21.82,18.82,17.35,17.51,18.82,28.61,23.78,21.51,20.46,17.73,18.57,19.62,20.47,22.49
2009-12-09,24.95,20.21,17.59,16.33,16.43,17.59,28.09,23.21,20.91,19.84,17.01,17.89,18.99,19.85,22.25
2009-12-10,23.61,18.86,16.51,15.72,15.56,16.51,27.44,22.5,20.22,19.14,16.43,17.25,18.32,19.16,21.92
2009-12-11,21.08,17.28,14.93,14.24,14.06,14.93,26.17,21.51,19.35,18.31,15.63,16.47,17.52,18.32,21.51
2009-12-14,21.25,17.5,15.21,15.26,14.86,15.21,25.29,20.83,18.86,17.86,15.31,16.12,17.12,17.87,21.32
2009-12-15,22.43,18.08,15.48,15.69,15.37,15.48,26.16,21.35,19.25,18.21,15.68,16.43,17.44,18.22,21.55
2009-12-16,21.85,17.82,14.28,14.09,14.16,14.28,25.52,20.83,18.76,17.73,15.32,16.01,16.99,17.74,20.94
2009-12-17,18.99,16.58,11.56,13.51,12.81,11.56,27.37,22.04,19.75,18.63,15.94,16.75,17.81,18.63,21.42
2009-12-18,27.0,21.59,18.18,15.67,16.37,18.19,28.72,24.02,21.47,20.26,16.49,17.89,19.27,20.3,21.4
2009-12-21,24.02,19.41,16.26,14.22,14.68,16.27,27.3,22.44,20.05,18.91,15.51,16.72,17.98,18.95,20.39
2009-12-22,22.86,18.26,15.29,13.48,13.85,15.3,26.14,21.52,19.21,18.1,14.8,15.98,17.19,18.13,19.78
2009-12-23,22.72,18.13,15.24,13.49,13.86,15.24,25.93,21.26,19.03,17.97,14.87,15.96,17.1,17.99,19.62
2009-12-24,22.06,17.54,14.88,13.56,13.73,14.89,25.42,20.94,18.75,17.72,14.8,15.79,16.88,17.74,19.35
2009-12-28,22.68,18.18,15.39,14.03,14.18,15.39,25.6,21.06,18.89,17.87,15.06,15.99,17.06,17.89,19.5
2009-12-29,21.66,17.64,15.05,13.79,13.92,15.05,25.03,20.66,18.56,17.57,14.87,15.74,16.78,17.59,19.4
2009-12-30,22.18,17.91,15.19,13.89,14.0,15.19,25.55,21.06,18.88,17.85,15.03,15.95,17.03,17.87,19.75
2009-12-31,23.53,18.51,15.56,14.11,14.25,15.56,26.5,21.56,19.25,18.18,15.2,16.2,17.32,18.2,20.15
2010-01-04,22.48,17.76,15.31,14.43,14.29,15.31,25.43,20.71,18.5,17.47,14.71,15.6,16.67,17.49,19.67
2010-01-05,20.26,16.38,14.37,14.11,13.62,14.37,24.66,20.06,17.96,16.96,14.37,15.2,16.21,16.99,19.26
2010-01-06,19.01,15.84,13.99,14.19,13.48,13.99,23.57,19.21,17.31,16.41,14.31,14.89,15.75,16.42,18.62
2010-01-07,19.56,16.35,14.44,14.33,13.83,14.44,23.34,18.96,17.09,16.19,14.11,14.69,15.54,16.21,18.31
2010-01-08,18.06,14.89,12.97,13.06,12.53,12.97,22.14,18.3,16.69,15.91,14.23,14.63,15.35,15.92,18.06
2010-01-11,19.82,16.12,13.86,13.27,13.48,13.86,22.38,18.48,16.87,16.08,14.45,14.83,15.53,16.09,18.04
2010-01-12,20.96,17.02,14.41,13.86,14.07,14.41,23.71,19.46,17.67,16.81,14.94,15.41,16.19,16.82,18.89
2010-01-13,19.18,16.22,12.55,12.9,12.77,12.55,22.9,18.27,16.42,15.51,13.52,14.08,14.89,15.53,17.82
2010-01-14,17.92,16.06,12.4,13.77,13.27,12.4,22.2,17.68,15.93,15.09,13.49,13.85,14.55,15.11,17.66
2010-01-15,23.6,18.58,15.62,13.54,14.1,15.63,25.68,20.82,18.53,17.49,14.7,15.61,16.66,17.52,18.35
2010-01-19,21.24,17.11,14.47,12.68,13.13,14.48,24.5,19.71,17.54,16.55,13.92,14.77,15.78,16.58,17.58
2010-01-20,23.05,18.5,15.62,13.62,14.15,15.63,25.48,20.59,18.33,17.29,14.45,15.41,16.48,17.32,18.17
2010-01-21,27.94,21.88,18.06,15.03,15.97,18.08,28.69,23.03,20.27,18.98,15.3,16.57,17.93,19.02,19.69
2010-01-22,36.44,28.41,22.63,17.7,19.35,22.65,33.33,27.41,23.85,22.23,17.32,19.11,20.91,22.28,22.32
2010-01-25,32.54,25.16,20.3,16.38,17.65,20.33,31.31,25.29,22.17,20.69,16.12,17.82,19.47,20.74,21.08
2010-01-26,28.65,23.48,19.9,16.69,17.75,19.92,30.1,24.53,21.91,20.66,16.85,18.23,19.63,20.7,21.3
2010-01-27,28.11,23.11,19.58,16.58,17.53,19.61,29.96,24.46,21.84,20.58,16.76,18.13,19.55,20.63,21.09
2010-01-28,27.63,22.95,19.52,16.39,17.43,19.53,29.76,24.34,21.64,20.33,16.43,17.82,19.26,20.37,21.11
2010-01-29,29.78,24.91,21.56,18.59,19.56,21.58,31.23,26.0,23.3,21.97,17.64,19.27,20.85,22.01,22.37
2010-02-01,26.66,22.45,19.1,16.21,17.12,19.12,28.81,23.79,21.24,20.0,16.21,17.57,18.97,20.04,20.63
2010-02-02,24.57,20.3,17.31,14.96,15.66,17.33,26.5,22.06,19.76,18.63,15.31,16.47,17.72,18.66,19.71
2010-02-03,24.75,20.73,17.78,15.43,16.12,17.79,26.61,22.42,20.19,19.09,16.16,17.04,18.21,19.13,20.2
2010-02-04,30.52,25.88,22.18,18.98,19.98,22.2,31.43,26.52,23.92,22.63,18.57,20.05,21.55,22.67,22.76
2010-02-05,31.0,25.77,21.82,18.54,19.55,21.83,32.79,27.03,24.12,22.7,18.37,19.92,21.52,22.74,23.04
2010-02-08,29.73,25.2,21.61,18.78,19.54,21.63,32.08,26.86,24.12,22.78,18.79,20.19,21.68,22.83,23.08
2010-02-09,27.01,22.85,19.87,17.56,18.21,19.88,31.51,25.96,23.17,21.81,17.65,19.15,20.68,21.84,22.5
2010-02-10,26.05,22.33,19.73,17.84,18.33,19.74,30.98,25.94,23.24,21.9,17.72,19.24,20.77,21.93,22.59
2010-02-11,24.13,20.44,18.1,16.62,16.84,18.1,29.4,24.72,22.22,20.96,17.1,18.49,19.93,20.99,21.85
2010-02-12,22.69,19.8,17.64,16.29,16.41,17.64,29.55,24.92,22.38,21.12,17.4,18.66,20.07,21.14,22.09
2010-02-16,23.27,19.73,17.13,16.69,16.38,17.13,26.86,22.57,20.34,19.19,15.98,17.04,18.29,19.21,20.81
2010-02-17,20.15,17.36,14.8,14.94,14.89,14.8,26.73,21.89,19.64,18.5,15.6,16.49,17.64,18.51,20.4
2010-02-18,14.97,13.03,8.92,12.68,11.42,8.92,25.34,20.45,18.34,17.31,15.1,15.66,16.59,17.32,19.63
2010-02-19,24.59,19.95,16.79,14.62,15.14,16.8,26.37,21.39,19.05,17.95,14.81,15.89,17.06,17.98,19.12
2010-02-22,23.49,19.19,16.24,14.36,14.77,16.25,24.94,20.48,18.31,17.29,14.41,15.39,16.48,17.31,18.57
2010-02-23,25.8,21.12,17.98,15.72,16.3,17.99,26.86,22.09,19.77,18.67,15.5,16.59,17.77,18.7,19.63
2010-02-24,24.49,20.18,17.14,14.99,15.54,17.15,25.8,21.3,19.09,18.03,14.94,16.03,17.18,18.06,19.2
2010-02-25,24.63,20.16,16.97,14.58,15.25,16.98,25.88,21.31,19.0,17.89,14.68,15.8,17.0,17.92,19.22
2010-02-26,22.96,18.7,15.74,13.78,14.24,15.74,24.85,20.37,18.16,17.09,14.1,15.11,16.25,17.11,18.57
2010-03-01,22.69,18.49,15.65,13.93,14.3,15.65,24.59,20.19,18.03,16.98,14.05,15.04,16.16,17.0,18.44
2010-03-02,21.59,17.91,15.33,13.97,14.17,15.34,23.78,19.65,17.68,16.73,14.31,15.05,16.01,16.75,18.18
2010-03-03,21.2,17.61,15.13,13.84,13.99,15.14,23.47,19.43,17.5,16.56,14.13,14.89,15.84,16.57,17.98
2010-03-04,20.56,16.83,14.71,13.68,13.76,14.72,23.5,19.3,17.33,16.38,14.16,14.75,15.67,16.4,18.08
2010-03-05,18.17,15.09,13.52,13.43,12.95,13.52,21.8,17.91,16.19,15.33,13.3,13.89,14.71,15.35,17.17
2010-03-08,17.33,15.07,13.81,13.95,13.47,13.81,21.6,17.92,16.29,15.47,13.58,14.12,14.89,15.48,17.16
2010-03-09,17.32,15.03,13.73,14.0,13.4,13.73,22.16,18.36,16.7,15.88,14.07,14.54,15.29,15.89,17.42
2010-03-10,17.51,14.89,13.49,14.11,13.37,13.49,22.06,18.29,16.7,15.92,14.36,14.71,15.38,15.93,17.52
2010-03-11,16.75,14.09,12.73,13.49,12.68,12.73,21.99,18.39,16.81,16.02,14.3,14.74,15.46,16.03,18.0
2010-03-12,16.73,13.9,12.43,13.16,12.38,12.43,21.37,17.99,16.47,15.72,13.96,14.47,15.18,15.73,17.84
2010-03-15,19.21,15.72,13.58,13.25,13.37,13.58,21.66,18.11,16.5,15.71,13.8,14.38,15.14,15.71,17.93
2010-03-16,18.98,15.64,12.92,13.59,13.34,12.92,20.78,17.3,15.73,14.96,13.36,13.74,14.44,14.96,17.39
2010-03-17,16.07,14.66,11.97,13.27,12.8,11.97,20.06,16.78,15.29,14.55,13.15,13.44,14.07,14.56,17.06
2010-03-18,16.41,14.12,9.15,12.46,11.33,9.15,19.55,16.36,14.87,14.13,12.55,12.96,13.64,14.13,16.85
2010-03-19,20.07,16.64,14.33,12.86,13.19,14.34,23.17,19.26,17.33,16.42,13.79,14.7,15.68,16.44,17.25
2010-03-22,19.13,15.89,13.62,12.08,12.47,13.63,22.99,18.87,16.91,15.98,13.44,14.28,15.25,16.0,16.99
2010-03-23,17.7,14.99,13.02,11.66,12.01,13.02,21.94,18.13,16.32,15.45,13.04,13.85,14.77,15.47,16.52
2010-03-24,19.09,16.09,14.13,13.0,13.23,14.14,23.03,18.95,17.05,16.15,13.68,14.51,15.45,16.18,17.12
2010-03-25,19.58,16.45,14.38,13.14,13.4,14.38,22.85,18.85,16.98,16.09,13.66,14.46,15.39,16.11,17.07
2010-03-26,19.92,16.52,14.27,12.83,13.18,14.27,23.76,19.43,17.4,16.45,13.77,14.68,15.69,16.47,17.37
2010-03-29,19.28,15.85,13.67,12.25,12.57,13.67,22.9,18.7,16.76,15.83,13.31,14.15,15.12,15.85,16.93
2010-03-30,18.52,15.15,13.15,11.83,12.13,13.16,22.13,18.24,16.39,15.48,12.98,13.83,14.79,15.5,16.68
2010-03-31,19.21,15.62,13.56,12.2,12.51,13.56,22.65,18.48,16.56,15.64,13.08,13.95,14.93,15.66,16.95
2010-04-01,18.9,15.43,13.46,12.3,12.48,13.46,22.8,18.59,16.66,15.72,13.12,14.02,15.01,15.74,17.13
2010-04-05,17.85,14.7,12.81,12.1,12.04,12.81,21.62,17.55,15.76,14.86,12.47,13.28,14.2,14.88,16.53
2010-04-06,16.9,13.92,11.97,11.3,11.22,11.97,20.65,16.78,15.08,14.22,11.94,12.7,13.58,14.23,16.02
2010-04-07,17.75,14.81,12.83,11.86,11.96,12.83,21.27,17.31,15.59,14.72,12.41,13.18,14.07,14.73,16.4
2010-04-08,16.7,13.63,11.63,10.81,10.95,11.63,20.57,16.71,15.0,14.12,11.79,12.6,13.49,14.14,15.93
2010-04-09,16.83,13.47,11.29,10.37,10.72,11.29,20.42,16.52,14.81,13.95,11.72,12.46,13.33,13.96,15.81
2010-04-12,18.48,15.17,12.71,11.87,12.19,12.71,20.45,16.63,14.93,14.07,11.98,12.62,13.47,14.08,16.04
2010-04-13,16.99,14.35,11.46,11.29,11.35,11.46,20.45,16.47,14.73,13.86,11.74,12.41,13.26,13.87,15.9
2010-04-14,14.93,13.27,9.94,11.39,10.87,9.94,20.31,16.19,14.43,13.56,11.68,12.21,13.0,13.57,15.75
2010-04-15,16.4,14.06,8.95,12.77,11.49,8.95,20.09,16.18,14.49,13.67,11.97,12.41,13.14,13.68,16.03
2010-04-16,23.23,18.17,15.03,12.64,13.34,15.04,23.96,19.32,17.13,16.11,13.22,14.22,15.3,16.13,17.16
2010-04-19,22.71,17.39,14.15,11.73,12.48,14.17,23.56,18.79,16.59,15.57,12.67,13.68,14.77,15.6,16.92
2010-04-20,19.97,15.51,12.77,10.83,11.38,12.78,21.72,17.42,15.5,14.59,12.11,12.95,13.9,14.61,15.99
2010-04-21,20.12,15.93,13.3,11.52,11.99,13.31,22.27,17.93,16.02,15.13,12.82,13.56,14.46,15.16,16.41
2010-04-22,19.61,15.45,12.87,11.27,11.67,12.88,22.31,17.67,15.66,14.72,12.36,13.09,14.02,14.74,16.19
2010-04-23,19.32,15.45,13.11,11.94,12.09,13.12,21.74,17.52,15.66,14.79,12.53,13.25,14.13,14.81,16.24
2010-04-26,20.55,16.59,14.1,12.6,12.92,14.11,22.06,18.05,16.24,15.39,13.33,13.93,14.76,15.42,16.77
2010-04-27,26.41,20.63,17.27,14.95,15.6,17.28,26.38,21.11,18.69,17.6,14.83,15.68,16.76,17.63,18.58
2010-04-28,26.16,20.13,16.39,13.69,14.49,16.4,26.95,21.26,18.64,17.46,14.39,15.37,16.55,17.49,18.56
2010-04-29,22.41,17.53,14.45,12.29,12.93,14.46,24.58,19.21,16.87,15.79,13.13,13.93,14.99,15.81,17.38
2010-04-30,26.31,20.77,17.14,14.43,15.25,17.15,27.47,21.76,19.06,17.83,14.56,15.62,16.88,17.86,19.14
2010-05-03,23.31,18.86,15.57,12.92,13.74,15.58,26.42,20.69,18.1,16.9,13.7,14.75,15.98,16.92,18.58
2010-05-04,31.94,24.97,20.38,16.48,17.81,20.4,31.15,24.8,21.54,20.03,15.62,17.19,18.81,20.07,21.11
2010-05-05,33.73,26.54,21.57,17.17,18.67,21.59,32.45,25.99,22.64,21.06,16.32,18.03,19.76,21.1,22.16
2010-05-06,52.39,39.92,31.52,24.99,27.08,31.59,39.89,34.65,30.37,28.31,21.06,24.0,26.58,28.4,28.16
2010-05-07,58.19,44.59,35.17,26.9,29.74,35.2,45.67,40.04,34.14,31.42,22.87,26.1,29.18,31.48,30.44
2010-05-10,40.47,31.54,25.44,20.62,22.1,25.46,36.57,30.06,25.87,23.88,17.94,20.09,22.24,23.93,24.32
2010-05-11,34.24,28.09,23.57,20.36,21.18,23.57,34.95,28.71,25.14,23.4,17.91,19.94,21.93,23.43,23.83
2010-05-12,28.81,23.61,19.79,17.18,17.81,19.8,32.01,25.86,22.55,20.95,16.36,17.94,19.66,20.98,21.98
2010-05-13,29.57,24.17,20.47,17.98,18.56,20.48,33.74,26.8,23.4,21.8,17.14,18.77,20.5,21.83,22.75
2010-05-14,41.74,33.1,27.07,22.78,23.96,27.08,40.59,33.1,28.48,26.36,20.1,22.33,24.63,26.41,26.26
2010-05-17,33.25,27.09,23.56,21.61,21.82,23.57,40.22,32.13,27.68,25.59,19.45,21.66,23.89,25.64,25.83
2010-05-18,39.72,32.03,28.22,26.77,26.68,28.22,42.74,34.68,29.86,27.63,20.8,23.31,25.77,27.67,27.33
2010-05-19,34.99,28.35,24.35,24.08,23.08,24.35,43.94,35.67,30.59,28.26,21.17,23.76,26.33,28.3,27.99
2010-05-20,34.33,28.37,25.59,28.93,26.18,25.59,51.49,43.57,37.08,34.08,24.75,28.24,31.61,34.14,32.0
2010-05-21,52.52,45.0,35.56,25.66,29.38,35.58,46.96,43.1,36.79,33.67,23.04,27.21,30.98,33.72,33.24
2010-05-24,47.12,37.61,29.84,22.63,25.16,29.88,42.94,37.92,32.26,29.56,20.84,24.2,27.33,29.63,29.85
2010-05-25,45.19,36.36,29.43,22.63,25.04,29.47,42.06,37.17,31.79,29.24,21.06,24.2,27.14,29.31,29.67
2010-05-26,44.38,35.97,29.25,22.73,25.01,29.27,40.35,35.34,30.71,28.42,20.79,23.75,26.49,28.47,28.56
2010-05-27,37.16,29.93,24.66,20.03,21.52,24.67,36.85,31.05,26.84,24.86,18.29,20.84,23.19,24.91,25.58
2010-05-28,38.7,30.71,25.04,20.08,21.71,25.06,37.46,31.46,27.04,24.98,18.26,20.85,23.25,25.02,25.54
2010-06-01,42.88,35.34,29.44,23.69,25.7,29.47,40.62,34.87,30.04,27.76,20.41,23.2,25.86,27.81,27.42
2010-06-02,36.12,29.72,25.08,20.85,22.26,25.1,37.58,31.12,26.92,24.95,18.69,21.05,23.3,25.0,25.42
2010-06-03,35.03,29.1,24.54,20.23,21.66,24.54,36.63,30.4,26.34,24.42,18.35,20.63,22.81,24.46,24.89
2010-06-04,43.3,36.02,30.49,25.13,27.0,30.51,42.55,36.3,31.54,29.25,21.72,24.62,27.33,29.3,28.46
2010-06-07,45.23,37.79,31.99,26.65,28.41,32.0,43.93,37.46,32.59,30.26,22.65,25.54,28.29,30.3,29.22
2010-06-08,39.19,33.44,29.03,24.76,26.21,29.04,41.37,35.13,30.78,28.68,21.67,24.4,26.91,28.74,28.42
2010-06-09,37.39,32.77,28.93,25.53,26.55,28.93,41.18,34.35,30.12,28.08,21.28,23.89,26.32,28.1,28.0
2010-06-10,33.36,29.03,25.67,22.93,23.7,25.68,37.83,31.05,27.3,25.48,19.54,21.79,23.92,25.5,26.0
2010-06-11,29.82,26.16,23.11,20.75,21.39,23.11,37.04,30.26,26.68,24.91,19.2,21.36,23.41,24.94,25.76
2010-06-14,30.27,26.21,23.4,21.79,21.92,23.4,35.7,29.18,25.77,24.08,18.66,20.7,22.64,24.1,25.02
2010-06-15,25.86,21.79,18.85,18.97,18.12,18.85,32.28,26.3,23.25,21.76,17.19,18.86,20.55,21.79,23.2
2010-06-16,23.95,20.52,17.95,19.34,18.23,17.95,32.53,26.73,23.8,22.36,18.03,19.58,21.19,22.39,23.42
2010-06-17,19.81,17.75,13.7,15.51,14.86,13.7,32.94,26.8,23.65,22.12,17.72,19.23,20.89,22.13,23.26
2010-06-18,29.96,23.85,19.49,15.66,16.93,19.51,31.6,26.19,22.64,20.99,15.77,17.74,19.63,21.05,21.71
2010-06-21,31.11,25.57,21.2,16.93,18.44,21.21,33.18,27.43,23.69,21.96,16.51,18.55,20.53,22.01,22.52
2010-06-22,32.46,26.87,22.39,17.99,19.54,22.4,33.63,28.35,24.64,22.9,17.27,19.41,21.44,22.95,23.64
2010-06-23,33.04,27.58,23.25,18.8,20.41,23.26,34.55,29.24,25.39,23.57,17.59,19.89,22.04,23.62,24.24
2010-06-24,36.3,30.31,25.45,20.37,22.27,25.47,36.78,31.61,27.41,25.39,18.66,21.26,23.69,25.44,25.91
2010-06-25,34.35,28.32,23.74,19.2,20.84,23.76,36.05,30.48,26.4,24.45,18.05,20.51,22.82,24.51,25.13
2010-06-28,34.21,28.55,23.98,19.42,21.03,24.0,36.16,30.4,26.35,24.43,18.17,20.56,22.83,24.5,25.27
2010-06-29,44.19,37.04,31.1,24.63,27.05,31.12,41.62,36.27,31.7,29.45,21.75,24.8,27.55,29.52,29.33
2010-06-30,39.23,34.01,29.27,23.88,25.87,29.29,40.0,35.01,30.86,28.74,21.32,24.27,26.92,28.81,29.07
2010-07-01,37.5,32.77,28.68,24.49,25.93,28.72,40.23,35.19,31.17,29.12,21.94,24.83,27.41,29.24,29.42
2010-07-02,32.08,28.24,24.92,21.64,22.7,24.93,37.33,32.2,28.69,26.91,20.53,23.08,25.36,26.96,28.28
2010-07-06,34.68,30.72,27.33,24.11,25.12,27.34,37.52,32.33,28.89,27.14,20.91,23.39,25.63,27.2,28.07
2010-07-07,30.24,25.91,22.7,20.66,21.05,22.7,33.66,28.29,25.22,23.67,18.48,20.45,22.33,23.7,25.37
2010-07-08,28.27,24.27,21.15,19.13,19.48,21.15,32.93,27.5,24.51,23.0,18.03,19.91,21.71,23.04,24.69
2010-07-09,24.7,20.77,18.55,17.75,17.52,18.55,30.92,26.31,23.53,22.09,17.36,19.13,20.84,22.12,24.07
2010-07-12,27.8,24.02,21.55,21.46,20.66,21.55,31.55,26.85,23.96,22.49,17.82,19.52,21.23,22.52,24.26
2010-07-13,24.15,21.02,19.04,20.1,18.82,19.04,30.66,25.69,22.86,21.45,17.06,18.65,20.26,21.48,23.44
2010-07-14,22.61,19.88,18.02,18.08,17.77,18.02,31.45,26.45,23.68,22.31,17.97,19.56,21.14,22.34,24.49
2010-07-15,17.84,16.2,13.03,14.47,13.95,13.03,32.51,27.18,24.22,22.75,18.1,19.81,21.5,22.78,24.89
2010-07-16,34.27,28.89,24.48,19.62,21.44,24.51,34.58,30.76,27.29,25.48,19.25,21.69,23.94,25.55,26.41
2010-07-19,31.37,26.7,22.6,18.28,19.84,22.63,33.45,28.84,25.59,23.99,18.43,20.63,22.63,24.05,25.16
2010-07-20,29.44,24.95,21.19,17.17,18.65,21.22,32.04,27.29,24.09,22.51,17.15,19.24,21.17,22.57,23.82
2010-07-21,31.6,27.05,23.1,18.73,20.37,23.13,33.51,28.96,25.59,23.91,18.23,20.43,22.49,23.97,24.92
2010-07-22,29.55,24.94,21.16,17.41,18.71,21.18,31.93,26.72,23.59,22.07,17.12,18.98,20.78,22.11,23.17
2010-07-23,28.28,23.94,20.44,17.09,18.21,20.45,30.88,25.75,22.9,21.51,16.76,18.65,20.34,21.56,22.7
2010-07-26,27.19,22.92,19.58,16.42,17.47,19.6,30.01,25.05,22.22,20.82,16.32,18.0,19.64,20.86,22.17
2010-07-27,27.15,22.77,19.31,15.96,17.1,19.32,30.14,24.84,21.98,20.57,16.14,17.78,19.4,20.62,21.97
2010-07-28,28.34,23.5,20.09,16.9,17.99,20.11,31.14,25.62,22.74,21.34,16.88,18.56,20.17,21.38,22.55
2010-07-29,26.79,22.54,19.33,16.43,17.37,19.35,30.6,25.02,22.26,20.92,16.66,18.27,19.81,20.96,22.26
2010-07-30,26.42,22.39,19.21,16.3,17.25,19.23,30.45,24.97,22.22,20.9,16.74,18.28,19.79,20.94,22.43
2010-08-02,24.66,20.42,17.45,15.15,15.79,17.46,27.82,22.63,20.05,18.81,15.34,16.49,17.82,18.84,20.83
2010-08-03,24.92,20.86,17.94,15.6,16.27,17.95,28.58,23.22,20.62,19.39,15.91,17.08,18.4,19.42,21.22
2010-08-04,24.75,20.76,17.72,15.16,15.94,17.73,28.07,22.9,20.37,19.16,15.78,16.91,18.19,19.19,21.28
2010-08-05,24.29,20.48,17.87,15.88,16.44,17.88,27.82,22.94,20.46,19.27,16.0,17.07,18.33,19.3,21.77
2010-08-06,23.44,19.95,17.13,14.93,15.54,17.14,27.78,22.99,20.5,19.29,15.95,17.02,18.32,19.32,21.94
2010-08-09,23.91,20.11,17.37,15.22,15.78,17.38,27.17,22.32,19.93,18.78,15.75,16.68,17.88,18.8,21.58
2010-08-10,24.24,20.4,17.69,15.61,16.15,17.69,27.49,22.74,20.29,19.08,15.73,16.82,18.12,19.11,21.98
2010-08-11,28.52,25.01,21.96,19.14,20.03,21.96,30.8,25.91,23.32,22.04,18.04,19.49,20.97,22.07,24.31
2010-08-12,27.68,24.12,21.24,18.58,19.42,21.25,31.33,26.45,23.78,22.44,18.29,19.79,21.32,22.48,24.76
2010-08-13,26.96,23.77,21.13,18.84,19.44,21.13,32.23,27.11,24.24,22.81,18.3,19.94,21.59,22.83,25.31
2010-08-16,27.35,24.05,21.17,19.16,19.49,21.17,32.39,27.34,24.51,23.09,18.68,20.26,21.89,23.11,25.59
2010-08-17,22.86,18.98,16.25,15.97,15.82,16.25,29.26,24.65,22.04,20.69,16.8,18.1,19.6,20.71,24.12
2010-08-18,23.44,19.84,16.99,16.37,16.61,16.99,29.2,24.53,21.99,20.69,16.96,18.23,19.66,20.71,23.81
2010-08-19,18.94,17.29,14.14,14.79,14.55,14.14,31.22,26.36,23.68,22.34,18.39,19.73,21.24,22.36,25.23
2010-08-20,30.63,25.74,21.86,18.07,19.37,21.88,33.57,28.75,25.45,23.86,18.56,20.6,22.51,23.9,25.43
2010-08-23,29.04,24.5,20.87,17.27,18.52,20.89,32.98,27.82,24.66,23.12,17.92,19.93,21.8,23.16,24.82
2010-08-24,31.5,26.73,22.77,18.62,20.11,22.79,34.14,29.18,25.89,24.27,18.66,20.87,22.88,24.32,25.78
2010-08-25,31.09,26.81,23.02,18.94,20.41,23.05,34.09,29.27,26.14,24.56,18.94,21.2,23.2,24.61,25.9
2010-08-26,31.11,27.12,23.45,19.42,20.85,23.46,34.48,29.56,26.42,24.84,19.2,21.45,23.46,24.88,26.14
2010-08-27,26.79,23.34,20.42,17.3,18.41,20.44,31.87,27.03,24.18,22.72,17.6,19.63,21.46,22.76,24.44
2010-08-30,28.74,25.24,22.12,18.95,20.02,22.14,33.5,28.57,25.58,24.05,18.63,20.78,22.71,24.08,25.44
2010-08-31,29.45,25.9,22.94,19.88,20.93,22.96,33.29,28.64,25.86,24.43,19.32,21.36,23.18,24.47,25.77
2010-09-01,26.28,22.9,20.13,17.72,18.42,20.13,30.62,25.97,23.45,22.17,17.8,19.5,21.07,22.21,23.89
2010-09-02,24.43,21.27,18.76,16.92,17.34,18.77,29.52,24.88,22.34,21.07,16.95,18.49,19.99,21.1,23.04
2010-09-03,21.08,18.11,15.95,14.64,14.82,15.95,27.22,22.92,20.6,19.43,15.69,17.07,18.44,19.45,21.75
2010-09-07,24.57,21.02,18.37,16.72,16.97,18.38,29.45,24.77,22.2,20.91,16.83,18.32,19.82,20.93,22.89
2010-09-08,23.74,19.96,17.32,15.66,15.9,17.32,29.03,24.32,21.74,20.45,16.35,17.85,19.36,20.47,22.66
2010-09-09,22.43,18.46,15.98,14.68,14.75,15.98,28.27,23.48,20.98,19.72,15.91,17.27,18.7,19.74,22.16
2010-09-10,20.0,16.58,14.31,13.86,13.52,14.31,27.37,22.74,20.29,19.04,15.26,16.62,18.03,19.06,21.73
2010-09-13,22.06,18.12,15.68,16.74,15.52,15.68,26.77,22.16,19.79,18.56,15.01,16.26,17.61,18.58,21.21
2010-09-14,19.38,16.11,13.84,14.28,14.12,13.84,25.9,21.4,19.19,18.03,14.77,15.9,17.15,18.05,20.78
2010-09-15,21.9,17.8,13.86,14.0,13.95,13.86,27.47,22.67,20.29,19.08,15.73,16.86,18.15,19.1,21.28
2010-09-16,18.17,15.95,11.39,13.98,13.07,11.39,26.69,21.93,19.73,18.59,15.52,16.55,17.74,18.62,21.32
2010-09-17,26.52,21.52,18.01,14.95,15.93,18.03,29.38,24.49,21.54,20.11,15.42,17.24,18.92,20.16,21.18
2010-09-20,25.09,20.52,17.17,14.33,15.22,17.18,28.65,23.7,20.84,19.44,14.9,16.64,18.27,19.48,20.56
2010-09-21,26.4,21.72,18.32,15.42,16.33,18.33,29.21,24.15,21.33,19.97,15.66,17.28,18.84,20.01,21.01
2010-09-22,26.29,21.85,18.48,15.5,16.45,18.49,29.64,24.54,21.66,20.29,15.95,17.58,19.15,20.33,21.41
2010-09-23,27.94,23.14,19.56,16.34,17.39,19.57,30.49,25.42,22.54,21.16,16.72,18.4,20.0,21.19,22.23
2010-09-24,25.06,20.62,17.29,14.71,15.43,17.29,28.4,23.49,20.83,19.55,15.47,17.01,18.48,19.58,20.93
2010-09-27,24.67,20.62,17.58,15.27,15.87,17.58,28.28,23.46,20.92,19.7,15.83,17.28,18.67,19.72,21.11
2010-09-28,25.87,21.42,18.14,15.66,16.32,18.14,29.49,24.37,21.73,20.45,16.28,17.87,19.37,20.48,21.67
2010-09-29,25.59,21.48,18.3,15.86,16.51,18.3,29.41,24.47,21.94,20.72,16.9,18.31,19.7,20.75,21.96
2010-09-30,25.78,21.46,18.09,15.41,16.17,18.09,29.92,24.91,22.15,20.82,16.89,18.28,19.73,20.86,22.18
2010-10-01,22.61,19.4,16.95,14.99,15.56,16.96,28.74,23.93,21.38,20.14,16.35,17.72,19.1,20.16,21.75
2010-10-04,25.24,21.59,18.61,16.21,16.88,18.61,29.56,24.82,22.29,21.06,17.27,18.64,20.03,21.09,22.59
2010-10-05,22.11,18.35,16.07,15.15,15.01,16.07,26.92,22.56,20.27,19.16,15.93,17.04,18.26,19.19,21.14
2010-10-06,20.72,17.85,16.01,15.56,15.17,16.01,27.07,22.75,20.46,19.34,16.12,17.21,18.43,19.36,21.31
2010-10-07,20.72,18.02,16.39,15.92,15.67,16.39,26.72,22.61,20.4,19.31,16.15,17.21,18.41,19.33,21.41
2010-10-08,19.56,16.71,14.78,14.41,14.05,14.78,25.15,21.36,19.34,18.32,15.34,16.36,17.5,18.34,20.56
2010-10-11,20.31,17.24,15.27,15.37,14.91,15.27,24.89,21.32,19.36,18.37,15.58,16.5,17.58,18.39,20.61
2010-10-12,21.38,17.5,14.81,14.46,14.59,14.81,24.1,20.54,18.64,17.67,14.93,15.83,16.89,17.68,19.97
2010-10-13,17.93,15.83,12.55,14.04,13.5,12.55,23.9,20.27,18.43,17.49,14.96,15.76,16.75,17.5,19.73
2010-10-14,18.6,16.65,12.82,14.28,13.75,12.82,26.19,21.96,19.78,18.68,15.53,16.6,17.8,18.7,20.57
2010-10-15,24.97,20.84,17.71,14.7,15.74,17.72,27.9,23.14,20.66,19.45,15.71,17.07,18.44,19.48,20.24
2010-10-18,23.71,19.72,16.7,13.88,14.81,16.71,26.47,22.14,19.7,18.51,14.78,16.15,17.51,18.54,19.39
2010-10-19,26.03,22.0,18.76,15.43,16.61,18.77,28.38,23.85,21.32,20.09,16.15,17.61,19.05,20.12,20.72
2010-10-20,24.08,20.12,17.02,13.95,15.03,17.03,26.33,22.04,19.67,18.51,14.83,16.2,17.54,18.54,19.3
2010-10-21,23.58,19.89,16.98,14.09,15.11,16.99,25.75,21.76,19.5,18.38,14.76,16.11,17.43,18.41,19.21
2010-10-22,22.41,19.12,16.46,13.94,14.79,16.47,24.87,20.96,18.87,17.83,14.63,15.8,16.98,17.87,18.67
2010-10-25,22.97,19.5,16.76,14.25,15.09,16.78,24.59,20.76,18.74,17.74,14.67,15.77,16.91,17.76,18.59
2010-10-26,24.22,20.66,17.82,15.09,16.04,17.83,25.69,21.59,19.5,18.48,15.29,16.47,17.63,18.5,19.28
2010-10-27,25.01,21.31,18.38,15.83,16.64,18.4,26.46,22.3,20.11,19.03,15.67,16.91,18.14,19.06,19.92
2010-10-28,24.54,21.17,18.32,15.65,16.54,18.34,26.18,22.06,19.93,18.89,15.65,16.84,18.03,18.92,19.8
2010-10-29,24.78,21.3,18.49,15.93,16.76,18.5,26.15,22.03,19.9,18.86,15.62,16.8,17.99,18.88,19.75
2010-11-01,26.22,22.62,19.63,16.94,17.79,19.64,27.53,23.1,20.84,19.75,16.39,17.62,18.85,19.78,20.47
2010-11-02,25.07,21.62,18.9,16.59,17.28,18.9,26.09,22.03,19.98,18.98,16.11,17.08,18.17,19.0,19.89
2010-11-03,21.83,18.93,16.49,14.72,15.15,16.5,23.65,20.1,18.3,17.4,14.9,15.71,16.68,17.42,18.75
2010-11-04,20.14,17.23,15.28,14.57,14.43,15.29,22.21,18.76,17.17,16.39,14.47,15.01,15.8,16.41,17.56
2010-11-05,18.5,16.0,14.65,14.81,14.21,14.66,21.67,18.47,17.02,16.3,14.79,15.13,15.79,16.32,17.56
2010-11-08,17.66,15.55,14.19,14.05,13.64,14.2,21.66,18.29,16.79,16.04,14.39,14.8,15.5,16.05,17.63
2010-11-09,19.14,16.42,14.77,14.17,13.98,14.77,22.28,18.79,17.25,16.47,14.6,15.13,15.89,16.48,18.03
2010-11-10,18.71,15.75,13.71,13.01,12.86,13.71,22.58,18.66,16.93,16.06,13.91,14.57,15.43,16.08,17.98
2010-11-11,19.08,15.77,13.72,13.32,13.02,13.73,22.69,18.71,16.89,15.96,13.7,14.37,15.28,15.97,18.05
2010-11-12,24.04,18.98,16.21,15.14,15.01,16.22,24.99,20.64,18.53,17.46,14.69,15.55,16.65,17.48,19.22
2010-11-15,22.45,18.77,16.4,16.07,15.68,16.4,23.96,19.87,17.95,16.96,14.51,15.24,16.23,16.97,19.06
2010-11-16,29.74,24.59,20.92,19.52,19.44,20.92,28.37,23.42,20.91,19.67,16.25,17.38,18.7,19.68,21.03
2010-11-17,23.56,19.71,16.82,16.6,16.69,16.82,27.5,22.7,20.23,18.97,15.54,16.69,18.01,18.99,20.54
2010-11-18,15.46,13.62,9.85,13.89,12.53,9.86,23.33,19.05,16.88,15.75,13.07,13.85,14.95,15.75,18.76
2010-11-19,22.05,18.11,15.19,12.97,13.59,15.19,24.36,20.14,17.93,16.86,13.62,14.77,15.96,16.87,18.5
2010-11-22,22.91,18.71,15.63,13.31,13.95,15.63,24.64,20.19,17.97,16.91,13.8,14.88,16.04,16.93,18.39
2010-11-23,25.62,21.0,17.64,14.83,15.71,17.65,26.21,21.55,19.09,17.9,14.36,15.62,16.92,17.92,19.27
2010-11-24,23.31,19.1,16.07,13.67,14.39,16.08,24.54,20.14,17.92,16.85,13.69,14.8,15.98,16.87,18.34
2010-11-26,28.07,22.89,19.2,16.17,17.13,19.24,26.89,22.47,19.99,18.79,15.24,16.52,17.83,18.86,19.89
2010-11-29,26.44,21.95,18.43,15.38,16.35,18.43,27.0,22.24,19.78,18.6,14.94,16.28,17.61,18.61,20.04
2010-11-30,27.93,23.4,19.78,16.39,17.55,19.78,28.57,23.68,21.03,19.75,15.71,17.21,18.66,19.77,21.05
2010-12-01,24.66,20.59,17.48,15.06,15.75,17.48,26.92,22.09,19.7,18.56,15.21,16.39,17.63,18.58,20.14
2010-12-02,21.91,18.7,16.23,14.54,14.93,16.23,24.02,19.93,17.99,17.07,14.67,15.41,16.35,17.08,18.79
2010-12-03,19.62,16.31,14.25,13.05,13.2,14.25,22.37,18.53,16.67,15.76,13.49,14.15,15.06,15.77,17.84
2010-12-06,19.46,16.2,14.28,13.31,13.34,14.29,21.82,18.19,16.5,15.66,13.62,14.2,15.03,15.68,17.67
2010-12-07,18.75,16.04,14.36,14.0,13.73,14.36,21.76,18.13,16.47,15.64,13.7,14.24,15.03,15.66,17.64
2010-12-08,18.07,15.39,13.86,13.88,13.44,13.86,21.76,17.95,16.23,15.36,13.15,13.83,14.7,15.37,17.25
2010-12-09,17.49,14.74,13.21,13.45,12.86,13.21,21.23,17.51,15.88,15.06,13.2,13.7,14.47,15.07,16.93
2010-12-10,17.1,14.21,12.62,12.93,12.34,12.62,20.99,17.28,15.71,14.93,13.19,13.68,14.39,14.94,16.71
2010-12-13,18.45,15.49,13.72,14.27,13.81,13.72,21.63,17.77,16.1,15.27,13.4,13.91,14.68,15.28,17.08
2010-12-14,17.63,15.06,12.76,12.99,12.9,12.76,22.27,18.14,16.36,15.47,13.41,13.99,14.83,15.47,17.24
2010-12-15,16.37,14.72,11.51,12.65,12.23,11.51,22.66,18.41,16.57,15.64,13.34,14.04,14.96,15.65,17.47
2010-12-16,16.1,14.11,9.99,12.74,11.79,9.99,22.51,17.99,16.04,15.06,12.83,13.47,14.39,15.07,17.37
2010-12-17,20.73,16.61,13.86,12.07,12.49,13.87,23.39,18.86,16.73,15.74,13.05,13.94,14.97,15.77,16.82
2010-12-20,19.79,15.9,13.42,11.92,12.25,13.43,22.77,18.34,16.27,15.31,12.78,13.59,14.57,15.33,16.56
2010-12-21,20.26,16.18,13.49,11.88,12.2,13.49,22.93,18.29,16.21,15.24,12.63,13.49,14.49,15.26,16.45
2010-12-22,18.95,15.46,13.05,11.41,11.82,13.06,22.14,17.8,15.84,14.92,12.48,13.29,14.22,14.94,16.21
2010-12-23,20.08,16.36,13.8,12.03,12.49,13.8,23.37,18.74,16.67,15.71,13.19,14.01,14.98,15.74,16.84
2010-12-27,20.71,16.79,14.14,12.28,12.8,14.15,23.9,19.52,17.29,16.22,13.33,14.28,15.39,16.25,17.56
2010-12-28,20.1,16.59,14.02,12.13,12.67,14.03,23.94,19.49,17.29,16.23,13.4,14.31,15.42,16.26,17.59
2010-12-29,18.79,15.74,13.39,11.63,12.13,13.4,23.01,18.79,16.76,15.77,13.1,13.98,15.01,15.79,17.33
2010-12-30,19.13,16.0,13.68,12.06,12.49,13.68,23.39,19.02,16.98,16.0,13.32,14.23,15.25,16.02,17.65
2010-12-31,20.3,16.79,14.2,12.28,12.84,14.21,23.35,19.22,17.22,16.24,13.5,14.45,15.48,16.26,17.72
2011-01-03,18.47,15.53,13.51,12.21,12.44,13.52,22.13,18.31,16.53,15.66,13.44,14.11,15.0,15.68,17.29
2011-01-04,18.49,15.35,13.41,12.29,12.47,13.42,21.93,18.23,16.45,15.56,13.29,13.98,14.89,15.58,17.41
2011-01-05,17.37,14.4,12.65,11.9,11.79,12.65,21.38,17.54,15.81,14.93,12.67,13.39,14.28,14.94,16.82
2011-01-06,18.33,15.28,13.44,12.43,12.49,13.44,21.79,17.95,16.18,15.27,13.06,13.72,14.6,15.28,17.11
2011-01-07,17.51,14.47,12.67,11.85,11.8,12.67,21.87,17.9,16.09,15.17,12.96,13.62,14.51,15.19,17.14
2011-01-10,17.1,14.57,12.83,12.33,12.12,12.84,21.72,17.83,16.07,15.17,12.93,13.61,14.51,15.18,17.1
2011-01-11,16.58,13.89,12.02,11.77,11.36,12.02,20.9,17.13,15.4,14.51,12.38,13.01,13.88,14.53,16.83
2011-01-12,15.94,13.52,12.17,12.74,12.0,12.17,19.94,16.63,15.03,14.22,12.42,12.89,13.66,14.23,16.38
2011-01-13,15.95,13.37,11.88,12.33,11.75,11.88,19.8,16.68,15.17,14.4,12.65,13.11,13.85,14.41,16.52
2011-01-14,14.84,12.04,10.34,10.27,10.3,10.34,18.51,15.38,13.89,13.12,11.56,11.91,12.61,13.13,15.58
2011-01-18,15.26,13.85,11.57,12.18,11.95,11.56,18.79,15.44,13.9,13.11,11.82,11.97,12.63,13.12,15.65
2011-01-19,18.01,15.85,12.5,12.99,12.81,12.5,21.38,17.31,15.47,14.55,12.69,13.13,13.95,14.56,16.65
2011-01-20,15.57,13.41,8.72,11.17,10.32,8.73,22.18,17.64,15.58,14.54,12.42,12.93,13.87,14.56,16.63
2011-01-21,22.64,17.63,14.44,12.27,12.85,14.45,23.67,18.8,16.57,15.52,12.67,13.63,14.72,15.55,16.72
2011-01-24,21.64,16.89,13.9,11.98,12.47,13.91,22.97,17.98,15.82,14.81,12.3,13.09,14.07,14.83,16.18
2011-01-25,22.51,17.25,14.01,11.69,12.39,14.02,23.16,18.19,15.97,14.91,12.19,13.08,14.13,14.94,16.22
2011-01-26,19.54,15.39,12.74,11.03,11.44,12.75,21.36,16.82,14.89,13.92,11.55,12.29,13.23,13.94,15.35
2011-01-27,18.81,15.07,12.54,10.87,11.26,12.55,21.19,16.75,14.78,13.79,11.41,12.13,13.08,13.81,15.03
2011-01-28,25.07,19.68,16.11,13.2,14.13,16.12,25.43,19.9,17.41,16.24,12.97,14.12,15.35,16.27,16.87
2011-01-31,25.0,19.35,15.52,12.42,13.4,15.53,25.32,19.65,17.08,15.85,12.53,13.67,14.93,15.87,16.6
2011-02-01,20.24,16.2,13.62,12.16,12.36,13.62,22.42,17.63,15.6,14.6,12.32,12.96,13.89,14.62,15.56
2011-02-02,20.4,16.12,13.3,11.51,11.89,13.3,22.04,17.29,15.36,14.4,12.24,12.85,13.74,14.42,15.6
2011-02-03,18.64,14.56,12.28,10.86,11.15,12.29,21.41,16.91,15.0,14.05,11.86,12.5,13.4,14.07,15.37
2011-02-04,17.46,13.71,11.51,10.28,10.47,11.51,20.76,16.32,14.42,13.5,11.59,12.08,12.89,13.52,14.98
2011-02-07,17.5,14.17,12.19,11.55,11.41,12.2,20.6,16.28,14.46,13.57,11.71,12.2,12.99,13.59,14.84
2011-02-08,16.84,13.34,11.24,10.67,10.58,11.25,20.02,15.77,13.97,13.09,11.49,11.81,12.54,13.1,14.52
2011-02-09,17.58,14.02,11.69,10.87,10.91,11.69,20.65,16.27,14.36,13.42,11.49,11.98,12.82,13.44,14.74
2011-02-10,17.08,13.51,11.04,9.66,10.2,11.04,20.42,16.05,14.13,13.18,11.17,11.72,12.58,13.2,14.74
2011-02-11,16.3,12.71,10.13,9.43,9.69,10.13,19.62,15.27,13.42,12.49,10.72,11.14,11.94,12.51,14.29
2011-02-14,16.61,13.5,10.66,10.45,10.53,10.66,19.9,15.5,13.69,12.8,11.12,11.52,12.27,12.81,14.54
2011-02-15,17.46,14.27,10.91,10.72,10.79,10.91,20.47,16.02,14.13,13.17,11.25,11.74,12.59,13.18,14.92
2011-02-16,16.54,14.39,9.85,10.86,10.5,9.85,20.75,15.92,13.92,12.94,11.23,11.58,12.38,12.94,14.82
2011-02-17,14.82,12.48,7.06,10.65,9.46,7.06,20.55,15.81,13.89,12.94,11.28,11.63,12.4,12.95,15.08
2011-02-18,20.89,15.83,12.72,10.81,11.28,12.73,22.24,17.43,15.34,14.36,11.96,12.71,13.65,14.38,15.35
2011-02-22,27.52,21.12,17.02,14.01,14.9,17.03,26.81,21.55,18.78,17.54,14.36,15.35,16.58,17.56,18.03
2011-02-23,27.86,21.71,17.38,13.72,14.93,17.39,27.66,22.23,19.26,17.89,14.1,15.4,16.82,17.92,18.46
2011-02-24,26.25,20.8,16.7,13.06,14.29,16.71,26.97,21.71,18.86,17.52,13.56,14.98,16.44,17.54,18.35
2011-02-25,24.11,18.99,15.18,11.95,13.0,15.18,25.27,19.93,17.34,16.09,12.5,13.79,15.12,16.11,17.1
2011-02-28,22.54,18.16,14.84,12.04,12.92,14.85,24.27,19.22,16.79,15.58,12.19,13.38,14.66,15.6,16.73
2011-03-01,24.35,20.01,16.56,13.28,14.41,16.57,26.14,20.99,18.39,17.12,13.38,14.72,16.11,17.14,17.87
2011-03-02,24.51,20.19,16.62,13.22,14.39,16.62,26.21,21.18,18.61,17.34,13.53,14.91,16.32,17.36,18.16
2011-03-03,21.25,17.26,14.06,11.41,12.2,14.06,23.97,19.22,16.87,15.67,12.37,13.5,14.76,15.69,17.05
2011-03-04,23.61,19.53,16.11,13.12,14.07,16.12,25.62,20.69,18.18,16.95,13.46,14.66,15.98,16.96,18.11
2011-03-07,24.81,20.81,17.43,14.26,15.32,17.44,26.2,21.4,18.9,17.64,13.89,15.25,16.64,17.65,18.61
2011-03-08,22.18,18.61,15.66,12.8,13.74,15.65,24.8,20.22,17.89,16.68,12.96,14.36,15.73,16.69,17.98
2011-03-09,22.91,19.12,16.09,13.22,14.14,16.09,25.09,20.55,18.21,17.0,13.4,14.7,16.05,17.01,18.36
2011-03-10,26.22,22.61,19.69,16.85,17.79,19.69,27.0,22.65,20.29,19.07,15.15,16.64,18.06,19.08,19.58
2011-03-11,21.46,18.36,15.81,13.51,14.19,15.81,25.13,20.85,18.59,17.4,13.7,15.07,16.44,17.4,18.6
2011-03-14,24.62,21.3,18.73,16.45,17.11,18.73,26.78,22.19,19.76,18.49,14.67,16.05,17.48,18.51,19.48
2011-03-15,27.4,23.62,20.6,18.31,18.92,20.6,30.33,24.33,21.31,19.81,15.45,16.98,18.62,19.83,20.2
2011-03-16,37.69,30.21,25.47,22.52,23.14,25.48,36.26,29.78,25.91,24.03,18.17,20.34,22.47,24.06,22.48
2011-03-17,20.34,18.28,14.21,14.57,14.43,14.21,34.77,27.66,23.79,21.91,16.29,18.34,20.4,21.93,21.36
2011-03-18,31.79,25.25,20.22,15.35,17.1,20.24,28.94,25.21,21.86,20.24,14.87,16.95,18.88,20.29,20.43
2011-03-21,26.14,21.31,17.4,13.57,14.93,17.42,26.46,22.46,19.59,18.15,13.45,15.26,16.94,18.19,18.69
2011-03-22,24.6,20.55,17.06,13.44,14.76,17.08,25.9,21.79,19.12,17.8,13.4,15.11,16.68,17.83,18.39
2011-03-23,22.4,18.78,15.75,12.85,13.86,15.77,24.53,20.48,18.06,16.82,12.75,14.31,15.78,16.85,17.65
2011-03-24,21.32,17.75,14.81,12.0,12.98,14.82,23.64,19.54,17.25,16.1,12.55,13.85,15.17,16.13,16.97
2011-03-25,21.07,17.5,14.66,11.98,12.89,14.66,23.42,19.52,17.33,16.21,12.57,13.95,15.28,16.23,17.06
2011-03-28,21.49,17.97,15.13,12.5,13.38,15.14,23.89,19.64,17.38,16.25,12.71,14.03,15.32,16.27,17.17
2011-03-29,21.46,17.72,14.72,12.06,12.93,14.73,23.8,19.55,17.24,16.09,12.58,13.87,15.17,16.11,17.04
2011-03-30,20.22,16.54,13.75,11.61,12.2,13.76,22.94,18.79,16.6,15.48,12.03,13.31,14.58,15.5,16.56
2011-03-31,20.03,16.16,13.42,11.41,11.93,13.43,22.95,18.56,16.37,15.26,11.93,13.15,14.39,15.28,16.55
2011-04-01,19.3,15.31,12.8,10.97,11.46,12.8,22.73,18.48,16.36,15.29,12.07,13.26,14.45,15.32,16.52
2011-04-04,20.52,16.1,13.28,11.34,11.82,13.28,22.56,18.27,16.11,15.0,11.84,12.96,14.15,15.01,16.4
2011-04-05,17.9,14.49,12.07,10.7,10.97,12.07,21.8,17.57,15.57,14.51,11.51,12.57,13.71,14.52,16.09
2011-04-06,17.7,14.17,11.5,10.08,10.48,11.5,21.29,17.33,15.37,14.34,11.33,12.42,13.55,14.35,15.97
2011-04-07,18.47,14.79,12.2,11.02,11.25,12.19,22.12,17.89,15.79,14.69,11.64,12.68,13.85,14.69,16.5
2011-04-08,20.03,15.84,12.97,11.57,11.9,12.97,23.12,18.62,16.37,15.2,11.98,13.09,14.32,15.22,17.03
2011-04-11,21.18,16.98,13.86,12.53,13.04,13.85,23.15,18.46,16.2,15.01,11.83,12.91,14.14,15.03,16.9
2011-04-12,22.4,18.05,14.63,13.29,13.81,14.63,23.56,18.86,16.58,15.37,12.01,13.19,14.47,15.38,17.22
2011-04-13,16.58,14.88,11.52,11.99,11.82,11.52,22.34,17.79,15.65,14.55,11.59,12.6,13.75,14.56,16.71
2011-04-14,16.45,14.3,9.77,12.35,11.45,9.77,21.79,17.2,15.01,13.87,10.95,11.91,13.08,13.88,16.4
2011-04-15,21.31,16.69,13.35,10.53,11.45,13.36,23.06,18.54,16.16,15.01,11.55,12.84,14.11,15.04,16.13
2011-04-18,21.9,17.42,14.01,11.12,12.06,14.03,24.04,19.23,16.74,15.54,11.95,13.26,14.59,15.57,16.67
2011-04-19,20.04,15.92,12.92,10.41,11.23,12.93,22.61,17.92,15.63,14.51,11.29,12.46,13.66,14.54,15.93
2011-04-20,18.83,15.01,12.25,10.14,10.76,12.26,21.35,17.16,15.07,14.04,11.2,12.2,13.27,14.07,15.36
2011-04-21,17.73,14.23,11.68,9.78,10.3,11.69,20.59,16.58,14.64,13.66,11.01,11.92,12.93,13.68,15.15
2011-04-25,18.47,15.0,12.34,10.28,10.85,12.35,20.79,16.82,14.88,13.9,11.22,12.15,13.18,13.93,15.35
2011-04-26,18.03,14.72,12.16,10.31,10.76,12.16,20.3,16.36,14.55,13.62,11.14,11.98,12.94,13.64,15.07
2011-04-27,17.38,14.34,12.1,10.38,10.83,12.11,19.92,16.23,14.5,13.61,11.19,12.02,12.95,13.63,14.96
2011-04-28,15.77,12.89,11.05,9.93,10.09,11.06,18.76,15.38,13.75,12.91,10.77,11.46,12.31,12.93,14.36
2011-04-29,16.54,13.53,11.65,10.49,10.67,11.66,19.36,15.73,14.1,13.26,11.13,11.82,12.66,13.28,14.68
2011-05-02,17.63,14.42,12.41,11.31,11.43,12.42,20.3,16.44,14.74,13.88,11.72,12.39,13.26,13.9,15.3
2011-05-03,19.15,15.22,12.76,11.07,11.5,12.76,21.71,17.5,15.59,14.62,12.16,12.95,13.92,14.64,16.01
2011-05-04,19.3,15.45,12.92,11.13,11.59,12.93,21.77,17.55,15.66,14.7,12.1,12.98,13.99,14.72,16.17
2011-05-05,23.16,18.72,15.57,13.18,13.87,15.58,23.67,19.44,17.34,16.27,13.2,14.29,15.45,16.3,17.26
2011-05-06,23.92,18.69,14.94,12.2,13.0,14.95,23.58,18.99,16.77,15.64,12.42,13.57,14.79,15.67,16.64
2011-05-09,19.84,15.81,13.3,11.63,12.03,13.31,22.06,17.73,15.7,14.65,11.65,12.74,13.87,14.66,16.09
2011-05-10,16.58,13.54,11.35,10.3,10.46,11.36,20.02,16.21,14.36,13.4,10.95,11.75,12.73,13.41,15.24
2011-05-11,19.33,16.12,13.72,12.09,12.47,13.72,21.56,17.47,15.54,14.54,11.91,12.79,13.82,14.56,16.06
2011-05-12,17.29,14.45,12.28,11.17,11.36,12.28,20.4,16.66,14.77,13.79,11.3,12.1,13.1,13.8,15.62
2011-05-13,19.21,15.85,13.43,12.17,12.42,13.43,21.33,17.34,15.39,14.37,11.79,12.62,13.65,14.38,16.07
2011-05-16,22.29,18.44,15.56,14.06,14.49,15.56,22.16,18.09,16.06,15.0,12.23,13.15,14.24,15.01,16.6
2011-05-17,21.67,17.87,14.78,13.35,13.9,14.78,22.34,18.19,16.14,15.08,12.34,13.24,14.32,15.09,16.61
2011-05-18,15.72,14.07,10.82,11.47,11.23,10.82,20.09,16.3,14.44,13.46,11.13,11.85,12.82,13.47,15.65
2011-05-19,14.15,12.26,8.24,11.9,10.68,8.24,19.41,15.57,13.75,12.78,10.58,11.25,12.18,12.79,15.34
2011-05-20,21.4,16.7,13.45,10.85,11.68,13.45,22.45,17.79,15.57,14.49,11.46,12.53,13.67,14.51,15.73
2011-05-23,21.84,17.91,14.84,12.24,13.05,14.85,22.97,18.64,16.46,15.38,12.25,13.37,14.54,15.4,16.54
2011-05-24,21.2,17.41,14.49,11.94,12.79,14.51,22.48,18.31,16.18,15.12,12.18,13.17,14.3,15.14,16.31
2011-05-25,20.07,16.6,13.83,11.47,12.21,13.84,21.48,17.6,15.63,14.63,11.87,12.81,13.87,14.65,15.92
2011-05-26,18.61,15.42,12.84,10.93,11.38,12.85,20.84,16.91,15.05,14.09,11.5,12.37,13.37,14.11,15.43
2011-05-27,18.72,15.4,12.89,11.11,11.52,12.9,20.7,16.79,15.03,14.13,11.79,12.55,13.46,14.15,15.42
2011-05-31,18.23,14.91,12.66,11.2,11.44,12.66,20.19,16.44,14.66,13.75,11.46,12.17,13.09,13.76,15.15
2011-06-01,21.63,17.81,14.87,12.67,13.22,14.87,22.33,18.17,16.22,15.22,12.56,13.43,14.47,15.24,16.28
2011-06-02,21.53,18.03,15.19,12.93,13.49,15.2,22.37,18.33,16.36,15.33,12.63,13.49,14.56,15.35,16.33
2011-06-03,20.73,17.7,15.33,13.32,13.87,15.33,22.25,18.43,16.55,15.56,12.88,13.77,14.81,15.58,16.58
2011-06-06,21.88,18.78,16.46,14.6,15.07,16.46,22.64,18.95,17.13,16.18,13.45,14.38,15.43,16.19,16.99
2011-06-07,19.48,16.99,15.17,13.83,14.06,15.18,21.66,18.26,16.54,15.63,13.01,13.91,14.92,15.64,16.53
2011-06-08,20.8,17.89,15.95,14.56,14.85,15.95,22.45,18.91,17.14,16.21,13.81,14.52,15.49,16.22,17.11
2011-06-09,19.22,16.38,14.35,13.03,13.28,14.36,21.29,17.89,16.14,15.22,12.77,13.55,14.53,15.23,16.24
2011-06-10,20.47,17.33,15.23,14.13,14.23,15.23,22.39,18.74,16.91,15.94,13.36,14.2,15.21,15.95,16.89
2011-06-13,22.14,18.6,16.09,15.08,15.13,16.09,23.62,19.68,17.74,16.71,13.89,14.85,15.94,16.72,17.48
2011-06-14,18.92,16.41,14.27,13.8,13.98,14.27,22.06,18.34,16.43,15.43,12.93,13.7,14.71,15.44,16.63
2011-06-15,27.07,21.56,18.07,16.61,17.17,18.07,26.87,21.68,19.29,18.06,14.68,15.84,17.13,18.08,18.55
2011-06-16,18.41,16.35,12.19,13.83,13.24,12.19,29.79,23.51,20.6,19.17,15.56,16.68,18.1,19.19,19.52
2011-06-17,28.12,22.63,18.57,14.79,16.07,18.58,27.38,23.2,20.27,18.85,14.35,16.04,17.66,18.89,19.13
2011-06-20,26.02,21.34,17.5,14.21,15.19,17.51,26.09,21.72,19.1,17.82,13.78,15.3,16.76,17.86,18.3
2011-06-21,22.92,19.04,15.71,12.99,13.76,15.71,24.23,19.95,17.56,16.37,12.77,14.07,15.41,16.4,17.16
2011-06-22,21.81,18.34,15.41,13.03,13.7,15.42,24.09,19.83,17.51,16.37,12.86,14.14,15.43,16.39,17.21
2011-06-23,24.51,20.57,17.2,14.01,15.06,17.21,25.4,21.13,18.68,17.48,13.74,15.12,16.49,17.52,18.01
2011-06-24,25.79,21.67,18.19,14.82,15.97,18.2,26.48,22.18,19.55,18.26,14.23,15.72,17.19,18.3,18.69
2011-06-27,24.87,20.8,17.43,14.19,15.29,17.45,26.0,21.28,18.64,17.34,13.3,14.81,16.29,17.38,17.99
2011-06-28,23.75,19.57,16.22,13.21,14.23,16.23,25.11,20.33,17.85,16.64,13.0,14.32,15.67,16.66,17.44
2011-06-29,20.34,16.46,13.5,11.41,11.91,13.5,22.52,18.3,16.12,15.02,11.88,12.98,14.17,15.04,16.24
2011-06-30,18.31,14.66,12.43,11.24,11.32,12.44,21.58,17.45,15.44,14.42,11.59,12.58,13.66,14.44,15.66
2011-07-01,17.03,13.97,11.98,11.83,11.18,11.99,20.17,16.33,14.6,13.72,11.36,12.15,13.07,13.74,14.95
2011-07-05,17.23,14.55,12.62,12.02,11.81,12.62,20.36,16.71,14.97,14.07,11.51,12.43,13.4,14.09,15.25
2011-07-06,17.83,14.94,12.96,12.26,12.17,12.96,20.96,17.12,15.33,14.39,11.94,12.73,13.7,14.41,15.71
2011-07-07,16.32,14.01,12.87,13.56,12.83,12.87,20.03,16.47,14.72,13.82,11.54,12.26,13.17,13.83,15.17
2011-07-08,17.25,14.48,12.7,12.2,12.13,12.7,20.71,17.15,15.31,14.33,11.69,12.57,13.6,14.35,15.69
2011-07-11,24.53,20.45,17.51,15.76,16.16,17.51,24.3,19.73,17.44,16.26,12.98,14.12,15.37,16.28,17.35
2011-07-12,24.58,20.28,17.22,15.42,16.0,17.22,25.13,20.26,17.85,16.64,13.36,14.45,15.71,16.65,17.63
2011-07-13,21.54,18.55,15.52,14.17,14.69,15.52,24.92,20.41,18.19,17.05,13.76,14.93,16.17,17.07,17.87
2011-07-14,18.04,16.25,12.77,13.19,13.03,12.77,26.56,21.44,18.98,17.76,14.33,15.54,16.83,17.79,18.58
2011-07-15,25.91,20.81,16.92,13.31,14.56,16.95,25.63,21.76,18.93,17.57,13.38,14.94,16.46,17.62,17.96
2011-07-18,26.56,21.53,17.83,14.22,15.51,17.86,26.06,22.25,19.55,18.23,13.99,15.59,17.12,18.27,18.63
2011-07-19,24.1,19.4,16.01,12.83,13.93,16.02,24.71,20.39,17.91,16.7,12.86,14.31,15.7,16.73,17.35
2011-07-20,23.92,19.49,16.12,13.01,14.07,16.14,24.27,20.21,17.79,16.6,12.88,14.28,15.63,16.63,17.25
2011-07-21,21.94,18.09,15.09,12.45,13.31,15.1,23.07,18.98,16.77,15.67,12.3,13.56,14.8,15.7,16.45
2011-07-22,21.47,17.74,14.88,12.4,13.2,14.89,22.66,18.69,16.54,15.48,12.28,13.46,14.64,15.51,16.26
2011-07-25,23.7,19.77,16.65,13.73,14.72,16.66,24.11,20.13,17.86,16.74,13.23,14.54,15.82,16.76,17.35
2011-07-26,24.6,20.34,17.03,13.96,15.02,17.05,24.87,20.61,18.22,17.04,13.35,14.72,16.08,17.07,17.59
2011-07-27,28.66,23.65,19.82,15.85,17.31,19.83,27.27,23.05,20.37,19.04,14.71,16.37,17.93,19.08,19.19
2011-07-28,29.88,24.59,20.61,16.54,18.02,20.63,28.07,23.75,20.95,19.56,14.97,16.76,18.39,19.6,19.59
2011-07-29,33.75,27.38,22.6,17.86,19.58,22.62,29.47,24.92,21.87,20.38,15.59,17.41,19.13,20.42,19.88
2011-08-01,30.39,25.45,21.45,17.37,18.83,21.47,27.93,23.59,20.93,19.59,15.09,16.85,18.46,19.63,19.18
2011-08-02,30.68,26.09,22.39,18.55,19.93,22.41,28.52,24.46,21.95,20.65,16.17,17.92,19.52,20.68,20.27
2011-08-03,28.95,24.6,21.0,17.59,18.72,21.02,28.43,24.24,21.69,20.38,15.98,17.68,19.27,20.42,20.26
2011-08-04,39.48,33.81,28.86,24.04,25.63,28.88,34.26,30.1,26.93,25.34,19.79,21.99,23.97,25.38,24.16
2011-08-05,48.87,39.8,32.56,25.29,27.93,32.59,39.3,34.97,30.71,28.62,21.43,24.26,26.84,28.68,26.84
2011-08-08,66.76,55.78,45.45,34.07,38.46,45.52,47.91,43.53,37.88,35.05,25.25,29.15,32.63,35.12,30.96
2011-08-09,61.17,49.58,40.0,30.5,33.89,40.04,45.21,40.67,35.53,32.97,24.23,27.7,30.82,33.06,29.23
2011-08-10,66.73,54.32,44.24,33.87,37.65,44.27,46.64,42.02,37.02,34.48,25.44,29.09,32.3,34.56,30.4
2011-08-11,56.21,46.08,38.29,30.84,33.43,38.31,44.46,39.32,34.21,31.73,23.39,26.64,29.62,31.78,28.19
2011-08-12,46.93,39.95,34.0,27.91,30.01,34.01,42.98,38.21,33.58,31.31,23.49,26.58,29.37,31.37,27.95
2011-08-15,35.94,30.65,26.42,23.04,23.88,26.43,38.46,32.52,28.82,27.0,20.97,23.3,25.46,27.05,25.31
2011-08-16,34.37,28.84,25.25,22.32,23.04,25.26,39.13,33.07,29.17,27.28,21.15,23.47,25.68,27.32,25.41
2011-08-17,26.91,22.77,20.21,19.83,19.45,20.21,38.94,32.13,28.17,26.26,20.27,22.49,24.65,26.3,25.17
2011-08-18,36.9,31.5,27.05,25.16,25.18,27.05,50.66,44.57,38.6,35.73,26.4,29.96,33.34,35.81,30.97
2011-08-19,51.48,45.46,36.59,27.11,30.73,36.66,43.89,41.35,35.65,32.89,24.24,27.34,30.59,33.01,31.74
2011-08-22,50.67,43.83,35.47,26.34,29.86,35.53,43.97,40.86,35.09,32.34,23.76,26.89,30.09,32.46,31.26
2011-08-23,45.82,37.62,30.64,23.2,26.02,30.66,40.11,36.43,31.49,29.11,21.05,24.26,27.12,29.18,28.59
2011-08-24,43.53,36.46,29.82,22.78,25.42,29.88,39.93,36.26,30.8,28.22,20.24,23.24,26.14,28.32,27.85
2011-08-25,48.88,41.67,34.31,25.95,29.22,34.33,41.35,38.09,32.91,30.44,22.07,25.4,28.37,30.51,29.62
2011-08-26,46.35,38.67,32.03,24.42,27.41,32.09,40.81,37.08,31.84,29.35,21.11,24.37,27.31,29.45,28.53
2011-08-29,39.17,32.96,27.82,22.43,24.41,27.87,36.91,32.99,28.39,26.18,19.07,21.77,24.36,26.26,25.96
2011-08-30,38.68,32.67,27.4,22.01,23.91,27.43,36.9,32.86,28.41,26.26,19.28,21.95,24.48,26.34,26.1
2011-08-31,38.88,32.9,27.96,22.94,24.72,27.99,37.16,33.3,28.99,26.94,20.31,22.83,25.25,27.02,26.76
2011-09-01,37.39,31.56,26.87,22.09,23.78,26.87,36.59,32.68,28.63,26.67,20.0,22.61,25.0,26.71,26.51
2011-09-02,39.7,33.92,28.98,23.75,25.65,29.01,39.36,35.37,30.94,28.77,21.39,24.3,26.94,28.84,28.15
2011-09-06,46.02,39.19,33.5,27.56,29.66,33.44,41.32,36.6,32.2,30.02,22.37,25.38,28.08,29.99,29.08
2011-09-07,37.9,32.13,27.68,23.7,25.0,27.69,38.95,34.46,29.96,27.83,20.78,23.49,26.02,27.86,27.3
2011-09-08,38.89,33.51,29.07,24.78,26.22,29.09,40.13,35.71,31.22,29.07,21.97,24.71,27.27,29.14,28.03
2011-09-09,50.21,42.73,36.79,30.35,32.73,36.81,45.69,41.71,36.83,34.38,25.64,29.18,32.27,34.44,31.93
2011-09-12,48.87,41.99,36.25,31.04,32.68,36.26,46.12,42.2,37.25,34.73,25.93,29.43,32.56,34.8,32.44
2011-09-13,37.82,32.92,29.5,26.93,27.53,29.51,42.75,38.68,34.49,32.31,24.61,27.64,30.4,32.35,30.83
2011-09-14,29.84,25.99,23.75,24.65,23.34,23.75,39.79,35.28,31.34,29.37,22.58,25.23,27.67,29.41,28.9
2011-09-15,21.66,19.46,15.95,18.01,17.27,15.95,38.77,33.73,30.0,28.16,21.63,24.24,26.55,28.18,28.43
2011-09-16,38.22,33.0,27.2,20.54,23.18,27.23,36.93,33.88,29.65,27.58,20.59,23.33,25.84,27.65,27.78
2011-09-19,39.69,34.47,28.22,21.16,23.92,28.28,38.27,35.13,30.53,28.3,20.95,23.78,26.46,28.41,28.33
2011-09-20,39.52,33.77,28.09,21.33,24.02,28.11,37.55,34.29,30.04,27.95,20.83,23.59,26.17,28.01,28.12
2011-09-21,42.02,35.75,29.48,22.36,25.16,29.5,38.79,35.62,31.29,29.17,21.73,24.74,27.38,29.25,29.08
2011-09-22,50.33,45.01,37.65,28.55,32.27,37.72,45.74,43.18,38.14,35.54,27.02,29.98,33.33,35.67,34.39
2011-09-23,48.16,43.01,35.93,27.15,30.69,35.98,44.23,41.63,36.56,33.99,25.48,28.61,31.81,34.1,33.16
2011-09-26,47.65,41.68,34.76,26.38,29.73,34.79,43.7,40.74,35.73,33.2,24.6,27.9,31.05,33.3,32.43
2011-09-27,44.91,38.49,32.17,24.36,27.52,32.2,41.42,38.15,33.5,31.16,22.98,26.23,29.16,31.24,30.72
2011-09-28,47.5,41.5,34.72,26.44,29.78,34.75,43.39,40.57,35.65,33.17,24.58,27.96,31.06,33.26,32.33
2011-09-29,48.9,42.67,35.94,27.43,30.9,35.97,45.12,42.14,37.12,34.58,25.99,29.21,32.41,34.68,33.45
2011-09-30,49.38,43.37,37.1,28.91,32.27,37.13,46.24,43.29,38.29,35.71,27.03,30.2,33.49,35.81,34.31
2011-10-03,51.62,46.58,41.16,33.46,36.67,41.18,49.47,46.63,41.53,38.88,30.08,33.2,36.6,38.98,36.79
2011-10-04,48.65,44.04,39.29,32.27,35.24,39.31,48.5,45.59,40.89,38.39,29.55,32.9,36.2,38.49,36.47
2011-10-05,41.8,38.06,34.22,28.62,30.95,34.23,43.3,39.93,35.83,33.68,25.62,28.95,31.79,33.75,32.71
2011-10-06,40.68,36.81,32.97,27.56,29.81,32.97,42.49,38.99,35.04,32.96,25.19,28.39,31.13,33.01,32.17
2011-10-07,38.09,33.94,30.0,24.95,26.96,30.01,40.99,37.24,33.32,31.29,23.84,26.88,29.51,31.34,31.09
2011-10-10,37.17,32.71,28.76,24.18,25.88,28.77,40.2,36.01,32.11,30.12,22.88,25.82,28.39,30.18,29.93
2011-10-11,34.25,29.86,26.11,22.18,23.55,26.12,39.15,34.54,30.63,28.68,21.67,24.49,26.97,28.73,28.84
2011-10-12,31.72,27.07,23.35,20.25,21.14,23.36,37.05,31.63,27.91,26.06,19.72,22.22,24.47,26.1,26.55
2011-10-13,30.92,26.62,22.81,19.31,20.44,22.82,37.16,31.97,28.21,26.35,19.86,22.44,24.75,26.4,26.8
2011-10-14,28.65,23.58,19.93,16.93,17.82,19.93,35.85,29.5,25.9,24.11,18.01,20.43,22.59,24.16,24.98
2011-10-17,36.46,30.98,26.49,22.24,23.61,26.49,39.31,33.21,29.12,27.11,20.33,22.98,25.4,27.16,26.83
2011-10-18,31.29,26.66,23.38,21.53,21.63,23.38,38.38,31.49,27.45,25.47,19.15,21.53,23.79,25.5,26.02
2011-10-19,37.14,30.57,25.92,22.58,23.44,25.92,41.81,35.75,31.37,29.25,22.07,24.87,27.41,29.27,28.41
2011-10-20,19.89,18.39,15.6,15.44,15.5,15.6,41.9,35.46,31.2,29.12,22.04,24.83,27.34,29.17,28.42
2011-10-21,38.86,32.4,26.62,20.37,22.76,26.65,36.36,32.99,28.77,26.73,19.87,22.56,25.03,26.81,26.86
2011-10-24,35.92,29.44,24.51,19.4,21.32,24.54,34.36,30.38,26.6,24.83,18.78,21.18,23.34,24.89,25.1
2011-10-25,38.16,31.67,26.31,20.52,22.74,26.36,35.8,32.07,27.99,26.01,19.46,21.99,24.37,26.09,26.02
2011-10-26,36.35,29.99,24.76,19.17,21.3,24.8,35.48,31.22,27.14,25.22,18.84,21.33,23.62,25.3,25.35
2011-10-27,29.72,24.47,20.52,16.73,18.01,20.53,31.37,26.21,23.02,21.48,16.5,18.41,20.2,21.52,21.93
2011-10-28,28.69,24.17,20.6,17.1,18.28,20.61,30.82,25.92,22.89,21.42,16.73,18.5,20.19,21.46,21.9
2011-10-31,33.92,28.4,24.24,19.95,21.53,24.27,34.01,29.47,26.05,24.4,18.83,21.01,23.0,24.45,24.19
2011-11-01,44.56,35.97,29.62,23.26,25.65,29.66,39.27,35.17,30.4,28.16,20.82,23.65,26.3,28.23,27.72
2011-11-02,40.35,33.32,27.81,22.12,24.24,27.85,37.46,33.28,29.07,27.05,20.27,22.93,25.36,27.13,26.79
2011-11-03,35.45,29.3,24.63,19.88,21.58,24.66,35.78,30.91,26.89,24.98,18.82,21.17,23.39,25.04,25.31
2011-11-04,36.2,30.25,25.47,20.44,22.27,25.5,36.52,31.84,27.69,25.71,19.45,21.8,24.07,25.78,26.0
2011-11-07,34.76,29.4,24.94,20.34,22.0,24.96,36.02,30.83,27.07,25.26,19.21,21.58,23.74,25.32,25.57
2011-11-08,28.97,24.75,21.13,17.46,18.77,21.14,34.07,28.69,25.18,23.46,17.94,20.03,22.01,23.51,24.39
2011-11-09,45.17,37.32,31.11,24.58,26.98,31.12,40.73,36.24,31.72,29.55,22.1,25.06,27.71,29.61,28.84
2011-11-10,38.17,31.73,26.27,21.09,22.86,26.27,39.11,33.71,29.42,27.37,20.32,23.12,25.61,27.41,27.76
2011-11-11,32.2,27.07,22.58,18.31,19.73,22.58,35.95,30.65,26.9,25.08,19.43,21.52,23.57,25.13,26.19
2011-11-14,34.77,29.9,25.82,21.72,23.15,25.83,37.99,32.74,28.73,26.77,20.66,22.92,25.14,26.82,27.27
2011-11-15,31.46,26.29,22.38,19.2,20.19,22.38,37.07,31.17,27.33,25.47,19.59,21.78,23.89,25.5,26.42
2011-11-16,31.46,27.12,23.22,20.21,21.03,23.22,38.55,32.58,28.85,27.04,21.27,23.44,25.51,27.07,27.91
2011-11-17,25.76,21.72,18.11,16.36,17.04,18.11,41.87,36.1,31.96,29.96,23.28,25.84,28.23,29.99,30.07
2011-11-18,38.81,33.06,27.98,22.08,24.39,28.0,36.94,34.18,30.15,28.1,21.1,23.76,26.33,28.15,29.22
2011-11-21,38.74,33.72,28.99,23.03,25.42,29.03,37.18,34.67,30.87,28.89,21.56,24.58,27.17,28.97,29.77
2011-11-22,37.02,32.58,28.36,23.02,25.14,28.39,36.52,33.88,30.39,28.53,21.52,24.42,26.9,28.6,29.33
2011-11-23,39.39,34.49,29.96,24.35,26.55,29.98,37.81,35.22,31.59,29.68,22.43,25.44,28.0,29.75,30.54
2011-11-25,40.41,35.35,30.76,25.3,27.44,30.85,38.93,36.29,32.52,30.56,23.44,26.35,28.93,30.71,31.23
2011-11-28,37.45,33.0,28.9,23.93,25.83,28.91,37.12,33.99,30.54,28.73,22.11,24.77,27.14,28.78,29.69
2011-11-29,34.5,30.56,26.81,22.35,24.0,26.82,35.54,32.38,29.08,27.36,21.02,23.58,25.85,27.41,28.55
2011-11-30,31.71,27.37,23.68,19.9,21.18,23.69,32.97,29.42,26.18,24.57,18.93,21.15,23.17,24.6,26.18
2011-12-01,31.11,26.78,23.08,19.59,20.7,23.09,32.1,28.41,25.29,23.74,18.41,20.5,22.4,23.77,25.43
2011-12-02,32.13,27.7,24.01,20.79,21.74,24.01,32.28,28.56,25.43,23.89,18.75,20.71,22.57,23.92,25.5
2011-12-05,33.6,29.18,25.48,22.4,23.23,25.49,32.89,29.18,26.07,24.54,19.45,21.39,23.24,24.58,25.85
2011-12-06,31.65,27.65,24.36,21.43,22.33,24.37,33.04,28.8,25.72,24.22,19.34,21.18,22.95,24.25,25.64
2011-12-07,33.6,29.61,26.43,23.68,24.5,26.44,33.94,30.0,26.87,25.34,20.25,22.18,24.02,25.37,26.56
2011-12-08,35.0,31.14,27.87,24.82,25.77,27.87,35.13,31.36,28.1,26.49,21.0,23.12,25.1,26.52,27.6
2011-12-09,27.18,24.16,21.94,20.16,20.62,21.94,32.29,27.76,24.83,23.37,18.69,20.43,22.13,23.39,25.43
2011-12-12,30.21,26.89,24.45,22.58,22.94,24.45,33.69,29.2,26.16,24.61,19.33,21.38,23.27,24.64,26.46
2011-12-13,27.7,24.68,22.48,21.28,21.28,22.48,32.88,28.16,25.25,23.77,18.8,20.7,22.49,23.79,26.01
2011-12-14,30.05,25.03,21.9,21.03,20.84,21.91,33.0,28.27,25.41,23.95,18.94,20.89,22.68,23.98,26.28
2011-12-15,21.98,19.37,15.18,15.54,15.4,15.18,31.19,26.44,23.8,22.46,18.04,19.71,21.31,22.48,25.37
2011-12-16,30.75,26.12,22.28,18.09,19.67,22.3,32.3,29.08,25.89,24.28,18.62,20.87,22.9,24.34,25.18
2011-12-19,30.35,26.2,22.63,18.59,20.13,22.66,32.0,28.94,25.96,24.44,18.92,21.15,23.12,24.5,25.23
2011-12-20,27.96,23.64,20.19,16.56,17.89,20.2,29.99,26.52,23.65,22.22,17.23,19.2,20.99,22.27,23.19
2011-12-21,26.24,22.37,19.36,16.12,17.31,19.37,28.84,25.46,22.79,21.44,16.7,18.59,20.28,21.48,22.33
2011-12-22,25.47,21.7,18.72,15.66,16.74,18.73,28.56,24.96,22.31,20.97,16.36,18.18,19.83,21.02,21.96
2011-12-23,24.87,21.1,18.18,15.14,16.23,18.19,28.09,24.54,21.94,20.63,16.09,17.88,19.49,20.66,21.71
2011-12-27,25.26,21.33,18.17,15.16,16.19,18.17,28.63,24.67,21.96,20.6,16.08,17.81,19.44,20.63,21.76
2011-12-28,27.08,23.05,19.77,16.43,17.62,19.78,30.13,26.26,23.41,21.96,17.01,18.94,20.71,21.99,23.04
2011-12-29,25.71,21.96,18.71,15.5,16.6,18.71,29.76,25.52,22.7,21.28,16.45,18.33,20.06,21.32,22.36
2011-12-30,25.72,22.04,18.92,15.81,16.9,18.93,29.97,25.89,23.03,21.58,16.68,18.59,20.34,21.63,22.6
2012-01-03,24.45,20.93,18.11,15.52,16.36,18.12,29.34,24.78,21.99,20.61,16.02,17.78,19.42,20.64,21.91
2012-01-04,22.77,19.64,17.03,14.64,15.42,17.04,28.94,24.13,21.35,19.98,15.56,17.25,18.84,20.02,21.3
2012-01-05,21.45,18.47,16.04,13.99,14.57,16.04,27.77,23.14,20.58,19.29,15.11,16.7,18.22,19.32,20.73
2012-01-06,20.24,17.25,15.06,13.49,13.83,15.07,26.69,22.16,19.73,18.51,14.59,16.08,17.51,18.54,20.29
2012-01-09,19.62,16.82,14.97,13.62,13.86,14.97,26.78,22.23,19.8,18.57,14.69,16.16,17.58,18.6,20.25
2012-01-10,18.9,16.28,14.58,14.05,13.82,14.58,25.95,21.61,19.26,18.05,14.36,15.71,17.08,18.07,19.78
2012-01-11,18.55,15.92,14.13,13.61,13.39,14.13,26.95,21.93,19.42,18.18,14.45,15.81,17.19,18.2,20.04
2012-01-12,17.3,14.71,13.08,12.94,12.58,13.08,26.07,21.52,19.2,18.03,14.47,15.79,17.11,18.05,19.97
2012-01-13,18.23,15.39,13.32,12.73,12.57,13.32,27.22,22.22,19.79,18.58,14.91,16.27,17.63,18.61,20.8
2012-01-17,21.93,17.94,15.15,14.4,14.69,15.15,27.69,22.35,19.83,18.58,15.11,16.3,17.63,18.61,20.65
2012-01-18,15.89,14.47,11.75,13.35,12.77,11.75,26.06,20.54,18.12,16.89,13.74,14.76,16.0,16.9,19.7
2012-01-19,14.79,12.79,8.49,12.93,11.47,8.5,24.18,19.48,17.31,16.2,13.5,14.31,15.41,16.21,19.18
2012-01-20,22.15,17.86,14.89,12.89,13.35,14.9,25.83,21.06,18.43,17.19,13.62,14.88,16.21,17.23,18.62
2012-01-23,21.72,17.53,14.59,12.8,13.14,14.61,25.6,20.51,18.0,16.81,13.48,14.62,15.89,16.86,18.16
2012-01-24,21.79,17.81,14.95,13.12,13.49,14.96,25.59,20.5,17.99,16.79,13.4,14.56,15.85,16.83,18.18
2012-01-25,20.72,17.0,14.15,12.25,12.67,14.16,24.61,19.59,17.16,15.98,12.73,13.86,15.09,16.02,17.35
2012-01-26,21.11,17.81,15.4,14.02,14.2,15.41,25.1,20.35,18.0,16.89,13.86,14.87,16.03,16.93,18.1
2012-01-27,19.59,16.67,14.39,12.88,13.2,14.4,24.04,19.41,17.18,16.1,13.26,14.17,15.28,16.13,17.53
2012-01-30,20.93,17.95,15.59,13.9,14.3,15.6,24.76,20.23,17.98,16.88,13.8,14.85,16.03,16.91,18.13
2012-01-31,20.9,17.8,15.41,13.69,14.11,15.42,24.79,20.28,18.01,16.91,13.81,14.87,16.05,16.94,18.2
2012-02-01,19.29,16.34,14.35,13.03,13.26,14.35,23.42,19.12,17.07,16.06,13.31,14.23,15.29,16.08,17.58
2012-02-02,18.88,15.86,13.81,12.66,12.73,13.82,23.12,18.78,16.75,15.73,13.08,13.94,14.98,15.76,17.27
2012-02-03,17.57,14.75,13.04,12.48,12.24,13.04,21.43,17.5,15.75,14.87,12.84,13.4,14.24,14.89,16.52
2012-02-06,18.51,15.57,13.69,13.14,12.9,13.7,22.05,17.99,16.18,15.25,13.12,13.71,14.6,15.28,16.74
2012-02-07,17.88,15.05,13.1,12.55,12.34,13.1,21.69,17.78,15.93,15.0,12.87,13.46,14.34,15.02,16.47
2012-02-08,18.15,15.02,12.96,12.31,12.14,12.96,22.53,18.09,16.18,15.24,13.18,13.74,14.6,15.26,16.81
2012-02-09,17.94,14.67,12.39,11.78,11.64,12.39,22.88,18.24,16.28,15.31,13.23,13.77,14.65,15.32,17.2
2012-02-10,23.5,18.83,15.78,13.95,14.29,15.79,27.31,21.83,19.19,17.93,14.77,15.78,17.01,17.96,19.46
2012-02-13,18.75,15.47,12.9,11.62,12.12,12.91,23.89,18.94,16.79,15.71,13.18,13.96,14.98,15.73,17.91
2012-02-14,20.22,16.85,13.82,12.4,12.95,13.82,25.89,20.63,18.29,17.11,14.13,15.09,16.26,17.12,19.31
2012-02-15,22.6,18.16,14.01,12.84,13.29,14.01,27.25,21.25,18.66,17.35,14.1,15.14,16.42,17.37,19.54
2012-02-16,15.48,13.16,7.94,10.25,9.45,7.94,24.1,18.57,16.2,15.03,12.53,13.21,14.27,15.04,18.21
2012-02-17,21.49,17.05,13.97,11.79,12.38,13.99,24.69,20.6,17.87,16.59,12.83,14.19,15.58,16.63,17.71
2012-02-21,21.56,17.31,14.44,12.5,12.98,14.45,25.13,20.63,17.93,16.67,13.07,14.33,15.67,16.7,17.9
2012-02-22,20.14,16.4,13.74,11.99,12.4,13.75,24.49,20.02,17.46,16.26,12.77,14.02,15.31,16.29,17.62
2012-02-23,18.56,15.24,12.88,11.52,11.7,12.89,23.07,18.56,16.21,15.09,12.0,13.07,14.24,15.12,16.58
2012-02-24,18.61,15.14,12.79,11.63,11.68,12.8,23.36,18.71,16.32,15.19,12.11,13.15,14.33,15.21,16.74
2012-02-27,19.2,15.44,13.02,11.98,11.94,13.03,23.59,18.75,16.33,15.18,12.08,13.14,14.32,15.21,16.76
2012-02-28,19.0,15.45,13.28,12.33,12.3,13.29,23.62,18.95,16.55,15.41,12.33,13.37,14.54,15.43,17.0
2012-02-29,18.98,15.49,13.3,12.39,12.31,13.3,23.56,18.86,16.48,15.35,12.34,13.35,14.5,15.37,16.93
2012-03-01,18.65,14.84,12.72,12.0,11.8,12.73,23.22,18.41,16.05,14.91,11.93,12.92,14.07,14.93,16.72
2012-03-02,17.46,14.0,12.05,11.64,11.3,12.06,22.94,18.11,15.8,14.67,11.81,12.73,13.85,14.69,16.68
2012-03-05,17.87,14.53,12.42,11.7,11.55,12.42,23.57,18.52,16.16,15.0,11.95,12.96,14.14,15.02,17.09
2012-03-06,24.09,18.96,15.91,14.17,14.44,15.91,26.83,21.38,18.5,17.13,13.33,14.65,16.08,17.16,18.84
2012-03-07,20.97,16.58,13.86,12.85,12.76,13.86,25.28,19.82,17.14,15.84,12.47,13.58,14.88,15.86,17.92
2012-03-08,18.41,14.9,12.71,12.4,12.06,12.71,23.22,18.05,15.75,14.58,11.53,12.56,13.73,14.59,16.94
2012-03-09,16.68,13.64,11.64,11.92,11.44,11.64,22.57,17.61,15.45,14.36,11.61,12.52,13.59,14.37,16.66
2012-03-12,15.78,13.43,11.11,11.22,11.18,11.11,21.58,16.9,14.81,13.77,11.54,12.12,13.07,13.78,16.35
2012-03-13,15.64,14.04,11.77,13.04,12.58,11.77,20.68,16.31,14.39,13.44,11.34,11.93,12.8,13.44,15.69
2012-03-14,16.6,14.73,10.97,11.79,11.49,10.97,21.36,17.04,15.16,14.24,12.28,12.78,13.62,14.25,16.57
2012-03-15,15.69,13.29,7.85,11.99,10.63,7.85,20.11,16.12,14.36,13.49,11.85,12.2,12.94,13.5,16.34
2012-03-16,18.93,14.97,12.37,10.83,11.11,12.38,22.31,18.08,15.75,14.68,12.01,12.84,13.89,14.71,15.92
2012-03-19,18.76,14.92,12.38,10.74,11.14,12.39,21.81,17.6,15.38,14.34,11.75,12.56,13.58,14.36,15.76
2012-03-20,19.43,15.49,12.8,10.83,11.39,12.81,22.1,17.76,15.56,14.52,11.84,12.71,13.75,14.55,15.92
2012-03-21,18.7,15.01,12.38,10.33,10.96,12.38,20.95,16.87,14.87,13.9,11.37,12.2,13.18,13.92,15.25
2012-03-22,20.27,16.55,13.83,11.58,12.29,13.84,22.3,18.2,16.05,15.02,12.25,13.16,14.23,15.05,16.18
2012-03-23,18.24,14.86,12.43,10.51,11.11,12.44,20.52,16.56,14.67,13.73,11.33,12.1,13.04,13.76,15.08
2012-03-26,17.33,14.2,11.95,10.41,10.78,11.95,19.13,15.44,13.77,12.92,10.93,11.51,12.33,12.94,14.31
2012-03-27,17.83,14.72,12.48,10.96,11.3,12.48,20.07,16.18,14.43,13.55,11.43,12.06,12.92,13.57,14.71
2012-03-28,18.9,15.61,13.06,11.11,11.65,13.07,21.68,17.44,15.42,14.42,11.8,12.67,13.69,14.45,15.52
2012-03-29,17.99,14.92,12.59,10.73,11.26,12.59,20.97,16.83,14.92,13.94,11.32,12.22,13.23,13.96,15.23
2012-03-30,18.0,14.58,12.2,10.43,10.92,12.2,20.56,16.48,14.62,13.67,11.23,12.03,12.98,13.69,15.01
2012-04-02,17.02,13.76,11.75,10.56,10.72,11.75,19.99,16.08,14.3,13.41,11.22,11.9,12.78,13.42,14.74
2012-04-03,17.83,14.49,12.33,10.9,11.18,12.33,21.02,16.97,15.09,14.13,11.65,12.46,13.43,14.14,15.42
2012-04-04,18.24,14.85,12.55,11.01,11.33,12.56,21.59,17.38,15.43,14.42,11.73,12.65,13.69,14.44,15.86
2012-04-05,18.45,15.03,12.87,11.34,11.7,12.87,21.86,17.67,15.71,14.69,11.89,12.87,13.94,14.71,16.16
2012-04-09,19.65,16.27,14.15,12.71,13.0,14.15,23.07,18.73,16.69,15.63,12.77,13.74,14.85,15.66,16.92
2012-04-10,23.93,20.11,17.32,15.05,15.71,17.32,26.51,21.84,19.36,18.13,14.44,15.79,17.16,18.16,19.11
2012-04-11,21.7,18.03,15.59,13.82,14.24,15.59,25.58,20.97,18.61,17.41,13.86,15.15,16.47,17.43,18.73
2012-04-12,18.26,15.23,13.05,11.98,12.13,13.05,23.16,18.98,16.88,15.78,12.69,13.77,14.95,15.8,17.51
2012-04-13,20.64,17.31,14.69,13.15,13.46,14.69,24.39,19.94,17.68,16.49,13.12,14.31,15.59,16.51,18.02
2012-04-16,21.37,18.17,15.76,14.78,14.92,15.76,25.1,20.64,18.39,17.2,13.8,15.0,16.29,17.22,18.4
2012-04-17,19.78,16.68,14.1,13.07,13.46,14.1,23.04,18.78,16.62,15.5,12.66,13.57,14.7,15.51,17.02
2012-04-18,16.4,14.96,12.22,12.24,12.24,12.22,22.88,18.67,16.55,15.45,12.72,13.57,14.67,15.46,17.13
2012-04-19,15.53,13.95,10.86,12.44,11.87,10.85,23.59,19.42,17.22,16.06,13.0,14.01,15.21,16.07,17.68
2012-04-20,21.75,18.01,15.04,12.5,13.29,15.05,23.78,19.84,17.44,16.27,12.75,14.03,15.34,16.31,17.1
2012-04-23,22.76,19.33,16.27,13.36,14.34,16.29,24.65,20.76,18.3,17.09,13.48,14.78,16.13,17.13,17.75
2012-04-24,21.79,18.61,15.79,13.04,13.99,15.81,24.31,20.25,17.85,16.66,13.1,14.38,15.71,16.7,17.43
2012-04-25,19.82,16.63,13.96,11.67,12.38,13.97,22.57,18.47,16.26,15.15,12.1,13.14,14.3,15.18,16.14
2012-04-26,18.44,15.6,13.25,11.39,11.89,13.25,21.34,17.36,15.37,14.36,11.86,12.62,13.62,14.39,15.39
2012-04-27,18.33,15.43,13.12,11.43,11.84,13.13,21.08,17.07,15.2,14.25,11.95,12.63,13.56,14.27,15.3
2012-04-30,19.69,16.63,14.17,12.22,12.74,14.18,22.27,18.13,16.07,15.03,12.46,13.24,14.27,15.06,16.0
2012-05-01,18.03,15.06,12.88,11.27,11.64,12.88,20.92,17.06,15.21,14.27,12.06,12.69,13.6,14.29,15.21
2012-05-02,18.88,15.85,13.57,11.84,12.26,13.58,21.66,17.57,15.69,14.74,12.52,13.15,14.06,14.76,15.76
2012-05-03,19.99,16.7,14.16,12.24,12.73,14.17,22.72,18.35,16.29,15.25,12.7,13.48,14.5,15.28,16.17
2012-05-04,21.6,18.33,15.73,13.53,14.16,15.73,24.12,19.86,17.64,16.53,13.45,14.5,15.67,16.55,17.24
2012-05-07,21.18,18.17,15.88,13.77,14.41,15.89,23.68,19.76,17.66,16.56,13.5,14.55,15.72,16.59,17.13
2012-05-08,21.09,18.19,16.0,13.9,14.57,16.01,23.92,19.72,17.62,16.55,13.64,14.61,15.74,16.58,17.37
2012-05-09,22.97,20.08,17.82,15.87,16.43,17.82,24.94,20.96,18.76,17.63,14.42,15.52,16.75,17.65,18.25
2012-05-10,20.32,17.91,15.88,14.25,14.7,15.89,23.7,19.76,17.73,16.66,13.86,14.75,15.85,16.67,17.59
2012-05-11,21.06,18.76,16.8,14.89,15.51,16.8,24.2,20.28,18.24,17.16,14.12,15.17,16.33,17.18,18.05
2012-05-14,23.57,21.19,19.16,17.81,18.01,19.16,26.72,22.43,20.12,18.92,15.43,16.66,17.98,18.94,19.35
2012-05-15,24.9,21.49,18.94,17.86,17.86,18.94,27.77,23.32,20.86,19.59,15.88,17.18,18.58,19.61,20.25
2012-05-16,21.17,18.72,16.59,15.65,16.01,16.59,28.12,23.21,20.65,19.35,15.61,16.91,18.32,19.36,20.52
2012-05-17,18.77,17.13,14.0,14.42,14.27,14.0,29.49,24.29,21.5,20.07,15.9,17.36,18.93,20.08,21.21
2012-05-18,30.01,25.17,21.13,17.04,18.47,21.15,30.64,27.15,23.59,21.9,16.35,18.48,20.47,21.95,22.36
2012-05-21,26.27,22.14,18.78,15.43,16.59,18.8,28.45,24.64,21.5,19.99,15.09,16.95,18.72,20.03,20.67
2012-05-22,25.71,22.0,18.82,15.58,16.69,18.83,28.2,24.36,21.32,19.83,15.01,16.84,18.58,19.88,20.54
2012-05-23,25.91,22.01,18.68,15.38,16.51,18.7,28.66,24.83,21.69,20.17,15.29,17.13,18.89,20.21,20.96
2012-05-24,25.01,21.34,18.16,14.86,16.04,18.17,28.42,24.48,21.39,19.89,15.13,16.91,18.63,19.93,20.71
2012-05-25,24.86,21.14,18.03,14.84,15.98,18.04,28.23,24.29,21.34,19.88,15.15,16.95,18.65,19.93,20.75
2012-05-29,24.32,20.19,16.88,13.87,14.87,16.89,27.48,23.11,20.17,18.73,14.33,15.93,17.55,18.77,19.78
2012-05-30,26.47,22.43,19.0,15.55,16.75,19.01,28.96,24.7,21.68,20.18,15.37,17.18,18.92,20.22,20.9
2012-05-31,25.44,21.64,18.33,15.07,16.19,18.34,28.86,24.63,21.55,20.03,15.22,17.01,18.75,20.07,20.77
2012-06-01,29.77,25.87,22.44,18.75,20.09,22.45,31.95,28.02,24.77,23.14,17.38,19.71,21.74,23.19,23.49
2012-06-04,28.45,25.04,21.95,18.68,19.78,21.96,31.89,27.78,24.64,23.03,17.41,19.64,21.64,23.07,23.43
2012-06-05,24.78,22.29,19.95,17.11,18.15,19.96,30.21,26.16,23.35,21.9,16.83,18.82,20.63,21.93,22.49
2012-06-06,22.87,20.21,17.82,15.21,16.08,17.82,28.52,24.32,21.65,20.29,15.82,17.5,19.12,20.31,21.07
2012-06-07,20.23,17.72,15.47,13.43,14.0,15.48,27.19,22.63,20.01,18.68,14.48,16.03,17.57,18.7,19.75
2012-06-08,21.26,18.26,15.53,13.64,14.0,15.53,26.79,22.69,20.14,18.81,14.55,16.12,17.69,18.83,19.77
2012-06-11,24.0,20.72,18.27,17.05,17.12,18.27,28.58,24.28,21.71,20.38,15.84,17.61,19.24,20.4,20.82
2012-06-12,20.43,17.79,15.55,14.68,15.01,15.55,28.82,24.31,21.64,20.25,15.68,17.42,19.08,20.28,20.95
2012-06-13,23.94,20.44,17.17,15.3,16.02,17.17,30.92,26.39,23.43,21.9,17.0,18.81,20.6,21.93,22.26
2012-06-14,20.81,18.36,13.36,15.05,14.44,13.36,29.72,25.01,22.11,20.63,16.26,17.74,19.4,20.65,21.2
2012-06-15,27.75,22.76,18.53,14.46,15.87,18.55,28.07,23.74,20.5,18.93,13.96,15.83,17.63,18.98,19.39
2012-06-18,23.84,19.89,16.48,13.1,14.26,16.5,26.0,21.68,18.89,17.5,13.13,14.76,16.35,17.54,18.18
2012-06-19,22.68,18.81,15.6,12.68,13.63,15.61,25.22,20.7,18.06,16.76,12.8,14.24,15.7,16.8,17.41
2012-06-20,22.2,18.61,15.54,12.72,13.63,15.55,25.04,20.64,18.15,16.93,13.12,14.53,15.93,16.97,17.58
2012-06-21,24.42,20.61,17.46,14.07,15.32,17.47,26.27,22.46,19.91,18.62,14.3,15.97,17.52,18.66,19.08
2012-06-22,21.62,18.46,15.72,12.88,13.89,15.73,24.9,20.75,18.41,17.22,13.4,14.85,16.24,17.26,17.96
2012-06-25,22.9,20.11,17.46,14.61,15.61,17.47,26.0,22.04,19.67,18.45,14.37,15.96,17.43,18.49,18.98
2012-06-26,22.31,19.58,16.98,14.33,15.22,16.99,25.42,21.47,19.21,18.06,14.25,15.71,17.09,18.09,18.62
2012-06-27,22.46,19.62,16.91,13.98,15.01,16.92,25.86,21.73,19.35,18.14,14.09,15.66,17.12,18.17,18.77
2012-06-28,22.99,20.17,17.47,14.39,15.53,17.48,26.57,22.38,19.95,18.71,14.53,16.16,17.66,18.75,19.28
2012-06-29,19.73,16.98,14.66,12.8,13.33,14.67,23.41,19.41,17.27,16.19,13.01,14.13,15.33,16.21,17.14
2012-07-02,18.78,16.03,13.95,12.37,12.75,13.96,21.78,18.21,16.31,15.32,12.58,13.51,14.57,15.35,16.51
2012-07-03,18.27,15.45,13.42,12.08,12.33,13.42,21.28,17.61,15.78,14.81,12.21,13.07,14.08,14.83,16.11
2012-07-05,18.48,15.71,13.81,12.41,12.72,13.82,22.0,18.38,16.48,15.47,12.62,13.61,14.7,15.49,16.73
2012-07-06,18.29,15.39,13.4,12.14,12.32,13.4,22.14,18.43,16.57,15.6,12.85,13.8,14.85,15.62,16.99
2012-07-09,19.9,16.63,14.2,12.56,12.86,14.2,22.28,18.67,16.85,15.89,13.09,14.07,15.14,15.91,17.26
2012-07-10,21.46,18.18,15.77,13.91,14.36,15.77,23.06,19.52,17.71,16.75,13.85,14.92,16.0,16.77,17.87
2012-07-11,20.89,17.86,15.58,13.8,14.23,15.58,22.85,19.38,17.57,16.6,13.68,14.73,15.83,16.62,17.77
2012-07-12,20.21,17.49,15.17,13.57,13.89,15.17,22.45,19.04,17.26,16.3,13.62,14.52,15.56,16.31,17.64
2012-07-13,16.88,14.03,12.03,11.79,11.59,12.03,20.54,17.47,15.84,14.98,12.79,13.45,14.34,14.99,16.5
2012-07-16,18.59,15.51,13.34,12.93,13.09,13.34,20.79,17.75,16.12,15.25,13.07,13.73,14.62,15.27,16.68
2012-07-17,17.61,14.75,11.8,12.01,11.93,11.8,20.1,17.02,15.39,14.54,12.66,13.15,13.96,14.56,16.15
2012-07-18,15.25,13.61,10.33,11.61,11.15,10.33,19.0,16.16,14.59,13.76,12.03,12.45,13.21,13.77,15.91
2012-07-19,14.35,12.41,8.23,12.11,10.82,8.23,19.13,16.05,14.51,13.71,12.03,12.44,13.19,13.72,15.93
2012-07-20,19.88,16.42,13.8,11.75,12.34,13.81,22.36,18.8,16.68,15.64,12.66,13.69,14.82,15.68,16.53
2012-07-23,21.86,18.13,15.21,12.87,13.55,15.23,24.01,20.31,17.98,16.84,13.35,14.64,15.93,16.89,17.77
2012-07-24,24.83,20.71,17.45,14.36,15.43,17.47,25.88,22.2,19.64,18.39,14.37,15.9,17.35,18.44,19.13
2012-07-25,23.17,19.42,16.39,13.62,14.54,16.41,25.28,21.39,18.8,17.53,13.59,15.05,16.49,17.57,18.47
2012-07-26,21.03,17.57,14.72,12.26,13.05,14.73,23.46,19.53,17.26,16.14,12.77,14.0,15.26,16.19,17.17
2012-07-27,19.16,16.11,13.55,11.67,12.11,13.57,21.99,18.21,16.11,15.07,12.19,13.17,14.28,15.1,16.2
2012-07-30,20.33,17.52,15.21,13.64,13.98,15.22,22.75,18.94,16.87,15.85,13.0,13.97,15.06,15.88,16.96
2012-07-31,20.83,18.17,15.98,14.56,14.83,15.99,23.29,19.5,17.36,16.32,13.44,14.4,15.51,16.35,17.32
2012-08-01,20.24,17.81,15.84,14.61,14.82,15.84,22.91,19.06,17.07,16.11,13.38,14.32,15.36,16.14,17.16
2012-08-02,19.6,17.03,14.95,13.43,13.75,14.96,22.99,19.21,17.16,16.15,13.2,14.24,15.36,16.18,17.35
2012-08-03,15.69,13.97,12.57,12.24,11.91,12.57,20.69,17.1,15.41,14.55,12.22,13.0,13.9,14.57,16.2
2012-08-06,15.75,13.98,12.58,12.22,11.94,12.58,19.86,16.61,15.05,14.25,12.16,12.84,13.66,14.27,15.93
2012-08-07,15.56,13.76,12.51,12.28,12.0,12.52,20.09,16.79,15.17,14.32,12.18,12.85,13.7,14.34,15.97
2012-08-08,14.59,12.83,11.57,11.21,11.05,11.57,19.47,16.32,14.8,14.02,11.98,12.65,13.45,14.04,15.84
2012-08-09,13.72,11.72,10.38,10.0,10.11,10.38,18.87,15.77,14.25,13.47,11.61,12.16,12.92,13.48,15.51
2012-08-10,13.38,11.38,9.8,9.65,9.71,9.8,18.52,15.55,14.05,13.27,11.42,11.96,12.72,13.28,15.38
2012-08-13,14.04,12.65,10.67,10.63,10.64,10.67,18.35,15.4,13.95,13.2,11.35,11.92,12.67,13.21,15.36
2012-08-14,13.24,12.11,9.97,10.64,10.4,9.97,18.83,15.79,14.28,13.51,11.87,12.26,12.98,13.52,15.82
2012-08-15,13.2,11.78,8.97,10.63,10.04,8.97,18.86,15.84,14.3,13.5,11.78,12.19,12.94,13.51,15.99
2012-08-16,13.19,11.09,6.19,9.53,8.44,6.19,18.62,15.4,13.85,13.06,11.37,11.8,12.54,13.07,15.82
2012-08-17,17.55,14.4,12.09,10.54,10.89,12.1,20.55,17.09,15.18,14.23,11.56,12.49,13.51,14.26,15.4
2012-08-20,17.76,14.53,12.09,10.32,10.8,12.1,20.69,17.27,15.34,14.37,11.41,12.5,13.6,14.4,15.69
2012-08-21,19.02,15.47,12.82,10.84,11.38,12.83,21.45,17.82,15.75,14.73,11.84,12.83,13.93,14.75,16.03
2012-08-22,18.35,15.13,12.64,10.45,11.17,12.65,21.41,17.75,15.7,14.69,11.83,12.81,13.9,14.71,16.18
2012-08-23,19.4,16.15,13.58,11.34,12.05,13.59,22.32,18.66,16.51,15.44,12.19,13.39,14.59,15.47,16.79
2012-08-24,18.22,15.06,12.61,10.81,11.28,12.62,21.52,17.81,15.75,14.72,11.67,12.77,13.91,14.74,16.24
2012-08-27,18.64,15.46,12.95,11.04,11.55,12.96,21.87,18.08,16.0,14.95,11.87,12.98,14.14,14.98,16.52
2012-08-28,19.45,16.0,13.29,11.04,11.74,13.29,22.48,18.48,16.3,15.21,11.92,13.13,14.35,15.24,16.66
2012-08-29,19.63,16.3,13.59,11.41,12.05,13.6,22.57,18.66,16.46,15.36,12.23,13.32,14.51,15.39,16.93
2012-08-30,20.35,17.0,14.4,12.17,12.89,14.41,23.17,19.4,17.17,16.04,12.55,13.84,15.14,16.07,17.46
2012-08-31,20.08,16.59,13.98,11.81,12.49,13.99,23.19,19.2,17.01,15.92,12.74,13.87,15.07,15.94,17.32
2012-09-04,20.43,17.14,14.5,12.33,12.94,14.51,23.02,18.96,16.85,15.76,12.7,13.75,14.93,15.79,17.25
2012-09-05,20.52,17.31,14.74,12.52,13.2,14.75,22.29,18.5,16.54,15.51,12.46,13.56,14.71,15.53,16.84
2012-09-06,17.4,14.47,12.54,11.31,11.49,12.54,20.14,16.68,14.89,13.96,11.71,12.36,13.29,13.98,15.71
2012-09-07,14.97,12.54,10.85,10.13,10.12,10.85,18.33,15.18,13.51,12.63,10.57,11.15,12.02,12.64,14.77
2012-09-10,16.85,14.21,12.25,11.32,11.38,12.26,18.85,15.75,14.18,13.36,11.33,11.95,12.78,13.37,15.09
2012-09-11,19.33,15.74,13.28,12.01,12.2,13.29,20.05,16.55,14.78,13.87,11.84,12.38,13.24,13.88,15.41
2012-09-12,18.3,15.24,13.11,12.47,12.33,13.11,19.69,16.35,14.63,13.74,11.87,12.32,13.14,13.76,15.16
2012-09-13,15.89,13.06,11.35,11.63,11.21,11.35,17.53,14.51,13.09,12.37,10.88,11.25,11.9,12.37,13.84
2012-09-14,15.2,12.69,11.35,11.69,11.29,11.35,17.29,14.66,13.46,12.86,11.84,11.99,12.48,12.86,14.28
2012-09-17,14.38,12.75,10.75,10.98,10.9,10.75,17.64,14.78,13.45,12.78,11.57,11.79,12.36,12.78,14.65
2012-09-18,12.81,11.6,9.27,10.49,10.05,9.27,16.78,14.06,12.75,12.06,10.75,11.03,11.64,12.06,14.23
2012-09-19,13.27,11.64,8.26,11.05,10.09,8.26,16.12,13.48,12.23,11.55,10.38,10.6,11.17,11.56,13.78
2012-09-20,14.42,12.07,6.52,11.66,10.05,6.53,16.6,13.54,12.17,11.43,10.17,10.41,11.03,11.44,13.97
2012-09-21,16.07,12.81,10.71,9.61,9.75,10.72,18.72,15.0,13.35,12.52,10.63,11.17,11.95,12.54,13.68
2012-09-24,16.23,12.88,10.79,9.73,9.83,10.79,18.7,14.97,13.31,12.47,10.37,11.05,11.89,12.49,13.65
2012-09-25,17.41,14.05,11.85,10.49,10.76,11.85,19.85,15.9,14.17,13.29,11.0,11.77,12.66,13.31,14.34
2012-09-26,19.75,15.76,13.12,11.35,11.81,13.12,21.76,17.3,15.25,14.24,11.54,12.46,13.49,14.26,15.23
2012-09-27,17.03,13.67,11.51,10.34,10.48,11.51,19.8,15.69,13.87,12.94,10.59,11.36,12.29,12.96,14.11
2012-09-28,17.86,14.35,12.14,10.84,11.06,12.14,20.55,16.3,14.44,13.5,11.03,11.87,12.83,13.52,14.51
2012-10-01,18.53,15.02,12.81,11.66,11.77,12.81,20.99,16.68,14.78,13.82,11.39,12.18,13.14,13.85,14.83
2012-10-02,18.32,14.88,12.69,11.3,11.57,12.69,20.8,16.67,14.83,13.89,11.43,12.26,13.22,13.91,14.88
2012-10-03,16.39,13.43,11.71,10.79,10.9,11.72,19.75,15.96,14.18,13.27,11.0,11.7,12.62,13.29,14.51
2012-10-04,15.33,12.98,11.48,10.8,10.82,11.48,18.84,15.32,13.68,12.85,11.03,11.51,12.29,12.87,14.13
2012-10-05,14.55,12.2,10.73,10.36,10.17,10.73,18.1,15.05,13.55,12.78,11.08,11.54,12.27,12.8,14.08
2012-10-08,15.46,13.0,11.4,10.79,10.78,11.4,18.58,15.35,13.78,12.99,11.15,11.69,12.45,13.0,14.32
2012-10-09,17.41,14.39,12.45,11.64,11.67,12.45,19.89,16.43,14.74,13.88,11.95,12.47,13.29,13.89,14.97
2012-10-10,17.99,14.95,12.89,12.15,12.1,12.89,19.82,16.48,14.83,13.99,12.07,12.6,13.4,14.0,15.14
2012-10-11,15.96,13.13,11.25,10.52,10.66,11.25,18.93,15.78,14.21,13.39,11.51,12.02,12.82,13.4,14.72
2012-10-12,16.71,13.69,11.77,10.91,11.16,11.77,19.37,16.08,14.45,13.61,11.73,12.24,13.04,13.62,14.82
2012-10-15,16.81,14.05,11.55,10.79,11.08,11.55,18.95,15.7,14.1,13.26,11.4,11.91,12.71,13.27,14.5
2012-10-16,14.2,12.93,10.51,10.84,10.72,10.51,18.51,15.33,13.77,12.95,11.24,11.69,12.44,12.96,14.3
2012-10-17,13.87,12.33,9.25,10.83,10.26,9.25,18.15,14.91,13.4,12.61,10.98,11.41,12.12,12.61,14.04
2012-10-18,14.16,11.89,6.6,8.4,7.78,6.6,18.47,15.1,13.52,12.7,11.13,11.5,12.22,12.71,14.1
2012-10-19,21.18,16.79,13.81,11.73,12.29,13.83,21.38,17.71,15.59,14.58,11.86,12.77,13.82,14.61,14.96
2012-10-22,21.28,17.31,14.42,12.4,12.92,14.43,21.75,18.15,16.05,15.03,12.23,13.18,14.25,15.06,15.37
2012-10-23,22.48,18.55,15.66,13.43,14.08,15.68,22.73,19.04,16.85,15.8,12.79,13.83,14.97,15.83,16.0
2012-10-24,22.64,18.81,15.92,13.69,14.33,15.94,23.07,19.36,17.12,16.03,12.89,14.0,15.18,16.07,16.26
2012-10-25,22.12,18.53,15.81,13.71,14.3,15.83,22.76,19.02,16.85,15.8,12.81,13.85,14.98,15.83,16.01
2012-10-26,20.86,17.57,14.98,12.96,13.54,14.99,21.85,18.21,16.16,15.15,12.27,13.28,14.37,15.18,15.54
2012-10-31,21.55,18.54,16.16,14.39,14.86,16.17,22.42,18.65,16.62,15.61,12.75,13.74,14.83,15.64,15.97
2012-11-01,18.87,16.39,14.59,13.49,13.64,14.6,20.72,17.15,15.39,14.49,12.09,12.89,13.82,14.51,15.01
2012-11-02,19.49,17.02,15.2,14.12,14.22,15.21,21.3,17.66,15.86,14.95,12.51,13.32,14.26,14.97,15.36
2012-11-05,22.02,18.97,16.81,15.46,15.67,16.82,22.26,18.5,16.62,15.67,13.09,13.95,14.95,15.7,15.94
2012-11-06,20.67,18.01,16.21,15.15,15.25,16.22,21.34,17.76,15.99,15.08,12.66,13.45,14.39,15.1,15.39
2012-11-07,21.8,18.55,16.39,14.87,15.18,16.39,22.95,19.16,17.23,16.25,13.32,14.39,15.48,16.28,16.53
2012-11-08,19.31,16.83,15.07,14.24,14.21,15.08,22.42,18.95,17.15,16.21,13.41,14.42,15.47,16.23,16.86
2012-11-09,19.49,17.1,15.36,14.39,14.47,15.36,22.19,19.0,17.29,16.39,13.68,14.66,15.68,16.41,17.08
2012-11-12,19.0,16.45,14.77,14.16,14.22,14.77,20.67,17.94,16.51,15.74,13.57,14.3,15.15,15.76,16.69
2012-11-13,17.9,15.87,14.04,13.72,13.84,14.04,20.09,17.47,16.07,15.31,13.2,13.91,14.73,15.33,16.42
2012-11-14,18.98,17.16,15.22,14.91,15.03,15.22,21.2,18.53,17.13,16.38,14.25,14.97,15.79,16.39,17.31
2012-11-15,15.24,13.32,9.3,13.2,11.89,9.3,22.0,19.12,17.63,16.84,14.55,15.33,16.21,16.85,17.68
2012-11-16,20.33,17.59,15.35,13.27,13.94,15.36,21.98,18.78,16.88,15.94,13.03,14.1,15.17,15.97,16.7
2012-11-19,18.26,15.78,13.74,12.02,12.51,13.74,20.08,16.87,15.19,14.34,11.84,12.73,13.67,14.36,15.34
2012-11-20,18.33,15.65,13.5,11.65,12.21,13.51,19.92,16.69,15.02,14.17,11.7,12.57,13.51,14.19,15.12
2012-11-21,18.47,15.74,13.55,11.67,12.25,13.56,20.02,16.74,15.04,14.18,11.68,12.57,13.52,14.21,15.15
2012-11-23,18.08,15.22,13.06,11.43,11.87,13.07,19.52,16.12,14.48,13.64,11.32,12.12,13.01,13.66,14.59
2012-11-26,18.5,15.78,13.61,12.02,12.43,13.62,19.59,16.35,14.77,13.94,11.63,12.43,13.31,13.96,14.93
2012-11-27,18.32,15.69,13.58,12.02,12.42,13.59,19.65,16.44,14.9,14.09,11.86,12.63,13.48,14.11,15.01
2012-11-28,18.26,15.66,13.55,11.96,12.39,13.56,19.38,16.33,14.82,14.02,11.8,12.56,13.41,14.04,14.95
2012-11-29,17.43,15.06,13.14,11.76,12.06,13.15,18.49,15.82,14.41,13.67,11.57,12.29,13.1,13.68,14.63
2012-11-30,18.86,16.0,13.74,12.08,12.5,13.75,19.72,16.64,15.09,14.27,12.04,12.79,13.65,14.29,15.08
2012-12-03,19.8,16.77,14.39,12.69,13.1,14.4,20.43,17.23,15.62,14.77,12.44,13.22,14.13,14.79,15.45
2012-12-04,19.96,16.86,14.42,12.59,13.04,14.42,21.1,17.88,16.18,15.29,12.78,13.63,14.59,15.31,15.85
2012-12-05,18.26,15.55,13.59,12.33,12.52,13.59,20.08,17.08,15.57,14.77,12.57,13.31,14.16,14.78,15.46
2012-12-06,18.36,15.6,13.75,12.94,12.87,13.75,20.12,17.29,15.85,15.1,13.03,13.72,14.52,15.11,15.77
2012-12-07,17.39,14.58,12.85,12.33,12.08,12.86,19.27,16.57,15.2,14.5,12.69,13.26,13.98,14.51,15.25
2012-12-10,17.08,14.56,12.82,12.42,12.16,12.82,19.26,16.63,15.27,14.57,12.82,13.35,14.05,14.58,15.32
2012-12-11,17.23,14.63,12.88,12.66,12.3,12.88,19.19,16.36,14.93,14.2,12.59,13.01,13.69,14.21,15.16
2012-12-12,16.92,14.11,12.31,12.12,11.77,12.31,19.04,16.19,14.76,14.03,12.45,12.85,13.53,14.04,15.19
2012-12-13,17.22,14.29,12.44,12.4,12.0,12.44,20.09,17.05,15.53,14.75,12.96,13.47,14.21,14.76,15.83
2012-12-14,18.36,14.59,12.4,12.58,12.08,12.4,20.82,17.47,15.84,15.02,13.03,13.65,14.44,15.03,15.97
2012-12-17,17.89,14.66,12.42,12.69,12.59,12.42,20.66,17.12,15.46,14.63,12.79,13.29,14.06,14.64,15.6
2012-12-18,16.62,14.56,12.3,12.98,12.73,12.3,18.97,15.8,14.31,13.56,12.13,12.42,13.07,13.56,14.79
2012-12-19,16.14,14.6,11.62,12.95,12.47,11.62,20.92,17.1,15.36,14.5,12.75,13.17,13.93,14.5,15.44
2012-12-20,16.08,13.88,9.15,13.09,11.77,9.15,21.82,17.57,15.69,14.76,12.86,13.34,14.16,14.76,15.56
2012-12-21,23.16,18.22,14.9,12.34,13.13,14.91,22.95,18.97,16.73,15.67,12.73,13.73,14.85,15.69,16.07
2012-12-24,23.56,18.62,15.18,12.44,13.31,15.19,23.29,19.25,16.95,15.86,12.75,13.86,15.02,15.88,16.35
2012-12-26,23.97,19.19,15.77,13.01,13.87,15.77,23.87,19.85,17.53,16.42,13.17,14.34,15.55,16.44,16.86
2012-12-27,24.28,19.86,16.58,13.9,14.72,16.58,24.21,20.32,18.01,16.89,13.55,14.77,16.0,16.91,17.2
2012-12-28,25.79,21.5,18.17,15.18,16.15,18.17,25.23,21.29,18.93,17.77,14.12,15.5,16.83,17.79,17.84
2012-12-31,23.43,19.52,16.37,13.68,14.53,16.37,23.33,19.32,17.18,16.11,12.88,14.07,15.26,16.13,16.55
2013-01-02,16.76,13.56,11.61,10.75,10.72,11.61,19.23,15.78,14.12,13.27,11.14,11.81,12.66,13.28,14.45
2013-01-03,14.88,12.79,11.36,11.09,10.82,11.36,18.45,15.45,13.96,13.2,11.29,11.9,12.66,13.21,14.48
2013-01-04,13.05,11.24,10.1,10.29,9.84,10.1,17.22,14.47,13.1,12.4,10.73,11.24,11.92,12.41,14.03
2013-01-07,13.19,11.17,9.89,9.97,9.67,9.89,17.1,14.42,13.05,12.33,10.57,11.11,11.83,12.34,14.31
2013-01-08,13.21,11.19,9.94,9.86,9.73,9.94,17.03,14.4,13.05,12.33,10.43,11.07,11.82,12.34,14.25
2013-01-09,13.03,11.08,9.75,9.51,9.57,9.75,17.16,14.47,13.09,12.35,10.65,11.15,11.86,12.36,14.45
2013-01-10,12.05,10.34,8.88,8.69,8.77,8.88,16.83,14.08,12.68,11.93,10.2,10.72,11.45,11.95,13.97
2013-01-11,12.36,10.67,9.0,9.02,9.01,9.0,16.65,13.98,12.59,11.85,10.0,10.59,11.35,11.86,13.89
2013-01-14,12.57,11.55,9.62,10.0,9.86,9.62,16.92,14.15,12.72,11.94,10.13,10.68,11.44,11.95,14.15
2013-01-15,12.53,11.31,8.95,9.84,9.52,8.95,16.63,13.82,12.37,11.58,9.82,10.32,11.09,11.59,14.12
2013-01-16,12.53,11.17,8.44,10.28,9.63,8.44,16.26,13.59,12.23,11.47,9.81,10.29,11.01,11.48,14.01
2013-01-17,13.71,11.75,7.45,9.23,8.61,7.45,16.39,13.54,12.16,11.39,9.9,10.25,10.95,11.4,13.78
2013-01-18,14.99,12.14,10.24,9.02,9.27,10.25,17.83,14.61,13.02,12.19,10.02,10.74,11.6,12.22,13.19
2013-01-22,14.6,11.83,10.06,8.72,9.07,10.07,17.13,13.98,12.38,11.55,9.45,10.13,10.98,11.58,12.59
2013-01-23,14.41,11.59,9.8,8.65,8.85,9.8,16.79,13.56,11.97,11.14,9.1,9.75,10.58,11.16,12.21
2013-01-24,14.67,11.77,10.03,8.89,9.12,10.04,17.25,13.86,12.23,11.39,9.38,10.01,10.84,11.41,12.37
2013-01-25,14.75,11.8,9.96,8.94,9.05,9.97,16.94,13.62,12.02,11.2,9.33,9.88,10.66,11.22,12.14
2013-01-28,15.39,12.6,10.78,9.71,9.85,10.78,17.54,14.12,12.51,11.7,10.0,10.45,11.18,11.72,12.52
2013-01-29,14.63,12.17,10.42,9.45,9.57,10.43,17.05,13.68,12.1,11.29,9.64,10.06,10.79,11.31,12.13
2013-01-30,16.11,13.15,11.21,10.0,10.23,11.22,17.78,14.36,12.75,11.94,10.2,10.67,11.42,11.96,12.61
2013-01-31,16.03,13.22,11.26,9.98,10.25,11.27,18.3,14.79,13.11,12.26,10.34,10.9,11.7,12.28,12.98
2013-02-01,13.77,11.46,9.75,8.96,9.04,9.75,16.62,13.49,12.02,11.26,9.73,10.11,10.8,11.28,12.25
2013-02-04,15.98,13.27,11.28,10.04,10.33,11.28,18.16,14.69,13.04,12.19,10.29,10.84,11.64,12.2,13.04
2013-02-05,14.6,12.0,10.0,8.79,9.26,10.01,17.15,13.77,12.18,11.35,9.55,10.08,10.85,11.37,12.5
2013-02-06,14.78,11.95,9.79,8.41,8.96,9.79,17.49,14.02,12.41,11.57,9.71,10.27,11.06,11.59,12.76
2013-02-07,15.15,12.06,9.75,8.46,8.97,9.76,17.67,14.14,12.47,11.59,9.58,10.21,11.05,11.61,12.85
2013-02-08,13.2,10.75,8.48,7.93,8.14,8.48,16.8,13.32,11.71,10.84,9.08,9.55,10.35,10.86,12.39
2013-02-11,13.81,12.09,9.07,8.67,8.82,9.07,16.66,13.35,11.77,10.9,9.15,9.6,10.41,10.92,12.34
2013-02-12,13.14,11.56,8.33,8.88,8.68,8.33,16.16,13.0,11.49,10.65,9.01,9.43,10.19,10.67,12.21
2013-02-13,13.32,11.51,7.61,9.76,9.01,7.61,16.41,13.25,11.72,10.87,9.22,9.64,10.4,10.88,12.36
2013-02-14,13.26,10.88,4.77,5.63,5.33,4.77,15.9,12.65,11.18,10.31,8.74,9.12,9.86,10.32,12.06
2013-02-15,15.9,12.49,10.11,8.44,8.88,10.12,17.49,13.95,12.29,11.44,9.27,9.99,10.84,11.45,12.1
2013-02-19,14.98,11.56,9.47,8.15,8.42,9.47,16.66,13.3,11.69,10.86,8.86,9.48,10.3,10.87,11.72
2013-02-20,17.9,14.32,11.74,9.94,10.4,11.75,18.55,14.92,13.22,12.34,10.06,10.82,11.71,12.36,12.82
2013-02-21,19.16,15.55,12.72,10.41,11.11,12.73,19.48,15.62,13.78,12.81,10.12,11.08,12.1,12.83,13.26
2013-02-22,18.2,14.63,11.9,9.68,10.36,11.91,18.75,15.12,13.34,12.41,9.77,10.72,11.72,12.43,12.88
2013-02-25,23.82,19.37,15.8,12.5,13.63,15.81,21.7,17.87,15.73,14.63,11.21,12.52,13.77,14.65,14.48
2013-02-26,20.92,17.37,14.39,11.69,12.57,14.4,21.85,17.85,15.68,14.58,11.12,12.45,13.71,14.6,14.74
2013-02-27,17.86,14.06,11.65,9.92,10.34,11.66,18.7,15.04,13.23,12.29,9.82,10.65,11.62,12.3,13.0
2013-02-28,18.41,14.36,11.77,9.93,10.38,11.77,19.32,15.31,13.41,12.43,9.86,10.72,11.73,12.44,13.15
2013-03-01,18.75,14.47,11.7,9.59,10.22,11.7,20.15,15.85,13.82,12.76,10.04,10.96,12.02,12.78,13.44
2013-03-04,16.13,13.07,10.58,8.87,9.48,10.58,18.58,14.84,13.01,12.04,9.45,10.36,11.37,12.06,12.94
2013-03-05,15.06,12.06,9.86,8.7,9.15,9.86,17.47,13.98,12.26,11.36,9.21,9.89,10.77,11.37,12.45
2013-03-06,14.63,11.64,9.49,8.84,9.09,9.49,17.35,13.84,12.17,11.3,9.32,9.91,10.74,11.31,12.5
2013-03-07,13.62,11.04,9.07,8.59,8.77,9.07,16.83,13.46,11.86,11.02,9.08,9.68,10.48,11.03,12.29
2013-03-08,11.28,9.94,8.05,8.25,8.18,8.05,16.13,12.87,11.37,10.59,8.96,9.42,10.12,10.59,12.19
2013-03-11,12.46,11.23,8.84,9.61,9.33,8.84,15.82,12.6,11.12,10.34,8.84,9.21,9.9,10.35,11.93
2013-03-12,14.01,12.38,9.05,9.75,9.49,9.05,16.21,12.9,11.42,10.64,9.13,9.5,10.18,10.64,12.18
2013-03-13,13.08,11.34,7.66,9.99,9.19,7.66,15.79,12.62,11.19,10.44,9.12,9.38,10.02,10.44,12.09
2013-03-14,13.8,11.56,6.25,9.22,8.24,6.25,14.98,11.99,10.62,9.86,8.6,8.81,9.45,9.86,11.69
2013-03-15,14.88,11.94,9.86,8.69,8.85,9.87,17.15,13.68,12.08,11.27,9.35,9.94,10.72,11.29,11.98
2013-03-18,16.83,13.56,11.11,9.32,9.79,11.11,18.3,14.68,12.93,12.04,9.8,10.53,11.41,12.06,12.68
2013-03-19,18.66,15.11,12.36,10.1,10.81,12.37,19.8,15.92,14.01,13.04,10.34,11.29,12.32,13.06,13.48
2013-03-20,15.72,12.79,10.49,8.51,9.16,10.49,17.67,14.17,12.51,11.65,9.39,10.16,11.04,11.67,12.35
2013-03-21,17.1,14.04,11.5,9.16,9.95,11.5,18.43,14.93,13.16,12.24,9.74,10.61,11.58,12.27,12.79
2013-03-22,17.44,14.42,11.79,9.35,10.18,11.8,18.67,15.29,13.5,12.56,9.91,10.85,11.87,12.58,13.05
2013-03-25,17.67,14.61,11.97,9.55,10.37,11.98,18.71,15.34,13.55,12.6,9.9,10.87,11.9,12.62,13.08
2013-03-26,15.56,12.53,10.28,8.43,9.0,10.28,17.45,14.15,12.45,11.56,9.21,10.02,10.94,11.58,12.34
2013-03-27,15.93,12.82,10.53,8.72,9.25,10.53,17.35,14.2,12.55,11.68,9.45,10.18,11.07,11.7,12.39
2013-03-28,15.69,12.45,10.25,8.75,9.1,10.25,17.25,14.05,12.37,11.48,9.16,9.95,10.87,11.5,12.34
2013-04-01,16.74,13.52,11.25,9.53,9.99,11.25,18.04,14.8,13.07,12.15,9.76,10.56,11.51,12.17,12.92
2013-04-02,15.18,12.42,10.31,8.98,9.26,10.31,17.17,13.93,12.27,11.4,9.27,9.94,10.82,11.41,12.4
2013-04-03,17.52,14.2,11.84,9.88,10.47,11.84,18.33,14.94,13.16,12.22,9.76,10.59,11.57,12.24,12.99
2013-04-04,17.53,14.29,11.97,9.96,10.58,11.97,18.38,14.96,13.17,12.22,9.73,10.58,11.57,12.24,13.02
2013-04-05,17.51,14.46,12.16,10.26,10.82,12.16,18.43,15.15,13.41,12.48,9.99,10.84,11.83,12.5,13.21
2013-04-08,15.92,13.3,11.18,9.76,10.14,11.18,17.32,14.23,12.58,11.69,9.41,10.18,11.09,11.7,12.64
2013-04-09,14.86,12.25,10.23,9.1,9.5,10.23,16.47,13.38,11.8,10.94,8.97,9.58,10.41,10.95,12.08
2013-04-10,13.91,11.51,9.64,8.96,9.22,9.64,16.06,13.04,11.54,10.74,9.12,9.53,10.26,10.75,11.89
2013-04-11,12.24,10.47,8.85,8.48,8.62,8.85,15.47,12.71,11.36,10.62,9.28,9.56,10.2,10.63,11.86
2013-04-12,12.88,10.77,8.77,8.34,8.51,8.77,15.33,12.59,11.24,10.51,9.15,9.43,10.09,10.51,11.96
2013-04-15,25.42,20.17,16.16,13.09,14.32,16.16,20.2,16.52,14.63,13.64,11.39,12.02,12.98,13.65,13.85
2013-04-16,17.47,14.4,10.8,10.02,10.32,10.8,18.08,14.51,12.79,11.87,9.9,10.46,11.32,11.88,12.94
2013-04-17,20.59,17.49,14.17,12.78,13.32,14.17,21.07,16.98,14.91,13.84,11.33,12.09,13.13,13.85,14.25
2013-04-18,17.63,15.83,12.3,12.48,12.41,12.3,22.46,18.22,16.04,14.89,11.91,12.91,14.1,14.91,15.02
2013-04-19,19.03,15.41,12.57,10.27,10.96,12.58,19.94,16.57,14.54,13.54,10.66,11.69,12.77,13.57,13.8
2013-04-22,17.46,14.45,11.92,9.89,10.47,11.93,18.87,15.54,13.76,12.84,10.24,11.16,12.15,12.86,13.22
2013-04-23,16.45,13.41,11.1,9.52,9.88,11.11,17.91,14.67,12.97,12.1,9.9,10.6,11.48,12.12,12.47
2013-04-24,16.42,13.44,11.15,9.62,9.94,11.16,17.89,14.58,12.92,12.06,9.9,10.59,11.45,12.08,12.53
2013-04-25,16.7,13.71,11.47,10.02,10.3,11.48,18.08,14.83,13.16,12.3,10.2,10.85,11.69,12.32,12.77
2013-04-26,16.06,13.14,11.02,9.62,9.88,11.03,17.88,14.6,12.93,12.07,9.94,10.6,11.46,12.09,12.59
2013-04-29,16.22,13.21,11.12,9.84,10.02,11.13,17.84,14.57,12.91,12.05,9.97,10.6,11.45,12.07,12.6
2013-04-30,16.22,13.3,11.24,10.0,10.17,11.25,17.83,14.56,12.9,12.03,9.91,10.56,11.42,12.05,12.59
2013-05-01,17.47,14.43,12.33,10.77,11.13,12.34,18.57,15.31,13.6,12.71,10.44,11.18,12.08,12.74,13.17
2013-05-02,15.12,12.8,10.9,9.83,9.96,10.91,17.63,14.48,12.83,11.97,9.88,10.52,11.37,11.99,12.61
2013-05-03,13.75,11.56,9.95,9.56,9.38,9.96,16.55,13.62,12.18,11.43,9.83,10.25,10.94,11.45,12.21
2013-05-06,13.41,11.27,9.67,9.26,9.26,9.67,16.23,13.35,11.94,11.22,9.71,10.08,10.75,11.23,12.09
2013-05-07,13.38,11.21,9.56,9.0,9.2,9.56,16.22,13.33,11.93,11.2,9.71,10.07,10.74,11.22,12.04
2013-05-08,12.96,10.82,9.08,8.65,8.81,9.08,16.06,13.17,11.81,11.11,9.83,10.08,10.68,11.12,12.29
2013-05-09,13.62,11.29,9.4,8.98,9.14,9.4,16.28,13.44,12.07,11.36,10.07,10.32,10.93,11.37,12.67
2013-05-10,12.72,10.71,8.63,8.29,8.42,8.64,16.06,13.19,11.84,11.15,9.99,10.17,10.74,11.16,12.74
2013-05-13,14.0,12.49,10.13,10.14,10.14,10.13,16.12,13.38,12.11,11.46,10.44,10.56,11.08,11.47,13.01
2013-05-14,14.48,12.9,9.76,10.58,10.28,9.76,15.92,13.26,12.05,11.45,10.72,10.68,11.12,11.46,13.05
2013-05-15,15.62,13.82,10.16,10.97,10.68,10.16,15.97,13.24,12.04,11.45,10.83,10.73,11.13,11.45,13.12
2013-05-16,14.26,12.03,6.9,8.7,8.08,6.9,16.1,13.26,12.02,11.4,10.61,10.63,11.07,11.41,13.23
2013-05-17,15.03,12.47,10.79,10.25,10.16,10.8,16.81,13.94,12.65,12.01,10.79,11.03,11.57,12.02,12.92
2013-05-20,15.27,12.88,11.27,10.74,10.63,11.28,16.98,14.21,12.94,12.32,11.18,11.38,11.9,12.33,13.21
2013-05-21,15.54,13.2,11.56,10.76,10.83,11.57,17.47,14.63,13.35,12.71,11.35,11.69,12.26,12.72,13.59
2013-05-22,16.88,14.39,12.63,11.56,11.78,12.64,18.2,15.49,14.16,13.49,11.99,12.39,13.01,13.51,14.25
2013-05-23,16.74,14.24,12.33,10.94,11.31,12.33,18.14,15.33,13.91,13.17,11.25,11.88,12.63,13.19,13.98
2013-05-24,17.08,14.43,12.37,10.64,11.19,12.38,18.28,15.33,13.81,13.04,10.88,11.65,12.46,13.05,13.79
2013-05-28,16.93,14.29,12.31,10.78,11.2,12.32,18.21,15.12,13.61,12.85,10.87,11.52,12.29,12.86,13.66
2013-05-29,17.41,14.74,12.68,10.93,11.46,12.69,18.39,15.5,13.96,13.15,10.85,11.67,12.54,13.16,13.82
2013-05-30,17.0,14.24,12.17,10.44,10.95,12.17,18.32,15.2,13.64,12.84,10.65,11.4,12.25,12.85,13.67
2013-05-31,18.82,15.58,13.05,10.94,11.56,13.06,19.42,16.18,14.45,13.53,10.81,11.82,12.84,13.55,14.24
2013-06-03,20.47,17.08,14.28,11.84,12.6,14.29,20.62,17.21,15.39,14.43,11.44,12.58,13.68,14.44,14.92
2013-06-04,19.94,17.0,14.57,12.18,12.99,14.58,20.58,17.39,15.62,14.66,11.62,12.78,13.9,14.68,15.08
2013-06-05,21.07,18.03,15.43,12.76,13.71,15.44,21.37,18.11,16.23,15.22,11.97,13.22,14.41,15.23,15.47
2013-06-06,20.83,17.62,15.0,12.41,13.31,15.01,21.28,18.0,16.12,15.1,11.86,13.1,14.29,15.11,15.41
2013-06-07,17.25,14.4,12.41,10.96,11.26,12.42,19.33,16.2,14.53,13.64,10.92,11.95,12.96,13.65,14.39
2013-06-10,17.3,14.81,12.8,11.43,11.69,12.8,19.37,16.26,14.57,13.67,11.14,12.02,13.0,13.68,14.42
2013-06-11,19.97,16.77,14.48,12.59,13.13,14.48,21.04,17.59,15.75,14.78,11.87,12.93,14.03,14.78,15.28
2013-06-12,22.34,19.16,16.64,14.04,14.95,16.64,22.87,19.43,17.45,16.37,12.95,14.25,15.51,16.38,16.45
2013-06-13,18.49,15.86,13.62,11.77,12.31,13.62,20.91,17.53,15.67,14.66,11.77,12.81,13.91,14.67,15.44
2013-06-14,17.96,15.48,13.53,11.76,12.36,13.53,21.12,17.84,16.01,15.01,11.9,13.08,14.23,15.02,15.62
2013-06-17,20.45,17.41,14.95,12.94,13.73,14.95,21.37,18.07,16.21,15.19,12.11,13.25,14.41,15.2,15.68
2013-06-18,20.2,17.51,15.16,13.38,14.07,15.16,20.76,17.32,15.44,14.42,11.48,12.54,13.67,14.43,15.12
2013-06-19,16.9,15.78,13.74,13.23,13.43,13.74,19.92,16.62,14.84,13.87,11.18,12.12,13.18,13.88,14.71
2013-06-20,20.53,18.65,15.03,14.48,14.69,15.03,25.46,21.73,19.55,18.34,14.37,15.9,17.36,18.36,17.51
2013-06-21,22.32,19.04,16.06,12.86,14.03,16.07,22.56,19.74,17.38,16.17,12.19,13.75,15.18,16.21,16.29
2013-06-24,23.79,20.45,17.37,13.96,15.23,17.39,23.82,21.03,18.6,17.35,13.09,14.78,16.3,17.39,17.31
2013-06-25,21.64,18.69,15.83,12.77,13.85,15.84,22.82,19.72,17.43,16.25,12.34,13.87,15.28,16.28,16.52
2013-06-26,20.15,17.51,14.92,12.15,13.13,14.93,21.97,18.78,16.66,15.57,12.06,13.4,14.68,15.59,15.94
2013-06-27,19.14,16.71,14.32,11.83,12.68,14.32,21.29,18.25,16.28,15.24,11.96,13.2,14.41,15.27,15.71
2013-06-28,19.02,16.52,14.12,11.77,12.54,14.12,21.04,18.04,16.15,15.15,12.07,13.21,14.36,15.17,15.66
2013-07-01,18.72,16.11,13.85,11.84,12.42,13.85,20.65,17.58,15.84,14.91,12.09,13.12,14.17,14.93,15.47
2013-07-02,18.84,16.3,14.09,11.93,12.62,14.09,20.89,17.95,16.22,15.29,12.43,13.48,14.55,15.31,15.74
2013-07-03,18.62,16.02,13.78,11.66,12.33,13.79,20.44,17.41,15.72,14.8,12.06,13.05,14.09,14.82,15.41
2013-07-05,16.64,14.28,12.36,10.85,11.19,12.36,19.26,16.39,14.81,13.96,11.61,12.42,13.33,13.98,14.86
2013-07-08,16.48,14.09,12.11,10.93,11.14,12.11,18.2,15.46,14.0,13.23,11.21,11.86,12.67,13.24,14.32
2013-07-09,15.03,13.03,11.48,10.71,10.81,11.48,17.45,14.85,13.48,12.76,11.02,11.52,12.25,12.77,13.79
2013-07-10,15.14,12.93,11.35,10.44,10.65,11.35,17.47,14.84,13.47,12.74,10.86,11.47,12.23,12.75,13.79
2013-07-11,14.25,12.21,10.79,10.65,10.51,10.79,16.53,14.2,13.0,12.37,11.02,11.35,11.95,12.38,13.57
2013-07-12,12.9,11.26,9.94,9.94,9.94,9.94,16.59,14.23,13.06,12.44,11.23,11.49,12.04,12.45,13.83
2013-07-15,12.66,11.85,10.36,10.72,10.59,10.36,16.21,13.87,12.72,12.11,11.03,11.23,11.75,12.12,13.59
2013-07-16,13.75,12.8,11.08,11.54,11.37,11.08,17.26,14.77,13.52,12.87,11.62,11.86,12.45,12.88,14.14
2013-07-17,12.69,11.49,9.17,10.77,10.2,9.17,16.46,14.06,12.84,12.18,10.99,11.23,11.79,12.19,13.72
2013-07-18,13.73,11.63,6.87,11.55,10.05,6.87,16.03,13.64,12.49,11.87,10.78,10.99,11.52,11.88,13.53
2013-07-19,15.1,12.69,10.99,10.01,10.13,11.0,17.4,14.62,13.24,12.53,10.76,11.31,12.01,12.55,13.18
2013-07-22,14.24,11.93,10.4,9.45,9.58,10.4,16.8,14.1,12.75,12.06,10.41,10.89,11.56,12.07,12.86
2013-07-23,14.28,11.95,10.38,9.49,9.56,10.39,16.77,14.06,12.71,12.02,10.38,10.86,11.53,12.04,12.79
2013-07-24,15.37,12.87,11.08,9.81,10.08,11.09,17.45,14.73,13.28,12.54,10.63,11.24,11.99,12.56,13.26
2013-07-25,14.6,12.16,10.57,9.48,9.69,10.57,17.06,14.35,12.95,12.22,10.31,10.94,11.69,12.24,13.0
2013-07-26,14.45,12.02,10.39,9.3,9.5,10.4,16.95,14.25,12.85,12.11,10.15,10.81,11.57,12.13,12.92
2013-07-29,15.06,12.57,10.79,9.61,9.83,10.8,17.27,14.55,13.09,12.32,10.21,10.94,11.76,12.34,13.11
2013-07-30,15.64,12.97,11.06,9.67,9.98,11.06,17.35,14.57,13.03,12.2,9.87,10.69,11.59,12.22,12.99
2013-07-31,15.4,12.84,10.93,9.59,9.91,10.93,16.96,14.25,12.77,11.98,9.78,10.55,11.4,11.99,12.72
2013-08-01,14.23,12.15,10.59,9.97,9.91,10.59,16.4,13.86,12.49,11.77,9.96,10.52,11.26,11.79,12.6
2013-08-02,12.26,10.39,9.06,8.87,8.69,9.06,15.45,13.08,11.82,11.15,9.55,10.02,10.69,11.16,12.3
2013-08-05,11.9,10.08,8.77,8.54,8.63,8.77,15.08,12.72,11.5,10.85,9.31,9.78,10.42,10.86,12.1
2013-08-06,13.43,11.15,9.53,9.02,9.19,9.53,16.11,13.54,12.21,11.5,9.74,10.29,11.01,11.51,12.67
2013-08-07,14.26,11.61,9.55,8.9,9.15,9.56,16.56,13.79,12.33,11.55,9.68,10.26,11.03,11.57,12.84
2013-08-08,13.34,10.94,8.89,8.41,8.59,8.89,16.28,13.53,12.09,11.31,9.4,10.0,10.79,11.32,12.7
2013-08-09,15.36,12.01,9.3,8.64,8.89,9.3,16.85,13.91,12.36,11.53,9.48,10.14,10.97,11.54,12.95
2013-08-12,15.44,12.9,9.85,9.31,9.52,9.85,17.43,14.49,12.9,12.04,9.82,10.56,11.45,12.05,13.33
2013-08-13,12.69,11.21,8.21,9.52,9.05,8.21,16.64,13.75,12.24,11.42,9.31,10.02,10.87,11.43,12.92
2013-08-14,13.55,11.84,8.26,9.83,9.27,8.26,16.91,14.03,12.47,11.62,9.48,10.19,11.06,11.63,13.18
2013-08-15,14.11,12.17,8.0,11.62,10.41,7.99,18.64,15.74,14.12,13.23,10.72,11.61,12.58,13.24,14.21
2013-08-16,18.4,15.36,12.84,10.38,11.25,12.85,18.75,16.18,14.43,13.51,10.58,11.71,12.78,13.54,13.94
2013-08-19,18.9,15.86,13.27,10.75,11.63,13.28,19.41,16.65,14.83,13.88,10.85,12.02,13.13,13.91,14.26
2013-08-20,18.13,15.13,12.68,10.41,11.19,12.69,18.81,16.15,14.41,13.48,10.55,11.68,12.75,13.51,13.92
2013-08-21,19.1,15.84,13.26,10.95,11.72,13.27,19.42,16.61,14.84,13.9,10.86,12.04,13.15,13.93,14.22
2013-08-22,18.38,15.24,12.69,10.47,11.19,12.69,18.97,16.19,14.43,13.49,10.7,11.72,12.77,13.51,13.93
2013-08-23,17.31,14.43,12.09,10.1,10.72,12.1,18.27,15.59,13.95,13.07,10.49,11.42,12.4,13.09,13.6
2013-08-26,18.08,15.1,12.66,10.62,11.25,12.67,18.95,16.11,14.44,13.54,10.86,11.84,12.85,13.56,14.0
2013-08-27,20.9,17.41,14.63,12.05,12.93,14.64,21.09,18.12,16.23,15.23,12.0,13.25,14.43,15.26,15.43
2013-08-28,19.5,16.3,13.71,11.41,12.17,13.72,20.39,17.46,15.63,14.67,11.71,12.81,13.91,14.7,15.08
2013-08-29,20.41,17.07,14.37,12.03,12.79,14.38,21.16,18.14,16.24,15.25,12.22,13.35,14.47,15.27,15.63
2013-08-30,21.01,17.48,14.57,11.95,12.82,14.58,21.43,18.39,16.45,15.43,12.16,13.4,14.6,15.45,15.73
2013-09-03,19.95,16.98,14.49,12.18,12.93,14.5,20.91,17.94,16.16,15.2,12.11,13.3,14.43,15.22,15.55
2013-09-04,18.31,15.49,13.24,11.31,11.87,13.25,20.18,17.16,15.43,14.5,11.66,12.72,13.78,14.52,15.11
2013-09-05,17.59,14.86,12.79,11.03,11.52,12.79,19.67,16.65,14.96,14.05,11.34,12.33,13.35,14.06,14.83
2013-09-06,18.02,15.0,12.79,10.97,11.48,12.8,19.76,16.57,14.81,13.87,11.1,12.12,13.16,13.88,14.64
2013-09-09,17.49,14.87,12.67,11.11,11.5,12.67,19.44,16.24,14.51,13.59,10.96,11.9,12.91,13.61,14.32
2013-09-10,15.88,13.36,11.39,10.49,10.6,11.39,18.44,15.34,13.71,12.85,10.49,11.3,12.23,12.86,13.77
2013-09-11,14.49,12.37,10.63,10.08,10.14,10.63,17.77,14.68,13.1,12.26,10.08,10.8,11.68,12.27,13.29
2013-09-12,14.44,12.2,10.56,10.06,10.2,10.56,17.98,14.94,13.37,12.53,10.32,11.06,11.94,12.54,13.54
2013-09-13,14.37,12.13,10.29,9.84,10.01,10.29,18.04,14.98,13.39,12.54,10.29,11.05,11.95,12.55,13.5
2013-09-16,14.82,13.09,11.04,11.39,11.26,11.04,17.92,14.81,13.23,12.38,10.39,11.0,11.83,12.38,13.33
2013-09-17,16.28,14.63,12.6,12.69,12.66,12.6,18.25,15.13,13.49,12.61,10.41,11.13,12.02,12.61,13.45
2013-09-18,14.41,13.36,11.42,12.88,12.35,11.42,16.45,13.89,12.56,11.82,10.3,10.7,11.38,11.83,13.01
2013-09-19,12.59,10.71,6.47,9.18,8.27,6.47,15.51,13.14,12.04,11.43,10.49,10.6,11.1,11.43,13.02
2013-09-20,16.01,13.31,11.36,10.09,10.35,11.37,17.56,14.77,13.31,12.55,10.59,11.23,12.0,12.57,13.31
2013-09-23,17.02,14.13,11.97,10.44,10.8,11.98,18.21,15.46,13.91,13.09,10.8,11.6,12.48,13.11,13.76
2013-09-24,16.65,13.79,11.66,10.04,10.47,11.66,17.87,15.1,13.6,12.81,10.56,11.36,12.22,12.83,13.53
2013-09-25,16.73,13.79,11.64,9.92,10.42,11.65,17.96,15.12,13.57,12.75,10.42,11.27,12.15,12.77,13.46
2013-09-26,17.27,14.07,11.78,10.16,10.56,11.78,18.14,15.2,13.6,12.76,10.37,11.24,12.15,12.78,13.44
2013-09-27,19.87,15.87,12.95,10.74,11.39,12.95,19.61,16.25,14.39,13.43,10.71,11.69,12.72,13.45,13.82
2013-09-30,21.54,17.42,14.29,11.83,12.55,14.29,20.71,17.27,15.34,14.32,11.44,12.48,13.57,14.34,14.53
2013-10-01,19.96,16.07,13.25,11.08,11.71,13.25,19.96,16.58,14.71,13.72,11.06,11.98,13.01,13.74,14.04
2013-10-02,20.92,16.76,13.72,11.33,12.06,13.73,20.8,17.29,15.27,14.22,11.25,12.31,13.44,14.24,14.4
2013-10-03,21.95,17.56,14.26,11.61,12.44,14.27,21.68,18.12,16.0,14.88,11.59,12.8,14.03,14.9,14.97
2013-10-04,20.83,16.46,13.53,11.31,11.98,13.53,21.24,17.55,15.48,14.4,11.37,12.46,13.6,14.42,14.65
2013-10-07,23.76,19.09,15.68,12.88,13.77,15.69,23.26,19.39,17.1,15.9,12.35,13.68,14.99,15.93,15.75
2013-10-08,25.4,20.51,16.88,13.89,14.84,16.89,24.62,21.0,18.52,17.24,13.17,14.73,16.22,17.26,16.77
2013-10-09,23.51,18.99,15.98,13.69,14.32,15.99,23.63,20.06,17.84,16.65,12.89,14.33,15.7,16.67,16.25
2013-10-10,19.73,16.26,13.5,11.7,12.19,13.5,20.83,17.26,15.29,14.23,11.24,12.31,13.46,14.25,14.66
2013-10-11,19.6,15.51,12.43,10.54,11.27,12.43,20.0,16.29,14.35,13.32,10.62,11.54,12.61,13.33,14.06
2013-10-14,21.66,17.36,14.05,12.48,13.09,14.05,20.07,16.18,14.2,13.15,10.52,11.39,12.45,13.17,13.78
2013-10-15,28.0,22.26,17.83,14.69,15.94,17.83,22.33,17.95,15.73,14.58,11.74,12.65,13.8,14.6,14.73
2013-10-16,16.41,14.46,10.48,11.27,10.98,10.48,18.75,15.18,13.49,12.6,10.64,11.23,12.05,12.61,13.44
2013-10-17,12.32,10.4,6.04,10.42,9.03,6.01,16.14,13.19,11.84,11.1,9.8,10.06,10.71,11.12,12.38
2013-10-18,15.92,12.7,10.68,9.76,9.78,10.68,16.87,13.95,12.46,11.74,10.24,10.62,11.25,11.75,12.21
2013-10-21,15.39,12.24,10.36,9.53,9.52,10.36,16.68,13.75,12.31,11.61,10.24,10.56,11.16,11.63,12.19
2013-10-22,14.62,11.84,10.31,9.8,9.66,10.31,16.5,13.66,12.35,11.71,10.54,10.78,11.3,11.73,12.24
2013-10-23,15.36,12.33,10.54,9.71,9.7,10.54,16.99,14.01,12.57,11.87,10.48,10.81,11.41,11.89,12.45
2013-10-24,14.78,11.85,10.16,9.28,9.33,10.16,16.54,13.58,12.19,11.5,10.05,10.43,11.05,11.51,12.14
2013-10-25,14.73,11.84,10.15,9.47,9.42,10.16,16.65,13.65,12.26,11.57,10.07,10.49,11.11,11.58,12.19
2013-10-28,14.2,11.83,10.25,9.66,9.58,10.25,16.55,13.59,12.26,11.6,10.2,10.57,11.16,11.61,12.25
2013-10-29,14.04,11.85,10.34,9.66,9.67,10.35,16.6,13.63,12.29,11.64,10.27,10.63,11.21,11.65,12.29
2013-10-30,14.87,12.4,10.68,10.05,9.95,10.69,16.91,14.0,12.62,11.92,10.39,10.81,11.46,11.94,12.53
2013-10-31,14.48,12.02,10.25,9.7,9.55,10.26,16.99,13.97,12.53,11.8,10.22,10.66,11.32,11.82,12.48
2013-11-01,14.06,11.56,9.84,9.06,9.13,9.85,16.75,13.84,12.43,11.71,10.0,10.53,11.23,11.73,12.51
2013-11-04,13.36,11.09,9.5,8.54,8.91,9.5,16.27,13.46,12.08,11.37,9.76,10.22,10.9,11.38,12.3
2013-11-05,13.8,11.59,9.95,8.92,9.32,9.96,16.3,13.5,12.17,11.49,9.96,10.41,11.05,11.5,12.41
2013-11-06,12.89,11.05,9.54,8.84,9.11,9.54,15.9,13.17,11.86,11.19,9.73,10.13,10.76,11.2,12.31
2013-11-07,14.85,12.66,11.05,10.64,10.64,11.05,16.88,14.09,12.72,12.01,10.4,10.86,11.54,12.02,12.95
2013-11-08,13.35,11.18,9.45,8.95,9.14,9.45,16.03,13.34,12.03,11.35,9.77,10.25,10.9,11.36,12.43
2013-11-11,12.76,11.71,9.74,9.65,9.69,9.74,15.9,13.24,11.92,11.23,9.62,10.11,10.78,11.24,12.39
2013-11-12,14.08,12.71,10.02,9.88,9.93,10.02,16.4,13.49,12.06,11.31,9.51,10.09,10.83,11.32,12.58
2013-11-13,13.78,12.17,8.9,10.07,9.65,8.9,16.3,13.34,11.9,11.13,9.37,9.91,10.65,11.14,12.55
2013-11-14,12.74,10.63,5.57,10.88,9.25,5.57,15.61,12.67,11.32,10.6,9.16,9.53,10.18,10.6,12.34
2013-11-15,15.06,12.23,10.29,9.04,9.3,10.29,16.62,13.59,12.17,11.47,9.99,10.38,11.0,11.48,12.35
2013-11-18,15.67,12.76,10.75,9.63,9.79,10.76,16.8,13.87,12.44,11.74,10.2,10.63,11.26,11.75,12.62
2013-11-19,15.99,12.88,10.76,9.53,9.73,10.76,16.98,14.0,12.51,11.78,10.26,10.65,11.29,11.79,12.67
2013-11-20,16.12,12.9,10.74,9.58,9.72,10.75,16.9,13.91,12.42,11.68,10.05,10.5,11.18,11.69,12.58
2013-11-21,15.11,12.02,10.16,9.29,9.32,10.17,16.16,13.25,11.88,11.2,9.82,10.14,10.74,11.2,12.11
2013-11-22,14.6,11.43,9.69,9.06,8.96,9.69,15.84,12.91,11.56,10.89,9.56,9.87,10.45,10.9,11.85
2013-11-25,14.64,11.52,9.89,9.5,9.25,9.89,16.02,13.01,11.66,11.0,9.83,10.05,10.59,11.01,12.0
2013-11-26,14.34,11.28,9.69,9.19,9.04,9.7,15.96,12.98,11.62,10.96,9.81,10.01,10.55,10.97,11.98
2013-11-27,14.71,11.37,9.71,9.11,9.04,9.72,16.17,13.12,11.75,11.07,9.88,10.09,10.65,11.08,12.13
2013-11-29,16.13,12.37,10.49,9.81,9.72,10.5,17.01,13.71,12.23,11.51,10.27,10.48,11.06,11.52,12.48
2013-12-02,16.92,12.9,10.83,9.9,9.94,10.83,17.36,13.91,12.37,11.61,10.18,10.49,11.13,11.62,12.65
2013-12-03,18.0,13.83,11.59,10.34,10.51,11.59,18.35,14.73,13.06,12.23,10.46,10.95,11.69,12.24,13.12
2013-12-04,18.04,13.91,11.61,10.26,10.49,11.61,18.27,14.6,12.92,12.08,10.29,10.78,11.53,12.08,13.08
2013-12-05,19.02,14.84,12.44,10.97,11.24,12.44,18.73,15.1,13.4,12.56,10.75,11.24,12.0,12.56,13.35
2013-12-06,16.15,12.73,10.57,9.8,9.74,10.57,17.14,13.7,12.16,11.38,9.85,10.22,10.9,11.39,12.46
2013-12-09,15.83,12.78,10.68,9.89,9.94,10.68,17.08,13.66,12.14,11.37,9.88,10.24,10.91,11.38,12.48
2013-12-10,16.72,13.43,11.15,10.02,10.26,11.15,17.38,13.89,12.3,11.49,9.82,10.27,10.99,11.49,12.59
2013-12-11,19.58,15.81,13.3,12.03,12.21,13.3,18.84,15.21,13.53,12.68,10.7,11.3,12.11,12.68,13.37
2013-12-12,18.6,15.59,13.43,12.32,12.47,13.43,18.91,15.27,13.56,12.68,10.69,11.28,12.11,12.69,13.4
2013-12-13,19.2,15.98,13.76,12.48,12.75,13.76,18.94,15.27,13.57,12.7,10.69,11.3,12.13,12.7,13.43
2013-12-16,21.11,17.78,15.42,13.71,14.31,15.42,19.99,16.0,14.15,13.2,10.91,11.65,12.58,13.21,13.72
2013-12-17,20.67,17.78,15.73,14.19,14.78,15.73,19.84,15.86,14.01,13.04,10.74,11.48,12.42,13.05,13.65
2013-12-18,16.01,14.72,12.28,12.39,12.35,12.28,17.65,13.94,12.29,11.4,9.6,10.08,10.89,11.4,12.58
2013-12-19,14.14,11.87,6.59,11.59,10.01,6.59,17.31,13.44,11.79,10.9,9.31,9.68,10.43,10.9,12.4
2013-12-20,16.71,12.61,10.19,9.03,9.17,10.2,17.11,13.87,12.16,11.32,9.43,9.99,10.76,11.34,12.11
2013-12-23,15.81,11.92,9.89,9.02,9.04,9.89,16.64,13.42,11.81,11.03,9.41,9.83,10.52,11.04,11.91
2013-12-24,14.88,11.19,9.31,8.7,8.56,9.31,17.48,13.12,11.37,10.58,9.13,9.48,10.11,10.59,11.58
2013-12-26,13.86,10.86,9.22,8.79,8.63,9.22,15.88,12.64,11.2,10.5,9.15,9.46,10.06,10.51,11.53
2013-12-27,14.41,11.14,9.4,9.13,8.83,9.4,16.17,12.81,11.35,10.63,9.24,9.56,10.18,10.64,11.64
2013-12-30,15.54,11.99,10.08,9.75,9.45,10.08,16.91,13.52,11.99,11.24,9.81,10.14,10.77,11.25,12.21
2013-12-31,16.78,12.81,10.85,10.46,10.18,10.85,17.34,14.04,12.49,11.73,10.26,10.6,11.24,11.74,12.53
2014-01-02,16.4,12.95,10.92,10.09,10.1,10.93,17.65,14.21,12.6,11.81,10.07,10.57,11.29,11.82,12.66
2014-01-03,14.39,11.55,9.74,9.1,9.11,9.74,17.19,13.78,12.24,11.47,9.76,10.27,10.97,11.48,12.46
2014-01-06,13.62,11.2,9.64,9.28,9.27,9.64,16.64,13.44,11.98,11.25,9.6,10.09,10.77,11.26,12.34
2014-01-07,12.94,10.74,9.26,8.68,8.9,9.26,16.11,13.04,11.62,10.88,9.32,9.75,10.43,10.9,12.04
2014-01-08,12.98,10.95,9.52,9.07,9.24,9.52,16.18,13.08,11.66,10.94,9.42,9.84,10.49,10.95,12.15
2014-01-09,12.34,10.66,9.31,9.03,9.14,9.31,15.9,12.74,11.34,10.62,9.18,9.56,10.19,10.63,11.92
2014-01-10,10.33,9.56,8.14,8.02,8.06,8.14,15.27,12.24,10.89,10.18,8.7,9.12,9.76,10.19,11.69
2014-01-13,13.74,12.65,10.93,10.71,10.8,10.93,17.34,13.91,12.32,11.49,9.58,10.18,10.97,11.51,12.61
2014-01-14,11.89,10.67,8.28,9.25,8.9,8.28,15.96,12.78,11.3,10.5,8.75,9.27,10.02,10.51,12.04
2014-01-15,11.74,10.36,7.52,9.76,8.99,7.52,15.82,12.69,11.24,10.46,8.8,9.27,10.0,10.47,12.06
2014-01-16,12.84,10.63,5.21,9.45,8.13,5.21,16.24,12.8,11.26,10.44,8.67,9.18,9.96,10.45,12.15
2014-01-17,16.64,12.89,10.33,8.39,8.98,10.34,17.14,14.18,12.46,11.59,9.33,10.11,10.98,11.61,12.24
2014-01-21,16.07,12.59,10.18,8.39,8.92,10.19,17.1,13.89,12.2,11.35,9.19,9.92,10.77,11.37,12.06
2014-01-22,15.96,12.45,10.09,8.27,8.85,10.1,16.87,13.7,12.04,11.2,9.06,9.79,10.63,11.22,11.92
2014-01-23,17.64,13.82,11.17,9.1,9.74,11.18,17.81,14.66,12.86,11.95,9.57,10.39,11.32,11.97,12.48
2014-01-24,22.97,17.87,14.26,11.08,12.19,14.28,20.53,17.57,15.27,14.15,10.96,12.12,13.31,14.18,14.14
2014-01-27,21.35,16.74,13.68,11.31,12.05,13.69,19.94,16.84,14.79,13.77,11.04,11.98,13.02,13.79,13.95
2014-01-28,19.27,15.54,12.89,10.88,11.45,12.9,18.89,15.98,14.22,13.31,10.92,11.72,12.65,13.33,13.65
2014-01-29,21.72,17.41,14.37,11.88,12.7,14.38,20.42,17.42,15.4,14.38,11.58,12.55,13.62,14.4,14.47
2014-01-30,21.38,17.12,14.09,11.74,12.45,14.12,20.24,17.44,15.36,14.32,11.6,12.51,13.57,14.37,14.29
2014-01-31,23.39,18.57,15.1,12.15,13.14,15.11,21.53,18.53,16.24,15.12,12.02,13.12,14.29,15.15,15.11
2014-02-03,27.65,22.18,18.3,14.94,16.04,18.34,23.88,21.2,18.59,17.34,13.85,15.07,16.39,17.4,16.84
2014-02-04,23.58,19.05,15.74,13.11,13.9,15.78,22.24,19.19,16.89,15.76,12.76,13.78,14.95,15.82,15.73
2014-02-05,24.17,19.74,16.46,13.7,14.57,16.48,23.2,19.98,17.57,16.39,13.08,14.25,15.5,16.42,16.3
2014-02-06,20.46,16.97,14.38,12.16,12.84,14.39,20.55,17.26,15.34,14.36,11.92,12.69,13.66,14.39,14.66
2014-02-07,16.54,13.66,11.6,10.5,10.56,11.6,18.84,15.35,13.63,12.75,10.75,11.32,12.16,12.76,13.47
2014-02-10,16.04,13.31,11.37,10.75,10.66,11.38,18.92,15.3,13.58,12.71,10.83,11.34,12.14,12.72,13.41
2014-02-11,14.8,12.26,10.39,9.71,9.79,10.39,18.02,14.44,12.83,12.01,10.34,10.76,11.5,12.03,12.88
2014-02-12,14.3,11.91,10.05,9.32,9.6,10.05,17.87,14.31,12.71,11.89,10.18,10.64,11.38,11.89,12.91
2014-02-13,13.17,10.93,9.17,8.76,8.92,9.17,17.6,14.16,12.56,11.74,10.0,10.48,11.24,11.75,12.69
2014-02-14,10.4,9.52,7.85,8.31,8.14,7.85,16.69,13.44,11.96,11.19,9.75,10.09,10.75,11.2,12.39
2014-02-18,12.18,11.06,8.93,9.76,9.46,8.93,17.09,13.72,12.23,11.44,10.0,10.33,11.0,11.45,12.44
2014-02-19,13.14,11.73,8.93,10.03,9.63,8.93,19.39,15.25,13.43,12.49,10.55,11.1,11.94,12.5,13.25
2014-02-20,12.36,10.18,4.69,7.15,6.34,4.68,18.3,14.25,12.51,11.59,9.89,10.28,11.09,11.6,12.71
2014-02-21,18.16,13.95,11.17,9.55,9.85,11.18,18.09,14.79,12.92,11.98,9.73,10.44,11.34,12.0,12.57
2014-02-24,16.94,13.34,11.03,9.9,10.0,11.03,17.87,14.46,12.67,11.79,9.87,10.4,11.2,11.79,12.57
2014-02-25,16.36,13.11,11.04,9.9,10.04,11.04,17.71,14.3,12.62,11.78,9.87,10.43,11.21,11.79,12.55
2014-02-26,16.77,13.44,11.29,10.11,10.27,11.29,18.01,14.7,12.96,12.09,10.12,10.7,11.51,12.11,12.85
2014-02-27,16.38,12.95,10.81,9.57,9.77,10.82,17.68,14.24,12.51,11.63,9.63,10.23,11.06,11.65,12.47
2014-02-28,16.33,12.96,10.86,9.65,9.82,10.87,17.76,14.2,12.45,11.57,9.63,10.19,11.01,11.59,12.47
2014-03-03,19.4,15.78,13.0,10.95,11.51,13.01,19.8,16.16,14.09,13.04,10.51,11.31,12.32,13.05,13.63
2014-03-04,16.23,12.96,10.95,9.85,9.97,10.95,17.96,14.21,12.46,11.56,9.49,10.13,10.98,11.57,12.61
2014-03-05,15.33,12.59,10.73,9.66,9.83,10.74,17.63,14.12,12.43,11.56,9.52,10.14,10.99,11.57,12.66
2014-03-06,15.59,12.86,10.96,10.12,10.12,10.96,17.96,14.2,12.48,11.61,9.71,10.25,11.05,11.61,12.77
2014-03-07,15.61,12.84,10.69,9.26,9.63,10.69,18.15,14.3,12.51,11.6,9.53,10.16,11.02,11.61,12.75
2014-03-10,15.35,12.64,10.56,9.33,9.65,10.56,18.05,14.31,12.55,11.64,9.48,10.18,11.06,11.65,12.82
2014-03-11,16.3,13.42,11.28,10.12,10.39,11.28,18.66,14.87,13.08,12.15,10.06,10.69,11.56,12.16,13.16
2014-03-12,16.17,13.05,10.71,9.09,9.73,10.71,18.35,14.53,12.71,11.76,9.57,10.26,11.16,11.77,13.01
2014-03-13,20.53,16.59,13.52,11.26,11.99,13.52,20.43,16.48,14.46,13.42,10.76,11.65,12.7,13.42,14.03
2014-03-14,29.25,20.45,16.32,13.13,14.2,16.32,21.98,17.96,15.59,14.42,13.13,12.87,13.71,14.43,14.59
2014-03-17,17.79,14.97,12.49,10.94,11.55,12.49,22.14,15.88,13.65,12.56,10.83,11.1,11.96,12.57,13.49
2014-03-18,14.42,13.16,10.78,11.06,10.96,10.78,18.54,14.62,12.79,11.83,9.79,10.38,11.26,11.84,12.99
2014-03-19,18.71,15.44,10.93,11.22,11.11,10.93,20.48,14.82,12.92,12.03,12.59,11.3,11.68,12.04,13.23
2014-03-20,13.55,11.29,5.83,8.39,7.53,5.83,17.71,13.77,12.04,11.1,9.3,9.76,10.59,11.11,12.76
2014-03-21,18.39,14.28,11.45,9.55,10.03,11.46,18.84,15.63,13.57,12.53,9.88,10.78,11.81,12.55,12.95
2014-03-24,18.04,14.53,11.84,9.81,10.37,11.85,18.84,15.77,13.8,12.79,10.15,11.06,12.08,12.81,13.22
2014-03-25,16.72,13.46,11.09,9.32,9.8,11.09,18.23,15.03,13.18,12.23,9.67,10.57,11.55,12.24,12.84
2014-03-26,17.7,14.58,12.16,10.31,10.83,12.18,18.9,15.91,13.98,12.99,10.35,11.27,12.29,13.02,13.31
2014-03-27,16.99,14.2,11.93,10.11,10.6,11.94,18.6,15.62,13.78,12.82,10.17,11.11,12.12,12.84,13.24
2014-03-28,16.73,13.69,11.38,9.64,10.08,11.39,18.32,15.19,13.34,12.38,9.74,10.67,11.7,12.4,12.86
2014-03-31,15.46,12.69,10.69,9.04,9.52,10.69,17.94,14.61,12.82,11.89,9.41,10.27,11.24,11.9,12.53
2014-04-01,13.6,11.42,9.66,8.7,8.84,9.67,16.69,13.65,12.07,11.22,9.1,9.79,10.66,11.24,12.01
2014-04-02,13.23,11.17,9.59,8.84,8.91,9.59,16.53,13.6,12.1,11.3,9.32,9.96,10.77,11.32,12.14
2014-04-03,13.57,11.48,9.91,9.19,9.2,9.91,16.76,13.91,12.4,11.59,9.56,10.22,11.04,11.6,12.37
2014-04-04,14.82,12.38,10.45,9.16,9.48,10.46,17.56,14.53,12.89,12.01,9.64,10.46,11.4,12.03,12.72
2014-04-07,17.48,14.83,12.66,11.09,11.48,12.66,19.33,16.04,14.21,13.24,10.53,11.48,12.54,13.25,13.57
2014-04-08,15.86,13.45,11.46,10.04,10.42,11.47,18.66,15.37,13.61,12.67,10.19,11.04,12.02,12.69,13.2
2014-04-09,13.72,11.54,9.79,8.56,9.04,9.79,17.28,14.25,12.64,11.77,9.57,10.31,11.2,11.78,12.64
2014-04-10,18.62,15.76,13.38,11.46,12.04,13.38,20.28,16.75,14.83,13.81,11.03,12.0,13.08,13.83,13.9
2014-04-11,18.09,15.76,13.94,12.52,12.89,13.94,21.7,17.91,15.78,14.68,11.72,12.76,13.9,14.7,14.5
2014-04-14,14.41,13.25,11.76,11.08,11.34,11.76,19.94,16.62,14.8,13.82,11.13,12.05,13.11,13.83,14.1
2014-04-15,13.96,12.93,11.03,10.72,10.84,11.03,19.61,16.26,14.42,13.42,10.84,11.7,12.74,13.43,13.86
2014-04-16,10.74,9.46,6.84,9.38,8.52,6.84,17.79,14.71,13.04,12.11,9.8,10.56,11.51,12.12,13.14
2014-04-17,15.99,13.21,10.88,8.96,9.52,10.88,17.38,14.81,13.01,12.06,9.38,10.35,11.37,12.09,12.56
2014-04-21,16.22,13.43,11.19,9.33,9.87,11.2,17.52,14.86,13.1,12.18,9.62,10.53,11.51,12.21,12.68
2014-04-22,15.47,12.88,10.85,9.23,9.67,10.86,17.33,14.52,12.81,11.92,9.48,10.35,11.29,11.95,12.47
2014-04-23,15.49,12.99,10.98,9.43,9.81,10.98,17.45,14.74,13.03,12.14,9.63,10.53,11.48,12.16,12.67
2014-04-24,15.75,13.16,11.13,9.45,9.92,11.13,17.49,14.79,13.08,12.19,9.62,10.56,11.53,12.21,12.69
2014-04-25,16.86,14.13,11.89,9.99,10.56,11.9,18.05,15.44,13.66,12.72,9.98,10.99,12.02,12.75,13.15
2014-04-28,16.06,13.38,11.41,9.79,10.21,11.42,17.55,14.74,13.05,12.14,9.55,10.5,11.48,12.16,12.73
2014-04-29,15.76,13.11,11.06,9.34,9.85,11.07,17.5,14.5,12.77,11.87,9.35,10.25,11.22,11.89,12.54
2014-04-30,15.84,13.19,11.06,8.96,9.58,11.06,17.56,14.47,12.7,11.83,9.16,10.12,11.13,11.83,12.48
2014-05-01,15.13,12.66,10.76,8.81,9.42,10.76,17.31,14.25,12.5,11.72,9.11,9.98,10.96,11.72,12.42
2014-05-02,14.15,11.92,10.27,8.14,8.78,10.27,17.3,14.13,12.48,11.66,9.03,9.85,10.77,11.66,12.54
2014-05-05,14.54,12.51,10.94,8.86,9.33,10.94,17.18,14.15,12.5,11.65,9.15,9.86,10.75,11.65,12.5
2014-05-06,15.98,13.7,11.68,9.97,10.35,11.68,17.81,14.65,13.0,12.19,9.65,10.43,11.42,12.19,12.92
2014-05-07,15.35,12.96,11.13,9.42,9.96,11.13,16.86,14.07,12.42,11.64,9.28,10.19,11.15,11.64,12.59
2014-05-08,14.88,12.7,10.83,9.43,9.94,10.83,17.16,14.19,12.58,11.71,9.46,10.24,11.19,11.71,12.55
2014-05-09,12.52,10.76,8.92,7.6,8.09,8.92,16.41,13.59,12.08,11.31,8.95,9.78,10.62,11.31,12.32
2014-05-12,12.98,11.1,9.91,10.1,9.47,9.91,15.89,13.07,11.64,10.89,8.91,9.55,10.28,10.89,11.97
2014-05-13,12.4,10.71,9.25,9.21,8.95,9.25,15.95,13.21,11.67,10.95,9.05,9.62,10.33,10.95,12.17
2014-05-14,12.38,11.04,10.06,9.5,10.01,10.06,15.8,13.27,11.83,11.05,8.96,9.56,10.29,11.05,12.18
2014-05-15,12.82,12.2,11.71,10.35,10.83,11.71,16.99,14.05,12.47,11.68,9.3,10.07,10.99,11.68,12.76
2014-05-16,15.74,13.02,10.78,8.66,9.47,10.78,17.24,14.39,12.58,11.68,9.11,9.98,10.94,11.68,12.21
2014-05-19,15.91,12.85,10.47,8.21,9.12,10.47,16.95,14.08,12.31,11.53,8.88,9.68,10.65,11.53,12.05
2014-05-20,16.27,13.49,11.25,8.67,9.48,11.25,17.64,14.51,12.74,11.91,9.01,9.91,10.89,11.91,12.28
2014-05-21,15.18,12.4,10.25,8.08,8.83,10.25,16.67,13.61,11.93,11.08,8.47,9.39,10.36,11.08,11.78
2014-05-22,14.86,12.38,10.44,8.36,8.91,10.44,16.73,13.73,12.01,11.16,8.53,9.45,10.41,11.16,11.9
2014-05-23,13.94,11.62,9.81,7.76,8.46,9.81,16.23,13.51,11.87,11.06,8.25,9.11,9.99,11.06,11.84
2014-05-27,13.49,11.41,9.85,8.18,8.4,9.85,15.74,12.87,11.38,10.65,8.36,9.06,9.91,10.65,11.69
2014-05-28,13.72,11.31,9.75,8.27,8.67,9.75,15.85,13.15,11.53,10.77,8.47,9.23,10.09,10.77,11.85
2014-05-29,13.2,11.05,9.55,7.98,8.31,9.55,15.59,12.91,11.43,10.71,8.45,9.02,9.88,10.71,11.86
2014-05-30,13.08,10.74,9.23,7.99,7.96,9.23,15.3,12.83,11.38,10.69,8.36,9.0,9.68,10.69,11.73
2014-06-02,13.03,10.97,9.32,7.83,8.23,9.32,15.53,12.85,11.36,10.54,8.46,9.05,9.85,10.54,11.85
2014-06-03,13.23,11.15,9.8,8.3,8.72,9.8,15.62,12.99,11.53,10.87,8.5,9.12,9.97,10.87,11.88
2014-06-04,13.44,11.57,10.07,8.45,8.87,10.07,15.7,13.0,11.6,10.89,8.69,9.31,9.97,10.89,11.97
2014-06-05,13.21,11.29,10.12,8.37,8.71,10.12,14.85,12.52,11.19,10.51,8.53,9.1,9.83,10.51,11.68
2014-06-06,10.87,9.48,8.54,7.33,7.82,8.54,13.72,11.49,10.26,9.73,8.1,8.57,9.19,9.73,11.08
2014-06-09,11.43,9.58,8.55,7.49,7.89,8.55,14.06,11.55,10.44,9.88,8.21,8.74,9.42,9.88,11.22
2014-06-10,10.97,9.0,8.17,7.1,7.63,8.17,13.71,11.31,10.13,9.51,8.03,8.57,9.2,9.51,11.07
2014-06-11,11.32,9.81,9.01,7.9,8.08,9.01,14.73,11.9,10.49,9.99,8.15,8.72,9.51,9.99,11.33
2014-06-12,13.45,10.98,9.28,8.95,9.47,9.28,15.85,12.51,10.99,10.2,8.59,9.34,10.33,10.2,11.68
2014-06-13,13.48,11.06,9.37,7.73,8.1,9.37,15.86,12.7,11.14,10.4,8.11,8.89,9.71,10.4,11.71
2014-06-16,15.32,12.66,11.11,9.39,10.0,11.11,16.56,13.1,11.47,10.65,8.35,9.02,9.91,10.65,11.82
2014-06-17,16.5,13.23,11.55,10.04,10.38,11.55,15.82,12.45,10.88,10.12,7.96,8.71,9.5,10.12,11.45
2014-06-18,10.61,9.55,8.41,9.04,8.37,8.41,13.45,10.72,9.4,8.73,7.21,7.74,8.45,8.73,10.65
2014-06-19,8.47,8.09,7.19,6.72,6.9,7.19,13.21,10.41,9.16,8.4,6.69,7.23,7.74,8.4,10.44
2014-06-20,13.58,10.08,8.18,6.79,7.06,8.18,15.33,11.94,10.3,9.55,7.51,8.16,8.9,9.55,10.46
2014-06-23,13.12,10.37,8.21,6.73,7.2,8.21,15.44,11.91,10.52,9.8,7.35,7.95,8.92,9.8,10.33
2014-06-24,15.35,11.44,9.61,7.66,8.23,9.61,16.38,12.74,10.94,10.18,8.0,8.89,9.74,10.18,11.21
2014-06-25,14.5,11.15,8.88,6.99,7.6,8.88,15.77,12.5,10.77,10.01,7.54,8.46,8.87,10.01,10.77
2014-06-26,14.88,11.3,8.92,7.0,7.69,8.92,15.85,12.48,10.74,9.95,7.59,8.42,9.26,9.95,10.78
2014-06-27,14.46,10.68,8.42,6.7,7.13,8.42,15.44,12.1,10.46,9.67,7.5,8.19,8.98,9.67,10.66
2014-06-30,13.78,10.37,8.06,6.94,7.49,8.06,15.28,11.99,10.3,9.46,7.49,8.28,9.16,9.46,10.69
2014-07-01,12.56,9.84,7.88,6.98,6.98,7.88,14.88,11.67,10.12,9.34,7.28,7.96,8.69,9.34,10.49
2014-07-02,11.96,9.22,7.8,6.76,6.85,7.8,14.5,11.24,9.73,9.05,7.2,7.71,8.51,9.05,10.38
2014-07-03,10.72,8.43,7.03,6.36,6.44,7.03,13.7,10.55,9.18,8.5,6.94,7.45,8.11,8.5,10.15
2014-07-07,12.46,9.68,8.32,7.11,7.62,8.32,14.64,11.53,10.01,9.25,7.44,8.08,8.78,9.25,10.74
2014-07-08,13.96,10.8,9.86,8.04,8.73,9.86,15.17,12.16,10.47,10.14,7.75,8.59,9.53,10.14,11.11
2014-07-09,11.94,9.87,8.45,7.12,7.55,8.45,14.79,11.89,10.26,9.47,7.36,8.11,9.0,9.47,10.95
2014-07-10,15.02,11.73,9.62,7.45,8.15,9.62,16.54,13.12,11.39,10.41,7.78,8.74,9.72,10.41,11.48
2014-07-11,13.64,10.36,8.41,6.79,7.35,8.41,15.78,12.44,10.53,9.71,7.37,8.22,9.21,9.71,11.17
2014-07-14,13.38,10.23,8.36,6.9,7.4,8.36,15.15,12.0,10.31,9.54,7.13,7.97,8.75,9.54,10.87
2014-07-15,15.15,11.13,9.28,7.69,8.4,9.28,15.39,12.36,10.64,9.78,7.38,8.2,9.12,9.78,11.09
2014-07-16,11.76,9.43,7.67,7.1,7.14,7.67,14.6,11.57,9.83,9.15,6.85,7.59,8.38,9.15,10.71
2014-07-17,14.53,13.36,12.8,11.28,12.04,12.8,19.57,14.94,12.69,11.74,8.65,9.79,11.02,11.74,12.38
2014-07-18,15.83,12.21,9.3,6.78,7.62,9.3,17.11,13.65,11.81,10.72,7.7,8.66,9.71,10.72,11.02
2014-07-21,16.52,12.86,10.09,7.13,8.15,10.09,17.67,14.14,12.15,11.11,7.96,9.01,10.19,11.11,11.46
2014-07-22,14.96,12.05,9.74,7.05,7.92,9.74,16.79,13.69,11.87,10.85,7.96,8.94,9.96,10.85,11.33
2014-07-23,14.07,11.38,9.16,7.01,7.78,9.16,16.4,13.34,11.64,10.7,8.14,9.05,10.03,10.7,11.45
2014-07-24,14.3,11.53,9.21,6.89,7.68,9.21,16.21,13.31,11.64,10.77,8.2,9.03,9.98,10.77,11.57
2014-07-25,15.79,12.34,9.8,7.32,7.89,9.8,17.11,13.92,12.12,11.22,8.47,9.29,10.32,11.22,11.91
2014-07-28,15.3,12.15,9.64,7.3,8.25,9.64,16.83,13.65,11.89,10.97,8.37,9.26,10.24,10.97,11.88
2014-07-29,17.01,13.47,10.74,7.95,8.83,10.74,17.6,14.23,12.45,11.51,8.64,9.63,10.62,11.51,12.12
2014-07-30,16.69,13.05,10.52,8.41,9.18,10.52,17.52,14.15,12.21,11.25,8.62,9.72,10.68,11.25,12.2
2014-07-31,23.24,18.28,14.74,11.73,12.84,14.74,21.51,17.35,15.19,13.83,10.54,11.87,13.2,13.83,14.21
2014-08-01,23.02,18.35,14.75,11.04,12.37,14.75,22.17,17.89,15.43,14.3,10.42,11.77,13.25,14.3,14.57
2014-08-04,18.44,15.2,12.57,9.7,10.61,12.57,19.68,16.12,14.0,12.9,9.45,10.71,11.97,12.9,13.54
2014-08-05,21.46,17.83,15.3,11.17,12.31,15.3,21.94,18.04,15.72,14.55,10.34,11.77,13.19,14.55,14.68
2014-08-06,19.81,17.03,14.46,11.03,12.15,14.46,21.33,17.49,15.21,14.03,10.21,11.63,13.08,14.03,14.61
2014-08-07,19.61,17.11,14.92,11.63,12.84,14.92,21.45,17.76,15.61,14.59,10.77,12.23,13.66,14.59,15.01
2014-08-08,17.77,15.76,13.71,10.76,11.73,13.71,20.81,17.1,15.19,14.27,10.06,11.39,12.69,14.27,14.42
2014-08-11,17.43,15.23,13.2,10.53,11.45,13.2,19.09,15.81,13.88,12.88,9.39,10.63,11.86,12.88,13.62
2014-08-12,16.48,14.45,12.87,11.87,11.76,12.87,18.66,15.48,13.57,12.64,9.43,10.56,11.84,12.64,13.58
2014-08-13,12.77,10.81,9.62,9.43,10.05,9.62,16.86,13.59,11.98,11.07,8.54,9.66,10.85,11.07,12.74
2014-08-14,11.09,10.44,9.71,9.41,9.88,9.71,16.55,13.12,11.23,10.33,7.96,8.96,10.08,10.33,12.05
2014-08-15,17.41,13.79,10.65,7.93,8.88,10.65,18.06,14.44,12.39,11.34,8.37,9.5,10.68,11.34,12.04
2014-08-18,16.35,12.89,10.13,7.38,8.0,10.13,17.12,13.67,11.78,10.81,7.88,8.85,9.83,10.81,11.34
2014-08-19,15.82,12.42,9.9,7.34,8.04,9.9,16.97,13.5,11.61,10.71,7.84,8.78,9.76,10.71,11.33
2014-08-20,15.0,11.93,9.64,7.59,8.0,9.64,16.73,13.4,11.56,10.67,8.04,8.87,9.83,10.67,11.24
2014-08-21,14.32,11.61,9.4,7.65,8.08,9.4,16.23,13.1,11.36,10.5,8.06,8.85,9.78,10.5,11.21
2014-08-22,14.06,11.17,9.17,7.59,8.03,9.17,15.95,12.81,11.04,10.28,7.98,8.85,9.78,10.28,11.33
2014-08-25,13.93,11.07,9.09,7.56,8.05,9.09,16.03,12.82,11.13,10.32,8.08,8.85,9.69,10.32,11.18
2014-08-26,13.31,10.81,9.04,7.99,8.15,9.04,15.79,12.72,11.05,10.34,8.27,8.97,9.84,10.34,11.19
2014-08-27,13.45,10.97,9.27,7.67,7.92,9.27,16.28,13.1,11.47,10.65,8.21,8.98,9.81,10.65,11.46
2014-08-28,13.4,10.7,9.01,7.95,8.29,9.01,16.35,13.16,11.38,10.54,8.37,9.12,10.07,10.54,11.74
2014-08-29,14.03,10.98,9.13,7.37,7.74,9.13,16.67,13.4,11.6,10.72,8.18,9.01,9.89,10.72,11.65
2014-09-02,13.74,11.12,9.09,7.42,7.86,9.09,16.87,13.46,11.69,10.81,8.19,9.09,9.98,10.81,11.86
2014-09-03,14.13,11.21,9.32,7.46,8.08,9.32,16.53,13.33,11.52,10.64,8.32,9.03,10.03,10.64,11.81
2014-09-04,14.75,11.82,9.93,8.19,8.66,9.93,16.95,13.42,11.56,10.71,8.49,9.22,10.22,10.71,11.97
2014-09-05,13.22,10.41,8.5,6.8,7.01,8.5,16.09,12.68,10.84,9.95,7.57,8.31,9.14,9.95,11.33
2014-09-08,15.03,11.63,9.39,7.49,7.84,9.39,16.88,13.09,11.19,10.3,7.81,8.6,9.56,10.3,11.64
2014-09-09,16.74,12.51,10.77,8.58,9.46,10.77,17.81,13.86,11.83,10.83,8.37,9.25,10.4,10.83,12.07
2014-09-10,16.82,12.75,10.53,7.79,8.5,10.53,17.16,13.6,11.64,10.68,7.87,8.84,9.85,10.68,11.87
2014-09-11,15.52,12.02,9.72,7.6,7.9,9.72,17.27,13.41,11.49,10.49,7.67,8.61,9.6,10.49,11.81
2014-09-12,17.24,13.72,10.88,8.11,9.15,10.88,17.94,14.12,12.18,11.15,8.23,9.14,10.38,11.15,12.22
2014-09-15,22.14,17.37,14.02,10.51,11.79,14.02,19.09,14.88,12.7,11.73,8.73,9.75,10.83,11.73,12.62
2014-09-16,18.29,15.22,13.01,11.04,11.51,13.01,17.25,13.17,11.24,10.48,7.88,8.87,9.92,10.48,11.86
2014-09-17,16.78,12.57,10.67,10.05,9.92,10.67,16.0,12.43,10.69,9.96,8.11,8.64,9.51,9.96,11.47
2014-09-18,9.34,8.7,8.25,7.73,8.11,8.25,14.97,11.57,9.9,9.08,7.61,8.23,8.96,9.08,11.14
2014-09-19,15.12,11.33,8.85,7.2,7.94,8.85,17.38,13.26,11.22,10.23,8.21,9.03,10.07,10.23,11.06
2014-09-22,17.46,13.49,10.79,8.14,8.95,10.79,19.05,14.79,12.64,11.56,8.62,9.57,10.7,11.56,12.1
2014-09-23,19.11,15.26,12.22,8.95,9.91,12.22,20.35,15.77,13.59,12.53,9.07,10.11,11.31,12.53,12.75
2014-09-24,16.81,13.25,10.56,7.74,8.78,10.56,18.8,14.75,12.43,11.33,8.3,9.35,10.58,11.33,12.01
2014-09-25,20.35,16.25,12.91,9.95,11.37,12.91,21.28,16.8,14.42,13.2,9.61,10.96,12.38,13.2,13.45
2014-09-26,19.1,15.12,12.05,8.89,9.97,12.05,20.29,15.9,13.57,12.63,9.09,10.24,11.57,12.63,12.9
2014-09-29,20.17,16.25,13.03,9.64,10.82,13.03,21.29,16.86,14.48,13.28,9.67,10.91,12.3,13.28,13.55
2014-09-30,20.86,17.25,13.83,10.39,11.35,13.83,21.76,17.51,15.22,14.06,9.9,11.11,12.52,14.06,13.92
2014-10-01,20.68,17.46,14.76,11.49,12.92,14.76,21.88,17.95,15.65,14.45,10.7,12.27,13.84,14.45,14.8
2014-10-02,19.38,16.41,14.09,11.11,12.14,14.09,21.1,17.35,15.21,14.1,10.37,11.63,13.16,14.1,14.42
2014-10-03,16.98,14.95,12.84,9.68,10.55,12.84,19.1,15.93,13.95,12.92,9.38,10.59,11.83,12.92,13.32
2014-10-06,18.45,16.06,13.56,10.45,11.39,13.56,20.14,16.42,14.4,13.35,9.67,11.05,12.36,13.35,13.74
2014-10-07,20.22,17.64,15.39,12.28,13.89,15.39,22.03,18.36,16.09,14.83,10.78,12.4,13.93,14.83,14.9
2014-10-08,17.78,14.97,13.17,10.69,11.58,13.17,19.77,16.23,14.12,13.03,9.46,10.76,12.09,13.03,13.63
2014-10-09,22.71,19.16,19.17,15.65,17.15,19.17,22.88,18.82,16.4,15.59,11.64,13.56,15.31,15.59,15.76
2014-10-10,24.79,21.87,18.82,15.74,17.01,18.82,26.28,21.64,18.75,17.33,12.84,14.67,16.65,17.33,16.92
2014-10-13,34.9,29.93,24.31,20.53,21.55,24.31,30.92,25.31,22.08,19.95,14.45,16.6,18.63,19.95,18.63
2014-10-14,26.29,21.88,20.95,17.98,19.65,20.95,28.5,23.09,20.04,18.79,13.93,15.77,17.72,18.79,18.09
2014-10-15,38.24,34.87,29.03,22.14,23.8,29.03,32.31,26.76,23.49,21.28,14.59,16.63,18.6,21.28,19.45
2014-10-16,30.75,28.73,25.89,22.16,23.18,25.89,30.52,25.12,21.96,20.12,14.21,15.93,17.84,20.12,18.73
2014-10-17,28.22,22.91,17.89,12.57,14.17,17.89,27.78,22.4,19.35,17.77,12.58,14.26,16.04,17.77,17.36
2014-10-20,23.85,20.06,16.08,11.59,13.21,16.08,24.65,20.52,17.85,16.54,12.18,13.84,15.51,16.54,16.49
2014-10-21,20.94,17.42,13.8,10.28,11.74,13.8,22.07,18.22,15.79,14.55,10.91,12.48,13.99,14.55,14.97
2014-10-22,22.83,18.77,14.83,11.82,13.48,14.83,23.78,19.39,16.77,15.39,12.03,13.71,15.4,15.39,15.88
2014-10-23,21.15,17.47,14.21,10.81,12.22,14.21,22.42,18.47,16.22,14.98,11.4,12.78,14.22,14.98,15.23
2014-10-24,20.61,17.16,14.02,10.79,11.94,14.02,21.99,18.27,16.08,14.86,11.76,12.65,14.0,14.86,15.17
2014-10-27,20.38,16.95,13.83,11.02,12.14,13.83,21.97,18.21,15.96,14.74,11.54,12.79,14.13,14.74,15.14
2014-10-28,18.28,15.18,12.48,9.63,10.55,12.48,20.1,16.68,14.62,13.61,10.42,11.49,12.67,13.61,14.07
2014-10-29,18.94,15.59,12.95,9.82,10.62,12.95,20.66,16.92,14.94,13.81,10.54,11.57,12.73,13.81,14.22
2014-10-30,18.34,14.82,12.47,9.79,10.62,12.47,20.25,16.62,14.59,13.53,10.48,11.54,12.59,13.53,14.05
2014-10-31,17.14,14.43,12.32,9.96,10.5,12.32,19.69,15.92,14.04,13.13,10.5,11.11,12.16,13.13,13.62
2014-11-03,18.13,15.11,12.74,10.53,10.89,12.74,20.15,16.35,14.35,13.36,10.67,11.48,12.62,13.36,13.92
2014-11-04,18.26,15.4,13.14,10.11,10.95,13.14,20.29,16.56,14.57,13.52,10.56,11.3,12.44,13.52,14.11
2014-11-05,16.63,13.63,11.52,9.69,10.05,11.52,19.35,15.41,13.68,12.68,10.29,11.04,12.07,12.68,13.72
2014-11-06,15.84,12.9,11.02,9.78,10.08,11.02,18.68,14.91,13.08,12.2,10.26,10.72,11.78,12.2,13.22
2014-11-07,14.28,11.74,9.95,8.51,8.72,9.95,17.85,14.29,12.51,11.68,9.63,10.08,10.92,11.68,12.83
2014-11-10,14.0,11.1,9.71,8.12,8.5,9.71,17.12,13.67,12.06,11.21,9.69,9.78,10.41,11.21,12.41
2014-11-11,13.4,9.91,9.46,8.4,8.63,9.46,17.42,13.79,12.09,11.05,9.65,9.91,10.62,11.05,12.46
2014-11-12,13.3,10.74,9.35,8.44,8.6,9.35,17.53,13.88,12.17,11.26,9.56,10.03,10.74,11.26,12.69
2014-11-13,13.97,11.27,9.41,8.34,8.34,9.41,18.12,14.28,12.36,11.37,9.31,9.93,10.7,11.37,12.69
2014-11-14,12.74,10.07,8.65,7.95,8.2,8.65,17.95,13.98,12.08,11.32,9.3,9.87,10.65,11.32,12.81
2014-11-17,13.17,11.01,9.56,8.5,8.85,9.56,18.0,14.23,12.28,11.3,9.47,10.02,10.92,11.3,12.73
2014-11-18,13.63,11.12,9.79,10.07,9.5,9.79,17.51,13.71,11.91,11.24,9.97,9.99,10.68,11.24,12.61
2014-11-19,13.68,9.92,9.79,10.04,8.99,9.79,17.84,13.91,12.09,11.35,9.71,10.06,10.85,11.35,12.93
2014-11-20,8.46,8.04,7.81,7.42,7.62,7.81,17.68,13.35,11.41,10.67,8.9,9.31,10.17,10.67,12.53
2014-11-21,16.45,12.39,10.0,8.8,8.81,10.0,18.49,14.13,12.04,11.17,9.15,9.56,10.42,11.17,12.35
2014-11-24,15.88,11.89,9.81,8.42,8.75,9.81,18.1,13.86,11.83,11.0,9.0,9.38,10.16,11.0,12.21
2014-11-25,14.97,11.62,9.58,8.64,8.95,9.58,17.62,13.61,11.62,10.84,9.22,9.68,10.56,10.84,12.42
2014-11-26,15.2,11.86,9.62,8.43,8.49,9.62,17.55,13.74,11.8,10.89,8.95,9.39,10.14,10.89,12.27
2014-11-28,17.24,13.44,10.96,9.66,9.75,10.96,18.66,14.68,12.71,11.79,9.92,10.23,11.06,11.79,12.9
2014-12-01,18.17,15.07,12.26,10.56,10.96,12.26,19.82,15.66,13.55,12.53,10.45,10.81,11.77,12.53,13.56
2014-12-02,16.95,13.55,11.22,9.5,9.7,11.22,18.22,14.49,12.55,11.67,9.64,10.0,10.83,11.67,12.88
2014-12-03,16.01,12.94,10.73,9.36,9.45,10.73,17.68,14.01,12.25,11.23,9.19,9.68,10.47,11.23,12.47
2014-12-04,15.46,12.59,10.35,8.9,9.32,10.35,17.24,13.82,11.97,11.12,9.26,9.76,10.55,11.12,12.53
2014-12-05,14.21,10.92,9.04,7.84,8.31,9.04,16.83,13.27,11.42,10.63,8.86,9.35,10.23,10.63,12.23
2014-12-08,19.25,15.06,12.29,9.77,10.65,12.29,19.0,15.26,13.23,12.08,9.76,10.47,11.38,12.08,13.5
2014-12-09,20.2,15.89,12.91,9.79,10.97,12.91,19.67,15.78,13.58,12.24,9.63,10.33,11.3,12.24,13.4
2014-12-10,27.58,22.23,18.29,14.31,16.02,18.29,23.67,18.95,16.37,15.29,11.92,13.0,14.5,15.29,15.5
2014-12-11,29.12,23.62,19.11,14.37,15.95,19.11,26.58,21.0,18.0,16.5,11.99,13.37,14.89,16.5,16.7
2014-12-12,42.96,27.11,22.15,16.97,18.12,22.15,26.74,22.68,19.47,17.81,14.75,13.89,16.31,17.81,17.83
2014-12-15,27.57,24.07,23.25,17.96,20.31,23.25,25.44,20.36,17.46,17.54,12.96,14.44,16.2,17.54,17.83
2014-12-16,34.19,29.99,27.11,23.4,22.78,27.11,30.65,24.5,21.25,19.25,15.1,16.27,17.88,19.25,19.09
2014-12-17,23.64,20.58,18.34,16.44,16.81,18.34,25.19,19.69,17.12,16.19,12.39,13.59,15.11,16.19,16.76
2014-12-18,12.26,11.67,11.65,12.37,12.83,11.65,21.25,16.78,14.18,13.62,10.79,11.72,13.03,13.62,14.78
2014-12-19,21.1,16.02,12.93,10.7,11.31,12.93,23.1,17.73,15.02,13.8,10.73,11.63,12.91,13.8,14.45
2014-12-22,19.4,15.08,12.43,10.2,10.79,12.43,21.94,17.17,14.67,13.0,10.14,10.94,12.0,13.0,13.95
2014-12-23,18.08,14.36,12.05,9.56,10.38,12.05,21.37,16.66,14.13,13.02,10.28,10.89,12.08,13.02,13.9
2014-12-24,17.56,14.92,11.76,9.89,10.11,11.76,21.22,16.58,14.16,12.91,9.67,11.24,12.41,12.91,13.69
2014-12-26,18.23,14.18,11.38,9.33,9.84,11.38,20.9,16.32,13.9,12.55,9.8,10.57,11.62,12.55,13.57
2014-12-29,18.02,14.29,11.39,9.59,10.1,11.39,21.18,16.32,13.83,12.74,9.89,10.67,11.77,12.74,13.66
2014-12-30,19.13,14.85,11.65,9.48,10.17,11.65,22.0,17.05,14.38,13.18,10.13,11.01,12.22,13.18,14.13
2014-12-31,25.25,19.32,14.45,10.8,11.88,14.45,25.56,19.6,16.53,14.86,11.08,12.2,13.61,14.86,15.63
2015-01-02,22.64,18.24,14.39,10.22,11.26,14.39,24.67,19.02,16.1,14.7,10.45,11.75,13.09,14.7,15.22
2015-01-05,23.85,19.57,16.16,12.88,14.89,16.16,25.69,20.26,17.22,15.67,11.77,13.45,15.28,15.67,16.51
2015-01-06,25.66,21.91,18.24,14.01,15.38,18.24,27.22,21.85,18.85,17.27,12.48,14.03,15.69,17.27,17.6
2015-01-07,21.28,18.62,16.09,12.53,13.65,16.09,24.9,19.92,17.34,16.0,11.83,13.22,14.66,16.0,16.43
2015-01-08,18.39,16.03,13.55,10.61,11.46,13.55,22.37,18.04,15.66,14.42,10.45,11.63,12.92,14.42,15.05
2015-01-09,16.86,15.35,13.59,11.26,12.14,13.59,23.77,19.23,16.68,15.07,10.72,12.16,13.52,15.07,15.47
2015-01-12,21.64,19.03,18.71,16.09,16.63,18.71,25.09,20.22,17.53,16.28,11.82,13.48,15.17,16.28,16.71
2015-01-13,23.64,21.64,19.97,17.37,18.18,19.97,25.81,20.92,18.06,16.78,12.18,13.83,15.61,16.78,16.98
2015-01-14,25.39,22.22,21.88,21.19,22.03,21.88,26.67,21.54,18.61,17.26,12.88,14.53,16.32,17.26,17.09
2015-01-15,22.8,21.79,23.05,22.23,23.41,23.05,27.27,22.24,19.54,19.02,13.61,15.58,17.58,19.02,17.83
2015-01-16,26.29,21.35,17.17,12.68,14.21,17.17,27.27,21.62,18.74,17.14,12.52,14.08,15.76,17.14,17.02
2015-01-20,25.63,20.81,16.9,12.53,14.21,16.9,26.64,21.15,18.28,16.83,12.23,13.95,15.74,16.83,16.86
2015-01-21,24.11,19.57,15.88,11.7,13.27,15.88,25.41,19.96,17.19,15.75,11.45,13.0,14.76,15.75,16.02
2015-01-22,20.94,16.99,13.78,10.12,11.16,13.78,22.83,18.01,15.53,14.34,10.45,11.59,12.98,14.34,14.55
2015-01-23,20.78,17.06,13.75,10.36,11.41,13.75,23.22,18.32,15.86,14.53,10.83,11.99,13.38,14.53,14.96
2015-01-26,18.74,15.45,12.4,9.88,11.05,12.4,21.63,17.11,14.69,13.46,10.35,11.57,12.91,13.46,14.31
2015-01-27,21.0,17.47,16.09,11.67,13.21,16.09,22.89,18.24,15.7,15.93,11.71,13.22,14.86,15.93,15.35
2015-01-28,25.44,21.73,18.13,13.53,14.97,18.13,26.94,21.8,19.0,17.57,12.8,14.3,15.96,17.57,17.33
2015-01-29,22.67,19.14,15.66,12.15,13.59,15.66,25.16,19.89,17.18,15.73,11.84,13.45,15.1,15.73,16.46
2015-01-30,26.19,21.89,18.42,13.83,15.4,18.42,27.99,22.3,19.27,18.08,13.38,15.05,16.97,18.08,17.99
2015-02-02,23.19,19.5,16.08,12.36,13.87,16.08,26.14,20.72,17.86,16.35,12.0,13.78,15.55,16.35,16.86
2015-02-03,20.26,17.2,14.47,10.58,11.75,14.47,23.72,18.87,16.27,14.98,10.86,12.22,13.71,14.98,15.45
2015-02-04,20.62,18.16,15.61,11.37,12.46,15.61,24.74,19.92,17.21,15.82,11.2,12.7,14.27,15.82,16.04
2015-02-05,19.04,16.82,14.16,10.4,11.48,14.16,23.23,18.54,16.01,14.72,10.63,11.91,13.44,14.72,15.34
2015-02-06,18.89,16.16,13.46,10.67,11.98,13.46,24.01,18.86,16.07,14.76,11.17,12.63,14.23,14.76,15.76
2015-02-09,20.53,17.85,15.26,11.98,13.11,15.26,25.14,19.85,17.24,15.85,11.7,13.17,14.72,15.85,16.45
2015-02-10,18.72,15.99,13.57,10.57,11.41,13.57,23.26,18.42,15.82,14.68,10.75,12.05,13.51,14.68,15.42
2015-02-11,16.96,14.63,13.15,10.45,11.55,13.15,23.21,18.35,15.67,14.51,10.87,12.16,13.55,14.51,15.51
2015-02-12,14.17,11.99,10.33,8.98,9.44,10.33,21.04,16.53,14.4,13.26,9.85,10.88,12.1,13.26,14.28
2015-02-13,12.95,11.03,9.64,8.82,8.73,9.64,19.86,15.72,13.7,12.64,9.69,10.61,11.88,12.64,14.06
2015-02-17,16.32,13.62,12.14,10.37,10.26,12.14,20.58,16.51,14.24,13.13,9.94,10.94,12.17,13.13,14.25
2015-02-18,13.66,11.67,9.8,9.98,9.57,9.8,19.92,16.05,14.01,12.95,9.85,10.82,11.93,12.95,14.13
2015-02-19,10.92,10.27,9.87,9.23,9.61,9.87,19.27,15.55,13.45,12.45,9.52,10.53,11.69,12.45,14.23
2015-02-20,18.27,14.35,11.79,9.22,9.91,11.79,20.82,16.34,13.96,12.81,9.5,10.54,11.74,12.81,13.49
2015-02-23,17.58,14.23,11.65,9.44,9.96,11.65,20.63,16.15,13.76,12.69,9.57,10.62,11.82,12.69,13.4
2015-02-24,16.32,13.03,10.72,8.76,9.48,10.72,19.22,15.13,12.97,11.91,9.31,10.11,11.24,11.91,12.87
2015-02-25,16.51,13.15,10.77,8.67,9.11,10.77,19.6,15.26,13.09,12.07,9.22,10.05,11.15,12.07,12.86
2015-02-26,16.57,13.13,10.81,8.7,9.44,10.81,19.64,15.35,13.2,12.11,9.33,10.18,11.33,12.11,13.03
2015-02-27,15.47,12.71,10.69,8.55,9.31,10.69,19.37,15.1,12.97,12.2,9.31,10.24,11.42,12.2,13.04
2015-03-02,14.95,12.48,10.34,8.2,8.93,10.34,18.69,14.73,12.58,11.6,8.74,9.64,10.75,11.6,12.59
2015-03-03,16.26,13.51,10.96,8.62,9.49,10.96,19.35,15.43,13.3,12.2,9.1,10.08,11.29,12.2,13.05
2015-03-04,16.51,13.98,11.44,8.85,9.72,11.44,19.49,15.58,13.47,12.2,8.99,10.07,11.22,12.2,13.1
2015-03-05,16.68,13.95,11.38,8.56,9.54,11.38,19.25,15.45,13.26,12.08,8.82,9.91,11.14,12.08,12.98
2015-03-06,18.39,15.97,13.21,9.95,11.09,13.21,20.53,16.47,14.6,13.39,9.81,10.96,12.33,13.39,14.03
2015-03-09,17.37,14.8,13.0,9.94,11.14,13.0,19.85,16.21,14.18,13.14,9.62,10.86,12.21,13.14,13.97
2015-03-10,19.01,17.52,15.51,12.78,13.76,15.51,21.25,17.96,15.94,14.59,10.76,12.11,13.51,14.59,14.97
2015-03-11,18.45,17.61,15.65,13.4,14.13,15.65,21.51,18.03,15.98,14.84,11.2,12.53,14.09,14.84,15.44
2015-03-12,16.93,15.69,14.58,12.3,12.98,14.58,19.37,16.32,14.65,13.79,10.27,11.55,12.89,13.79,14.55
2015-03-13,16.65,15.6,14.08,12.91,13.71,14.08,19.76,17.17,15.46,14.53,11.11,12.26,13.56,14.53,15.13
2015-03-16,20.28,18.19,15.83,14.79,16.13,15.83,19.69,16.81,15.01,13.98,10.51,11.83,13.1,13.98,14.53
2015-03-17,23.04,20.93,18.42,15.62,16.45,18.42,19.83,16.89,15.09,13.98,10.71,11.79,13.07,13.98,14.63
2015-03-18,18.76,16.11,14.09,11.99,12.78,14.09,17.26,14.76,13.02,12.01,8.9,10.1,11.22,12.01,13.58
2015-03-19,12.84,12.21,11.63,10.72,11.24,11.63,17.79,14.79,12.97,11.97,8.93,10.01,11.27,11.97,13.83
2015-03-20,16.58,13.31,10.7,8.39,9.14,10.7,19.74,15.79,13.59,12.41,8.97,10.1,11.34,12.41,13.41
2015-03-23,16.31,13.52,11.0,8.53,9.35,11.0,19.33,15.75,13.6,12.41,8.97,9.08,11.34,12.41,13.49
2015-03-24,17.03,14.03,11.46,8.85,9.71,11.46,19.47,16.82,13.77,13.98,9.2,10.32,10.98,13.98,13.7
2015-03-25,19.07,16.47,13.66,10.15,11.44,13.66,21.6,17.52,15.45,14.24,9.32,10.45,12.95,14.24,14.9
2015-03-26,19.55,16.65,14.04,10.54,11.75,14.04,21.02,18.58,15.62,14.54,9.94,11.34,11.57,14.54,15.07
2015-03-27,18.88,16.16,13.58,10.35,11.43,13.58,21.36,17.26,17.61,16.99,9.98,11.5,11.6,16.99,14.82
2015-03-30,17.46,14.82,12.44,9.6,10.92,12.44,19.91,16.44,14.42,13.34,9.59,10.92,12.27,13.34,14.16
2015-03-31,18.78,16.38,13.79,10.35,11.47,13.79,20.68,17.27,15.35,14.12,10.22,11.71,13.23,14.12,14.85
2015-04-01,17.58,15.64,13.46,10.21,11.45,13.46,20.09,16.97,15.05,13.97,9.89,11.33,12.83,13.97,14.8
2015-04-02,16.9,15.11,13.17,10.07,11.29,13.17,19.54,16.62,14.69,13.57,9.72,11.17,12.63,13.57,14.62
2015-04-06,16.72,15.13,13.26,10.1,11.33,13.26,19.34,16.36,14.47,13.42,9.65,11.01,12.33,13.42,14.34
2015-04-07,16.56,14.81,12.96,9.99,10.9,12.96,19.29,16.2,14.46,13.43,9.61,11.01,12.3,13.43,14.34
2015-04-08,15.6,13.99,11.79,9.18,10.03,11.79,18.54,15.61,13.8,12.5,9.16,10.44,11.63,12.5,13.92
2015-04-09,13.98,12.32,10.3,7.95,8.57,10.3,17.57,14.62,12.88,11.96,8.59,9.65,10.84,11.96,13.24
2015-04-10,11.26,9.66,8.35,6.78,7.23,8.35,16.79,13.97,12.21,11.26,8.41,9.36,10.43,11.26,12.75
2015-04-13,15.17,13.12,11.24,9.98,10.47,11.24,18.15,15.24,13.47,12.53,9.73,10.57,11.68,12.53,13.58
2015-04-14,15.22,12.88,10.86,8.62,9.61,10.86,17.55,14.74,13.08,12.15,9.24,10.13,11.28,12.15,13.25
2015-04-15,12.98,10.78,8.93,8.96,8.13,8.93,16.57,13.82,12.09,11.24,8.81,9.5,10.48,11.24,12.79
2015-04-16,10.25,9.68,9.37,8.85,9.25,9.37,16.26,13.46,11.81,10.99,8.6,9.24,10.12,10.99,12.74
2015-04-17,17.88,14.85,12.36,9.16,10.21,12.36,19.86,16.38,14.34,13.11,9.46,10.78,12.09,13.11,13.52
2015-04-20,16.39,13.68,11.28,8.61,9.52,11.28,19.17,15.39,13.39,12.26,8.93,10.12,11.47,12.26,12.96
2015-04-21,16.3,13.88,11.34,8.61,9.68,11.34,18.79,15.4,13.4,12.36,9.06,10.2,11.44,12.36,12.96
2015-04-22,15.78,13.31,10.94,8.26,8.97,10.94,18.5,15.03,12.94,11.92,8.77,9.83,10.97,11.92,12.61
2015-04-23,15.36,12.83,10.51,8.36,9.22,10.51,18.21,14.69,12.71,11.68,8.86,9.74,10.9,11.68,12.5
2015-04-24,14.92,12.51,10.28,8.02,8.8,10.28,17.87,14.55,12.71,11.72,8.83,9.73,10.86,11.72,12.57
2015-04-27,16.26,13.7,11.6,8.74,9.64,11.6,18.41,15.2,13.3,12.38,9.26,10.21,11.34,12.38,13.07
2015-04-28,14.77,12.61,10.55,8.2,8.98,10.55,17.69,14.56,12.67,11.82,8.84,9.81,10.94,11.82,12.68
2015-04-29,16.64,13.98,11.7,8.99,9.95,11.7,18.82,15.52,13.5,12.51,9.16,10.26,11.47,12.51,13.12
2015-04-30,18.05,15.54,13.16,9.85,10.99,13.16,19.68,16.32,14.42,13.42,9.78,11.07,12.38,13.42,13.88
2015-05-01,15.08,12.9,10.81,8.33,9.15,10.81,17.79,14.93,13.08,12.03,8.78,10.01,11.08,12.03,12.91
2015-05-04,14.93,12.66,10.64,8.21,9.05,10.64,17.82,14.87,12.97,11.99,8.99,10.06,11.16,11.99,12.87
2015-05-05,17.46,15.71,13.58,10.3,11.6,13.58,19.05,16.15,14.37,13.31,9.85,11.07,12.38,13.31,13.95
2015-05-06,19.41,17.09,14.64,11.49,12.5,14.64,20.04,16.88,14.96,13.94,10.09,11.42,12.73,13.94,14.3
2015-05-07,18.82,17.39,14.54,10.6,11.79,14.54,20.2,16.9,14.91,13.73,9.96,11.3,12.62,13.73,14.27
2015-05-08,12.88,10.98,9.35,7.76,8.61,9.35,18.03,14.79,12.85,11.83,8.8,9.85,11.06,11.83,13.02
2015-05-11,16.36,14.16,12.43,10.31,10.76,12.43,18.82,15.6,13.7,12.64,9.35,10.52,11.73,12.64,13.52
2015-05-12,17.83,16.38,14.06,11.35,12.19,14.06,18.83,15.59,13.75,12.71,9.36,10.47,11.75,12.71,13.64
2015-05-13,17.98,15.52,13.18,10.74,11.44,13.18,18.34,15.31,13.45,12.45,9.16,10.4,11.62,12.45,13.5
2015-05-14,11.36,10.75,9.99,8.6,9.04,9.99,17.38,14.29,12.47,11.5,8.39,9.26,10.6,11.5,12.75
2015-05-15,16.83,13.82,11.08,8.06,8.93,11.08,18.78,15.23,13.12,11.91,8.47,9.72,11.0,11.91,12.56
2015-05-18,16.79,13.63,10.95,8.25,9.11,10.95,18.42,14.97,12.86,11.8,8.46,9.57,10.87,11.8,12.45
2015-05-19,16.83,13.63,11.06,8.38,9.23,11.06,18.22,14.87,12.83,11.76,8.64,9.68,10.91,11.76,12.39
2015-05-20,16.8,13.62,10.98,8.48,9.31,10.98,18.2,14.83,12.84,11.77,8.8,9.79,10.99,11.77,12.4
2015-05-21,15.71,12.89,10.33,7.95,8.76,10.33,17.39,14.35,12.31,11.3,8.36,9.33,10.49,11.3,11.92
2015-05-22,15.73,12.67,10.34,7.92,8.73,10.34,17.48,14.24,12.32,11.33,8.45,9.33,10.45,11.33,12.07
2015-05-26,18.04,14.89,12.22,8.89,10.04,12.22,19.02,15.43,13.45,12.37,9.03,10.19,11.5,12.37,13.05
2015-05-27,16.8,13.8,11.09,8.42,9.24,11.09,18.13,14.65,12.69,11.63,8.44,9.57,10.72,11.63,12.36
2015-05-28,16.95,13.99,11.09,8.21,9.22,11.09,18.25,14.72,12.7,11.63,8.55,9.56,10.69,11.63,12.4
2015-05-29,18.07,14.95,12.2,8.89,10.02,12.2,18.76,15.27,13.27,12.23,8.92,10.06,11.31,12.23,12.85
2015-06-01,17.62,14.98,12.29,9.19,10.32,12.29,18.67,15.21,13.2,12.19,8.89,10.07,11.29,12.19,12.82
2015-06-02,17.82,15.24,12.7,9.35,10.67,12.7,19.12,15.63,13.58,12.51,9.09,10.25,11.58,12.51,13.07
2015-06-03,16.72,14.57,11.92,8.74,9.81,11.92,18.31,14.95,13.0,11.94,8.65,9.82,11.02,11.94,12.83
2015-06-04,19.04,16.3,13.21,9.78,11.02,13.21,19.57,16.15,14.16,12.9,9.32,10.53,11.87,12.9,13.57
2015-06-05,17.3,15.31,12.96,9.75,10.88,12.96,18.76,15.81,13.99,12.92,9.4,10.58,11.87,12.92,13.63
2015-06-08,19.12,16.93,14.56,11.64,12.71,14.56,19.64,16.65,14.8,13.68,10.21,11.36,12.7,13.68,14.26
2015-06-09,18.42,15.93,13.87,10.93,11.91,13.87,18.98,16.01,14.34,13.28,9.83,11.06,12.3,13.28,14.03
2015-06-10,16.17,13.98,12.09,9.53,10.42,12.09,17.72,14.64,12.96,12.04,8.92,9.98,11.26,12.04,13.02
2015-06-11,14.92,12.76,11.31,9.02,9.95,11.31,16.92,14.18,12.41,11.52,8.46,9.48,10.65,11.52,12.65
2015-06-12,17.05,14.98,13.3,10.57,11.64,13.3,17.98,15.05,13.28,12.35,9.09,10.24,11.48,12.35,13.25
2015-06-15,21.96,19.9,17.31,14.38,15.32,17.31,20.02,16.81,14.89,13.7,10.18,11.38,12.7,13.7,14.01
2015-06-16,21.59,18.99,17.19,14.28,14.93,17.19,19.3,16.07,14.14,13.13,9.78,10.88,12.19,13.13,13.47
2015-06-17,18.78,16.48,14.99,13.76,14.42,14.99,18.78,15.74,13.92,12.95,9.79,10.77,12.04,12.95,13.54
2015-06-18,13.08,12.39,11.7,10.45,10.99,11.7,17.08,14.29,12.46,11.48,8.8,9.6,10.7,11.48,12.79
2015-06-19,18.11,14.98,12.0,9.2,10.24,12.0,19.8,15.96,13.9,12.72,9.31,10.45,11.8,12.72,13.29
2015-06-22,16.73,13.46,10.75,8.24,9.14,10.75,18.46,15.02,12.94,11.86,8.77,9.75,11.0,11.86,12.58
2015-06-23,15.41,12.78,10.17,7.6,8.38,10.17,17.73,14.4,12.43,11.34,8.09,9.18,10.31,11.34,12.14
2015-06-24,16.77,13.98,11.57,8.84,9.85,11.57,18.33,15.06,13.13,12.07,8.91,9.98,11.25,12.07,12.8
2015-06-25,18.13,15.27,12.43,9.28,10.22,12.43,19.17,15.67,13.64,12.48,9.07,10.16,11.45,12.48,13.08
2015-06-26,18.77,15.54,12.53,9.09,10.3,12.53,19.05,15.61,13.54,12.42,8.94,10.1,11.41,12.42,13.03
2015-06-29,26.08,21.39,17.18,12.5,14.22,17.18,24.48,19.83,17.07,15.75,11.12,12.72,14.43,15.75,15.6
2015-06-30,24.59,20.5,16.84,12.0,13.82,16.84,24.22,19.41,16.75,15.33,10.53,12.33,14.02,15.33,15.28
2015-07-01,20.64,18.19,14.84,10.86,12.27,14.84,21.27,17.51,15.26,14.01,9.92,11.32,12.85,14.01,14.24
2015-07-02,22.03,19.35,15.78,10.69,12.65,15.78,22.81,18.61,16.08,14.67,10.11,11.71,13.4,14.67,14.71
2015-07-06,20.16,18.4,16.0,11.22,13.16,16.0,22.85,18.87,16.49,15.07,10.4,12.01,13.66,15.07,15.23
2015-07-07,19.15,17.12,14.96,11.23,13.07,14.96,21.21,17.69,15.55,14.34,10.11,11.57,13.16,14.34,14.65
2015-07-08,25.43,22.75,20.03,15.62,17.28,20.03,25.29,20.87,18.35,16.93,11.73,13.64,15.5,16.93,16.51
2015-07-09,26.12,23.68,20.97,16.58,18.41,20.97,25.97,21.28,18.53,17.0,11.95,13.86,15.81,17.0,16.64
2015-07-10,20.2,18.83,16.79,13.27,14.73,16.79,22.35,18.37,16.06,14.71,10.42,11.96,13.56,14.71,14.98
2015-07-13,17.69,14.44,12.86,10.0,10.93,12.86,18.63,15.31,13.43,12.38,8.89,10.11,11.44,12.38,13.24
2015-07-14,16.43,13.0,11.18,9.12,9.45,11.18,17.87,14.57,12.72,11.68,8.58,9.64,10.84,11.68,12.99
2015-07-15,18.9,12.77,11.67,9.1,10.0,11.67,17.89,14.43,12.62,11.41,8.44,9.44,10.55,11.41,12.9
2015-07-16,9.69,9.23,8.56,7.55,7.96,8.56,16.21,13.12,11.41,10.48,7.96,8.82,9.73,10.48,12.12
2015-07-17,7.97,7.61,7.37,7.15,7.41,7.37,16.08,12.83,11.02,10.09,7.68,8.48,9.39,10.09,12.04
2015-07-20,16.18,13.02,10.5,7.94,8.66,10.5,18.17,14.42,12.47,11.46,8.57,9.39,10.47,11.46,12.05
2015-07-21,15.97,12.84,10.32,8.02,8.7,10.32,17.77,14.33,12.34,11.39,8.53,9.43,10.52,11.39,12.1
2015-07-22,15.5,12.58,10.11,7.77,8.43,10.11,17.67,14.25,12.33,11.33,8.34,9.31,10.42,11.33,12.17
2015-07-23,16.53,13.4,10.67,8.12,8.9,10.67,18.1,14.73,12.82,11.71,8.68,9.66,10.77,11.71,12.57
2015-07-24,17.46,14.57,11.85,8.89,9.76,11.85,18.9,15.52,13.65,12.58,9.16,10.36,11.61,12.58,13.29
2015-07-27,19.71,16.71,13.75,10.37,11.45,13.75,20.76,17.09,15.06,13.98,10.27,11.58,12.96,13.98,14.45
2015-07-28,16.56,13.97,11.45,8.67,9.74,11.45,18.28,15.07,13.24,12.26,8.96,10.17,11.46,12.26,13.05
2015-07-29,15.37,12.76,10.53,7.78,8.7,10.53,17.65,14.49,12.62,11.67,8.47,9.55,10.69,11.67,12.55
2015-07-30,15.02,12.16,9.97,7.53,8.41,9.97,17.29,14.14,12.35,11.36,8.4,9.4,10.59,11.36,12.48
2015-07-31,14.56,12.16,10.01,7.68,8.21,10.01,17.14,14.26,12.55,11.57,8.47,9.47,10.61,11.57,12.58
2015-08-03,15.07,12.66,10.45,7.89,8.65,10.45,17.19,14.44,12.7,11.77,8.61,9.62,10.78,11.77,12.75
2015-08-04,14.96,12.89,10.82,8.49,9.15,10.82,17.37,14.54,12.88,11.9,8.82,9.91,11.13,11.9,12.93
2015-08-05,14.56,12.4,10.21,7.75,8.68,10.21,17.08,14.25,12.57,11.68,8.7,9.73,10.82,11.68,12.86
2015-08-06,17.39,14.61,12.13,8.91,10.04,12.13,18.46,15.45,13.7,12.66,9.34,10.46,11.74,12.66,13.49
2015-08-07,17.01,14.53,12.06,9.1,10.18,12.06,18.29,15.38,13.68,12.68,9.41,10.47,11.83,12.68,13.53
2015-08-10,14.02,12.11,10.0,7.57,8.31,10.0,16.84,14.15,12.37,11.5,8.53,9.6,10.81,11.5,12.74
2015-08-11,17.71,15.3,12.62,9.5,10.61,12.62,18.51,15.51,13.77,12.86,9.5,10.74,12.06,12.86,13.76
2015-08-12,17.76,15.06,12.72,9.32,10.57,12.72,18.56,15.73,13.95,12.84,9.4,10.69,11.95,12.84,13.72
2015-08-13,16.9,14.41,12.52,9.36,10.21,12.52,18.22,15.51,13.74,12.72,9.36,10.53,11.83,12.72,13.62
2015-08-14,14.04,12.81,10.65,7.77,8.57,10.65,17.8,15.06,13.31,12.26,8.81,9.99,11.23,12.26,13.39
2015-08-17,15.38,12.62,9.39,7.32,7.7,9.39,17.64,14.59,12.75,11.73,8.37,9.57,10.8,11.73,12.91
2015-08-18,16.88,13.45,10.67,8.41,8.99,10.67,18.19,15.2,13.21,12.22,8.84,9.9,11.19,12.22,13.27
2015-08-19,18.67,17.16,15.27,13.15,13.27,15.27,20.02,16.81,14.86,13.81,9.82,11.1,12.48,13.81,13.97
2015-08-20,20.78,19.73,18.94,17.34,18.09,18.94,24.38,21.13,18.63,17.39,12.79,14.45,16.22,17.39,15.96
2015-08-21,38.27,29.22,23.42,16.31,18.9,23.42,33.82,26.41,22.51,20.53,14.37,16.53,19.0,20.53,19.49
2015-08-24,55.02,43.91,34.57,23.69,27.48,34.57,45.93,36.47,31.24,28.56,18.62,22.22,25.19,28.56,24.7
2015-08-25,48.86,39.48,31.11,21.72,25.11,31.11,43.07,34.02,29.01,26.68,18.78,21.58,24.45,26.68,24.19
2015-08-26,39.66,32.17,26.08,18.97,21.52,26.08,36.11,28.72,24.7,22.86,16.33,18.43,20.88,22.86,21.09
2015-08-27,33.42,28.02,22.73,16.47,18.67,22.73,33.18,26.36,22.58,20.51,14.7,16.49,18.6,20.51,19.63
2015-08-28,33.75,27.54,22.27,16.26,18.02,22.27,33.69,26.46,22.5,20.65,14.64,16.77,18.99,20.65,19.86
2015-08-31,35.31,29.26,24.09,17.92,20.07,24.09,36.25,28.51,24.44,22.32,15.86,18.16,20.59,22.32,21.08
2015-09-01,38.02,32.85,27.07,20.58,22.86,27.07,39.19,31.75,27.5,25.51,18.1,20.77,23.45,25.51,23.87
2015-09-02,30.25,25.9,22.19,17.05,18.88,22.19,33.27,27.38,23.94,21.94,15.54,17.92,20.24,21.94,21.28
2015-09-03,29.96,26.25,22.68,17.28,19.06,22.68,33.1,27.06,23.59,21.65,15.63,17.72,20.1,21.65,21.23
2015-09-04,31.99,28.19,24.38,18.57,20.79,24.38,35.36,29.08,25.29,23.02,16.51,18.9,21.34,23.02,22.5
2015-09-08,31.16,26.29,22.51,17.29,19.07,22.51,32.23,26.1,22.81,21.02,14.74,16.96,19.22,21.02,20.57
2015-09-09,34.16,29.34,25.01,20.26,22.05,25.01,33.46,27.24,23.86,22.05,15.61,17.9,20.34,22.05,21.22
2015-09-10,32.18,28.49,24.59,18.9,20.95,24.59,31.68,26.11,22.95,21.12,15.03,17.18,19.4,21.12,20.49
2015-09-11,28.19,25.6,22.19,17.32,18.17,22.19,29.43,24.68,21.84,20.18,14.28,16.43,18.57,20.18,19.92
2015-09-14,33.24,31.02,27.31,21.56,22.67,27.31,29.62,25.07,22.53,20.79,14.74,16.98,19.07,20.79,20.31
2015-09-15,34.51,29.96,27.29,21.09,23.57,27.29,27.93,23.58,20.82,19.43,13.94,15.94,17.95,19.43,18.79
2015-09-16,38.25,33.51,29.33,23.84,26.07,29.33,26.73,21.91,19.4,17.83,12.84,14.57,16.43,17.83,17.51
2015-09-17,22.04,20.92,19.93,17.94,18.87,19.93,26.65,22.69,19.9,18.25,13.16,15.21,17.5,18.25,17.81
2015-09-18,27.62,23.59,18.93,13.48,15.35,18.93,29.62,23.77,20.7,19.1,13.42,15.33,17.37,19.1,18.87
2015-09-21,24.67,20.81,17.13,12.4,14.13,17.13,26.29,21.75,19.16,17.53,12.34,14.2,15.99,17.53,17.71
2015-09-22,27.37,23.47,19.44,14.21,16.13,19.44,28.78,23.69,20.85,19.21,13.69,15.81,17.75,19.21,19.12
2015-09-23,26.56,22.79,19.32,14.28,15.75,19.32,27.83,22.97,20.28,18.75,13.45,15.3,17.18,18.75,18.69
2015-09-24,27.14,23.75,20.32,15.7,17.46,20.32,28.68,23.87,21.09,19.63,14.4,16.48,18.44,19.63,19.49
2015-09-25,27.45,23.9,20.45,15.32,17.13,20.45,29.05,24.06,21.32,19.73,14.26,16.38,18.27,19.73,19.63
2015-09-28,33.18,28.93,25.11,19.0,21.38,25.11,32.79,27.27,24.15,22.29,16.31,18.58,20.73,22.29,21.71
2015-09-29,31.59,27.86,24.45,19.02,20.92,24.45,32.0,26.72,23.68,21.95,16.24,18.39,20.45,21.95,21.38
2015-09-30,29.2,26.11,22.45,18.14,19.57,22.45,30.05,25.02,22.2,20.63,15.3,17.32,19.31,20.63,20.12
2015-10-01,26.22,23.54,21.01,16.62,17.8,21.01,28.02,23.58,20.99,19.6,14.54,16.47,18.32,19.6,19.42
2015-10-02,23.9,21.48,18.7,14.65,16.12,18.7,26.26,22.31,20.06,18.81,14.21,15.67,17.41,18.81,18.53
2015-10-05,22.61,19.55,17.13,14.61,15.16,17.13,24.71,20.71,18.48,17.24,13.02,14.74,16.39,17.24,17.39
2015-10-06,21.67,19.02,16.64,13.8,14.4,16.64,24.73,21.21,18.82,17.4,12.57,14.45,15.75,17.4,17.28
2015-10-07,19.91,17.29,14.75,11.82,12.59,14.75,23.37,19.78,17.63,16.51,12.19,13.76,15.2,16.51,16.69
2015-10-08,18.96,15.86,13.2,11.03,12.1,13.2,22.55,18.81,16.73,15.41,11.35,12.84,14.23,15.41,15.91
2015-10-09,16.64,14.18,11.87,10.7,11.5,11.87,22.28,18.47,16.39,15.17,10.94,12.5,13.83,15.17,15.81
2015-10-12,18.11,15.03,12.64,11.27,11.66,12.64,20.7,17.31,15.33,14.46,10.59,11.86,13.25,14.46,15.14
2015-10-13,20.46,17.04,14.78,14.31,14.18,14.78,22.42,18.67,16.46,15.41,11.55,12.88,14.39,15.41,16.11
2015-10-14,22.38,15.53,13.79,13.92,14.78,13.79,22.42,18.81,16.69,15.54,11.78,13.33,14.84,15.54,16.44
2015-10-15,13.57,12.95,12.04,10.42,10.82,12.04,20.37,17.33,15.26,14.04,10.17,11.41,12.69,14.04,15.01
2015-10-16,19.68,16.3,13.19,9.53,10.74,13.19,21.92,17.87,15.53,14.31,10.23,11.79,13.27,14.31,14.71
2015-10-19,18.92,15.62,12.64,9.43,10.57,12.64,20.89,17.04,14.87,13.73,9.83,11.52,12.78,13.73,14.2
2015-10-20,19.43,16.25,13.29,10.06,11.11,13.29,21.68,17.63,15.51,14.25,10.41,11.76,13.19,14.25,14.63
2015-10-21,20.56,17.51,14.58,10.9,12.19,14.58,23.02,18.91,16.52,15.28,11.23,12.67,14.13,15.28,15.53
2015-10-22,18.21,15.32,12.43,9.2,10.31,12.43,20.33,16.53,14.52,13.31,9.79,11.12,12.45,13.31,13.81
2015-10-23,17.91,14.9,12.22,9.45,10.38,12.22,20.39,16.64,14.47,13.36,9.9,11.12,12.41,13.36,13.85
2015-10-26,19.55,16.25,13.29,10.16,11.13,13.29,21.59,17.54,15.28,14.09,10.43,11.68,13.1,14.09,14.56
2015-10-27,19.53,16.32,13.39,10.46,11.48,13.39,21.33,17.44,15.19,14.01,10.41,11.66,12.96,14.01,14.47
2015-10-28,17.9,14.94,12.6,9.81,10.77,12.6,20.34,16.49,14.44,13.28,9.94,11.13,12.44,13.28,13.97
2015-10-29,18.67,15.48,12.82,9.91,10.76,12.82,20.8,16.81,14.71,13.54,10.02,11.14,12.43,13.54,14.09
2015-10-30,19.17,15.57,12.85,10.12,10.98,12.85,21.31,17.25,14.98,13.78,10.24,11.4,12.72,13.78,14.4
2015-11-02,17.1,14.24,11.68,9.29,10.19,11.68,19.89,15.92,13.85,12.71,9.46,10.53,11.74,12.71,13.4
2015-11-03,17.8,14.7,12.01,9.75,10.18,12.01,20.22,16.21,13.96,12.85,9.73,10.69,11.92,12.85,13.54
2015-11-04,18.93,15.54,12.7,10.2,11.06,12.7,21.21,16.9,14.74,13.6,10.35,11.4,12.66,13.6,14.19
2015-11-05,18.13,14.83,12.3,9.97,10.77,12.3,20.59,16.58,14.43,13.31,10.16,11.17,12.38,13.31,14.13
2015-11-06,16.75,13.58,11.34,8.98,9.95,11.34,19.65,15.94,13.87,12.76,9.68,10.68,11.87,12.76,13.84
2015-11-09,20.02,16.81,13.86,11.07,11.99,13.86,21.86,17.73,15.47,14.3,10.66,11.9,13.36,14.3,14.9
2015-11-10,18.02,15.36,12.59,9.76,10.75,12.59,20.52,16.73,14.68,13.55,10.1,11.3,12.57,13.55,14.45
2015-11-11,19.3,15.89,13.31,11.53,11.61,13.31,21.32,17.46,15.38,14.15,10.56,11.8,13.13,14.15,14.94
2015-11-12,22.29,19.03,15.99,13.21,13.93,15.99,23.65,19.45,17.18,15.93,11.75,13.31,14.76,15.93,16.42
2015-11-13,24.63,21.02,18.02,14.15,14.88,18.02,25.37,21.1,18.71,17.4,13.09,14.62,16.17,17.4,17.5
2015-11-16,22.05,18.61,15.69,14.08,15.02,15.69,22.99,19.03,17.08,15.83,11.9,12.84,14.75,15.83,16.18
2015-11-17,23.27,19.63,16.74,14.59,15.25,16.74,23.57,19.62,17.35,16.16,12.14,13.62,15.11,16.16,16.46
2015-11-18,16.55,13.18,11.75,11.43,11.43,11.75,21.29,17.62,15.56,14.37,10.82,12.02,13.32,14.37,15.27
2015-11-19,12.58,11.82,10.96,9.8,10.23,10.96,21.35,17.55,15.38,14.25,10.74,11.94,13.22,14.25,15.49
2015-11-20,19.78,16.28,13.04,9.68,10.77,13.04,21.73,17.61,15.24,14.01,10.1,11.45,12.91,14.01,14.86
2015-11-23,19.56,16.06,13.12,9.67,10.64,13.12,21.45,17.46,15.18,13.96,10.1,11.44,12.87,13.96,14.77
2015-11-24,19.87,16.26,13.15,9.69,10.93,13.15,21.58,17.52,15.16,13.92,10.07,11.47,12.99,13.92,14.77
2015-11-25,19.17,15.68,12.7,9.18,10.34,12.7,21.13,17.08,14.79,13.63,9.63,10.97,12.31,13.63,14.61
2015-11-27,22.71,15.49,13.14,8.89,11.05,13.14,21.59,17.39,14.84,13.65,9.46,11.21,12.57,13.65,14.79
2015-11-30,21.16,17.38,14.39,10.61,12.04,14.39,21.92,17.76,15.41,14.24,10.32,11.75,13.17,14.24,15.04
2015-12-01,18.55,15.52,12.87,9.58,10.65,12.87,20.25,16.4,14.18,13.01,9.39,10.73,12.06,13.01,14.04
2015-12-02,20.4,17.33,14.38,11.18,12.07,14.38,21.7,17.6,15.35,14.08,10.2,11.53,12.97,14.08,14.9
2015-12-03,22.9,19.6,16.65,13.01,14.4,16.65,23.72,19.4,16.93,15.62,11.44,13.02,14.53,15.62,16.19
2015-12-04,17.7,15.63,13.04,10.35,11.31,13.04,20.21,16.32,14.25,13.16,9.83,10.94,12.3,13.16,14.45
2015-12-07,20.08,17.3,14.63,11.69,12.63,14.63,20.89,17.07,14.93,13.9,10.41,11.6,12.88,13.9,14.98
2015-12-08,23.24,20.01,17.03,13.56,15.04,17.03,22.66,18.68,16.41,15.14,11.38,12.87,14.44,15.14,15.92
2015-12-09,27.13,23.45,20.18,16.46,17.88,20.18,24.74,20.42,17.98,16.64,12.52,14.11,15.76,16.64,16.68
2015-12-10,25.74,22.38,19.25,14.86,16.37,19.25,24.44,20.23,17.78,16.58,12.09,13.73,15.33,16.58,17.18
2015-12-11,41.7,30.28,26.78,21.32,22.6,26.78,30.4,24.52,21.43,19.78,14.63,16.45,18.42,19.78,19.0
2015-12-14,32.21,29.54,27.02,24.72,25.51,27.02,27.68,22.95,20.41,19.0,14.22,16.14,17.76,19.0,18.32
2015-12-15,38.89,32.39,28.51,21.97,24.93,28.51,25.93,21.47,18.96,17.66,13.36,14.87,16.46,17.66,17.36
2015-12-16,30.06,25.25,21.55,18.57,19.18,21.55,22.21,18.67,16.54,15.4,11.82,12.94,14.33,15.4,15.89
2015-12-17,19.58,18.57,17.76,16.05,16.86,17.76,23.3,19.78,17.59,16.66,12.55,14.01,15.96,16.66,16.87
2015-12-18,25.53,21.44,17.85,13.57,14.95,17.85,27.11,22.17,19.43,17.9,12.64,14.7,16.48,17.9,18.19
2015-12-21,22.33,19.6,16.64,12.59,14.06,16.64,24.86,20.58,18.1,16.75,12.18,13.85,15.55,16.75,17.23
2015-12-22,20.05,17.23,14.76,11.2,12.6,14.76,22.79,18.94,16.74,15.44,11.23,12.75,14.3,15.44,16.21
2015-12-23,18.89,16.09,13.45,10.52,11.68,13.45,22.27,18.29,16.07,14.79,10.8,12.28,13.85,14.79,15.56
2015-12-24,19.81,16.04,13.35,10.29,11.6,13.35,22.45,18.31,16.2,14.92,10.65,12.17,13.89,14.92,15.61
2015-12-28,20.53,17.09,14.03,10.93,12.24,14.03,22.92,18.72,16.43,15.16,10.94,12.53,14.11,15.16,15.85
2015-12-29,19.04,15.84,12.7,9.94,10.8,12.7,22.07,17.73,15.4,14.2,10.17,11.61,13.1,14.2,15.06
2015-12-30,20.26,16.73,13.88,10.72,11.65,13.88,23.09,18.51,16.19,14.86,10.66,12.15,13.66,14.86,15.64
2015-12-31,21.4,18.16,15.42,11.92,13.19,15.42,23.56,19.18,16.74,15.46,11.24,12.75,14.4,15.46,16.19
2016-01-04,25.04,22.74,19.51,15.35,16.8,19.51,25.85,21.22,18.68,17.38,12.51,13.87,15.57,17.38,17.69
2016-01-05,22.56,20.46,18.21,14.56,15.95,18.21,24.3,20.33,18.04,16.76,12.11,13.88,15.54,16.76,17.16
2016-01-06,23.76,21.76,19.92,16.56,17.85,19.92,25.46,21.54,19.32,17.74,13.05,14.77,16.43,17.74,18.06
2016-01-07,29.67,27.01,24.44,20.47,21.83,24.44,29.42,24.88,22.25,20.89,15.68,17.56,19.49,20.89,20.21
2016-01-08,33.05,28.26,25.12,22.05,22.44,25.12,31.39,26.35,23.47,21.93,16.37,18.42,20.45,21.93,21.19
2016-01-11,28.71,25.71,23.84,22.88,23.46,23.84,28.94,23.98,21.47,20.11,15.2,17.08,18.91,20.11,19.95
2016-01-12,25.9,23.7,21.25,20.75,22.68,21.25,26.8,22.56,20.2,18.88,14.33,16.08,17.82,18.88,18.97
2016-01-13,32.6,29.44,28.52,25.03,26.78,28.52,29.54,25.1,22.58,21.18,15.97,17.98,19.84,21.18,20.78
2016-01-14,24.86,23.9,23.37,21.37,22.24,23.37,28.75,24.26,21.64,20.27,15.15,17.1,18.95,20.27,19.89
2016-01-15,32.51,26.88,21.92,16.41,18.34,21.92,32.32,26.69,23.36,21.61,15.62,17.84,20.01,21.61,21.41
2016-01-19,32.33,26.19,22.25,16.43,18.53,22.25,32.83,26.67,23.45,21.19,15.76,17.91,19.77,21.19,21.31
2016-01-20,34.37,28.47,23.43,17.71,19.73,23.43,34.09,27.7,24.26,22.49,16.65,18.74,20.86,22.49,22.03
2016-01-21,33.03,27.57,22.89,17.37,19.42,22.89,33.56,27.42,24.08,22.28,16.31,18.52,20.66,22.28,21.86
2016-01-22,27.24,23.09,19.42,14.94,16.53,19.42,28.47,24.11,21.29,19.66,14.55,16.38,18.23,19.66,19.62
2016-01-25,29.03,24.98,21.12,16.65,18.22,21.12,30.84,25.63,22.69,21.0,15.73,17.69,19.58,21.0,20.91
2016-01-26,26.58,23.15,20.07,16.07,17.46,20.07,28.69,24.08,21.45,20.07,14.74,17.08,18.82,20.07,19.99
2016-01-27,27.13,23.98,20.86,16.56,18.12,20.86,29.64,24.97,22.27,20.77,15.72,17.56,19.37,20.77,20.68
2016-01-28,26.04,22.98,19.95,16.31,17.86,19.95,28.62,24.18,21.57,20.15,14.66,17.23,18.98,20.15,20.07
2016-01-29,23.24,20.2,17.43,14.23,15.65,17.43,26.45,22.03,19.52,18.2,13.72,15.48,17.15,18.2,18.56
2016-02-01,22.59,20.1,17.46,14.18,15.61,17.46,26.3,22.03,19.58,18.22,13.69,15.46,17.14,18.22,18.66
2016-02-02,24.87,22.56,19.82,15.92,17.36,19.82,28.15,23.96,21.47,20.0,14.78,16.77,18.73,20.0,20.11
2016-02-03,24.58,22.37,19.59,15.91,17.32,19.59,27.81,23.68,21.23,19.82,14.7,16.69,18.48,19.82,19.85
2016-02-04,24.37,22.01,19.42,15.96,17.26,19.42,28.08,23.77,21.55,20.23,14.93,16.87,18.63,20.23,20.12
2016-02-05,25.84,23.9,21.29,17.65,19.16,21.29,29.18,25.38,23.0,21.58,16.24,18.48,20.25,21.58,21.39
2016-02-08,29.97,27.52,24.65,20.68,22.13,24.65,31.42,27.41,24.85,23.51,18.06,20.25,22.18,23.51,22.73
2016-02-09,31.23,28.41,25.28,20.9,22.52,25.28,32.28,27.92,25.3,23.83,18.16,20.5,22.45,23.83,23.02
2016-02-10,29.88,27.21,24.69,20.64,22.33,24.69,32.29,27.94,25.32,23.91,18.41,20.6,22.6,23.91,22.99
2016-02-11,31.84,29.15,26.17,21.36,23.69,26.17,32.87,29.72,26.92,25.29,19.73,21.74,23.82,25.29,24.08
2016-02-12,25.15,22.96,20.83,16.8,18.48,20.83,32.41,27.21,24.61,23.13,17.74,19.78,21.77,23.13,22.78
2016-02-16,24.63,21.21,18.73,17.08,18.39,18.73,29.84,25.46,22.93,21.51,16.4,18.3,20.22,21.51,21.45
2016-02-17,21.86,19.29,17.27,16.87,16.84,17.27,27.65,23.39,21.06,19.82,15.07,17.03,18.72,19.82,20.2
2016-02-18,19.36,18.63,17.87,16.6,17.12,17.87,26.74,22.81,20.62,19.32,14.75,16.56,18.17,19.32,19.94
2016-02-19,25.85,21.55,18.31,14.31,15.78,18.31,27.85,22.84,20.19,18.76,13.63,15.69,17.45,18.76,19.38
2016-02-22,23.53,20.22,17.22,13.51,14.96,17.22,25.66,21.4,18.88,17.59,13.04,14.7,16.42,17.59,18.18
2016-02-23,25.48,22.11,18.82,14.79,16.25,18.82,27.22,22.77,20.12,18.75,13.84,15.65,17.46,18.75,19.17
2016-02-24,25.29,22.1,18.85,14.84,16.39,18.85,26.88,22.53,20.04,18.49,13.81,15.52,17.26,18.49,19.0
2016-02-25,23.2,20.18,17.3,13.49,14.83,17.3,25.47,21.01,18.64,17.36,13.46,14.58,16.23,17.36,17.89
2016-02-26,24.17,20.94,17.92,14.07,15.59,17.92,25.59,21.86,19.33,18.13,12.91,14.98,16.71,18.13,18.32
2016-02-29,24.94,22.06,19.07,14.83,16.46,19.07,26.86,22.56,20.06,18.56,13.55,15.47,17.21,18.56,18.79
2016-03-01,21.45,18.57,16.21,12.49,13.85,16.21,23.81,19.6,17.35,16.18,11.72,13.41,15.01,16.18,16.76
2016-03-02,20.21,17.58,15.29,12.09,13.3,15.29,22.78,18.99,16.89,15.77,11.47,13.02,14.51,15.77,16.44
2016-03-03,19.77,17.28,15.21,12.35,13.53,15.21,22.04,18.53,16.56,15.45,11.42,12.92,14.3,15.45,16.15
2016-03-04,20.57,17.79,15.49,12.29,13.63,15.49,22.14,18.68,16.56,15.42,11.21,12.82,14.25,15.42,16.15
2016-03-07,21.01,18.5,16.36,13.45,14.65,16.36,22.48,18.83,16.7,15.51,11.47,13.06,14.51,15.51,16.4
2016-03-08,22.55,19.88,17.8,14.57,15.93,17.8,24.14,20.08,17.89,16.61,12.4,13.98,15.53,16.61,17.47
2016-03-09,21.71,19.28,17.28,15.01,16.1,17.28,23.47,19.62,17.42,16.34,12.24,13.83,15.37,16.34,17.08
2016-03-10,20.92,18.34,16.39,13.71,14.79,16.39,23.31,19.44,17.29,16.06,11.83,13.43,14.96,16.06,17.1
2016-03-11,17.41,15.24,13.62,11.72,12.64,13.62,21.28,17.76,15.71,14.6,10.77,12.22,13.61,14.6,15.95
2016-03-14,19.02,17.08,16.0,13.58,14.86,16.0,21.67,17.79,15.69,14.58,10.92,12.24,13.61,14.58,15.9
2016-03-15,22.02,19.59,18.28,16.53,16.87,18.28,21.36,17.68,15.62,14.5,11.08,12.36,13.66,14.5,15.95
2016-03-16,18.67,15.46,14.37,15.28,15.15,14.37,18.88,15.78,14.04,13.1,10.08,11.29,12.5,13.1,15.27
2016-03-17,11.68,11.42,10.85,9.96,10.25,10.85,17.83,15.03,13.43,12.6,9.62,10.66,11.79,12.6,14.74
2016-03-18,17.08,14.39,12.04,9.39,10.39,12.04,21.22,17.23,14.99,13.78,9.85,11.29,12.74,13.78,14.53
2016-03-21,16.64,13.96,11.63,9.06,9.99,11.63,20.65,16.78,14.62,13.43,9.54,10.98,12.4,13.43,14.28
2016-03-22,17.14,14.25,11.76,9.14,10.13,11.76,20.92,16.92,14.65,13.46,9.54,11.02,12.5,13.46,14.38
2016-03-23,17.48,14.88,12.68,9.94,10.93,12.68,21.49,17.64,15.29,14.08,10.15,11.61,13.08,14.08,15.02
2016-03-24,16.93,14.66,12.41,9.7,10.65,12.41,21.49,17.58,15.37,14.11,10.02,11.56,13.0,14.11,15.06
2016-03-28,17.33,15.01,12.73,10.01,11.01,12.73,21.29,17.51,15.37,14.14,10.22,11.65,13.06,14.14,15.12
2016-03-29,15.45,12.98,11.08,8.81,9.6,11.08,19.54,16.0,13.99,12.91,9.33,10.64,11.94,12.91,14.22
2016-03-30,14.76,12.39,10.74,8.6,9.38,10.74,19.02,15.43,13.42,12.38,9.08,10.38,11.68,12.38,13.77
2016-03-31,15.46,12.87,11.01,8.94,9.73,11.01,19.46,15.77,13.8,12.71,9.21,10.56,11.91,12.71,14.02
2016-04-01,13.98,11.85,10.14,8.04,8.64,10.14,18.44,15.02,13.1,12.1,8.65,9.94,11.2,12.1,13.45
2016-04-04,14.7,12.68,11.31,9.21,9.91,11.31,19.06,15.7,13.83,12.83,9.36,10.67,11.93,12.83,14.14
2016-04-05,16.64,14.19,12.62,10.75,11.78,12.62,20.63,17.05,15.02,13.9,10.17,11.62,13.04,13.9,15.16
2016-04-06,14.62,12.7,11.23,9.24,9.96,11.23,19.0,15.73,13.82,12.8,9.17,10.56,11.86,12.8,14.18
2016-04-07,17.68,15.3,13.43,11.28,12.33,13.43,21.56,17.62,15.65,14.44,10.27,11.81,13.29,14.44,15.61
2016-04-08,15.41,13.25,11.44,9.22,10.33,11.44,20.53,16.89,14.85,13.72,9.69,11.22,12.69,13.72,15.1
2016-04-11,17.8,16.1,14.21,13.7,14.39,14.21,21.2,17.54,15.5,14.37,10.36,11.83,13.31,14.37,15.58
2016-04-12,16.08,13.32,11.69,11.29,11.46,11.69,19.68,16.12,14.2,13.12,9.35,10.83,12.16,13.12,14.72
2016-04-13,14.32,11.54,9.87,10.61,10.18,9.87,18.13,14.82,12.98,12.01,8.91,10.01,11.18,12.01,13.95
2016-04-14,9.84,9.42,8.99,8.39,8.62,8.99,18.02,14.63,12.81,11.84,8.91,9.88,11.0,11.84,13.87
2016-04-15,17.83,14.5,11.63,8.92,9.87,11.63,20.64,16.49,14.19,12.97,9.53,10.71,12.14,12.97,13.68
2016-04-18,16.89,13.68,11.05,8.72,9.38,11.05,19.37,15.45,13.33,12.21,9.22,10.08,11.28,12.21,13.24
2016-04-19,16.74,13.61,11.1,8.83,9.56,11.1,19.27,15.45,13.38,12.31,9.31,10.25,11.44,12.31,13.13
2016-04-20,16.61,13.66,11.37,9.08,9.66,11.37,19.55,15.61,13.55,12.51,9.59,10.36,11.54,12.51,13.28
2016-04-21,17.5,14.39,11.96,9.51,10.3,11.96,20.42,16.25,14.18,13.09,9.96,10.91,12.12,13.09,13.78
2016-04-22,16.3,13.52,11.23,8.84,9.66,11.23,19.51,15.59,13.6,12.53,9.51,10.47,11.67,12.53,13.45
2016-04-25,17.14,14.25,11.94,9.4,10.23,11.94,20.1,16.11,14.02,12.95,9.84,10.78,12.01,12.95,13.87
2016-04-26,16.78,13.95,11.8,9.66,10.34,11.8,19.63,15.7,13.7,12.7,9.72,10.6,11.79,12.7,13.66
2016-04-27,16.42,13.8,11.71,9.51,10.24,11.71,19.17,15.49,13.54,12.54,9.62,10.52,11.65,12.54,13.51
2016-04-28,18.37,15.4,12.86,10.18,11.2,12.86,20.79,16.64,14.56,13.44,10.1,11.21,12.52,13.44,14.41
2016-04-29,19.85,16.49,13.68,10.76,11.71,13.68,22.04,17.74,15.45,14.19,10.3,11.67,13.09,14.19,14.92
2016-05-02,17.62,14.7,12.34,9.88,10.74,12.34,20.24,16.37,14.27,13.12,9.6,10.85,12.18,13.12,14.23
2016-05-03,18.54,15.91,13.34,10.66,11.86,13.34,21.0,17.17,15.13,13.98,10.29,11.65,13.0,13.98,15.03
2016-05-04,18.98,16.43,14.14,11.51,12.4,14.14,21.29,17.59,15.58,14.47,10.88,12.09,13.43,14.47,15.52
2016-05-05,18.27,16.21,14.22,11.32,12.2,14.22,21.13,17.5,15.54,14.44,10.75,12.02,13.41,14.44,15.58
2016-05-06,16.3,14.45,12.47,10.43,11.38,12.47,19.76,16.41,14.55,13.51,10.17,11.42,12.62,13.51,15.05
2016-05-09,16.17,14.53,12.76,10.35,11.06,12.76,19.38,16.18,14.36,13.29,9.94,11.1,12.32,13.29,14.8
2016-05-10,14.91,12.99,11.3,9.87,9.88,11.3,18.11,14.97,13.25,12.37,9.42,10.39,11.46,12.37,14.0
2016-05-11,16.08,13.94,12.38,10.39,11.16,12.38,19.17,16.01,14.23,13.21,10.03,11.22,12.37,13.21,14.87
2016-05-12,15.59,13.62,11.89,10.17,11.14,11.89,18.8,15.72,14.03,13.01,9.77,10.94,12.11,13.01,14.69
2016-05-13,16.88,14.8,13.01,10.73,11.13,13.01,19.53,16.41,14.62,13.62,10.23,11.41,12.72,13.62,15.22
2016-05-16,16.45,13.89,12.33,11.03,11.5,12.33,18.74,15.72,13.92,12.94,9.75,10.86,12.05,12.94,14.65
2016-05-17,19.84,17.18,15.12,12.61,13.54,15.12,19.75,16.57,14.75,13.75,10.41,11.57,12.82,13.75,15.28
2016-05-18,20.2,16.79,14.68,13.84,14.9,14.68,20.03,16.93,15.07,14.12,10.59,11.82,13.13,14.12,15.4
2016-05-19,14.44,13.86,13.22,12.23,12.7,13.22,20.2,16.94,15.17,14.15,10.78,12.04,13.34,14.15,15.7
2016-05-20,18.16,15.39,12.86,9.63,10.85,12.86,21.26,17.58,15.46,14.29,10.16,11.69,13.22,14.29,15.0
2016-05-23,18.26,15.47,13.11,10.08,11.11,13.11,21.24,17.58,15.53,14.41,10.2,11.77,13.29,14.41,15.13
2016-05-24,16.33,13.86,11.49,8.97,9.82,11.49,19.63,15.99,13.93,12.86,9.18,10.45,11.88,12.86,13.9
2016-05-25,15.58,13.03,10.95,8.9,9.53,10.95,19.04,15.3,13.3,12.33,8.98,10.23,11.48,12.33,13.51
2016-05-26,14.92,12.57,10.56,8.44,9.08,10.56,18.46,14.89,12.96,11.98,8.78,9.97,11.19,11.98,13.34
2016-05-27,14.25,11.79,9.88,7.99,8.55,9.88,17.83,14.38,12.48,11.48,8.49,9.51,10.66,11.48,12.97
2016-05-31,15.7,13.16,11.11,8.87,9.56,11.11,18.54,15.04,13.13,12.13,8.82,10.0,11.15,12.13,13.45
2016-06-01,15.43,12.93,10.79,8.75,9.46,10.79,18.42,14.78,12.92,11.9,8.73,9.93,11.08,11.9,13.36
2016-06-02,14.28,12.12,10.36,8.39,9.02,10.36,17.77,14.34,12.55,11.58,8.5,9.6,10.73,11.58,13.14
2016-06-03,13.36,11.24,9.59,7.87,8.45,9.59,17.56,14.22,12.42,11.47,8.31,9.46,10.59,11.47,13.14
2016-06-06,13.41,11.65,9.93,8.25,8.83,9.93,17.65,14.27,12.48,11.54,8.49,9.6,10.7,11.54,13.12
2016-06-07,13.41,11.45,10.04,8.88,9.02,10.04,18.08,14.52,12.7,11.77,8.68,9.74,10.82,11.77,13.18
2016-06-08,12.46,10.53,9.16,8.5,8.49,9.16,18.26,14.57,12.7,11.67,8.71,9.71,10.82,11.67,13.12
2016-06-09,12.94,10.86,9.44,9.01,8.59,9.44,18.94,15.14,13.16,12.17,8.96,10.05,11.2,12.17,13.56
2016-06-10,17.47,13.44,11.29,9.57,10.3,11.29,22.27,17.56,15.18,13.91,9.83,11.35,12.85,13.91,14.95
2016-06-13,23.83,18.27,15.31,13.18,13.85,15.31,27.48,21.32,18.13,16.83,11.42,13.48,15.39,16.83,16.96
2016-06-14,19.94,16.67,14.21,12.59,12.55,14.21,26.27,20.96,18.16,16.63,11.36,13.31,15.16,16.63,16.92
2016-06-15,19.41,15.83,13.15,12.32,12.24,13.15,25.79,20.67,17.95,16.52,11.42,13.33,15.07,16.52,16.76
2016-06-16,14.7,13.64,13.0,11.32,12.16,13.0,24.45,19.8,17.19,15.88,10.93,12.77,14.63,15.88,16.15
2016-06-17,24.76,20.43,16.31,11.36,13.3,16.31,26.4,20.96,17.91,16.3,11.11,13.11,15.13,16.3,16.53
2016-06-20,23.5,19.38,15.42,10.62,12.32,15.42,24.57,19.56,16.69,15.17,10.4,12.06,13.87,15.17,15.45
2016-06-21,23.9,19.79,15.56,10.53,12.42,15.56,24.79,19.61,16.71,15.16,10.34,11.99,13.79,15.16,15.46
2016-06-22,27.64,22.82,18.17,12.9,14.66,18.17,26.96,21.28,18.14,16.54,11.46,13.16,15.07,16.54,16.39
2016-06-23,22.58,18.22,14.09,10.32,11.23,14.09,22.71,17.91,15.22,13.81,9.76,11.06,12.61,13.81,14.19
2016-06-24,32.59,26.29,21.21,14.58,17.32,21.21,30.86,24.55,21.08,19.27,12.86,15.24,17.64,19.27,18.62
2016-06-27,28.55,24.56,21.01,15.49,17.55,21.01,29.64,24.17,21.12,19.5,13.68,15.79,17.96,19.5,18.97
2016-06-28,21.84,18.82,16.05,12.67,13.84,16.05,23.84,19.63,17.26,15.96,11.5,13.08,14.81,15.96,16.32
2016-06-29,19.34,16.03,13.51,10.99,12.0,13.51,22.1,17.78,15.47,14.24,10.17,11.62,13.1,14.24,15.12
2016-06-30,18.75,15.15,12.23,9.31,10.29,12.23,21.17,16.71,14.41,13.23,9.49,10.81,12.18,13.23,14.24
2016-07-01,16.0,12.98,10.77,8.92,9.4,10.77,20.07,16.07,13.89,12.69,9.25,10.44,11.76,12.69,14.01
2016-07-05,17.5,14.84,12.55,10.34,11.03,12.55,21.01,16.84,14.59,13.38,9.59,10.88,12.27,13.38,14.65
2016-07-06,16.63,14.32,12.14,9.53,10.47,12.14,20.27,16.24,14.1,13.04,9.33,10.66,11.93,13.04,14.41
2016-07-07,16.14,13.63,11.49,9.49,9.94,11.49,19.93,15.9,13.76,12.63,9.19,10.34,11.64,12.63,14.12
2016-07-08,12.42,10.31,9.28,9.06,9.0,9.28,17.71,13.99,12.12,11.17,8.5,9.34,10.4,11.17,12.89
2016-07-11,13.24,11.29,10.23,9.9,9.87,10.23,17.82,14.06,12.24,11.28,9.16,9.66,10.55,11.28,12.95
2016-07-12,13.38,10.96,10.17,11.52,11.19,10.17,17.11,13.45,11.74,11.0,9.62,9.64,10.31,11.0,12.52
2016-07-13,12.23,10.4,9.45,11.38,10.41,9.45,16.73,13.24,11.52,10.74,9.2,9.31,10.04,10.74,12.29
2016-07-14,8.2,7.95,8.27,8.34,8.37,8.27,16.0,12.86,11.29,10.57,9.63,9.42,10.03,10.57,12.24
2016-07-15,16.28,12.82,10.45,9.03,9.16,10.45,19.24,14.85,12.67,11.63,9.41,9.78,10.79,11.63,12.27
2016-07-18,16.17,12.75,10.27,8.66,8.88,10.27,19.01,14.62,12.44,11.4,9.11,9.55,10.56,11.4,12.1
2016-07-19,15.28,12.06,9.78,8.06,8.44,9.78,18.56,14.26,12.07,11.08,8.7,9.25,10.27,11.08,12.01
2016-07-20,14.9,11.94,9.73,8.3,8.45,9.73,18.3,14.15,12.08,11.1,8.89,9.33,10.28,11.1,11.97
2016-07-21,16.28,12.91,10.39,8.53,9.01,10.39,19.15,14.87,12.73,11.68,9.18,9.7,10.81,11.68,12.52
2016-07-22,15.0,11.91,9.61,8.09,8.34,9.61,18.32,14.29,12.22,11.17,8.89,9.37,10.37,11.17,12.27
2016-07-25,15.82,12.72,10.34,8.26,8.85,10.34,18.94,14.81,12.64,11.61,9.05,9.63,10.69,11.61,12.68
2016-07-26,16.0,12.79,10.33,8.41,8.86,10.33,18.8,14.68,12.55,11.48,8.93,9.54,10.58,11.48,12.62
2016-07-27,15.44,12.5,10.25,8.18,8.74,10.25,18.36,14.35,12.33,11.34,8.79,9.46,10.53,11.34,12.54
2016-07-28,15.13,12.29,10.1,8.33,8.85,10.1,17.89,14.14,12.15,11.2,8.75,9.43,10.44,11.2,12.55
2016-07-29,13.67,10.97,9.08,7.71,7.97,9.08,16.8,13.24,11.35,10.4,8.19,8.76,9.69,10.4,12.02
2016-08-01,14.45,11.67,9.55,7.97,8.4,9.55,17.22,13.61,11.7,10.74,8.28,8.95,9.96,10.74,12.22
2016-08-02,15.55,12.82,10.6,8.48,9.17,10.6,18.1,14.47,12.53,11.5,8.67,9.52,10.64,11.5,12.93
2016-08-03,14.56,12.1,10.06,8.0,8.59,10.06,17.76,14.1,12.12,11.14,8.27,9.11,10.19,11.14,12.55
2016-08-04,14.1,11.65,9.66,7.92,8.37,9.66,17.16,13.65,11.72,10.76,7.99,8.84,9.96,10.76,12.36
2016-08-05,11.82,9.47,7.86,7.03,7.4,7.86,15.7,12.35,10.61,9.76,7.72,8.15,9.05,9.76,11.73
2016-08-08,12.32,9.86,8.2,7.39,7.56,8.2,15.82,12.35,10.59,9.71,7.63,8.06,8.96,9.71,11.79
2016-08-09,12.87,10.29,8.42,7.38,7.63,8.42,16.11,12.46,10.68,9.8,7.58,8.05,8.93,9.8,11.73
2016-08-10,13.91,10.68,8.62,7.24,7.56,8.62,16.45,12.81,10.93,10.01,7.78,8.28,9.21,10.01,12.11
2016-08-11,11.91,9.0,7.8,7.06,6.97,7.8,16.05,12.36,10.57,9.68,7.79,8.11,8.96,9.68,12.03
2016-08-12,11.75,8.48,6.94,5.78,6.45,6.94,15.89,12.13,10.3,9.43,7.34,7.84,8.74,9.43,11.99
2016-08-15,11.23,8.43,7.39,7.4,7.7,7.39,15.83,11.98,10.22,9.36,7.45,7.89,8.71,9.36,12.11
2016-08-16,13.84,10.26,8.49,8.42,7.84,8.49,16.76,12.96,11.04,9.99,7.66,8.28,9.21,9.99,12.58
2016-08-17,15.14,10.27,8.01,7.97,7.76,8.01,16.16,12.48,10.59,9.64,7.05,7.9,8.87,9.64,12.37
2016-08-18,6.09,5.58,5.28,5.07,5.25,5.28,14.84,11.46,9.73,8.88,6.59,7.23,8.11,8.88,12.07
2016-08-19,14.47,11.0,8.47,6.4,6.96,8.47,18.02,13.92,11.76,10.67,7.96,8.68,9.8,10.67,11.96
2016-08-22,14.96,11.56,8.99,6.67,7.35,8.99,18.19,14.22,11.99,10.88,8.02,8.8,9.92,10.88,12.19
2016-08-23,15.27,11.78,9.09,7.04,7.52,9.09,18.18,14.08,11.89,10.78,7.97,8.77,9.9,10.78,12.09
2016-08-24,16.58,12.91,10.05,7.24,8.24,10.05,19.12,14.94,12.61,11.42,8.33,9.25,10.46,11.42,12.65
2016-08-25,16.55,13.09,10.2,7.6,8.42,10.2,19.23,15.11,12.8,11.52,8.42,9.35,10.55,11.52,12.66
2016-08-26,16.63,13.21,10.33,7.56,8.41,10.33,19.53,15.28,12.91,11.68,8.38,9.37,10.67,11.68,12.85
2016-08-29,15.2,11.83,9.32,7.16,7.74,9.32,18.5,14.38,12.18,11.02,7.93,8.88,10.1,11.02,12.46
2016-08-30,15.13,11.98,9.49,6.96,7.87,9.49,18.54,14.52,12.33,11.19,7.97,8.98,10.22,11.19,12.6
2016-08-31,15.48,12.41,10.01,7.53,8.33,10.01,18.78,14.82,12.66,11.51,8.22,9.25,10.49,11.51,12.88
2016-09-01,15.56,12.48,10.18,7.85,8.65,10.18,18.73,14.88,12.72,11.54,8.14,9.29,10.58,11.54,12.96
2016-09-02,12.5,10.01,7.97,5.99,6.66,7.97,17.13,13.52,11.55,10.53,7.47,8.43,9.64,10.53,12.33
2016-09-06,12.64,9.87,7.91,6.37,6.84,7.91,16.76,13.24,11.29,10.27,7.37,8.26,9.44,10.27,12.18
2016-09-07,12.72,9.8,7.85,6.34,6.73,7.85,16.67,13.09,11.16,10.12,7.29,8.15,9.28,10.12,12.1
2016-09-08,13.68,10.6,8.31,6.64,7.24,8.31,17.4,13.61,11.56,10.5,7.46,8.33,9.54,10.5,12.36
2016-09-09,23.76,19.63,16.31,13.15,14.52,16.31,23.14,18.54,15.97,14.55,10.21,11.78,13.44,14.55,15.24
2016-09-12,18.54,14.79,12.53,10.42,11.0,12.53,20.06,16.02,13.8,12.62,8.86,10.09,11.55,12.62,13.9
2016-09-13,22.44,20.21,18.87,15.28,16.7,18.87,23.12,18.81,16.4,15.24,10.6,12.29,13.99,15.24,15.71
2016-09-14,22.94,19.67,17.33,15.19,15.59,17.33,23.2,18.93,16.61,15.26,10.63,12.3,13.97,15.26,15.82
2016-09-15,13.02,12.2,11.46,11.19,11.71,11.46,21.29,17.29,15.01,13.73,9.68,11.13,12.72,13.73,14.94
2016-09-16,20.24,16.45,13.18,9.24,10.67,13.18,22.64,18.02,15.65,14.27,9.71,11.34,13.02,14.27,14.65
2016-09-19,20.24,16.57,13.27,9.38,10.83,13.27,22.45,18.19,15.76,14.25,9.7,11.34,13.0,14.25,14.63
2016-09-20,20.69,17.14,13.9,9.77,11.28,13.9,22.77,18.5,16.02,14.65,9.9,11.64,13.35,14.65,14.8
2016-09-21,17.3,14.5,11.65,8.19,9.34,11.65,20.29,16.6,14.32,13.05,8.82,10.29,11.85,13.05,13.53
2016-09-22,15.85,12.86,10.24,7.44,8.34,10.24,19.43,15.56,13.35,12.15,8.4,9.61,11.03,12.15,12.77
2016-09-23,15.77,13.05,10.46,7.52,8.5,10.46,19.46,15.71,13.5,12.28,8.46,9.79,11.2,12.28,12.96
2016-09-26,18.3,15.4,12.63,9.16,10.54,12.63,21.22,17.37,15.19,13.9,9.51,11.09,12.69,13.9,14.18
2016-09-27,16.47,13.68,11.18,7.86,9.05,11.18,19.76,16.11,13.97,12.77,8.7,10.14,11.6,12.77,13.36
2016-09-28,15.46,12.98,10.45,7.57,8.52,10.45,19.06,15.56,13.45,12.24,8.42,9.75,11.18,12.24,12.86
2016-09-29,18.0,15.25,12.43,8.95,10.32,12.43,21.09,17.2,14.9,13.59,9.16,10.72,12.36,13.59,13.9
2016-09-30,16.71,13.65,10.94,7.78,8.88,10.94,19.87,16.12,13.88,12.61,8.51,9.92,11.43,12.61,13.01
2016-10-03,16.65,14.25,11.67,8.44,9.63,11.67,19.87,16.3,14.12,12.89,8.85,10.24,11.77,12.89,13.23
2016-10-04,16.52,14.47,12.17,8.86,10.04,12.17,20.02,16.62,14.49,13.24,9.0,10.49,12.05,13.24,13.47
2016-10-05,15.9,13.43,11.1,8.02,9.1,11.1,19.67,16.08,13.95,12.73,8.69,10.09,11.57,12.73,13.15
2016-10-06,14.49,12.42,10.49,7.76,8.8,10.49,19.01,15.64,13.61,12.45,8.6,9.94,11.41,12.45,12.99
2016-10-07,14.63,12.91,10.84,8.1,8.99,10.84,19.44,16.14,14.11,12.91,8.98,10.35,11.86,12.91,13.31
2016-10-10,13.95,11.69,9.78,7.23,8.17,9.78,18.47,15.25,13.25,12.12,8.38,9.75,11.11,12.12,12.81
2016-10-11,15.81,14.04,13.0,9.76,11.04,13.0,20.08,16.86,14.88,13.63,9.66,11.08,12.55,13.63,13.91
2016-10-12,15.61,14.28,12.51,9.67,10.76,12.51,20.12,16.95,14.99,13.8,9.71,11.19,12.68,13.8,13.94
2016-10-13,16.37,14.81,13.13,10.19,11.43,13.13,21.06,17.71,15.72,14.52,10.18,11.83,13.4,14.52,14.5
2016-10-14,14.87,13.48,12.04,9.59,10.63,12.04,20.62,17.36,15.34,14.17,9.91,11.55,13.06,14.17,14.41
2016-10-17,15.4,14.49,14.01,11.25,12.51,14.01,20.56,17.45,15.46,14.2,10.18,11.71,13.15,14.2,14.5
2016-10-18,14.34,12.76,11.94,10.97,11.51,11.94,19.79,16.54,14.68,13.55,9.61,11.05,12.48,13.55,13.88
2016-10-19,15.62,12.83,11.01,10.12,9.87,11.01,18.68,15.71,13.83,12.76,9.12,10.43,11.8,12.76,13.48
2016-10-20,8.99,8.6,7.97,7.16,7.49,7.97,17.91,14.86,13.05,12.06,8.79,9.96,11.18,12.06,13.25
2016-10-21,17.44,14.57,11.77,8.53,9.61,11.77,19.24,15.81,13.87,12.71,9.07,10.28,11.66,12.71,13.03
2016-10-24,17.22,14.41,11.63,8.32,9.38,11.63,18.85,15.48,13.49,12.37,8.93,10.0,11.29,12.37,12.72
2016-10-25,17.75,15.06,12.26,9.19,10.23,12.26,19.08,15.68,13.68,12.55,9.15,10.26,11.58,12.55,12.82
2016-10-26,19.12,16.17,13.2,9.56,10.82,13.2,19.85,16.35,14.27,13.13,9.46,10.67,12.05,13.13,13.2
2016-10-27,20.39,17.49,14.5,10.61,11.85,14.5,20.97,17.25,15.13,13.97,10.07,11.35,12.75,13.97,13.75
2016-10-28,21.99,18.47,15.15,10.84,12.52,15.15,21.82,17.9,15.63,14.32,10.29,11.6,13.14,14.32,14.21
2016-10-31,23.9,20.27,16.53,11.76,13.46,16.53,22.74,18.63,16.18,14.83,10.46,11.97,13.58,14.83,14.49
2016-11-01,25.13,21.76,18.22,13.04,15.11,18.22,24.12,19.72,17.25,15.9,11.24,12.98,14.66,15.9,15.25
2016-11-02,25.22,22.68,19.55,14.24,16.31,19.55,24.62,20.39,17.99,16.59,11.87,13.55,15.33,16.59,15.73
2016-11-03,29.87,26.11,22.0,15.58,17.72,22.0,26.6,21.71,19.12,17.64,12.44,14.33,16.26,17.64,16.4
2016-11-04,32.29,28.13,23.12,16.65,19.11,23.12,27.21,22.42,19.64,18.1,12.98,14.78,16.75,18.1,16.71
2016-11-07,32.01,26.28,20.33,14.14,15.91,20.33,24.17,19.41,16.65,15.2,10.87,12.16,13.91,15.2,14.25
2016-11-08,34.11,27.1,20.24,13.74,15.55,20.24,24.35,19.34,16.48,14.96,10.74,12.08,13.66,14.96,14.21
2016-11-09,19.82,15.42,12.82,9.83,10.78,12.82,19.62,15.7,13.53,12.5,9.35,10.31,11.53,12.5,12.79
2016-11-10,19.0,14.73,11.78,9.5,10.2,11.78,20.08,16.22,14.01,12.95,9.9,10.86,12.01,12.95,13.29
2016-11-11,16.88,13.78,11.44,9.37,10.0,11.44,19.1,15.8,13.79,12.82,9.75,10.74,11.94,12.82,13.38
2016-11-14,17.49,14.1,12.17,10.51,11.0,12.17,18.95,15.5,13.59,12.64,9.93,10.73,11.81,12.64,13.53
2016-11-15,14.74,12.24,10.49,10.35,9.54,10.49,16.95,13.92,12.35,11.6,9.63,10.19,11.01,11.6,12.67
2016-11-16,11.6,9.63,8.67,11.02,9.63,8.67,17.26,14.18,12.55,11.71,9.5,10.24,11.16,11.71,12.95
2016-11-17,6.87,6.54,6.36,6.54,6.49,6.36,16.41,13.61,12.08,11.35,9.19,9.96,10.81,11.35,12.7
2016-11-18,15.96,13.2,10.95,8.79,9.38,10.95,18.12,14.66,12.73,11.7,8.74,9.65,10.78,11.7,12.61
2016-11-21,15.12,12.56,10.51,8.41,8.96,10.51,17.27,13.98,12.17,11.17,8.45,9.26,10.31,11.17,12.22
2016-11-22,14.87,12.26,10.26,8.28,8.94,10.26,17.21,13.75,11.95,11.08,8.55,9.25,10.31,11.08,12.2
2016-11-23,15.03,12.36,10.32,8.65,9.1,10.32,17.08,13.78,11.99,11.12,8.73,9.37,10.36,11.12,12.23
2016-11-25,15.13,12.29,10.22,8.6,8.98,10.22,16.95,13.52,11.79,10.86,8.66,9.17,10.08,10.86,12.13
2016-11-28,16.28,13.35,11.07,9.12,9.7,11.07,17.66,13.96,12.12,11.27,9.0,9.6,10.57,11.27,12.55
2016-11-29,16.31,13.15,10.93,8.88,9.55,10.93,17.45,13.92,12.07,11.18,8.82,9.42,10.37,11.18,12.42
2016-11-30,17.25,13.77,11.54,9.4,10.08,11.54,17.86,14.18,12.33,11.39,9.07,9.58,10.56,11.39,12.69
2016-12-01,18.07,14.66,12.33,10.03,10.77,12.33,18.74,14.93,12.94,11.95,9.54,10.11,11.14,11.95,13.12
2016-12-02,17.86,14.32,11.87,9.54,10.38,11.87,18.83,14.9,12.87,11.89,9.55,10.1,11.06,11.89,13.13
2016-12-05,13.99,11.45,9.8,8.34,8.89,9.8,16.43,13.23,11.54,10.7,8.85,9.18,9.99,10.7,12.54
2016-12-06,12.66,10.44,8.99,7.86,8.08,8.99,15.93,12.78,11.12,10.34,8.67,8.94,9.72,10.34,12.29
2016-12-07,13.2,10.94,9.74,9.55,9.09,9.74,15.91,12.87,11.33,10.53,9.37,9.36,9.98,10.53,12.16
2016-12-08,14.36,12.18,10.73,10.75,10.26,10.73,15.88,12.97,11.56,10.93,9.78,9.78,10.39,10.93,12.56
2016-12-09,12.27,10.8,9.24,10.11,9.42,9.24,15.22,12.33,10.94,10.27,9.15,9.21,9.76,10.27,12.19
2016-12-12,15.21,12.94,11.62,11.78,11.17,11.62,15.9,12.9,11.5,10.77,9.51,9.7,10.2,10.77,12.65
2016-12-13,15.3,13.27,12.82,14.12,13.15,12.82,15.61,12.85,11.6,11.04,10.05,10.2,10.63,11.04,12.75
2016-12-14,18.06,13.44,13.13,13.51,12.83,13.13,16.33,13.07,11.56,11.28,10.05,10.21,10.75,11.28,12.72
2016-12-15,8.64,8.17,8.29,8.37,8.41,8.29,15.63,12.56,11.11,10.53,9.22,9.52,10.02,10.53,12.38
2016-12-16,15.08,11.93,10.29,8.84,9.11,10.29,18.18,14.04,12.1,11.22,9.39,9.72,10.53,11.22,12.17
2016-12-19,14.28,11.45,9.66,8.86,8.83,9.66,17.42,13.66,11.85,10.97,9.39,9.6,10.28,10.97,12.09
2016-12-20,13.95,11.34,9.64,8.95,8.91,9.64,16.94,13.44,11.71,10.9,9.21,9.5,10.19,10.9,12.01
2016-12-21,13.43,11.08,9.67,8.85,8.89,9.67,16.7,13.38,11.66,10.9,9.36,9.55,10.26,10.9,12.09
2016-12-22,13.84,11.31,9.59,8.46,8.62,9.59,17.08,13.54,11.76,10.92,9.11,9.41,10.24,10.92,12.18
2016-12-23,13.66,11.14,9.5,8.29,8.55,9.5,16.93,13.44,11.68,10.83,9.03,9.37,10.16,10.83,12.15
2016-12-27,13.78,11.48,9.69,8.69,8.83,9.69,16.97,13.6,11.82,10.99,9.2,9.49,10.29,10.99,12.32
2016-12-28,15.02,12.39,10.4,8.98,9.34,10.4,17.94,14.42,12.51,11.6,9.47,9.93,10.83,11.6,12.87
2016-12-29,15.54,12.91,10.64,8.98,9.34,10.64,18.35,14.79,12.79,11.79,9.44,9.97,10.88,11.79,13.11
2016-12-30,16.58,13.58,11.18,9.35,9.81,11.18,19.03,15.31,13.23,12.19,9.63,10.22,11.26,12.19,13.46
2017-01-03,14.61,12.21,10.15,8.5,9.01,10.15,17.2,13.89,12.09,11.19,9.03,9.52,10.4,11.19,12.63
2017-01-04,12.67,10.58,9.19,8.17,8.33,9.19,15.8,12.71,11.08,10.32,8.82,9.01,9.72,10.32,11.97
2017-01-05,12.28,10.13,8.64,8.02,7.91,8.64,15.47,12.53,10.93,10.13,8.76,8.95,9.66,10.13,11.82
2017-01-06,11.25,9.5,8.15,8.0,7.82,8.15,15.01,12.16,10.73,9.99,8.79,8.84,9.28,9.99,11.68
2017-01-09,10.95,9.22,7.83,8.05,7.89,7.83,15.09,12.23,10.76,10.02,8.77,8.94,9.54,10.02,11.89
2017-01-10,9.92,8.43,7.78,7.91,7.48,7.78,15.07,12.18,10.79,10.05,8.94,8.94,9.51,10.05,11.92
2017-01-11,10.28,8.46,7.42,7.33,7.23,7.42,14.59,11.95,10.54,9.84,8.65,8.82,9.42,9.84,11.76
2017-01-12,10.44,8.39,7.19,7.33,6.85,7.19,15.16,12.24,10.63,9.88,8.32,8.57,9.29,9.88,11.79
2017-01-13,9.02,7.22,6.27,6.56,6.03,6.27,14.81,11.71,10.12,9.43,8.18,8.19,8.78,9.43,11.54
2017-01-17,13.64,9.62,8.13,8.3,7.98,8.13,15.53,12.13,10.36,9.57,7.83,8.2,8.9,9.57,11.66
2017-01-18,15.12,10.56,8.3,8.97,7.71,8.3,15.93,12.15,10.25,9.49,7.97,8.22,8.97,9.49,11.55
2017-01-19,9.05,8.29,7.67,6.84,7.04,7.67,16.47,12.61,10.73,9.9,7.99,8.38,9.1,9.9,11.69
2017-01-20,14.62,11.17,8.79,7.29,7.59,8.79,17.17,13.16,11.17,10.24,8.21,8.7,9.53,10.24,11.25
2017-01-23,14.96,11.72,9.24,7.4,7.88,9.24,17.28,13.31,11.37,10.42,8.31,8.82,9.72,10.42,11.4
2017-01-24,13.59,10.7,8.59,7.61,7.68,8.59,16.05,12.53,10.77,9.94,8.14,8.46,9.21,9.94,10.89
2017-01-25,12.85,10.13,8.54,8.37,7.93,8.54,15.43,12.0,10.45,9.75,8.63,8.73,9.26,9.75,10.79
2017-01-26,12.93,9.94,8.32,8.03,7.84,8.32,15.24,11.86,10.31,9.6,8.52,8.58,9.13,9.6,10.79
2017-01-27,12.66,9.63,8.11,7.79,7.63,8.11,15.08,11.73,10.16,9.49,8.51,8.49,8.99,9.49,10.82
2017-01-30,14.88,11.57,9.3,8.25,8.41,9.3,16.37,12.9,11.15,10.26,8.57,8.97,9.62,10.26,11.44
2017-01-31,14.87,11.26,9.18,8.07,8.32,9.18,16.53,12.83,11.11,10.28,8.63,8.99,9.7,10.28,11.43
2017-02-01,14.8,11.05,8.85,7.79,7.8,8.85,16.18,12.67,10.91,10.09,8.39,8.74,9.45,10.09,11.33
2017-02-02,14.99,11.09,8.71,7.66,7.82,8.71,16.62,12.83,11.03,10.17,8.4,8.83,9.59,10.17,11.48
2017-02-03,11.79,8.88,7.4,7.16,6.92,7.4,15.05,11.81,10.25,9.61,8.35,8.47,9.05,9.61,11.03
2017-02-06,12.83,9.42,7.74,7.3,7.33,7.74,15.38,12.06,10.44,9.74,8.24,8.56,9.2,9.74,11.29
2017-02-07,11.81,8.87,7.23,6.95,6.95,7.23,15.55,12.15,10.6,9.85,8.22,8.52,9.12,9.85,11.32
2017-02-08,12.23,8.75,7.19,6.73,6.61,7.19,15.7,12.2,10.51,9.74,8.07,8.48,9.21,9.74,11.49
2017-02-09,9.61,7.68,6.84,7.3,6.92,6.84,14.49,11.59,10.14,9.46,8.21,8.35,8.88,9.46,11.3
2017-02-10,9.56,7.72,7.04,7.48,6.79,7.04,14.04,11.24,9.87,9.25,8.42,8.36,8.76,9.25,11.08
2017-02-13,10.99,8.76,7.49,8.12,7.49,7.49,13.74,10.85,9.63,9.12,8.33,8.34,8.72,9.12,10.8
2017-02-14,10.74,8.2,7.01,8.18,7.49,7.01,13.12,10.22,9.08,8.56,8.1,7.91,8.25,8.56,10.33
2017-02-15,12.17,10.02,8.6,9.13,8.59,8.6,14.14,11.07,9.77,9.27,9.04,8.65,8.96,9.27,10.54
2017-02-16,7.07,6.73,6.34,6.16,6.15,6.34,13.74,10.94,9.66,9.11,8.53,8.39,8.79,9.11,10.77
2017-02-17,13.86,10.71,8.82,7.86,7.88,8.82,15.76,12.15,10.55,9.85,8.06,8.38,9.04,9.85,10.84
2017-02-21,13.74,10.69,9.04,8.6,8.48,9.04,15.6,12.21,10.66,9.88,8.39,8.71,9.31,9.88,11.13
2017-02-22,13.91,10.95,9.22,8.54,8.49,9.22,15.89,12.39,10.78,10.0,8.27,8.68,9.36,10.0,11.43
2017-02-23,14.0,10.87,9.1,8.13,8.25,9.1,16.0,12.44,10.87,10.11,8.27,8.73,9.39,10.11,11.76
2017-02-24,14.16,10.94,8.93,7.72,7.8,8.93,16.05,12.46,10.81,9.93,8.05,8.49,9.2,9.93,11.86
2017-02-27,14.29,11.44,9.59,8.9,8.96,9.59,16.04,12.55,10.91,10.19,8.52,8.85,9.5,10.19,12.13
2017-02-28,15.58,12.38,10.62,10.12,10.02,10.62,16.55,12.97,11.33,10.59,8.91,9.34,9.98,10.59,12.5
2017-03-01,13.48,11.15,10.13,9.76,9.81,10.13,15.51,12.31,10.91,10.27,8.9,9.2,9.74,10.27,12.12
2017-03-02,12.42,10.29,9.08,8.17,8.5,9.08,15.13,12.07,10.73,10.1,8.77,9.13,9.66,10.1,12.16
2017-03-03,10.61,8.89,7.87,7.41,7.28,7.87,13.97,11.31,10.14,9.53,8.46,8.67,9.07,9.53,11.69
2017-03-06,10.92,8.99,8.17,7.47,7.6,8.17,14.14,11.35,10.08,9.54,8.4,8.67,9.09,9.54,11.79
2017-03-07,11.84,9.68,8.53,7.74,7.98,8.53,14.59,11.45,10.12,9.51,8.19,8.5,9.02,9.51,11.73
2017-03-08,12.44,10.22,8.85,8.44,8.28,8.85,14.97,11.71,10.2,9.65,8.21,8.6,9.19,9.65,11.84
2017-03-09,14.74,11.05,9.37,8.66,8.82,9.37,15.8,12.19,10.56,9.9,8.12,8.72,9.39,9.9,12.07
2017-03-10,12.83,9.91,8.34,8.01,8.31,8.34,15.21,11.61,10.06,9.34,7.44,8.14,8.87,9.34,11.66
2017-03-13,14.87,11.57,9.58,8.83,9.21,9.58,14.62,11.37,9.88,9.16,7.51,8.06,8.67,9.16,11.69
2017-03-14,16.88,12.89,10.88,10.13,10.31,10.88,15.36,11.78,10.26,9.59,7.76,8.38,9.08,9.59,11.93
2017-03-15,13.36,9.9,9.42,10.36,9.72,9.42,14.27,11.06,9.56,9.18,7.66,8.13,8.71,9.18,11.49
2017-03-16,6.51,5.85,5.44,5.14,5.23,5.44,13.81,10.47,9.07,8.62,7.53,7.75,8.22,8.62,11.05
2017-03-17,13.64,10.27,8.51,7.31,7.61,8.51,16.29,12.67,10.95,10.28,8.17,8.87,9.68,10.28,11.09
2017-03-20,13.99,10.61,8.55,7.22,7.59,8.55,16.32,12.75,11.01,10.18,8.02,8.78,9.53,10.18,11.08
2017-03-21,15.77,12.12,9.75,7.82,8.4,9.75,17.63,13.8,11.93,11.0,8.42,9.26,10.17,11.0,11.84
2017-03-22,16.42,12.7,10.27,8.23,8.88,10.27,17.9,13.89,11.93,11.06,8.61,9.38,10.34,11.06,11.86
2017-03-23,16.33,13.05,10.77,8.59,9.24,10.77,18.16,14.28,12.3,11.31,8.92,9.64,10.57,11.31,12.1
2017-03-24,15.88,12.56,10.32,8.34,9.16,10.32,17.71,13.86,11.97,11.05,8.56,9.37,10.29,11.05,11.92
2017-03-27,14.68,11.77,9.89,8.2,8.71,9.89,17.05,13.34,11.58,10.73,8.46,9.24,10.1,10.73,11.64
2017-03-28,12.86,10.4,8.76,7.82,8.0,8.76,15.69,12.36,10.81,10.07,8.31,8.8,9.49,10.07,11.05
2017-03-29,12.73,10.08,8.44,7.44,7.68,8.44,15.31,12.07,10.57,9.86,8.26,8.67,9.31,9.86,10.9
2017-03-30,12.22,9.68,8.15,7.12,7.32,8.15,15.27,12.01,10.51,9.82,8.07,8.6,9.25,9.82,10.81
2017-03-31,12.46,9.88,8.25,7.28,7.47,8.25,15.75,12.26,10.7,9.97,8.19,8.7,9.4,9.97,10.94
2017-04-03,12.59,9.99,8.87,7.4,7.72,8.87,15.91,12.46,10.8,10.07,8.06,8.65,9.46,10.07,11.04
2017-04-04,11.62,9.54,7.93,6.92,7.14,7.93,15.6,12.17,10.51,9.73,7.74,8.37,9.14,9.73,10.81
2017-04-05,13.99,11.27,9.23,7.99,8.35,9.23,16.93,13.2,11.4,10.49,8.3,8.95,9.83,10.49,11.28
2017-04-06,12.75,10.38,8.8,7.21,7.77,8.8,16.48,12.92,11.11,10.26,8.06,8.69,9.43,10.26,10.97
2017-04-07,12.89,10.39,8.68,7.02,7.5,8.68,17.18,13.38,11.44,10.48,8.15,8.77,9.73,10.48,11.21
2017-04-10,12.81,10.5,8.74,7.26,7.65,8.74,18.55,14.47,12.35,11.29,8.28,9.24,10.38,11.29,11.65
2017-04-11,13.03,10.63,8.64,7.33,7.7,8.64,19.85,15.37,13.05,11.87,8.53,9.6,10.8,11.87,11.98
2017-04-12,12.62,10.54,8.91,7.73,8.21,8.91,19.96,15.67,13.33,12.14,8.58,9.78,11.07,12.14,12.1
2017-04-13,14.75,11.98,10.65,8.7,9.42,10.65,20.3,16.11,13.92,12.81,8.98,10.28,11.75,12.81,12.52
2017-04-17,13.11,11.33,9.78,8.97,9.06,9.78,19.36,15.21,12.99,11.82,8.5,9.45,10.79,11.82,11.76
2017-04-18,12.84,10.52,9.31,9.19,9.23,9.31,18.81,14.99,12.9,11.79,8.45,9.46,10.86,11.79,11.76
2017-04-19,14.59,11.54,9.89,9.58,9.67,9.89,19.1,15.25,13.18,12.07,8.88,9.77,11.06,12.07,12.01
2017-04-20,17.3,15.36,13.4,11.03,11.98,13.4,18.07,13.98,11.89,10.81,8.55,9.03,10.02,10.81,11.35
2017-04-21,18.52,14.85,11.49,8.51,9.28,11.49,18.93,14.6,12.42,11.39,8.74,9.52,10.58,11.39,11.49
2017-04-24,13.13,10.3,8.25,7.26,7.4,8.25,14.97,11.56,9.94,9.21,7.56,7.96,8.66,9.21,9.99
2017-04-25,12.47,9.71,8.07,7.99,7.69,8.07,14.52,11.21,9.74,9.11,7.94,8.11,8.59,9.11,9.88
2017-04-26,12.73,9.75,8.12,7.65,7.72,8.12,14.68,11.36,9.83,9.17,8.01,8.22,8.76,9.17,10.1
2017-04-27,12.29,9.46,7.84,7.01,7.17,7.84,14.29,11.11,9.69,9.02,7.72,7.99,8.53,9.02,10.02
2017-04-28,13.54,10.1,7.81,6.36,6.82,7.81,14.86,11.33,9.7,9.07,7.4,7.85,8.49,9.07,10.06
2017-05-01,12.49,9.41,7.73,6.52,6.81,7.73,14.25,10.96,9.49,8.82,7.39,7.77,8.32,8.82,9.95
2017-05-02,13.42,10.07,8.22,7.22,7.51,8.22,14.56,11.12,9.6,8.91,7.47,7.85,8.38,8.91,10.03
2017-05-03,13.85,10.27,8.37,6.77,7.24,8.37,14.89,11.41,9.89,9.1,7.55,7.94,8.53,9.1,10.28
2017-05-04,13.51,10.04,8.27,6.99,7.43,8.27,14.33,11.09,9.68,8.97,7.64,7.94,8.42,8.97,10.12
2017-05-05,14.18,10.11,7.64,6.83,7.16,7.64,14.5,11.1,9.48,8.8,7.79,7.89,8.4,8.8,9.99
2017-05-08,11.39,8.45,7.06,6.47,6.69,7.06,13.52,10.4,9.0,8.38,7.22,7.45,7.97,8.38,9.85
2017-05-09,11.29,8.79,7.3,6.84,6.76,7.3,13.75,10.66,9.13,8.53,7.37,7.49,8.09,8.53,9.97
2017-05-10,11.78,8.55,7.01,6.56,6.57,7.01,14.23,10.86,9.21,8.54,7.39,7.57,8.14,8.54,10.13
2017-05-11,13.23,9.55,7.4,6.46,6.51,7.4,14.5,11.24,9.62,8.87,7.42,7.78,8.34,8.87,10.32
2017-05-12,10.98,8.2,6.54,5.71,5.62,6.54,14.13,10.97,9.34,8.61,7.1,7.45,8.04,8.61,10.26
2017-05-15,11.14,7.95,6.23,6.99,6.54,6.23,13.64,10.42,8.85,8.18,6.83,7.2,7.8,8.18,10.08
2017-05-16,11.71,7.77,6.01,6.77,6.25,6.01,13.82,10.45,8.74,8.07,6.71,7.03,7.61,8.07,9.96
2017-05-17,30.69,21.32,16.36,12.48,13.7,16.36,20.74,15.73,13.13,11.91,8.18,9.53,10.9,11.91,12.11
2017-05-18,18.55,15.12,12.82,11.94,11.64,12.82,19.1,14.35,12.15,10.93,7.92,8.81,10.04,10.93,11.75
2017-05-19,6.2,5.81,5.28,4.6,4.81,5.28,15.78,11.94,10.09,9.24,6.76,7.57,8.43,9.24,10.79
2017-05-22,13.93,10.62,8.26,6.46,7.02,8.26,15.59,11.96,10.17,9.35,6.86,7.7,8.62,9.35,10.3
2017-05-23,13.63,10.43,8.12,6.45,6.87,8.12,15.59,11.88,10.03,9.13,6.74,7.52,8.47,9.13,10.19
2017-05-24,12.32,9.67,7.69,6.37,6.64,7.69,15.02,11.39,9.71,8.87,6.58,7.32,8.21,8.87,9.96
2017-05-25,12.29,9.3,7.55,6.37,6.6,7.55,14.94,11.19,9.45,8.66,6.67,7.21,8.01,8.66,9.72
2017-05-26,12.29,9.31,7.45,6.34,6.52,7.45,14.83,11.15,9.37,8.54,6.55,7.06,7.87,8.54,9.7
2017-05-30,12.78,9.71,7.89,6.74,6.92,7.89,14.99,11.38,9.63,8.76,6.78,7.3,8.1,8.76,10.01
2017-05-31,12.72,9.73,7.9,6.57,6.81,7.9,14.79,11.19,9.4,8.66,6.68,7.17,7.99,8.66,9.91
2017-06-01,12.35,9.56,7.76,6.75,6.85,7.76,14.34,10.69,8.98,8.21,6.65,6.91,7.63,8.21,9.64
2017-06-02,11.78,9.07,7.57,7.34,7.08,7.57,14.19,10.51,8.85,8.15,7.1,7.06,7.63,8.15,9.59
2017-06-05,12.47,9.51,7.98,7.53,7.5,7.98,14.83,10.88,9.06,8.28,7.01,7.17,7.79,8.28,9.86
2017-06-06,12.94,10.01,8.45,8.08,8.04,8.45,15.02,11.13,9.37,8.69,7.3,7.55,8.15,8.69,10.15
2017-06-07,12.85,10.02,8.39,7.74,7.81,8.39,14.99,11.12,9.36,8.69,7.3,7.51,8.16,8.69,10.16
2017-06-08,11.64,9.12,7.83,7.29,7.41,7.83,14.45,10.77,9.05,8.42,7.02,7.24,7.84,8.42,9.98
2017-06-09,13.66,9.94,7.75,6.94,7.29,7.75,15.16,10.96,9.12,8.33,6.73,7.08,7.79,8.33,9.94
2017-06-12,15.43,11.91,9.76,8.49,8.71,9.76,15.73,11.39,9.45,8.65,6.62,7.09,7.93,8.65,10.19
2017-06-13,12.15,9.28,7.95,7.9,7.74,7.95,14.39,10.51,8.77,8.07,6.26,6.69,7.45,8.07,9.79
2017-06-14,14.12,10.63,8.41,8.22,8.26,8.41,14.59,10.66,8.84,8.19,6.3,6.74,7.54,8.19,9.86
2017-06-15,15.28,10.83,9.64,9.93,9.3,9.64,14.9,11.03,9.2,8.47,6.44,6.96,7.77,8.47,10.02
2017-06-16,4.02,3.95,4.0,3.81,3.96,4.0,14.02,10.32,8.62,7.9,5.98,6.58,7.29,7.9,9.79
2017-06-19,13.42,9.89,7.65,6.34,6.61,7.65,14.9,11.03,9.27,8.46,6.62,7.06,7.8,8.46,9.56
2017-06-20,14.04,10.51,8.59,6.58,7.13,8.59,15.38,11.47,9.62,8.82,6.7,7.3,8.15,8.82,9.91
2017-06-21,13.98,10.71,8.45,6.51,7.14,8.45,15.36,11.57,9.76,8.91,6.68,7.33,8.17,8.91,9.97
2017-06-22,13.59,10.36,8.11,6.23,6.91,8.11,15.2,11.42,9.6,8.77,6.58,7.23,8.07,8.77,9.91
2017-06-23,12.99,9.81,7.56,5.82,6.4,7.56,14.82,11.11,9.33,8.46,6.35,6.92,7.77,8.46,9.74
2017-06-26,12.53,9.51,7.46,5.81,6.31,7.46,14.59,10.84,9.1,8.23,6.21,6.75,7.56,8.23,9.62
2017-06-27,14.18,10.74,8.56,7.0,7.62,8.56,15.84,11.88,9.96,9.06,6.78,7.44,8.33,9.06,10.36
2017-06-28,12.38,9.43,7.54,6.1,6.52,7.54,14.69,10.92,9.17,8.31,6.38,6.86,7.64,8.31,9.79
2017-06-29,14.85,11.48,9.0,6.78,7.68,9.0,16.36,12.25,10.24,9.28,6.72,7.52,8.47,9.28,10.63
2017-06-30,14.19,10.86,8.72,6.75,7.41,8.72,15.94,11.92,9.97,9.06,6.82,7.44,8.33,9.06,10.51
2017-07-03,13.69,11.01,8.85,7.26,7.89,8.85,16.01,12.03,10.12,9.2,6.98,7.67,8.64,9.2,10.64
2017-07-05,13.47,10.64,8.47,6.77,7.41,8.47,15.79,11.78,9.81,9.01,6.66,7.31,8.23,9.01,10.52
2017-07-06,15.57,12.42,10.45,7.77,8.69,10.45,17.22,13.0,11.04,9.9,7.2,8.04,9.08,9.9,11.3
2017-07-07,12.86,10.29,8.23,6.62,7.18,8.23,15.58,11.71,9.8,8.93,6.61,7.34,8.21,8.93,10.68
2017-07-10,12.33,9.88,8.19,6.91,7.35,8.19,15.23,11.43,9.64,8.78,6.59,7.26,8.11,8.78,10.56
2017-07-11,11.53,9.36,7.9,6.86,7.27,7.9,15.03,11.34,9.51,8.67,6.4,7.07,7.96,8.67,10.45
2017-07-12,9.92,7.93,6.81,6.05,6.35,6.81,14.25,10.52,8.81,8.01,6.21,6.61,7.4,8.01,10.01
2017-07-13,9.26,7.2,6.49,6.16,6.17,6.49,13.74,9.98,8.41,7.66,6.03,6.4,7.13,7.66,9.78
2017-07-14,7.68,6.54,6.04,5.84,5.94,6.04,13.03,9.46,7.96,7.36,6.0,6.33,6.93,7.36,9.57
2017-07-17,9.62,7.64,7.53,6.93,6.97,7.53,13.03,9.3,7.8,7.31,5.96,6.29,6.84,7.31,9.59
2017-07-18,10.17,8.06,7.11,6.8,7.27,7.11,13.16,9.41,7.88,7.28,5.81,6.2,6.78,7.28,9.51
2017-07-19,9.97,7.58,6.59,6.35,5.96,6.59,12.79,9.27,7.77,7.16,6.03,6.29,6.78,7.16,9.25
2017-07-20,10.41,7.95,7.25,7.3,6.8,7.25,12.26,9.04,7.69,7.05,6.14,6.23,6.69,7.05,9.22
2017-07-21,3.91,3.61,3.61,3.58,3.62,3.61,12.0,8.75,7.35,6.8,5.54,5.86,6.42,6.8,9.16
2017-07-24,11.9,8.65,6.79,5.73,5.94,6.79,13.84,10.23,8.57,7.84,6.22,6.66,7.28,7.84,9.19
2017-07-25,11.93,8.56,6.59,5.64,5.79,6.59,13.9,10.1,8.4,7.71,6.13,6.46,7.11,7.71,9.07
2017-07-26,12.03,8.43,6.57,5.61,5.75,6.57,14.05,10.16,8.4,7.67,6.12,6.44,7.03,7.67,9.05
2017-07-27,13.21,9.27,7.02,5.62,5.93,7.02,14.8,10.62,8.75,7.94,6.13,6.54,7.24,7.94,9.2
2017-07-28,13.22,9.11,6.92,5.46,5.79,6.92,14.95,10.77,8.82,7.99,6.14,6.54,7.32,7.99,9.4
2017-07-31,12.8,9.04,6.96,5.62,5.99,6.96,14.55,10.56,8.63,7.89,6.14,6.52,7.26,7.89,9.45
2017-08-01,12.27,8.55,6.52,5.4,5.68,6.52,14.3,10.23,8.36,7.57,6.01,6.36,7.05,7.57,9.17
2017-08-02,12.23,8.34,6.36,5.14,5.45,6.36,14.42,10.39,8.43,7.67,5.91,6.35,7.05,7.67,9.35
2017-08-03,12.71,8.83,6.74,5.37,5.7,6.74,14.88,10.82,8.7,7.91,5.99,6.51,7.27,7.91,9.65
2017-08-04,12.05,8.23,6.22,4.78,5.14,6.22,14.57,10.56,8.58,7.74,5.75,6.29,7.08,7.74,9.61
2017-08-07,11.28,7.96,6.17,5.08,5.39,6.17,14.26,10.33,8.42,7.6,5.78,6.33,7.04,7.6,9.55
2017-08-08,14.77,10.04,7.39,5.57,6.0,7.39,15.52,11.37,9.23,8.38,6.07,6.75,7.67,8.38,10.08
2017-08-09,14.87,10.19,7.55,5.35,5.74,7.55,15.62,11.54,9.4,8.49,5.97,6.72,7.7,8.49,10.37
2017-08-10,24.67,18.66,13.49,9.21,10.72,13.49,21.53,15.89,13.14,11.71,7.59,9.06,10.51,11.71,12.58
2017-08-11,21.2,16.13,11.96,7.91,9.08,11.96,20.78,15.56,12.79,11.46,7.31,8.79,10.25,11.46,12.51
2017-08-14,15.92,12.15,9.3,7.87,8.55,9.3,16.65,12.19,9.87,8.88,6.06,6.89,7.97,8.88,10.62
2017-08-15,14.24,11.1,9.27,7.28,7.14,9.27,16.24,11.85,9.62,8.6,6.03,6.73,7.7,8.6,10.47
2017-08-16,12.55,10.05,8.13,7.74,7.64,8.13,15.57,11.44,9.27,8.31,6.05,6.67,7.54,8.31,10.28
2017-08-17,20.19,16.86,14.35,12.86,13.07,14.35,20.57,15.33,12.82,11.37,7.48,8.73,10.19,11.37,12.37
2017-08-18,8.36,7.93,7.63,7.41,7.76,7.63,18.62,14.43,12.25,11.09,7.65,8.76,10.09,11.09,12.35
2017-08-21,16.69,13.41,10.58,7.52,8.46,10.58,18.43,14.54,12.36,11.21,7.69,8.82,10.2,11.21,11.9
2017-08-22,14.19,11.15,8.78,6.53,7.2,8.78,16.27,12.61,10.73,9.76,6.78,7.71,8.86,9.76,10.64
2017-08-23,15.17,12.03,9.69,7.09,7.9,9.69,17.31,13.55,11.51,10.58,7.23,8.34,9.59,10.58,11.31
2017-08-24,15.08,11.88,9.51,6.81,7.73,9.51,17.61,13.77,11.66,10.6,7.32,8.34,9.58,10.6,11.46
2017-08-25,13.73,10.84,8.58,6.34,7.0,8.58,16.95,13.25,11.21,10.07,6.94,7.98,9.14,10.07,11.09
2017-08-28,13.58,10.69,8.53,6.48,7.02,8.53,16.79,13.16,11.15,10.07,6.84,7.93,9.11,10.07,11.09
2017-08-29,13.89,10.83,8.51,6.51,7.01,8.51,16.96,13.22,11.14,10.07,6.85,7.86,9.09,10.07,11.06
2017-08-30,13.29,10.28,7.83,6.27,6.66,7.83,16.79,12.89,10.83,9.85,6.97,7.81,9.01,9.85,11.03
2017-08-31,11.64,8.92,7.1,6.49,6.54,7.1,15.76,12.12,10.18,9.23,6.8,7.46,8.4,9.23,10.61
2017-09-01,11.09,8.03,6.49,6.0,5.86,6.49,15.44,11.75,9.77,8.77,6.54,7.14,8.07,8.77,10.4
2017-09-05,14.64,11.12,8.78,7.04,7.41,8.78,17.47,13.17,10.94,10.12,6.94,7.96,9.18,10.12,11.5
2017-09-06,13.51,9.78,7.74,6.32,6.6,7.74,16.87,12.63,10.45,9.36,6.5,7.36,8.52,9.36,11.21
2017-09-07,12.64,9.3,7.23,6.04,6.12,7.23,16.69,12.46,10.25,9.19,6.35,7.25,8.34,9.19,11.19
2017-09-08,15.31,11.53,8.43,6.7,7.01,8.43,17.52,13.01,10.61,9.62,6.56,7.52,8.75,9.62,11.56
2017-09-11,10.4,7.57,6.29,6.69,6.15,6.29,15.58,11.26,9.11,8.29,6.27,6.72,7.55,8.29,10.7
2017-09-12,10.56,7.64,6.55,7.91,6.98,6.55,15.3,10.8,8.68,7.88,6.26,6.63,7.32,7.88,10.37
2017-09-13,11.05,8.0,6.41,8.72,7.4,6.41,14.95,10.57,8.5,7.75,6.28,6.58,7.17,7.75,10.17
2017-09-14,11.7,8.36,7.11,8.68,7.01,7.11,14.78,10.4,8.34,7.54,6.04,6.31,6.9,7.54,10.08
2017-09-15,4.12,4.2,4.41,4.17,4.32,4.41,14.12,9.66,7.8,7.28,5.61,6.0,6.68,7.28,9.86
2017-09-18,13.68,9.52,7.09,5.77,5.94,7.09,15.67,11.37,9.27,8.41,6.08,6.71,7.62,8.41,9.69
2017-09-19,13.64,9.45,7.06,5.82,6.04,7.06,15.65,11.27,9.19,8.29,6.11,6.73,7.61,8.29,9.6
2017-09-20,13.12,9.34,6.92,5.52,5.81,6.92,15.42,11.13,9.13,8.22,6.01,6.62,7.45,8.22,9.53
2017-09-21,12.78,9.01,6.9,5.5,5.84,6.9,15.2,10.98,9.02,8.14,5.98,6.59,7.45,8.14,9.57
2017-09-22,12.67,9.05,6.79,5.37,5.74,6.79,15.29,11.15,9.1,8.2,5.99,6.61,7.47,8.2,9.72
2017-09-25,13.26,9.54,7.38,5.56,6.17,7.38,15.61,11.41,9.41,8.41,6.08,6.76,7.66,8.41,10.01
2017-09-26,13.22,9.65,7.34,5.58,6.1,7.34,15.56,11.41,9.43,8.46,6.16,6.81,7.73,8.46,10.02
2017-09-27,12.54,9.37,7.13,5.94,6.01,7.13,15.25,11.24,9.32,8.42,6.32,6.83,7.65,8.42,9.9
2017-09-28,11.94,8.72,6.75,5.7,5.73,6.75,14.78,10.85,8.95,8.11,6.34,6.73,7.47,8.11,9.72
2017-09-29,11.38,8.19,6.41,5.72,5.56,6.41,14.07,10.32,8.55,7.76,6.41,6.51,7.15,7.76,9.53
2017-10-02,10.94,7.79,6.16,5.86,5.6,6.16,13.86,10.09,8.33,7.58,6.47,6.53,7.07,7.58,9.31
2017-10-03,11.02,7.91,6.18,5.93,5.82,6.18,13.89,10.01,8.24,7.53,6.33,6.49,7.03,7.53,9.25
2017-10-04,11.14,7.81,5.96,5.39,5.35,5.96,14.0,9.94,8.13,7.38,6.06,6.24,6.82,7.38,9.2
2017-10-05,9.92,7.22,5.95,6.0,5.69,5.95,13.04,9.28,7.72,7.09,6.26,6.26,6.68,7.09,8.95
2017-10-06,10.42,7.31,5.92,5.77,5.62,5.92,13.57,9.47,7.9,7.25,6.24,6.37,6.82,7.25,9.21
2017-10-09,12.16,8.4,6.43,6.02,6.01,6.43,14.3,10.0,8.2,7.47,6.35,6.54,7.05,7.47,9.36
2017-10-10,11.37,7.9,6.15,5.96,5.75,6.15,13.92,9.8,8.07,7.33,6.27,6.4,6.83,7.33,9.12
2017-10-11,10.39,7.44,5.95,5.77,5.52,5.95,13.63,9.56,7.79,7.11,6.03,6.15,6.62,7.11,8.93
2017-10-12,9.89,7.3,5.79,5.55,5.35,5.79,13.88,9.74,7.99,7.24,6.1,6.28,6.75,7.24,9.0
2017-10-13,9.09,6.17,4.88,5.1,4.93,4.88,13.35,9.21,7.54,6.84,5.79,5.9,6.37,6.84,8.77
2017-10-16,9.64,6.67,5.56,5.6,5.45,5.56,13.36,9.13,7.45,6.76,5.54,5.75,6.3,6.76,8.7
2017-10-17,10.74,6.93,5.77,5.85,5.86,5.77,13.73,9.36,7.57,6.86,5.57,5.84,6.33,6.86,8.76
2017-10-18,9.43,6.17,5.45,5.92,5.32,5.45,13.44,9.06,7.33,6.74,5.58,5.76,6.2,6.74,8.65
2017-10-19,9.78,6.82,6.09,6.6,6.16,6.09,13.59,9.24,7.38,6.69,5.56,5.71,6.3,6.69,8.67
2017-10-20,4.53,4.06,3.8,3.62,3.68,3.8,13.09,9.04,7.32,6.62,5.68,5.72,6.14,6.62,8.47
2017-10-23,15.19,10.51,7.68,6.29,6.46,7.68,15.77,11.35,9.19,8.24,6.98,7.11,7.65,8.24,9.05
2017-10-24,15.18,10.65,7.72,6.28,6.53,7.72,16.01,11.5,9.33,8.38,6.78,7.07,7.73,8.38,9.03
2017-10-25,15.76,11.41,8.24,6.1,6.73,8.24,16.46,11.91,9.83,8.81,6.65,7.21,8.09,8.81,9.43
2017-10-26,15.72,11.2,8.21,6.33,6.66,8.21,16.44,11.95,9.77,8.83,6.84,7.32,8.15,8.83,9.39
2017-10-27,13.0,9.34,6.93,5.62,5.76,6.93,14.87,10.77,8.81,7.97,6.52,6.74,7.37,7.97,8.78
2017-10-30,14.16,10.22,7.56,6.02,6.41,7.56,15.38,11.39,9.26,8.36,6.7,7.08,7.77,8.36,9.19
2017-10-31,13.13,9.49,7.24,6.07,6.25,7.24,14.82,10.8,8.9,8.07,6.67,6.9,7.53,8.07,9.06
2017-11-01,12.46,9.3,7.48,6.62,6.7,7.48,14.65,10.86,9.04,8.28,7.05,7.19,7.72,8.28,9.33
2017-11-02,11.45,8.91,7.28,6.4,6.51,7.28,14.18,10.72,9.04,8.35,7.03,7.24,7.78,8.35,9.5
2017-11-03,10.42,7.94,6.38,5.65,5.79,6.38,13.47,10.04,8.45,7.79,6.65,6.78,7.24,7.79,9.27
2017-11-06,10.15,7.6,6.16,5.73,5.77,6.16,13.63,10.09,8.47,7.77,6.76,6.91,7.31,7.77,9.44
2017-11-07,11.22,8.47,6.83,5.81,6.17,6.83,14.12,10.49,8.89,8.16,6.8,7.05,7.58,8.16,9.68
2017-11-08,10.68,7.7,6.32,5.53,5.75,6.32,14.07,10.39,8.66,8.01,6.76,7.01,7.51,8.01,9.75
2017-11-09,13.67,9.91,7.63,5.86,6.19,7.63,14.87,11.08,9.31,8.47,6.85,7.13,7.79,8.47,10.08
2017-11-10,14.81,10.61,7.78,6.5,6.85,7.78,15.98,11.82,9.72,8.87,6.92,7.34,8.11,8.87,10.58
2017-11-13,14.79,10.81,8.27,7.1,7.36,8.27,15.78,11.8,9.72,8.79,7.0,7.35,8.15,8.79,10.65
2017-11-14,14.75,10.96,8.47,7.17,7.25,8.47,16.03,11.82,9.65,8.8,6.73,7.18,8.02,8.8,10.76
2017-11-15,18.4,14.39,11.01,9.15,9.76,11.01,17.58,13.35,11.0,9.98,7.26,7.89,9.04,9.98,11.39
2017-11-16,10.82,8.5,7.35,7.34,6.76,7.35,15.64,11.32,9.27,8.36,6.81,6.96,7.63,8.36,10.56
2017-11-17,4.11,3.82,3.78,3.79,3.76,3.78,15.08,11.0,8.93,8.07,6.33,6.67,7.42,8.07,10.52
2017-11-20,13.81,10.15,7.57,6.15,6.46,7.57,15.83,11.89,9.79,8.88,6.79,7.32,8.21,8.88,10.17
2017-11-21,12.13,8.86,6.89,6.22,5.98,6.89,14.63,10.92,9.12,8.31,6.72,6.94,7.63,8.31,9.58
2017-11-22,12.05,8.95,7.01,6.48,6.22,7.01,14.38,10.78,8.98,8.21,6.75,6.96,7.57,8.21,9.5
2017-11-24,11.55,8.64,6.88,6.77,6.39,6.88,14.12,10.53,8.82,8.16,6.94,6.99,7.6,8.16,9.42
2017-11-27,11.97,8.95,7.16,6.98,6.66,7.16,14.19,10.62,8.91,8.3,6.98,7.13,7.74,8.3,9.58
2017-11-28,11.54,8.9,7.59,8.03,7.65,7.59,13.92,10.41,8.83,8.25,7.13,7.25,7.73,8.25,9.37
2017-11-29,12.61,9.69,8.19,7.98,7.98,8.19,14.49,10.98,9.21,8.66,7.15,7.52,8.12,8.66,9.68
2017-11-30,13.04,10.37,9.22,8.69,8.85,9.22,14.85,11.33,9.66,9.0,7.28,7.81,8.45,9.0,9.74
2017-12-01,14.91,11.37,9.39,8.46,8.65,9.39,15.48,11.59,9.84,9.23,6.96,7.74,8.51,9.23,10.04
2017-12-04,15.3,11.78,9.63,8.45,8.63,9.63,15.96,11.85,9.94,9.19,7.12,7.75,8.57,9.19,10.21
2017-12-05,14.07,10.61,8.63,7.6,7.98,8.63,15.69,11.51,9.58,8.99,6.79,7.55,8.32,8.99,10.24
2017-12-06,13.75,10.15,8.25,8.17,7.92,8.25,15.41,11.25,9.36,8.85,6.91,7.43,8.19,8.85,10.18
2017-12-07,10.8,8.62,7.58,8.09,7.6,7.58,14.13,10.4,8.77,8.34,6.7,7.15,7.84,8.34,9.86
2017-12-08,8.94,7.15,6.72,7.19,6.83,6.72,13.17,9.61,8.13,7.68,6.36,6.67,7.19,7.68,9.36
2017-12-11,9.53,7.98,7.22,8.16,7.52,7.22,12.47,9.05,7.76,7.4,6.18,6.47,6.94,7.4,9.11
2017-12-12,10.63,8.97,8.17,8.99,8.46,8.17,12.94,9.4,7.92,7.73,6.53,6.8,7.27,7.73,9.28
2017-12-13,11.0,8.94,8.09,9.14,8.7,8.09,13.33,9.35,7.92,7.66,6.93,6.92,7.29,7.66,9.33
2017-12-14,15.49,12.03,9.98,11.74,10.81,9.98,13.58,9.69,8.14,7.77,6.84,6.93,7.34,7.77,9.56
2017-12-15,4.75,4.42,4.89,4.84,5.06,4.89,12.14,8.42,7.02,7.09,6.51,6.39,6.71,7.09,8.99
2017-12-18,11.86,8.54,7.31,6.88,6.75,7.31,13.98,10.09,8.46,7.88,6.82,6.84,7.35,7.88,9.06
2017-12-19,12.78,9.26,7.62,6.81,6.97,7.62,14.64,10.69,8.95,8.22,6.86,7.08,7.68,8.22,9.42
2017-12-20,12.41,8.94,7.36,6.42,6.49,7.36,14.44,10.45,8.74,8.06,6.66,6.92,7.51,8.06,9.32
2017-12-21,12.25,8.87,7.18,6.3,6.41,7.18,14.21,10.43,8.71,8.05,6.7,6.94,7.52,8.05,9.37
2017-12-22,12.57,9.04,7.63,6.16,6.49,7.63,14.62,10.71,8.92,8.12,6.59,6.92,7.58,8.12,9.57
2017-12-26,12.98,9.32,7.85,6.35,6.8,7.85,14.64,10.79,9.02,8.3,6.65,7.04,7.74,8.3,9.84
2017-12-27,13.82,9.59,7.37,5.76,6.17,7.37,14.88,10.85,8.97,8.18,6.27,6.82,7.57,8.18,9.74
2017-12-28,13.17,9.29,6.89,5.68,5.95,6.89,14.78,10.8,8.87,8.02,6.21,6.68,7.4,8.02,9.58
2017-12-29,14.16,10.31,7.79,6.16,6.52,7.79,15.49,11.32,9.35,8.45,6.4,6.93,7.73,8.45,9.92
2018-01-02,11.84,8.74,6.71,5.78,5.93,6.71,14.25,10.32,8.54,7.81,6.21,6.58,7.24,7.81,9.52
2018-01-03,10.0,7.53,6.27,5.94,5.83,6.27,13.23,9.66,8.08,7.5,6.38,6.53,7.04,7.5,9.23
2018-01-04,9.61,7.29,6.49,6.48,6.41,6.49,12.99,9.56,8.2,7.69,6.81,6.92,7.32,7.69,9.33
2018-01-05,9.35,7.28,6.5,6.88,6.75,6.5,12.56,9.51,8.22,7.69,6.94,7.06,7.38,7.69,9.24
2018-01-08,8.68,7.11,6.48,6.9,6.68,6.48,12.55,9.49,8.28,7.83,7.09,7.18,7.47,7.83,9.32
2018-01-09,9.1,7.67,6.98,7.28,7.07,6.98,13.1,9.81,8.59,8.13,7.27,7.52,7.74,8.13,9.49
2018-01-10,8.69,7.49,6.52,6.67,6.51,6.52,12.87,9.67,8.42,7.94,6.89,7.22,7.61,7.94,9.43
2018-01-11,8.48,7.03,6.55,6.56,6.32,6.55,12.51,9.46,8.31,7.86,7.19,7.32,7.55,7.86,9.26
2018-01-12,9.6,7.92,7.21,7.1,6.89,7.21,12.75,9.67,8.59,8.18,7.43,7.65,7.96,8.18,9.47
2018-01-16,14.28,11.59,11.91,9.67,10.4,11.91,14.9,11.18,9.72,9.3,7.73,8.23,8.79,9.3,10.32
2018-01-17,15.63,11.67,10.91,10.44,10.19,10.91,14.57,11.02,9.77,9.15,8.17,8.4,8.76,9.15,10.26
2018-01-18,13.59,11.53,10.69,11.33,10.94,10.69,15.33,11.48,9.95,9.49,8.42,8.63,9.11,9.49,10.56
2018-01-19,6.7,6.44,6.15,5.97,6.06,6.15,14.14,10.47,9.13,8.65,7.78,7.82,8.26,8.65,10.03
2018-01-22,13.78,10.49,8.91,8.02,8.0,8.91,15.43,11.64,10.05,9.44,8.04,8.4,8.94,9.44,10.09
2018-01-23,13.52,10.62,9.02,8.68,8.43,9.02,15.29,11.82,10.26,9.62,8.61,8.7,9.19,9.62,10.23
2018-01-24,13.77,11.11,9.73,9.12,9.0,9.73,15.49,12.19,10.75,10.1,9.23,9.21,9.64,10.1,10.58
2018-01-25,14.03,11.3,9.8,8.96,9.0,9.8,15.72,12.32,10.84,10.17,9.31,9.29,9.71,10.17,10.66
2018-01-26,12.91,10.71,9.35,8.68,8.86,9.35,15.02,11.99,10.68,10.1,9.21,9.32,9.75,10.1,10.6
2018-01-29,17.58,14.31,12.09,10.54,11.02,12.09,18.06,14.21,12.44,11.65,10.33,10.59,11.18,11.65,11.84
2018-01-30,18.88,15.46,12.96,10.82,11.54,12.96,19.25,15.13,13.14,12.16,10.12,10.6,11.4,12.16,12.46
2018-01-31,17.15,14.02,11.92,10.07,10.66,11.92,17.94,14.17,12.4,11.48,9.57,9.97,10.73,11.48,11.91
2018-02-01,16.62,13.81,12.0,10.49,10.69,12.0,17.34,13.8,12.15,11.43,9.75,9.98,10.74,11.43,11.8
2018-02-02,24.11,18.23,14.72,11.78,12.5,14.72,23.22,18.18,15.59,14.32,10.64,11.85,13.26,14.32,13.59
2018-02-05,81.06,56.02,40.83,27.49,32.5,40.83,51.56,39.22,32.31,28.25,17.96,21.46,25.75,28.25,23.88
2018-02-06,55.17,35.06,27.06,24.84,23.53,27.06,37.14,24.86,20.69,19.2,19.2,17.76,17.69,19.2,16.51
2018-02-07,43.32,29.59,21.69,18.22,18.39,21.69,33.98,23.19,19.11,17.29,14.53,14.74,15.93,17.29,16.57
2018-02-08,57.34,43.17,32.78,24.56,27.98,32.78,43.0,31.58,26.41,23.76,17.69,19.59,21.87,23.76,21.49
2018-02-09,38.77,31.09,25.58,22.16,22.57,25.58,37.07,27.79,23.44,21.29,16.22,17.55,19.61,21.29,19.92
2018-02-12,29.26,26.62,23.2,20.6,20.52,23.2,31.37,22.9,19.17,17.49,14.33,14.77,16.1,17.49,17.19
2018-02-13,30.33,27.9,25.17,20.9,23.82,25.17,31.18,22.6,18.66,17.06,14.36,14.76,15.8,17.06,16.81
2018-02-14,22.59,21.62,19.17,16.79,16.46,19.17,24.5,18.74,16.0,14.8,13.36,13.16,14.06,14.8,15.04
2018-02-15,23.27,18.86,16.19,17.46,16.1,16.19,23.56,18.12,15.5,14.33,13.57,13.05,13.66,14.33,14.65
2018-02-16,10.87,10.41,9.83,9.87,9.97,9.83,24.46,17.78,15.06,13.9,12.36,12.45,13.26,13.9,14.54
2018-02-20,26.51,19.88,15.24,12.57,13.11,15.24,26.37,19.44,16.15,14.64,11.56,12.36,13.6,14.64,15.22
2018-02-21,26.02,20.03,15.65,12.6,13.57,15.65,26.57,19.79,16.57,14.97,11.61,12.48,13.81,14.97,15.38
2018-02-22,23.49,18.12,14.23,11.46,12.29,14.23,24.61,18.23,15.22,13.94,11.06,11.79,12.92,13.94,14.57
2018-02-23,19.7,14.87,12.03,10.68,10.67,12.03,21.84,15.94,13.47,12.23,10.25,10.64,11.46,12.23,13.16
2018-02-26,18.23,14.14,11.85,11.24,11.11,11.85,20.48,15.25,13.06,12.2,10.48,10.79,11.54,12.2,12.82
2018-02-27,23.83,17.85,14.33,12.21,12.63,14.33,24.67,18.0,15.08,13.85,11.49,12.01,12.95,13.85,14.29
2018-02-28,24.49,18.55,14.65,12.2,12.8,14.65,25.64,18.71,15.64,14.39,11.55,12.25,13.34,14.39,14.87
2018-03-01,27.99,21.85,17.12,14.05,14.56,17.12,28.33,20.81,17.44,15.96,12.63,13.39,14.71,15.96,16.43
2018-03-02,23.35,19.08,15.47,12.89,13.21,15.47,26.14,19.45,16.37,14.95,11.81,12.6,13.81,14.95,15.65
2018-03-05,22.24,18.05,14.65,13.41,13.64,14.65,24.52,18.23,15.36,14.16,11.48,12.14,13.24,14.16,14.91
2018-03-06,20.96,17.22,14.09,12.74,12.94,14.09,24.15,18.08,15.37,13.96,11.45,12.0,13.02,13.96,14.97
2018-03-07,20.55,17.21,14.1,12.06,12.39,14.1,23.37,17.72,15.12,13.8,11.09,11.74,12.89,13.8,14.81
2018-03-08,19.02,15.36,13.05,11.78,12.0,13.05,21.72,16.43,14.04,12.95,10.81,11.23,12.13,12.95,14.24
2018-03-09,13.79,11.71,10.19,11.66,11.38,10.19,18.69,14.31,12.39,11.61,10.29,10.41,11.0,11.61,13.09
2018-03-12,16.57,14.3,13.41,14.13,13.32,13.41,20.01,15.02,12.93,12.17,10.64,10.9,11.55,12.17,13.64
2018-03-13,17.71,14.62,12.55,12.77,12.08,12.55,20.73,15.42,13.23,12.4,10.74,11.11,11.68,12.4,13.94
2018-03-14,24.4,18.15,14.13,15.53,14.92,14.13,21.82,16.3,13.9,13.21,10.96,11.35,12.37,13.21,14.61
2018-03-15,15.85,12.27,10.74,13.28,12.81,10.74,20.47,15.11,12.84,12.55,10.46,10.75,11.71,12.55,14.23
2018-03-16,7.22,6.84,6.56,6.47,6.5,6.56,19.68,14.5,12.27,11.46,9.92,10.05,10.81,11.46,13.84
2018-03-19,24.13,17.81,13.87,11.14,11.71,13.87,24.5,18.37,15.64,14.35,11.46,12.09,13.33,14.35,15.3
2018-03-20,23.42,17.22,13.7,10.89,11.51,13.7,24.07,18.06,15.33,14.06,11.18,11.81,13.04,14.06,15.04
2018-03-21,23.29,17.28,13.56,10.74,11.36,13.56,23.92,17.99,15.24,13.93,10.99,11.65,12.89,13.93,14.88
2018-03-22,30.46,22.86,18.1,13.46,14.99,18.1,29.64,22.07,18.49,17.12,12.84,14.06,15.77,17.12,17.23
2018-03-23,31.76,24.61,19.84,14.87,16.43,19.84,30.79,23.73,20.26,18.28,13.86,15.22,16.95,18.28,18.65
2018-03-26,26.3,20.91,17.16,14.08,14.96,17.16,26.88,20.86,17.86,16.51,13.17,13.99,15.35,16.51,16.95
2018-03-27,27.1,22.3,19.63,15.62,16.8,19.63,28.4,22.56,19.46,18.02,14.06,15.21,16.72,18.02,18.45
2018-03-28,27.53,22.93,19.68,16.47,17.1,19.68,28.62,22.89,19.91,18.46,14.63,15.69,17.2,18.46,18.69
2018-03-29,24.11,20.52,17.82,15.66,16.04,17.82,25.33,20.55,18.03,16.95,13.92,14.72,15.95,16.95,17.37
2018-04-02,28.85,25.18,22.73,19.18,20.48,22.73,28.53,23.56,20.96,19.61,15.77,16.94,18.38,19.61,19.37
2018-04-03,26.06,23.01,20.22,16.34,17.85,20.22,26.08,21.65,19.11,17.87,14.49,15.43,16.75,17.87,18.01
2018-04-04,24.78,21.56,18.85,15.57,16.84,18.85,25.47,20.74,18.19,17.01,13.84,14.68,16.01,17.01,17.11
2018-04-05,23.31,19.99,17.31,14.03,15.16,17.31,23.77,19.5,17.17,16.08,12.91,13.85,15.06,16.08,16.33
2018-04-06,26.91,23.38,20.27,15.85,17.63,20.27,26.52,21.84,19.32,18.04,14.57,15.5,16.99,18.04,18.04
2018-04-09,27.55,24.67,21.51,17.75,19.16,21.51,26.41,21.95,19.6,18.36,14.92,15.96,17.28,18.36,18.02
2018-04-10,24.48,21.6,19.05,16.66,17.23,19.05,24.6,20.43,18.34,17.13,14.32,14.92,16.18,17.13,17.26
2018-04-11,24.7,21.25,18.45,16.29,16.93,18.45,24.33,20.29,18.1,16.99,14.11,14.82,16.07,16.99,17.23
2018-04-12,21.75,18.6,16.0,13.73,14.38,16.0,22.28,18.41,16.62,15.6,13.11,13.7,14.72,15.6,16.11
2018-04-13,18.63,16.66,14.0,12.29,13.35,14.0,20.91,17.42,15.43,14.57,12.08,12.8,13.74,14.57,15.4
2018-04-16,19.85,15.21,13.85,13.35,12.86,13.85,19.8,15.88,13.99,13.24,11.57,11.78,12.54,13.24,14.28
2018-04-17,18.0,14.01,12.2,12.02,11.52,12.2,18.39,14.55,12.94,12.07,10.8,10.84,11.56,12.07,13.3
2018-04-18,18.21,14.53,11.53,10.71,10.04,11.53,18.38,14.47,12.72,11.85,10.54,10.57,11.26,11.85,13.01
2018-04-19,17.59,15.52,13.7,13.26,13.01,13.7,19.38,15.32,13.48,12.59,10.55,11.04,11.88,12.59,13.56
2018-04-20,10.55,9.98,9.62,9.55,9.96,9.62,20.47,16.56,14.44,13.61,10.94,11.76,12.87,13.61,14.18
2018-04-23,19.77,16.18,13.67,10.92,11.95,13.67,21.25,16.9,14.66,13.54,10.87,11.56,12.71,13.54,14.07
2018-04-24,21.38,17.97,15.45,12.58,13.41,15.45,22.52,18.06,15.89,14.7,11.74,12.57,13.76,14.7,15.1
2018-04-25,21.28,18.21,15.47,12.43,13.5,15.47,22.45,18.02,15.9,14.74,11.72,12.7,13.82,14.74,15.0
2018-04-26,19.4,16.03,13.88,11.32,12.24,13.88,20.82,16.62,14.68,13.64,11.16,11.89,12.89,13.64,14.06
2018-04-27,17.99,14.97,12.78,10.6,11.48,12.78,20.03,16.11,14.26,13.28,10.82,11.57,12.6,13.28,13.96
2018-04-30,18.75,15.86,13.69,11.31,12.09,13.69,20.15,16.46,14.65,13.65,11.16,11.86,12.92,13.65,14.33
2018-05-01,18.12,15.55,13.39,11.22,11.83,13.39,19.7,15.98,14.15,13.33,10.85,11.53,12.54,13.33,13.94
2018-05-02,18.87,16.22,14.13,11.72,12.54,14.13,20.28,16.57,14.65,13.8,11.3,12.03,13.04,13.8,14.27
2018-05-03,18.67,15.82,13.47,10.93,11.76,13.47,20.09,16.42,14.47,13.59,11.15,11.89,12.91,13.59,14.2
2018-05-04,17.07,14.06,11.91,10.34,10.64,11.91,19.09,15.38,13.62,12.79,10.62,11.23,12.06,12.79,13.63
2018-05-07,17.02,14.45,12.38,10.87,11.31,12.38,18.94,15.26,13.58,12.79,10.7,11.36,12.17,12.79,13.67
2018-05-08,16.99,14.26,12.24,10.87,11.12,12.24,18.76,15.15,13.56,12.65,10.54,11.17,12.07,12.65,13.52
2018-05-09,14.3,11.99,10.79,9.57,10.05,10.79,16.89,13.87,12.36,11.69,9.91,10.44,11.1,11.69,12.79
2018-05-10,13.65,11.66,10.25,10.16,9.76,10.25,16.35,13.12,11.72,11.11,9.91,10.02,10.55,11.11,12.11
2018-05-11,12.18,10.48,9.27,8.81,8.46,9.27,15.67,12.59,11.2,10.56,9.3,9.51,10.1,10.56,11.72
2018-05-14,14.07,11.45,10.22,9.52,10.1,10.22,15.68,12.41,11.08,10.41,9.22,9.33,9.87,10.41,11.35
2018-05-15,18.22,14.98,12.83,11.37,11.88,12.83,18.02,14.16,12.25,11.41,9.25,9.92,10.77,11.41,12.19
2018-05-16,14.46,11.75,11.31,10.64,10.5,11.31,16.73,13.03,11.41,10.56,8.72,9.21,9.9,10.56,11.72
2018-05-17,14.57,12.58,11.01,11.21,10.63,11.01,16.64,12.95,11.3,10.58,8.65,9.23,9.9,10.58,11.69
2018-05-18,7.07,6.77,6.46,6.11,6.21,6.46,16.4,12.86,11.3,10.57,8.62,9.22,9.92,10.57,11.87
2018-05-21,15.59,12.24,10.18,8.63,9.0,10.18,17.74,13.37,11.45,10.63,8.54,9.05,9.96,10.63,11.38
2018-05-22,15.73,12.33,10.08,8.57,9.11,10.08,17.82,13.46,11.47,10.54,8.47,8.99,9.83,10.54,11.5
2018-05-23,14.77,11.71,9.61,7.99,8.49,9.61,17.25,13.01,11.12,10.16,8.08,8.6,9.48,10.16,11.17
2018-05-24,14.68,11.47,9.25,7.65,8.21,9.25,17.28,12.93,10.98,10.06,7.86,8.44,9.32,10.06,11.11
2018-05-25,15.48,12.18,9.87,7.95,8.53,9.87,17.76,13.32,11.28,10.32,7.92,8.57,9.52,10.32,11.34
2018-05-29,21.04,16.5,13.26,10.45,11.43,13.26,21.51,16.12,13.64,12.46,9.28,10.26,11.47,12.46,13.24
2018-05-30,17.14,13.3,10.77,9.14,9.54,10.77,19.13,14.3,12.08,11.1,8.72,9.37,10.29,11.1,12.23
2018-05-31,18.14,14.04,11.54,9.33,9.94,11.54,19.55,14.72,12.46,11.52,8.9,9.61,10.62,11.52,12.67
2018-06-01,15.29,12.07,10.04,8.65,9.02,10.04,17.71,13.29,11.31,10.41,8.38,8.89,9.73,10.41,11.75
2018-06-04,14.85,11.79,9.85,9.1,9.03,9.85,16.89,12.68,10.82,10.06,8.19,8.59,9.4,10.06,11.46
2018-06-05,14.55,11.6,9.55,8.66,8.93,9.55,16.61,12.52,10.7,9.99,8.01,8.55,9.33,9.99,11.37
2018-06-06,13.58,10.29,9.05,8.42,8.39,9.05,15.68,11.75,9.95,9.23,7.67,8.02,8.61,9.23,10.81
2018-06-07,14.6,11.17,9.35,8.8,8.91,9.35,16.18,11.93,10.04,9.63,7.83,8.19,8.94,9.63,10.98
2018-06-08,14.0,10.73,9.4,8.73,8.55,9.4,16.34,12.14,10.29,9.4,7.8,8.1,8.77,9.4,10.97
2018-06-11,16.52,12.96,11.38,10.8,10.49,11.38,16.17,12.02,10.23,9.46,7.92,8.23,8.83,9.46,11.07
2018-06-12,14.77,11.72,10.26,10.63,10.74,10.26,15.85,11.77,10.0,9.35,8.11,8.26,8.76,9.35,11.07
2018-06-13,14.65,12.16,11.78,10.83,11.14,11.78,16.25,12.12,10.37,9.87,8.48,8.62,9.29,9.87,11.4
2018-06-14,10.6,9.05,8.81,10.21,9.18,8.81,15.25,11.36,9.71,9.21,8.01,8.08,8.61,9.21,10.97
2018-06-15,6.2,5.8,5.47,5.67,5.67,5.47,15.22,11.3,9.66,8.97,7.62,7.82,8.49,8.97,11.02
2018-06-18,15.48,11.55,9.17,7.6,7.98,9.17,16.99,12.71,10.73,9.86,8.13,8.4,9.14,9.86,11.09
2018-06-19,17.17,12.81,9.88,7.78,8.27,9.88,18.25,13.64,11.48,10.45,8.19,8.74,9.7,10.45,11.65
2018-06-20,16.33,12.12,9.63,7.53,8.01,9.63,17.66,13.16,11.07,10.06,7.98,8.39,9.35,10.06,11.38
2018-06-21,18.81,13.95,10.76,8.23,8.97,10.76,19.59,14.51,12.12,11.06,8.52,9.09,10.1,11.06,12.18
2018-06-22,17.51,12.95,10.43,7.89,8.66,10.43,19.02,13.92,11.58,10.59,8.24,8.72,9.71,10.59,11.94
2018-06-25,22.83,17.38,13.31,9.69,10.9,13.31,22.79,17.01,14.32,12.98,9.62,10.65,11.99,12.98,13.87
2018-06-26,20.02,15.55,12.39,9.26,10.32,12.39,21.29,16.02,13.5,12.25,9.08,10.03,11.31,12.25,13.43
2018-06-27,22.45,17.74,14.64,10.8,12.03,14.64,23.04,17.59,14.89,13.68,9.92,11.07,12.51,13.68,14.51
2018-06-28,21.04,16.42,13.22,9.84,11.03,13.22,22.32,16.8,14.27,12.98,9.42,10.52,11.84,12.98,14.01
2018-06-29,19.6,15.3,12.82,9.52,10.61,12.82,21.0,15.89,13.48,12.23,8.93,9.96,11.25,12.23,13.61
2018-07-02,18.38,14.73,11.97,9.25,10.17,11.97,20.44,15.54,13.14,11.98,8.92,9.82,11.09,11.98,13.37
2018-07-03,19.42,15.7,12.86,9.99,10.91,12.86,21.26,16.19,13.78,12.8,9.11,10.26,11.68,12.8,13.85
2018-07-05,17.46,14.19,11.53,9.41,9.95,11.53,19.55,14.87,12.61,11.45,8.52,9.41,10.54,11.45,13.0
2018-07-06,14.46,11.6,9.63,8.2,8.54,9.63,17.61,13.31,11.3,10.45,8.15,8.76,9.68,10.45,12.22
2018-07-09,13.37,10.36,8.78,7.85,8.15,8.78,16.26,12.31,10.39,9.64,7.8,8.18,8.98,9.64,11.53
2018-07-10,13.57,10.11,8.3,7.27,7.62,8.3,16.2,12.09,10.22,9.46,7.81,8.03,8.79,9.46,11.29
2018-07-11,15.19,11.97,9.73,8.19,8.71,9.73,17.54,13.13,11.17,10.24,8.19,8.63,9.53,10.24,11.91
2018-07-12,12.75,10.2,8.5,7.98,8.14,8.5,16.09,12.09,10.28,9.43,7.97,8.17,8.86,9.43,11.35
2018-07-13,11.27,9.02,7.7,7.23,7.3,7.7,15.37,11.55,9.77,9.02,7.55,7.74,8.5,9.02,11.08
2018-07-16,12.84,10.87,9.29,8.33,8.51,9.29,16.08,11.99,10.07,9.3,7.76,8.04,8.73,9.3,11.33
2018-07-17,11.46,9.21,8.4,8.5,8.2,8.4,14.66,10.91,9.27,8.69,7.83,7.75,8.21,8.69,10.84
2018-07-18,10.38,8.16,7.62,7.79,7.38,7.62,14.44,10.68,9.08,8.5,7.65,7.58,8.06,8.5,10.68
2018-07-19,12.53,10.62,8.9,8.22,8.21,8.9,15.86,11.76,9.95,9.12,7.87,7.94,8.51,9.12,11.16
2018-07-20,6.95,6.59,6.09,5.45,5.56,6.09,15.62,11.69,9.77,8.91,7.34,7.66,8.36,8.91,11.21
2018-07-23,15.22,11.34,8.72,7.24,7.54,8.72,17.93,13.07,10.81,9.84,7.97,8.26,9.1,9.84,11.09
2018-07-24,15.15,11.24,8.77,7.47,7.66,8.77,17.55,12.78,10.57,9.64,7.91,8.14,8.89,9.64,10.86
2018-07-25,14.75,10.81,8.73,7.73,7.74,8.73,17.26,12.4,10.3,9.47,8.04,8.19,8.83,9.47,10.67
2018-07-26,14.53,10.77,8.64,7.57,7.72,8.64,16.9,12.27,10.3,9.42,8.05,8.15,8.81,9.42,10.68
2018-07-27,15.6,11.65,9.1,7.62,7.91,9.1,17.77,12.82,10.71,9.75,8.07,8.32,9.05,9.75,11.02
2018-07-30,17.57,13.26,10.36,8.29,8.77,10.36,19.01,13.8,11.55,10.52,8.56,8.81,9.68,10.52,11.7
2018-07-31,14.95,11.31,8.83,7.81,7.74,8.83,17.16,12.4,10.34,9.44,8.1,8.1,8.82,9.44,10.95
2018-08-01,15.94,11.97,9.55,7.95,8.3,9.55,17.8,12.95,10.83,9.9,8.25,8.44,9.21,9.9,11.18
2018-08-02,13.7,10.45,8.28,7.38,7.33,8.28,16.59,12.15,10.16,9.32,8.01,8.05,8.73,9.32,10.86
2018-08-03,12.53,9.07,7.38,6.72,6.74,7.38,15.93,11.51,9.68,8.89,7.81,7.78,8.38,8.89,10.53
2018-08-06,11.72,8.94,7.54,7.13,7.07,7.54,15.23,11.18,9.41,8.75,7.91,7.73,8.21,8.75,10.43
2018-08-07,10.49,8.41,7.31,7.36,6.91,7.31,14.71,10.85,9.19,8.6,7.98,7.72,8.09,8.6,10.23
2018-08-08,10.08,7.94,7.14,7.01,6.64,7.14,14.43,10.72,9.1,8.55,7.96,7.69,8.07,8.55,10.3
2018-08-09,10.85,8.33,7.3,6.6,6.83,7.3,14.98,10.99,9.27,8.66,7.91,7.79,8.19,8.66,10.59
2018-08-10,16.39,12.18,8.78,6.92,7.54,8.78,17.4,12.49,10.41,9.42,7.79,7.95,8.69,9.42,11.32
2018-08-13,20.86,15.32,11.84,9.35,9.53,11.84,18.98,13.67,11.47,10.39,8.39,8.65,9.53,10.39,12.1
2018-08-14,14.75,11.32,9.27,8.79,8.35,9.27,17.34,12.42,10.37,9.47,8.08,8.11,8.78,9.47,11.34
2018-08-15,17.34,14.36,12.36,10.05,9.88,12.36,18.88,13.76,11.6,10.48,8.31,8.68,9.72,10.48,12.14
2018-08-16,15.32,12.32,9.93,9.63,9.11,9.93,17.46,12.5,10.47,9.51,8.17,8.16,8.83,9.51,11.57
2018-08-17,6.5,6.13,5.83,5.53,5.54,5.83,16.23,11.8,9.79,8.95,8.04,7.82,8.36,8.95,11.27
2018-08-20,15.73,11.5,8.87,8.21,7.91,8.87,17.85,13.02,10.77,9.82,8.35,8.44,9.14,9.82,11.17
2018-08-21,16.18,11.7,9.03,8.3,8.02,9.03,18.21,13.12,10.85,9.85,8.42,8.53,9.2,9.85,11.18
2018-08-22,15.33,11.32,8.78,7.78,7.79,8.78,17.71,12.85,10.72,9.77,8.31,8.46,9.14,9.77,11.25
2018-08-23,15.16,11.24,8.84,7.85,7.76,8.84,17.42,12.92,10.86,9.85,8.34,8.49,9.19,9.85,11.34
2018-08-24,14.2,10.62,8.31,7.92,7.61,8.31,16.91,12.45,10.45,9.53,8.32,8.32,8.9,9.53,11.1
2018-08-27,13.46,10.02,8.16,8.3,7.73,8.16,16.29,11.99,10.2,9.25,8.45,8.31,8.81,9.25,10.93
2018-08-28,14.05,10.23,8.3,8.35,7.8,8.3,16.68,12.22,10.29,9.41,8.68,8.52,8.9,9.41,11.11
2018-08-29,13.41,9.89,8.24,8.3,7.85,8.24,16.09,11.81,10.13,9.25,8.47,8.43,8.84,9.25,11.1
2018-08-30,15.62,11.39,9.1,8.37,8.29,9.1,17.46,12.77,10.87,9.9,8.5,8.75,9.38,9.9,11.74
2018-08-31,14.75,10.51,8.38,7.69,7.66,8.38,16.83,12.15,10.24,9.3,8.08,8.22,8.81,9.3,11.24
2018-09-04,15.01,11.1,8.76,7.94,7.99,8.76,17.07,12.55,10.62,9.57,8.32,8.46,9.09,9.57,11.57
2018-09-05,16.38,12.23,9.67,8.07,8.34,9.67,18.18,13.34,11.2,10.23,8.46,8.82,9.48,10.23,12.08
2018-09-06,17.67,13.16,10.33,8.61,8.81,10.33,18.76,13.81,11.65,10.56,8.71,9.07,9.9,10.56,12.41
2018-09-07,17.6,12.92,10.08,8.27,8.84,10.08,19.13,13.95,11.73,10.63,8.48,8.95,9.84,10.63,12.55
2018-09-10,15.92,11.96,9.61,8.18,8.5,9.61,18.06,13.2,11.12,10.11,8.28,8.57,9.46,10.11,12.29
2018-09-11,13.11,10.34,8.56,7.72,7.69,8.56,16.66,12.27,10.37,9.48,8.09,8.18,8.89,9.48,11.79
2018-09-12,13.28,10.1,8.29,7.36,7.47,8.29,16.57,12.15,10.23,9.19,7.79,7.94,8.59,9.19,11.53
2018-09-13,10.74,8.58,7.46,7.57,6.93,7.46,14.87,10.99,9.25,8.64,7.91,7.72,8.18,8.64,11.08
2018-09-14,10.36,8.42,7.13,6.99,6.94,7.13,14.56,10.57,8.96,8.48,7.76,7.46,7.98,8.48,10.83
2018-09-17,17.02,12.48,11.47,9.82,10.2,11.47,16.59,12.18,10.15,9.55,8.03,8.11,8.86,9.55,11.44
2018-09-18,12.22,9.37,9.42,8.99,8.19,9.42,15.61,11.5,9.64,8.93,7.71,7.75,8.39,8.93,11.27
2018-09-19,12.9,9.35,7.46,8.09,7.27,7.46,14.56,10.74,8.99,8.26,7.15,7.25,7.82,8.26,10.92
2018-09-20,12.03,8.81,7.74,9.66,7.96,7.74,14.57,10.48,8.96,8.22,7.79,7.46,7.88,8.22,10.74
2018-09-21,5.43,5.03,5.36,5.48,5.72,5.36,14.45,10.57,8.84,8.53,7.6,7.56,8.09,8.53,10.9
2018-09-24,15.32,11.25,8.72,7.6,7.56,8.72,17.33,12.78,10.69,9.74,8.16,8.31,9.11,9.74,11.06
2018-09-25,15.42,11.56,8.9,7.83,7.76,8.9,17.62,13.05,10.98,10.01,8.45,8.59,9.32,10.01,11.24
2018-09-26,16.16,11.95,9.32,8.03,8.05,9.32,18.1,13.43,11.25,10.41,8.69,8.82,9.65,10.41,11.43
2018-09-27,15.34,11.16,8.61,7.65,7.57,8.61,17.5,12.93,10.86,9.92,8.21,8.44,9.24,9.92,11.03
2018-09-28,14.83,10.59,8.48,7.49,7.39,8.48,17.41,12.64,10.64,9.67,7.95,8.21,8.98,9.67,11.08
2018-10-01,14.5,10.52,8.25,7.65,7.36,8.25,17.33,12.62,10.6,9.76,8.2,8.38,9.1,9.76,11.1
2018-10-02,14.46,10.57,8.32,7.81,7.5,8.32,17.52,12.84,10.81,9.92,8.31,8.48,9.23,9.92,11.24
2018-10-03,13.77,10.41,8.18,7.46,7.36,8.18,17.11,12.7,10.81,9.86,8.18,8.42,9.2,9.86,11.16
2018-10-04,18.76,14.24,11.2,8.53,9.2,11.2,19.8,14.82,12.34,11.23,8.45,9.09,10.27,11.23,12.1
2018-10-05,19.03,15.04,11.88,8.55,9.69,11.88,20.63,15.6,13.09,11.9,8.74,9.61,10.82,11.9,12.61
2018-10-08,19.65,15.7,12.55,8.87,9.87,12.55,20.89,15.92,13.39,12.2,8.79,9.69,11.01,12.2,12.84
2018-10-09,18.62,15.34,12.68,9.14,10.08,12.68,21.13,16.08,13.71,12.4,8.99,10.02,11.31,12.4,13.0
2018-10-10,32.38,26.42,22.74,16.57,18.81,22.74,28.31,22.45,19.24,17.71,12.68,14.37,16.38,17.71,16.54
2018-10-11,38.28,32.36,26.74,21.35,22.92,26.74,29.58,23.97,21.11,19.51,14.74,16.39,18.25,19.51,17.6
2018-10-12,28.2,24.32,20.75,15.75,16.95,20.75,26.38,21.13,18.39,16.92,12.48,14.0,15.57,16.92,16.06
2018-10-15,31.35,27.02,22.82,17.66,19.49,22.82,26.93,21.53,18.7,17.31,12.6,14.05,15.82,17.31,16.52
2018-10-16,21.81,19.24,16.55,14.31,15.13,16.55,22.44,17.72,15.2,13.97,10.88,11.74,13.03,13.97,14.37
2018-10-17,23.85,19.16,17.22,15.2,15.28,17.22,22.31,17.51,15.13,13.92,11.07,11.73,12.95,13.92,14.58
2018-10-18,30.8,27.26,24.25,20.11,21.0,24.25,26.01,20.59,17.79,16.41,12.46,13.78,15.16,16.41,16.26
2018-10-19,16.02,14.97,14.7,13.27,13.97,14.7,26.05,20.73,18.16,16.72,12.44,13.76,15.48,16.72,16.33
2018-10-22,25.27,20.64,16.62,12.69,14.06,16.62,25.52,20.17,17.45,16.03,12.28,13.37,14.9,16.03,16.27
2018-10-23,26.59,21.83,17.88,13.88,15.09,17.88,26.03,20.55,17.76,16.4,12.82,13.93,15.35,16.4,16.67
2018-10-24,32.41,26.65,22.27,17.56,19.03,22.27,29.58,23.48,20.76,19.06,14.97,16.29,17.91,19.06,18.82
2018-10-25,30.91,25.7,21.41,17.6,19.54,21.41,28.96,23.16,20.34,18.91,14.99,16.14,17.71,18.91,18.28
2018-10-26,32.42,27.23,22.79,17.78,19.51,22.79,29.17,23.49,20.57,19.16,15.04,16.31,17.88,19.16,18.72
2018-10-29,33.49,28.15,24.07,19.1,20.76,24.07,29.59,24.08,21.2,19.94,15.84,17.12,18.68,19.94,19.24
2018-10-30,31.49,26.99,22.99,18.51,20.09,22.99,28.1,23.24,20.63,19.32,15.42,16.78,18.18,19.32,18.71
2018-10-31,28.41,24.12,20.47,16.5,17.75,20.47,26.05,21.71,19.35,18.24,14.41,15.81,17.11,18.24,17.91
2018-11-01,25.48,21.58,17.89,14.46,15.7,17.89,24.69,20.44,18.14,17.03,13.46,14.63,15.97,17.03,16.99
2018-11-02,25.73,22.18,18.43,14.44,15.68,18.43,24.88,20.8,18.62,17.49,13.72,15.04,16.49,17.49,17.45
2018-11-05,26.79,22.97,19.1,14.51,16.09,19.1,24.84,20.8,18.68,17.35,13.76,14.94,16.45,17.35,17.32
2018-11-06,26.8,22.28,18.75,15.22,15.89,18.75,24.41,20.27,17.96,16.88,13.39,14.54,15.92,16.88,16.7
2018-11-07,19.2,15.44,13.58,12.05,12.39,13.58,21.13,17.24,15.31,14.32,11.33,12.3,13.37,14.32,14.75
2018-11-08,19.33,16.02,13.41,12.11,12.21,13.41,21.5,17.42,15.44,14.24,11.47,12.2,13.33,14.24,14.64
2018-11-09,19.12,16.07,13.55,12.55,12.9,13.55,22.43,18.38,16.16,15.17,11.79,12.72,14.13,15.17,15.39
2018-11-12,30.0,25.01,20.75,17.39,18.25,20.75,25.45,21.12,18.69,17.29,13.35,14.68,16.16,17.29,17.02
2018-11-13,26.99,23.19,20.46,18.18,19.69,20.46,25.18,20.8,18.44,17.15,13.44,14.59,16.05,17.15,17.1
2018-11-14,29.71,26.28,23.73,23.2,22.68,23.73,26.06,22.09,19.64,18.56,14.53,16.0,17.31,18.56,18.1
2018-11-15,28.66,24.73,22.06,20.92,20.56,22.06,24.53,20.59,18.43,17.34,13.9,15.07,16.35,17.34,17.41
2018-11-16,12.84,12.3,11.07,10.16,10.43,11.07,22.6,19.04,16.97,15.82,12.67,13.65,15.05,15.82,16.46
2018-11-19,24.65,21.05,17.91,14.41,15.57,17.91,25.57,21.23,18.74,17.36,13.37,14.69,16.27,17.36,17.99
2018-11-20,26.96,23.16,19.94,15.99,17.24,19.94,27.65,23.06,20.55,19.04,14.76,16.17,17.84,19.04,19.49
2018-11-21,25.04,21.47,18.41,15.06,16.04,18.41,26.13,21.63,19.15,17.86,14.0,15.19,16.74,17.86,18.54
2018-11-23,25.95,22.23,19.16,16.3,17.34,19.16,26.63,22.16,19.7,18.81,14.83,16.19,17.67,18.81,18.83
2018-11-26,22.72,19.85,16.87,14.8,15.24,16.87,23.97,20.09,17.94,16.59,13.44,14.38,15.62,16.59,17.39
2018-11-27,23.21,20.13,17.64,15.27,15.86,17.64,23.81,20.03,17.95,16.78,13.58,14.58,15.8,16.78,17.4
2018-11-28,22.44,19.76,17.36,15.41,16.09,17.36,22.96,19.36,17.37,16.21,13.46,14.36,15.31,16.21,16.65
2018-11-29,23.47,20.5,17.57,15.13,16.02,17.57,23.63,19.87,17.69,16.5,13.33,14.35,15.47,16.5,16.94
2018-11-30,23.21,20.05,17.34,14.48,15.45,17.34,22.73,19.18,17.11,15.88,12.76,13.67,14.94,15.88,16.22
2018-12-03,20.5,17.45,15.3,12.98,13.62,15.3,21.16,17.4,15.48,14.36,11.67,12.47,13.53,14.36,15.03
2018-12-04,27.52,23.42,20.4,16.91,18.09,20.4,25.82,21.54,19.18,17.85,13.97,15.31,16.77,17.85,17.94
2018-12-06,28.41,23.84,20.63,17.08,18.27,20.63,26.42,22.24,19.8,18.53,14.3,15.8,17.36,18.53,18.39
2018-12-07,32.15,27.44,24.02,19.27,21.05,24.02,28.88,24.39,22.06,20.71,16.21,17.89,19.42,20.71,20.0
2018-12-10,29.23,25.41,22.72,19.07,20.28,22.72,27.6,23.39,20.97,19.97,15.93,17.39,18.77,19.97,19.61
2018-12-11,28.22,24.36,21.41,18.16,19.25,21.41,26.65,22.87,20.64,19.46,15.66,17.02,18.4,19.46,19.3
2018-12-12,26.88,23.84,21.19,18.45,19.68,21.19,26.33,22.39,20.21,18.77,15.4,16.55,17.82,18.77,18.99
2018-12-13,23.64,21.41,19.16,17.93,18.29,19.16,24.94,21.38,19.3,18.27,15.25,16.37,17.44,18.27,18.88
2018-12-14,25.27,22.82,21.36,19.45,19.45,21.36,25.81,22.38,20.16,19.5,16.38,17.4,18.75,19.5,19.92
2018-12-17,37.13,30.91,31.47,28.05,28.65,31.47,28.2,24.09,21.91,21.98,18.13,19.47,20.85,21.98,21.17
2018-12-18,38.52,34.05,31.15,32.92,34.05,31.15,29.53,25.03,22.97,21.96,18.62,19.72,20.91,21.96,21.31
2018-12-19,42.55,34.57,30.9,28.91,28.78,30.9,29.74,25.04,23.0,21.91,18.25,19.45,21.05,21.91,21.38
2018-12-20,45.37,39.84,39.92,39.82,40.35,39.92,32.84,27.63,24.9,25.05,20.46,21.88,23.43,25.05,22.72
2018-12-21,25.2,23.23,24.96,25.56,26.72,24.96,36.38,30.27,27.05,27.76,21.95,24.05,25.91,27.76,23.62
2018-12-24,44.39,37.95,34.42,26.62,29.73,34.42,38.05,32.32,29.04,28.27,22.45,24.56,26.69,28.27,26.09
2018-12-26,36.96,31.31,29.23,23.47,25.55,29.23,32.82,28.15,25.41,24.97,19.84,21.75,23.57,24.97,23.16
2018-12-27,38.09,32.28,29.63,23.18,25.37,29.63,33.76,28.94,26.14,25.33,20.07,22.04,23.87,25.33,23.58
2018-12-28,35.36,30.35,27.77,21.93,23.74,27.77,32.91,28.17,25.34,24.44,19.47,21.18,23.01,24.44,23.02
2018-12-31,30.88,26.92,23.48,19.39,20.81,23.48,29.67,25.7,23.13,21.81,17.78,19.07,20.66,21.81,21.19
2019-01-02,27.67,23.96,20.62,16.74,18.14,20.62,28.16,24.06,21.64,20.35,16.57,17.84,19.35,20.35,20.41
2019-01-03,31.34,27.57,24.25,19.27,21.2,24.25,30.3,26.18,23.99,22.42,17.93,19.5,21.27,22.42,22.16
2019-01-04,25.27,22.14,19.52,16.96,17.6,19.52,26.06,22.82,20.54,19.28,15.78,16.98,18.3,19.28,19.95
2019-01-07,26.2,22.78,20.07,17.16,17.99,20.07,26.18,22.63,20.41,19.14,15.38,16.63,18.12,19.14,19.75
2019-01-08,24.86,21.17,18.62,16.26,17.08,18.62,25.3,21.58,19.26,18.09,14.54,15.7,17.09,18.09,18.98
2019-01-09,23.26,20.3,17.75,15.3,15.98,17.75,24.83,20.97,18.7,17.6,13.98,15.14,16.52,17.6,18.56
2019-01-10,21.21,18.37,16.03,14.88,15.82,16.03,24.31,20.57,18.1,16.99,13.82,14.86,16.07,16.99,18.17
2019-01-11,18.08,15.92,14.25,13.43,14.18,14.25,22.91,19.24,16.9,15.83,12.71,13.74,14.99,15.83,17.48
2019-01-14,20.29,18.24,17.08,15.9,15.83,17.08,23.99,19.81,17.34,16.38,13.07,13.93,15.31,16.38,17.6
2019-01-15,20.23,17.43,15.25,15.82,15.79,15.25,23.88,18.82,16.28,15.05,12.4,13.12,14.14,15.05,16.5
2019-01-16,19.47,17.39,15.58,16.58,15.45,15.58,24.1,18.79,16.19,14.98,12.76,13.36,14.2,14.98,16.53
2019-01-17,19.32,17.54,16.67,19.6,17.14,16.67,22.9,17.57,15.37,14.36,12.32,12.84,13.6,14.36,16.28
2019-01-18,8.33,8.15,8.26,8.78,8.69,8.26,22.13,17.31,15.07,14.16,12.58,12.92,13.73,14.16,15.9
2019-01-22,26.87,21.06,17.36,14.04,15.17,17.36,26.25,21.1,18.44,17.18,13.55,14.72,16.06,17.18,17.57
2019-01-23,24.97,20.2,16.73,13.44,14.64,16.73,25.35,20.69,18.08,16.69,13.07,14.27,15.65,16.69,17.21
2019-01-24,23.44,19.03,15.7,12.99,13.73,15.7,24.52,19.77,17.24,15.94,12.63,13.7,14.89,15.94,16.58
2019-01-25,21.15,17.3,14.67,12.72,13.37,14.67,22.82,18.63,16.44,15.37,12.37,13.37,14.48,15.37,16.06
2019-01-28,23.34,19.39,16.45,13.51,14.54,16.45,24.13,20.0,17.65,16.41,12.92,14.14,15.4,16.41,16.83
2019-01-29,23.81,19.94,17.07,13.97,14.92,17.07,24.36,20.24,17.86,16.51,13.09,14.24,15.45,16.51,16.83
2019-01-30,20.89,17.37,15.12,13.24,13.68,15.12,22.33,18.25,16.16,15.14,12.43,13.25,14.39,15.14,15.82
2019-01-31,19.02,15.85,13.89,12.48,12.69,13.89,20.74,16.92,14.92,14.16,11.81,12.49,13.33,14.16,14.93
2019-02-01,17.84,14.89,13.04,11.68,12.01,13.04,20.42,16.56,14.55,13.79,11.42,12.13,13.01,13.79,14.69
2019-02-04,16.43,13.44,11.75,11.22,11.08,11.75,19.73,15.82,13.89,13.12,11.28,11.8,12.51,13.12,14.24
2019-02-05,16.46,13.3,11.79,11.54,11.29,11.79,19.8,15.7,14.01,13.26,11.37,11.81,12.54,13.26,14.09
2019-02-06,15.74,12.87,10.9,10.63,10.32,10.9,19.72,15.63,13.77,13.05,10.94,11.59,12.37,13.05,14.03
2019-02-07,18.48,15.12,13.2,10.59,11.29,13.2,21.03,16.8,14.82,13.82,11.07,11.91,13.09,13.82,14.74
2019-02-08,16.73,13.92,12.46,10.18,10.93,12.46,19.96,16.06,14.21,13.37,10.59,11.44,12.6,13.37,14.54
2019-02-11,19.28,16.84,15.05,12.54,13.27,15.05,19.9,16.19,14.36,13.65,10.82,11.77,12.7,13.65,14.61
2019-02-12,17.39,14.3,12.22,11.54,11.64,12.22,18.93,15.17,13.61,12.85,11.0,11.54,12.15,12.85,14.08
2019-02-13,16.53,13.4,11.36,13.06,12.28,11.36,19.19,15.56,13.68,12.94,10.99,11.61,12.31,12.94,14.11
2019-02-14,20.97,17.6,14.21,13.5,13.33,14.21,19.95,16.03,14.23,13.34,11.08,11.84,12.51,13.34,14.45
2019-02-15,7.15,6.98,6.85,6.67,6.76,6.85,18.38,14.6,12.8,11.97,10.0,10.58,11.36,11.97,13.68
2019-02-19,18.24,14.59,11.92,9.95,10.58,11.92,19.98,15.97,13.89,12.89,10.27,11.08,12.13,12.89,13.56
2019-02-20,16.92,13.68,11.38,9.4,9.96,11.38,19.0,15.05,13.1,12.18,9.81,10.47,11.43,12.18,13.0
2019-02-21,17.52,14.34,11.71,9.55,10.36,11.71,19.25,15.4,13.39,12.37,9.67,10.55,11.58,12.37,13.2
2019-02-22,16.13,13.05,10.93,9.15,9.57,10.93,18.18,14.52,12.63,11.73,9.45,10.1,11.01,11.73,12.64
2019-02-25,17.92,14.14,11.61,9.77,10.46,11.61,19.16,15.03,13.1,12.06,9.74,10.33,11.27,12.06,12.92
2019-02-26,18.56,14.51,11.92,9.89,10.49,11.92,19.71,15.33,13.26,12.28,9.7,10.48,11.45,12.28,13.15
2019-02-27,17.85,13.75,11.11,9.14,9.9,11.11,19.39,15.06,13.01,11.97,9.33,10.1,11.17,11.97,12.95
2019-02-28,18.02,14.06,11.07,9.23,9.84,11.07,19.59,15.21,13.01,11.97,9.27,10.06,11.1,11.97,12.98
2019-03-01,15.69,11.83,9.91,8.28,8.81,9.91,18.29,14.05,11.96,11.01,8.66,9.28,10.29,11.01,12.32
2019-03-04,17.54,14.18,11.23,9.13,9.73,11.23,19.5,15.11,12.97,11.83,8.96,9.76,10.89,11.83,12.95
2019-03-05,17.39,13.96,11.07,9.19,9.71,11.07,19.57,15.06,12.94,11.82,9.12,9.86,10.93,11.82,13.01
2019-03-06,19.88,15.38,12.43,10.32,11.09,12.43,20.5,16.02,13.74,12.69,9.49,10.5,11.71,12.69,13.69
2019-03-07,20.55,16.91,14.45,10.8,11.81,14.45,21.55,17.17,14.75,13.67,10.06,11.18,12.67,13.67,14.42
2019-03-08,17.35,15.51,12.57,9.57,10.41,12.57,20.68,16.61,14.57,13.42,9.9,11.07,12.47,13.42,14.38
2019-03-11,15.87,13.2,12.39,11.11,11.75,12.39,18.56,14.74,12.74,11.88,9.06,9.9,10.97,11.88,13.19
2019-03-12,15.28,12.54,11.08,10.71,11.18,11.08,17.72,13.95,12.19,11.2,8.75,9.46,10.4,11.2,12.82
2019-03-13,13.32,11.68,11.79,11.64,11.72,11.79,16.76,13.15,11.49,10.88,8.98,9.45,10.3,10.88,12.41
2019-03-14,16.02,13.35,11.87,12.09,11.5,11.87,16.81,13.4,11.81,10.92,9.02,9.48,10.3,10.92,12.47
2019-03-15,6.18,5.95,6.24,6.13,6.25,6.24,16.13,12.73,11.2,10.44,8.8,9.27,9.9,10.44,12.17
2019-03-18,16.25,13.03,10.9,9.15,9.67,10.9,17.83,14.17,12.33,11.49,9.32,9.92,10.8,11.49,12.42
2019-03-19,16.83,13.71,11.57,9.48,10.18,11.57,18.23,14.62,12.72,11.92,9.51,10.25,11.13,11.92,12.7
2019-03-20,17.32,14.09,11.85,9.88,10.6,11.85,18.75,15.01,13.13,12.24,9.7,10.49,11.49,12.24,13.01
2019-03-21,16.96,13.82,11.66,9.79,10.39,11.66,18.26,14.57,12.74,11.88,9.64,10.24,11.16,11.88,12.7
2019-03-22,20.85,17.31,15.04,11.45,12.67,15.04,21.35,17.34,15.18,14.11,10.76,11.86,13.14,14.11,14.66
2019-03-25,20.41,17.13,14.71,11.5,12.6,14.71,21.29,17.48,15.4,14.31,10.89,12.06,13.33,14.31,14.83
2019-03-26,17.85,15.33,12.92,10.16,11.15,12.92,19.53,16.06,14.19,13.18,10.07,11.12,12.35,13.18,13.96
2019-03-27,18.68,16.01,13.47,10.33,11.45,13.47,20.08,16.56,14.67,13.6,10.36,11.44,12.69,13.6,14.34
2019-03-28,17.49,14.94,12.5,9.68,10.67,12.5,19.17,15.84,13.94,12.91,9.91,10.87,12.07,12.91,13.84
2019-03-29,16.1,13.68,11.46,9.28,9.95,11.46,18.28,15.07,13.26,12.28,9.52,10.44,11.48,12.28,13.36
2019-04-01,15.51,12.45,10.38,9.05,9.47,10.38,17.7,14.25,12.44,11.6,9.39,10.02,10.92,11.6,12.73
2019-04-02,14.9,11.99,10.26,8.89,9.19,10.26,17.75,14.16,12.24,11.51,9.29,9.95,10.78,11.51,12.74
2019-04-03,15.25,12.33,10.48,9.39,9.62,10.48,17.95,14.42,12.52,11.69,9.22,10.07,10.94,11.69,12.78
2019-04-04,14.59,11.69,10.18,8.93,9.26,10.18,17.53,14.01,12.22,11.35,9.1,9.81,10.63,11.35,12.61
2019-04-05,12.86,10.31,9.11,8.14,8.34,9.11,16.76,13.28,11.53,10.68,8.75,9.27,9.98,10.68,12.11
2019-04-08,13.43,10.58,9.04,8.54,8.88,9.04,17.16,13.44,11.59,10.74,8.87,9.33,10.05,10.74,12.2
2019-04-09,14.77,12.15,10.17,8.95,9.34,10.17,18.69,14.59,12.49,11.62,9.26,9.85,10.87,11.62,12.87
2019-04-10,12.45,10.2,8.9,8.43,8.36,8.9,17.39,13.56,11.64,10.81,8.8,9.35,10.11,10.81,12.38
2019-04-11,11.72,9.28,8.15,8.28,8.04,8.15,17.06,13.22,11.36,10.59,8.63,9.23,10.02,10.59,12.32
2019-04-12,9.96,8.41,7.77,7.46,7.9,7.77,15.54,12.2,10.53,9.88,8.21,8.7,9.26,9.88,11.71
2019-04-15,11.62,9.62,9.05,8.64,8.67,9.05,15.89,12.37,10.62,9.88,8.22,8.64,9.29,9.88,11.7
2019-04-16,11.59,9.29,8.1,9.63,9.13,8.1,15.7,12.24,10.52,9.87,8.18,8.73,9.36,9.87,11.63
2019-04-17,13.72,11.17,9.82,9.97,9.46,9.82,16.1,12.59,10.84,10.03,8.27,8.8,9.48,10.03,11.87
2019-04-18,5.38,5.27,4.99,4.63,4.61,4.99,15.71,12.12,10.52,9.73,8.11,8.44,9.06,9.73,11.72
2019-04-22,15.76,12.01,9.68,8.13,8.57,9.68,17.87,13.68,11.57,10.64,8.89,9.19,9.99,10.64,11.71
2019-04-23,15.64,11.85,9.53,8.32,8.55,9.53,17.64,13.27,11.21,10.36,8.82,8.94,9.69,10.36,11.4
2019-04-24,16.77,12.7,10.19,8.79,9.03,10.19,18.35,13.83,11.64,10.75,9.04,9.26,10.05,10.75,11.72
2019-04-25,16.65,12.68,10.2,8.61,8.97,10.2,18.7,14.14,11.87,10.95,9.1,9.38,10.21,10.95,11.93
2019-04-26,16.08,11.99,9.61,8.32,8.56,9.61,18.13,13.62,11.46,10.57,8.92,9.11,9.87,10.57,11.63
2019-04-29,16.44,12.35,9.98,8.56,8.84,9.98,18.44,13.87,11.74,10.8,9.06,9.33,10.08,10.8,11.88
2019-04-30,16.62,12.33,9.92,8.37,8.8,9.92,18.55,13.93,11.72,10.83,9.02,9.32,10.12,10.83,11.87
2019-05-01,19.17,14.91,11.98,9.74,10.5,11.98,20.21,15.45,13.03,11.97,9.54,10.11,11.17,11.97,12.82
2019-05-02,18.32,14.5,11.45,8.9,9.76,11.45,19.79,15.22,13.01,11.88,9.36,9.92,10.97,11.88,12.76
2019-05-03,14.95,11.6,9.64,8.3,8.49,9.64,17.97,13.8,11.74,10.78,9.08,9.28,10.08,10.78,11.95
2019-05-06,20.57,16.3,12.79,9.59,10.86,12.79,20.92,16.01,13.56,12.44,9.6,10.31,11.43,12.44,13.1
2019-05-07,28.2,23.38,18.81,13.51,15.53,18.81,25.48,20.48,17.62,16.02,11.31,12.86,14.59,16.02,15.61
2019-05-08,28.89,24.23,19.83,13.62,15.89,19.83,25.71,20.49,17.5,15.86,10.9,12.46,14.33,15.86,15.31
2019-05-09,29.03,25.54,21.6,14.67,17.3,21.6,24.58,20.26,17.69,15.96,11.04,12.62,14.58,15.96,15.48
2019-05-10,21.52,19.18,15.85,11.66,13.19,15.85,21.37,17.6,15.19,13.8,9.74,10.94,12.49,13.8,14.1
2019-05-13,29.46,26.55,23.55,19.35,22.41,23.55,26.01,21.89,19.28,17.67,12.33,14.35,16.38,17.67,16.84
2019-05-14,23.69,21.04,19.17,15.33,16.28,19.17,23.47,19.55,17.14,15.9,10.98,12.61,14.44,15.9,15.59
2019-05-15,20.68,18.69,17.0,13.19,14.25,17.0,21.34,17.83,15.67,14.48,10.52,11.75,13.4,14.48,14.85
2019-05-16,21.0,18.35,15.93,14.12,14.6,15.93,19.9,16.49,14.42,13.29,9.88,10.86,12.2,13.29,14.0
2019-05-17,12.8,12.19,11.54,10.29,10.81,11.54,20.67,17.17,15.16,13.87,10.04,11.27,12.89,13.87,14.4
2019-05-20,20.69,17.71,14.74,10.67,11.97,14.74,21.76,18.08,15.84,14.5,10.65,11.91,13.36,14.5,14.87
2019-05-21,19.15,16.17,13.28,9.9,10.91,13.28,20.33,16.79,14.64,13.49,10.07,11.13,12.39,13.49,13.94
2019-05-22,19.03,16.05,13.02,9.64,10.74,13.02,20.2,16.72,14.59,13.39,9.92,11.05,12.39,13.39,13.96
2019-05-23,21.35,18.21,15.21,11.25,12.74,15.21,21.97,18.5,16.41,15.03,11.17,12.38,13.91,15.03,15.31
2019-05-24,19.98,17.05,14.3,10.47,11.91,14.3,21.04,17.77,15.68,14.35,10.63,11.85,13.31,14.35,14.98
2019-05-28,21.41,18.6,15.87,11.8,13.38,15.87,22.09,18.93,16.83,15.46,11.5,12.82,14.36,15.46,15.72
2019-05-29,21.35,18.99,16.45,12.66,14.13,16.45,22.06,19.17,17.23,16.14,12.14,13.53,14.98,16.14,16.26
2019-05-30,20.2,18.06,15.54,12.05,13.49,15.54,21.55,18.67,16.75,15.71,11.91,13.13,14.6,15.71,15.93
2019-05-31,21.78,19.57,17.35,13.49,15.06,17.35,22.72,19.79,17.91,16.82,12.71,14.16,15.73,16.82,16.91
2019-06-03,21.86,19.45,17.26,13.99,15.3,17.26,22.63,19.59,17.8,16.63,12.85,14.19,15.69,16.63,16.75
2019-06-04,19.38,17.44,15.38,12.26,13.45,15.38,20.88,18.07,16.21,15.19,11.72,13.02,14.3,15.19,15.54
2019-06-05,18.09,15.89,14.22,11.89,12.68,14.22,19.76,17.01,15.45,14.42,11.47,12.37,13.51,14.42,15.06
2019-06-06,18.03,15.78,14.0,12.14,12.57,14.0,19.7,16.74,14.87,13.87,11.21,12.0,13.1,13.87,14.66
2019-06-07,18.59,16.08,13.8,12.16,12.44,13.8,20.58,17.02,15.11,14.05,11.44,12.12,13.13,14.05,14.58
2019-06-10,18.54,16.3,14.09,12.36,12.84,14.09,20.11,16.7,14.85,13.89,11.53,12.13,13.04,13.89,14.39
2019-06-11,18.63,16.44,14.33,12.2,12.72,14.33,20.25,16.98,15.06,14.15,11.34,12.17,13.23,14.15,14.6
2019-06-12,18.19,15.85,13.87,11.55,12.16,13.87,20.36,16.99,14.97,14.14,11.12,12.01,13.16,14.14,14.65
2019-06-13,16.66,15.23,13.59,11.62,12.06,13.59,20.07,16.85,14.84,14.06,11.02,12.04,13.08,14.06,14.47
2019-06-14,14.54,13.42,12.76,10.61,11.21,12.76,19.29,16.28,14.34,13.9,10.81,11.8,13.03,13.9,14.4
2019-06-17,17.17,15.14,14.08,12.54,12.68,14.08,19.49,16.3,14.54,13.72,10.74,11.67,12.82,13.72,14.37
2019-06-18,20.36,18.39,16.68,15.34,15.52,16.68,19.28,16.0,14.1,13.22,10.79,11.52,12.49,13.22,14.13
2019-06-19,15.88,14.38,12.75,13.34,12.76,12.75,18.25,14.85,13.03,12.22,10.32,10.91,11.55,12.22,13.6
2019-06-20,18.91,14.94,13.81,15.41,13.77,13.81,18.23,14.63,13.05,12.38,11.18,11.28,11.85,12.38,13.58
2019-06-21,7.91,7.51,7.37,7.21,7.34,7.37,18.95,15.38,13.72,13.06,11.23,11.68,12.44,13.06,14.13
2019-06-24,18.69,15.37,13.09,11.23,11.69,13.09,20.13,16.43,14.34,13.45,10.81,11.64,12.66,13.45,13.91
2019-06-25,20.35,16.82,14.02,11.39,12.43,14.02,21.19,17.38,15.36,14.23,11.16,12.21,13.38,14.23,14.66
2019-06-26,20.21,16.76,13.91,11.15,12.2,13.91,21.12,17.26,15.21,14.09,10.91,11.94,13.17,14.09,14.54
2019-06-27,19.77,16.16,13.53,10.88,11.91,13.53,20.65,16.79,14.7,13.63,10.53,11.52,12.71,13.63,14.21
2019-06-28,18.9,15.1,12.96,10.76,11.33,12.96,19.74,16.01,13.93,13.05,10.19,11.06,12.18,13.05,13.6
2019-07-01,16.38,12.98,10.85,8.94,9.36,10.85,18.75,15.03,12.91,11.99,9.43,10.16,11.22,11.99,12.81
2019-07-02,13.9,10.8,8.92,7.62,7.88,8.92,17.47,13.81,11.95,10.85,8.5,9.12,10.06,10.85,11.96
2019-07-03,13.21,10.29,8.41,8.01,7.8,8.41,16.83,13.25,11.53,10.4,8.61,8.97,9.78,10.4,11.74
2019-07-05,13.07,10.25,8.85,7.83,8.13,8.85,17.37,13.61,11.79,10.89,8.81,9.34,10.23,10.89,12.07
2019-07-08,13.75,10.73,9.13,8.26,8.71,9.13,18.28,14.39,12.39,11.47,9.0,9.71,10.69,11.47,12.67
2019-07-09,13.62,11.11,9.35,8.31,8.78,9.35,18.45,14.57,12.61,11.59,8.86,9.72,10.77,11.59,12.78
2019-07-10,11.85,9.62,8.88,7.76,8.0,8.88,17.29,13.61,11.72,10.88,8.62,9.23,10.16,10.88,12.45
2019-07-11,11.91,9.33,8.51,7.24,7.75,8.51,17.27,13.41,11.52,10.58,8.42,8.98,9.86,10.58,12.2
2019-07-12,10.78,8.88,8.02,7.32,7.65,8.02,16.34,12.7,11.02,10.22,8.2,8.68,9.48,10.22,12.0
2019-07-15,11.83,9.74,8.79,7.65,8.37,8.79,16.79,12.73,10.95,10.19,8.2,8.69,9.54,10.19,12.19
2019-07-16,12.5,9.75,9.13,8.05,7.97,9.13,17.17,12.98,11.05,10.22,8.3,8.75,9.52,10.22,12.34
2019-07-17,14.47,11.42,10.06,9.97,10.37,10.06,18.75,14.41,12.19,11.26,8.61,9.47,10.46,11.26,13.04
2019-07-18,14.98,12.85,11.24,10.18,10.18,11.24,17.78,13.74,11.8,10.75,8.54,9.1,10.1,10.75,12.73
2019-07-19,8.23,7.91,7.63,7.03,7.33,7.63,18.84,14.79,12.6,11.68,8.85,9.71,10.71,11.68,13.32
2019-07-22,17.33,13.64,10.93,8.46,9.25,10.93,19.07,14.97,12.83,11.72,9.06,9.79,10.89,11.72,12.83
2019-07-23,15.86,12.54,10.2,8.23,8.73,10.2,18.06,14.28,12.25,11.2,8.88,9.45,10.4,11.2,12.36
2019-07-24,15.05,11.83,9.69,8.2,8.48,9.69,17.44,13.68,11.78,10.91,8.75,9.24,10.12,10.91,12.07
2019-07-25,15.69,12.57,10.33,8.18,8.86,10.33,18.1,14.32,12.34,11.35,8.92,9.57,10.53,11.35,12.57
2019-07-26,15.05,11.99,9.79,8.02,8.45,9.79,17.75,13.76,11.8,10.88,8.55,9.18,10.11,10.88,12.15
2019-07-29,15.58,12.48,10.14,8.28,8.8,10.14,18.08,13.96,11.92,11.05,8.66,9.29,10.27,11.05,12.38
2019-07-30,17.36,13.98,11.56,9.4,10.05,11.56,19.3,14.98,12.8,11.87,9.18,9.94,11.01,11.87,12.97
2019-07-31,21.34,17.03,13.58,10.12,11.46,13.58,21.24,16.83,14.34,13.27,9.89,10.96,12.28,13.27,14.12
2019-08-01,23.97,19.48,15.88,11.15,12.95,15.88,23.64,19.06,16.39,15.03,10.68,12.17,13.83,15.03,15.43
2019-08-02,22.62,18.7,15.55,10.75,12.46,15.55,23.53,19.23,16.65,15.32,10.67,12.27,13.99,15.32,15.58
2019-08-05,35.58,30.77,25.92,18.55,21.79,25.92,30.13,25.62,22.69,20.89,14.47,16.82,19.24,20.89,19.5
2019-08-06,28.07,24.18,19.99,14.5,16.6,19.99,26.39,22.14,19.34,17.58,12.2,13.95,16.02,17.58,17.4
2019-08-07,26.76,23.57,20.0,14.18,16.27,20.0,26.03,21.97,19.11,17.41,11.91,13.65,15.8,17.41,17.26
2019-08-08,22.73,18.33,14.14,11.43,12.2,14.14,23.69,19.15,16.26,14.65,10.48,11.82,13.37,14.65,15.26
2019-08-09,23.23,19.34,14.95,11.86,13.04,14.95,24.58,20.2,17.3,15.72,11.09,12.64,14.43,15.72,16.04
2019-08-12,28.94,26.69,22.7,17.31,19.38,22.7,27.67,23.46,20.55,18.73,13.04,14.93,17.13,18.73,18.1
2019-08-13,24.2,20.63,17.45,13.83,14.95,17.45,23.96,19.82,17.12,15.64,11.0,12.52,14.27,15.64,15.91
2019-08-14,37.6,34.63,30.83,22.49,24.81,30.83,27.86,24.35,21.89,20.41,14.51,16.5,18.79,20.41,19.38
2019-08-15,30.99,30.16,25.24,21.66,22.57,25.24,26.79,23.55,21.19,19.52,13.92,15.86,18.07,19.52,18.8
2019-08-16,14.29,13.44,12.05,10.94,11.49,12.05,24.02,20.65,18.25,16.8,11.84,13.38,15.34,16.8,17.25
2019-08-19,21.95,18.82,14.88,10.95,12.15,14.88,23.15,19.49,16.93,15.37,11.14,12.49,14.12,15.37,15.98
2019-08-20,22.32,19.38,15.83,11.31,12.74,15.83,23.62,20.09,17.56,16.02,11.5,12.91,14.67,16.02,16.51
2019-08-21,20.14,17.63,14.24,10.63,11.66,14.24,21.98,18.59,16.15,14.64,10.76,11.98,13.45,14.64,15.45
2019-08-22,21.38,18.6,14.77,10.78,12.02,14.77,22.98,19.41,16.8,15.23,10.87,12.3,13.98,15.23,15.84
2019-08-23,24.69,21.89,18.5,13.0,14.96,18.5,25.91,22.49,19.97,18.15,12.57,14.48,16.62,18.15,18.08
2019-08-26,24.42,21.39,17.57,12.56,14.25,17.57,25.4,21.98,19.23,17.33,12.3,13.84,15.82,17.33,17.7
2019-08-27,25.03,22.36,18.83,13.31,15.05,18.83,26.31,22.84,20.17,18.22,12.85,14.54,16.56,18.22,18.17
2019-08-28,24.33,21.22,17.33,12.8,14.17,17.33,25.49,21.86,19.09,17.3,12.42,13.81,15.76,17.3,17.48
2019-08-29,23.08,19.64,15.36,11.46,12.53,15.36,24.23,20.38,17.44,15.67,11.41,12.73,14.37,15.67,16.33
2019-08-30,24.62,20.86,16.27,11.76,13.35,16.27,25.57,21.2,18.23,16.39,11.63,13.05,14.96,16.39,16.67
2019-09-03,24.88,21.64,17.26,12.17,14.05,17.26,26.1,21.87,18.94,17.17,11.84,13.54,15.51,17.17,17.36
2019-09-04,21.61,18.51,14.54,10.79,12.1,14.54,23.7,19.72,16.8,15.09,10.72,12.13,13.81,15.09,16.01
2019-09-05,20.32,15.97,12.7,10.67,11.3,12.7,22.9,18.22,15.23,13.81,10.42,11.36,12.6,13.81,15.02
2019-09-06,17.2,13.94,11.32,9.65,10.13,11.32,21.42,17.05,14.26,12.92,9.88,10.67,11.78,12.92,14.52
2019-09-09,17.93,14.45,11.54,10.11,10.48,11.54,21.51,17.04,14.22,12.85,9.73,10.55,11.71,12.85,14.56
2019-09-10,17.63,14.4,11.62,10.21,10.55,11.62,21.14,16.88,14.16,12.8,9.68,10.48,11.67,12.8,14.46
2019-09-11,16.32,13.33,11.23,9.95,10.43,11.23,20.29,15.88,13.34,12.25,9.57,10.2,11.29,12.25,14.2
2019-09-12,16.43,13.08,11.09,9.96,10.19,11.09,19.74,15.21,12.71,11.92,9.59,10.06,11.05,11.92,13.84
2019-09-13,15.52,12.96,10.73,9.63,10.02,10.73,19.13,14.88,12.64,11.5,9.42,9.8,10.72,11.5,13.87
2019-09-16,19.29,16.59,13.99,12.21,12.84,13.99,19.83,15.78,13.31,12.36,9.76,10.34,11.44,12.36,14.45
2019-09-17,20.02,16.42,14.08,13.4,13.5,14.08,19.4,15.4,13.22,12.13,9.84,10.31,11.31,12.13,14.58
2019-09-18,20.9,15.67,13.39,14.56,14.2,13.39,18.49,14.76,12.53,11.69,9.49,9.95,10.91,11.69,14.28
2019-09-19,18.03,13.66,11.52,12.49,11.76,11.52,18.69,14.78,12.61,11.62,9.54,9.98,10.94,11.62,14.29
2019-09-20,10.59,10.0,9.13,8.18,8.54,9.13,20.43,16.57,14.3,12.84,9.51,10.49,11.8,12.84,15.15
2019-09-23,19.49,15.86,12.58,9.2,10.16,12.58,21.56,17.48,14.94,13.55,10.16,11.1,12.48,13.55,14.91
2019-09-24,21.87,18.08,14.97,10.61,12.08,14.97,23.17,19.06,16.37,15.14,11.0,12.31,13.86,15.14,16.01
2019-09-25,20.89,16.92,13.35,9.72,10.84,13.35,22.49,18.39,15.7,14.23,10.45,11.62,13.11,14.23,15.4
2019-09-26,20.71,16.79,13.8,9.94,11.17,13.8,22.5,18.43,15.76,14.4,10.48,11.65,13.09,14.4,15.54
2019-09-27,21.93,18.63,15.09,10.52,12.02,15.09,23.34,19.44,16.74,15.3,10.89,12.28,13.96,15.3,16.18
2019-09-30,20.74,17.14,13.85,9.67,11.07,13.85,22.29,18.34,15.55,14.23,10.09,11.33,12.92,14.23,15.33
2019-10-01,23.73,20.5,16.79,11.69,13.41,16.79,24.35,20.63,17.86,16.3,11.14,12.95,14.92,16.3,16.87
2019-10-02,25.66,23.02,19.9,14.29,16.35,19.9,25.91,22.77,20.17,18.72,13.02,14.98,17.16,18.72,18.62
2019-10-03,24.0,21.52,18.21,12.62,14.76,18.21,24.73,21.51,18.93,17.33,11.88,13.68,15.74,17.33,17.59
2019-10-04,20.88,18.44,15.04,10.86,12.4,15.04,22.91,19.5,16.77,15.14,10.45,12.04,13.72,15.14,15.96
2019-10-07,22.47,19.81,16.57,12.16,14.01,16.57,23.77,20.33,17.48,15.89,10.99,12.54,14.43,15.89,16.4
2019-10-08,24.19,22.21,19.72,15.01,16.76,19.72,26.04,22.65,20.01,18.34,12.45,14.53,16.7,18.34,18.08
2019-10-09,22.59,20.52,17.66,13.38,15.33,17.66,24.13,20.85,18.35,16.76,11.56,13.29,15.28,16.76,17.02
2019-10-10,21.28,19.49,17.37,13.6,15.21,17.37,22.81,19.64,17.17,15.68,10.98,12.53,14.38,15.68,16.35
2019-10-11,19.32,16.96,13.91,11.73,12.23,13.91,20.08,17.22,15.11,13.92,10.09,11.3,12.78,13.92,15.11
2019-10-14,17.99,15.29,13.29,10.56,11.08,13.29,18.92,16.29,14.14,13.01,9.55,10.61,11.82,13.01,14.66
2019-10-15,16.42,13.44,10.99,11.88,10.86,10.99,17.71,14.78,12.76,11.6,9.11,9.84,10.8,11.6,13.87
2019-10-16,15.06,12.17,9.92,10.15,10.32,9.92,17.68,14.81,12.97,11.76,9.13,9.96,10.91,11.76,13.9
2019-10-17,15.06,12.13,10.64,10.52,10.17,10.64,17.75,14.7,12.81,11.73,9.13,10.02,10.97,11.73,13.83
2019-10-18,8.06,7.74,7.47,7.19,7.27,7.47,18.03,15.08,13.23,11.99,9.23,10.06,11.14,11.99,14.09
2019-10-21,17.2,14.05,11.4,9.12,9.87,11.4,19.73,16.23,13.82,12.75,10.13,10.77,11.74,12.75,13.57
2019-10-22,17.76,14.6,11.7,9.46,10.08,11.7,20.09,16.53,14.23,12.99,10.24,10.88,11.95,12.99,13.85
2019-10-23,16.95,13.89,11.3,8.91,9.77,11.3,19.8,16.18,13.78,12.71,10.04,10.74,11.7,12.71,13.59
2019-10-24,16.55,13.49,10.95,8.7,9.34,10.95,19.65,15.98,13.66,12.59,9.99,10.63,11.58,12.59,13.57
2019-10-25,14.96,12.12,9.69,8.42,8.77,9.69,18.72,15.09,12.78,11.77,9.7,10.11,10.93,11.77,12.94
2019-10-28,15.39,12.5,10.31,9.29,9.46,10.31,19.25,15.2,12.88,11.88,10.06,10.36,11.14,11.88,12.99
2019-10-29,15.74,12.49,10.19,8.81,9.35,10.19,19.51,15.36,12.98,12.02,9.88,10.3,11.22,12.02,13.13
2019-10-30,14.46,11.61,9.54,8.29,8.71,9.54,18.64,14.73,12.53,11.55,9.36,9.85,10.71,11.55,12.82
2019-10-31,15.68,12.47,9.88,8.76,9.03,9.88,19.37,15.21,12.86,11.84,9.4,9.96,10.96,11.84,13.1
2019-11-01,13.45,10.53,8.8,8.64,8.57,8.8,18.1,14.17,12.13,11.15,9.38,9.63,10.44,11.15,12.52
2019-11-04,13.53,11.11,9.46,8.85,8.71,9.46,18.5,14.26,12.13,11.16,9.55,9.8,10.47,11.16,12.65
2019-11-05,13.58,11.05,9.46,8.57,8.76,9.46,18.77,14.6,12.39,11.41,9.68,9.99,10.75,11.41,12.85
2019-11-06,11.95,9.59,8.53,7.67,7.69,8.53,18.42,14.4,12.17,11.24,9.38,9.77,10.55,11.24,12.86
2019-11-07,12.12,9.69,8.7,7.81,8.2,8.7,18.38,14.35,12.27,11.24,9.38,9.79,10.54,11.24,12.91
2019-11-08,10.0,8.41,7.73,6.84,7.41,7.73,17.51,13.81,11.83,10.93,9.21,9.56,10.26,10.93,12.77
2019-11-11,11.6,9.94,9.23,8.12,8.54,9.23,17.68,14.24,12.19,11.21,9.26,9.69,10.49,11.21,12.93
2019-11-12,10.78,9.96,8.84,8.17,8.66,8.84,17.56,14.07,12.01,11.16,9.18,9.61,10.47,11.16,12.84
2019-11-13,11.29,10.79,8.26,7.82,8.15,8.26,18.02,14.27,12.13,11.2,8.97,9.48,10.41,11.2,12.96
2019-11-14,13.12,10.86,8.9,8.53,8.52,8.9,17.86,14.03,12.1,11.09,8.83,9.34,10.33,11.09,12.88
2019-11-15,5.72,5.5,5.42,5.09,5.24,5.42,16.58,12.93,11.08,10.21,8.36,8.69,9.53,10.21,12.31
2019-11-18,16.88,13.21,10.29,8.39,8.82,10.29,18.73,14.65,12.4,11.24,9.05,9.48,10.42,11.24,12.42
2019-11-19,17.37,13.58,10.46,8.43,8.88,10.46,19.32,15.07,12.7,11.46,9.13,9.62,10.57,11.46,12.66
2019-11-20,17.64,13.71,10.67,8.21,8.7,10.67,19.44,15.4,12.95,11.64,8.9,9.53,10.59,11.64,12.84
2019-11-21,17.71,14.05,11.0,8.45,8.96,11.0,19.52,15.64,13.19,11.9,8.99,9.73,10.83,11.9,13.11
2019-11-22,16.84,13.51,10.27,7.89,8.3,10.27,18.93,15.17,12.82,11.43,8.66,9.35,10.45,11.43,12.83
2019-11-25,15.65,12.25,9.64,7.76,8.07,9.64,17.9,14.22,11.99,10.83,8.48,9.02,9.96,10.83,12.34
2019-11-26,15.53,11.98,9.06,7.63,7.79,9.06,17.72,13.96,11.67,10.49,8.35,8.77,9.68,10.49,12.14
2019-11-27,15.39,11.72,9.26,8.15,8.28,9.26,17.74,13.98,11.67,10.54,8.57,8.94,9.76,10.54,12.21
2019-11-29,17.39,13.41,9.77,8.11,8.47,9.77,18.78,14.87,12.48,10.98,8.62,9.17,10.14,10.98,12.88
2019-12-02,20.93,16.43,12.9,9.48,10.63,12.9,20.89,17.1,14.54,12.96,9.43,10.47,11.82,12.96,14.15
2019-12-03,22.21,18.11,14.41,10.56,11.69,14.41,22.13,18.29,15.78,14.37,10.24,11.44,13.01,14.37,15.17
2019-12-04,20.15,16.68,13.24,9.87,10.92,13.24,20.93,17.28,14.79,13.44,9.66,10.74,12.27,13.44,14.54
2019-12-05,19.4,15.93,12.74,9.54,10.64,12.74,20.43,16.79,14.36,13.09,9.49,10.56,11.93,13.09,14.38
2019-12-06,17.75,14.43,11.06,8.83,9.33,11.06,19.54,15.59,13.14,11.88,8.8,9.67,10.88,11.88,13.6
2019-12-09,22.5,17.46,13.32,10.14,11.08,13.32,21.96,17.29,14.56,13.04,9.52,10.55,11.82,13.04,14.44
2019-12-10,21.24,17.04,13.05,9.72,10.85,13.05,21.45,16.98,14.34,13.09,9.38,10.47,11.83,13.09,14.4
2019-12-11,20.13,15.74,12.21,9.31,10.23,12.21,20.56,16.22,13.62,12.5,9.14,10.15,11.42,12.5,14.09
2019-12-12,19.19,14.78,11.84,10.09,10.31,11.84,19.02,14.99,12.66,11.2,8.61,9.18,10.22,11.2,13.18
2019-12-13,16.81,11.7,9.03,8.15,7.94,9.03,17.08,13.0,10.91,10.1,7.9,8.29,9.18,10.1,12.52
2019-12-16,14.14,10.12,8.86,10.48,9.48,8.86,16.22,11.85,9.85,9.32,8.28,8.15,8.71,9.32,12.13
2019-12-17,12.34,9.3,8.4,9.6,8.83,8.4,16.51,12.09,10.09,9.37,8.27,8.17,8.73,9.37,12.2
2019-12-18,11.34,8.66,8.29,9.55,8.45,8.29,16.68,12.17,10.05,9.72,8.29,8.44,9.07,9.72,12.38
2019-12-19,10.86,8.93,8.13,10.28,9.19,8.13,16.33,11.83,9.88,9.24,7.94,8.13,8.67,9.24,12.17
2019-12-20,4.65,4.53,4.46,4.59,4.47,4.46,16.65,11.96,9.84,9.27,7.79,8.05,8.61,9.27,12.32
2019-12-23,17.05,12.16,9.2,7.68,8.0,9.2,19.11,14.42,11.99,10.78,8.91,9.22,10.05,10.78,12.41
2019-12-24,17.05,12.37,9.28,7.62,7.95,9.28,19.01,14.47,12.06,10.84,8.85,9.22,10.08,10.84,12.53
2019-12-26,16.49,11.89,9.4,7.81,8.13,9.4,18.75,14.29,11.95,10.9,9.03,9.35,10.13,10.9,12.55
2019-12-27,17.29,12.88,10.06,8.09,8.65,10.06,19.26,14.92,12.55,11.36,9.02,9.55,10.47,11.36,12.92
2019-12-30,18.97,14.6,11.65,9.12,9.81,11.65,20.48,16.29,13.69,12.36,9.49,10.21,11.35,12.36,13.71
2019-12-31,17.68,13.07,10.48,8.46,8.95,10.48,19.27,15.14,12.74,11.47,8.88,9.5,10.57,11.47,12.96
2020-01-02,14.8,11.15,9.14,7.71,8.03,9.14,17.98,14.1,11.73,10.67,8.4,8.86,9.81,10.67,12.38
2020-01-03,17.59,13.99,10.98,8.28,9.07,10.98,19.73,15.7,13.26,11.81,8.51,9.48,10.76,11.81,13.33
2020-01-06,16.07,12.85,10.66,8.13,8.95,10.66,19.26,15.39,12.93,11.68,8.53,9.44,10.64,11.68,13.24
2020-01-07,15.73,13.06,10.48,8.27,9.15,10.48,19.15,15.33,12.96,11.67,8.39,9.37,10.62,11.67,13.16
2020-01-08,15.46,12.05,10.23,8.29,8.83,10.23,18.61,14.66,12.23,11.02,8.28,9.07,10.12,11.02,12.64
2020-01-09,14.11,10.48,8.92,7.59,8.07,8.92,17.6,13.62,11.38,10.37,7.96,8.65,9.56,10.37,12.15
2020-01-10,12.76,10.33,8.87,7.95,8.08,8.87,17.66,13.85,11.62,10.6,8.05,8.75,9.77,10.6,12.25
2020-01-13,12.73,10.64,9.18,8.28,9.01,9.18,16.92,13.26,11.24,10.23,7.86,8.49,9.38,10.23,11.95
2020-01-14,13.93,11.56,10.01,9.17,9.38,10.01,16.73,13.23,11.27,10.3,7.89,8.55,9.46,10.3,11.97
2020-01-15,13.03,10.62,8.99,9.25,9.6,8.99,16.56,12.9,10.98,10.17,8.06,8.62,9.41,10.17,11.93
2020-01-16,13.5,10.37,8.81,9.13,8.85,8.81,16.56,12.71,10.68,9.8,8.15,8.68,9.33,9.8,11.7
2020-01-17,4.42,4.22,4.29,4.89,4.96,4.29,16.15,12.31,10.54,9.68,7.9,8.45,9.16,9.68,11.62
2020-01-21,17.17,13.47,10.57,8.22,8.94,10.57,18.73,14.91,12.63,11.6,8.98,9.74,10.73,11.6,12.11
2020-01-22,17.34,13.64,10.72,8.17,8.96,10.72,18.89,15.04,12.75,11.71,8.94,9.75,10.8,11.71,12.22
2020-01-23,17.49,13.69,10.59,7.97,8.86,10.59,18.94,15.09,12.76,11.68,8.81,9.62,10.77,11.68,12.21
2020-01-24,19.17,15.74,12.45,8.64,10.03,12.45,20.5,16.7,14.29,12.98,9.26,10.45,11.86,12.98,13.3
2020-01-27,23.53,19.98,15.97,10.84,12.7,15.97,24.07,19.84,17.17,15.61,10.74,12.32,14.21,15.61,15.25
2020-01-28,21.15,17.62,14.29,10.11,11.38,14.29,22.25,18.13,15.58,14.19,10.24,11.52,13.03,14.19,14.19
2020-01-29,21.26,17.68,14.24,10.21,11.58,14.24,22.1,18.15,15.7,14.26,10.29,11.64,13.13,14.26,14.21
2020-01-30,19.48,16.41,13.23,9.59,10.67,13.23,21.12,17.19,14.76,13.55,9.81,10.97,12.4,13.55,13.7
2020-01-31,23.19,20.08,16.56,11.33,13.28,16.56,24.2,19.97,17.45,15.93,10.97,12.66,14.47,15.93,15.4
2020-02-03,21.94,19.24,15.75,11.19,12.97,15.75,23.69,19.48,16.93,15.39,10.81,12.3,14.08,15.39,14.99
2020-02-04,19.16,15.94,12.99,10.23,11.09,12.99,21.23,17.15,14.85,13.45,10.21,11.19,12.42,13.45,13.55
2020-02-05,17.29,14.11,11.59,9.05,9.79,11.59,20.18,16.0,13.67,12.48,9.58,10.43,11.56,12.48,12.89
2020-02-06,17.09,13.53,10.71,8.43,9.14,10.71,19.98,15.65,13.25,12.12,9.21,10.05,11.23,12.12,12.57
2020-02-07,18.23,14.66,11.69,9.17,10.01,11.69,20.76,16.46,13.99,12.74,9.45,10.55,11.8,12.74,13.16
2020-02-10,17.06,13.44,10.78,8.41,9.47,10.78,20.24,15.92,13.48,12.2,9.04,10.03,11.26,12.2,12.81
2020-02-11,16.89,13.53,10.96,8.93,9.81,10.96,20.35,15.84,13.4,12.22,9.26,10.17,11.31,12.22,12.85
2020-02-12,13.67,11.22,9.19,8.23,8.32,9.19,18.49,14.22,12.02,11.1,8.89,9.44,10.23,11.1,12.19
2020-02-13,15.19,12.03,9.61,8.41,8.62,9.61,19.16,14.85,12.57,11.4,9.11,9.7,10.64,11.4,12.52
2020-02-14,13.23,10.41,8.76,7.44,7.84,8.76,18.32,14.34,12.13,11.07,8.83,9.41,10.38,11.07,12.33
2020-02-18,16.35,13.08,10.87,9.19,9.67,10.87,19.53,15.32,12.98,11.81,9.02,9.81,10.87,11.81,12.76
2020-02-19,13.07,10.43,9.58,8.54,8.73,9.58,18.81,14.56,12.38,11.24,8.92,9.53,10.55,11.24,12.45
2020-02-20,18.04,15.21,13.43,11.05,11.84,13.43,20.46,16.15,13.57,12.38,9.36,10.23,11.46,12.38,13.11
2020-02-21,10.98,10.47,9.39,8.48,8.89,9.39,22.57,18.25,15.69,14.17,9.68,11.24,12.89,14.17,14.12
2020-02-24,34.27,27.66,22.11,14.64,17.42,22.11,30.5,24.78,21.3,19.4,13.07,15.21,17.63,19.4,18.37
2020-02-25,35.64,29.66,24.89,17.89,20.67,24.89,32.08,26.8,23.67,21.89,15.25,17.62,20.13,21.89,20.46
2020-02-26,34.82,29.71,25.04,18.83,21.18,25.04,31.44,26.71,23.88,21.95,15.77,17.89,20.36,21.95,20.48
2020-02-27,52.44,44.7,37.73,26.6,30.82,37.73,41.98,36.52,32.69,30.38,21.13,24.74,28.13,30.38,27.08
2020-02-28,56.36,49.64,39.73,26.47,31.04,39.73,45.22,39.11,34.56,31.6,20.82,24.41,28.53,31.6,27.04
2020-03-02,47.04,38.55,29.8,20.46,23.77,29.8,40.11,33.53,28.73,26.03,17.61,20.32,23.64,26.03,23.73
2020-03-03,53.45,45.23,35.9,24.15,28.23,35.9,44.25,37.59,32.62,29.54,19.64,22.97,26.66,29.54,26.47
2020-03-04,45.64,36.66,28.43,20.23,23.06,28.43,40.15,33.08,28.13,24.71,18.36,20.04,22.73,24.71,23.02
2020-03-05,58.75,48.67,38.84,26.07,30.2,38.84,48.66,41.07,35.59,32.49,21.75,25.43,29.39,32.49,28.82
2020-03-06,60.78,51.62,40.58,26.84,31.5,40.58,51.23,44.19,38.51,34.93,23.06,26.88,31.62,34.93,31.75
2020-03-09,82.93,71.96,60.42,43.47,49.87,60.42,62.68,55.35,50.18,45.53,32.32,37.51,42.76,45.53,40.42
2020-03-10,69.97,61.96,50.64,35.54,41.68,50.64,57.17,49.95,44.4,40.63,27.17,31.82,37.2,40.63,36.53
2020-03-11,80.73,74.07,64.15,45.53,52.06,64.15,62.8,55.18,50.1,47.27,31.76,37.67,43.82,47.27,41.24
2020-03-12,128.14,112.64,102.61,68.19,84.04,102.61,85.33,76.94,69.76,67.33,43.6,53.95,62.58,67.33,53.96
2020-03-13,94.34,81.73,65.61,42.67,52.67,65.61,69.49,61.3,54.79,50.17,30.49,37.4,45.21,50.17,43.52
2020-03-16,168.2,146.99,122.18,84.11,98.11,122.18,97.65,87.77,80.48,76.32,48.76,60.98,70.4,76.32,63.26
2020-03-17,139.43,116.74,95.18,76.54,83.44,95.18,91.38,80.47,71.77,67.2,45.11,53.59,61.73,67.2,57.56
2020-03-18,147.36,125.17,107.01,86.18,89.59,107.01,94.51,84.9,76.04,71.24,47.06,56.77,65.67,71.24,62.69
2020-03-19,117.64,111.29,103.43,103.74,97.8,103.43,89.22,78.79,70.46,65.7,46.18,53.36,60.63,65.7,56.59
2020-03-20,84.35,81.41,80.12,78.3,80.05,80.12,81.86,70.16,62.73,58.68,44.24,48.83,54.6,58.68,51.78
2020-03-23,72.2,66.36,58.91,48.11,50.97,58.91,71.07,61.03,54.26,50.51,39.51,42.49,46.95,50.51,44.86
2020-03-24,74.92,65.84,57.27,50.13,52.02,57.27,68.07,57.49,51.27,47.88,40.98,42.54,45.4,47.88,40.89
2020-03-25,80.36,70.9,60.97,47.9,52.62,60.97,72.17,61.67,54.58,51.34,39.17,43.47,48.13,51.34,44.06
2020-03-26,82.59,68.87,56.11,41.29,46.53,56.11,70.99,58.82,51.2,47.23,34.25,38.86,43.73,47.23,40.08
2020-03-27,86.22,73.43,60.74,43.62,49.45,60.74,77.13,65.01,56.66,51.78,35.69,41.57,47.79,51.78,44.38
2020-03-30,75.15,62.59,50.98,37.79,42.54,50.98,70.57,58.4,50.26,46.34,32.43,37.2,42.33,46.34,40.71
2020-03-31,71.9,59.3,47.29,33.55,38.35,47.29,65.84,54.73,47.54,43.41,29.52,34.36,39.67,43.41,38.82
2020-04-01,72.26,63.88,53.33,39.03,44.63,53.33,68.37,60.02,53.49,49.39,33.58,39.24,45.24,49.39,44.23
2020-04-02,65.44,56.98,47.02,34.2,38.31,47.02,62.8,54.63,47.75,44.24,29.96,35.05,40.26,44.24,40.63
2020-04-03,58.82,50.87,42.48,31.64,35.38,42.48,57.62,50.43,44.51,41.21,29.0,33.22,37.74,41.21,38.69
2020-04-06,59.97,49.74,41.39,33.46,34.93,41.39,57.99,48.11,41.5,37.77,27.23,30.86,34.69,37.77,35.15
2020-04-07,59.56,50.47,42.57,36.77,38.84,42.57,58.81,49.78,43.42,39.62,28.41,32.19,36.62,39.62,36.19
2020-04-08,52.58,45.64,38.14,30.95,33.44,38.14,55.34,46.55,40.19,36.87,26.78,30.2,34.08,36.87,34.88
2020-04-09,47.38,42.4,37.48,30.94,32.89,37.48,53.1,44.78,39.01,35.93,26.29,29.5,33.33,35.93,34.12
2020-04-13,48.47,44.32,40.89,36.47,36.67,40.89,52.04,44.78,39.42,36.6,26.87,30.29,33.74,36.6,34.22
2020-04-14,45.18,42.34,36.13,32.43,33.83,36.13,47.89,40.4,35.27,32.8,25.2,27.72,30.48,32.8,31.18
2020-04-15,44.3,44.17,40.58,36.53,36.45,40.58,51.7,43.82,38.43,35.55,26.22,29.51,33.16,35.55,33.77
2020-04-16,44.51,41.63,38.87,37.56,37.63,38.87,50.63,43.3,37.91,35.27,25.55,28.75,32.28,35.27,33.83
2020-04-17,27.1,26.36,25.99,24.74,25.36,25.99,48.22,40.78,35.44,32.38,24.14,26.86,30.26,32.38,31.91
2020-04-20,55.54,47.17,37.92,26.94,30.81,37.92,53.59,45.58,39.5,35.86,24.59,28.65,32.74,35.86,35.61
2020-04-21,55.41,48.74,40.9,29.53,33.42,40.9,55.09,47.79,41.98,38.43,26.4,30.71,35.23,38.43,38.26
2020-04-22,52.22,44.95,36.67,26.47,30.27,36.67,52.26,44.82,38.85,35.31,24.12,28.05,32.37,35.31,35.51
2020-04-23,51.37,43.86,35.77,26.18,29.86,35.77,51.72,44.41,38.48,35.19,24.17,28.07,32.15,35.19,35.49
2020-04-24,43.88,37.31,30.53,23.41,25.34,30.53,47.15,39.86,34.47,31.53,22.76,25.61,28.95,31.53,32.47
2020-04-27,41.96,34.78,27.67,21.91,23.55,27.67,44.2,36.71,31.56,29.01,21.3,23.74,26.6,29.01,29.87
2020-04-28,42.78,35.4,28.07,21.78,23.56,28.07,44.62,37.05,31.67,28.86,20.71,23.37,26.44,28.86,29.79
2020-04-29,39.56,32.18,25.56,21.05,21.95,25.56,41.99,34.21,29.03,26.52,19.77,21.81,24.35,26.52,27.56
2020-04-30,44.55,36.91,29.06,22.8,24.32,29.06,44.98,37.1,31.67,28.83,20.78,23.27,26.44,28.83,29.1
2020-05-01,45.73,39.82,32.99,23.38,26.93,32.99,47.31,40.38,35.29,32.08,21.96,25.34,29.12,32.08,32.15
2020-05-04,43.56,37.84,31.84,23.84,26.42,31.84,45.58,38.81,33.89,31.1,21.97,24.96,28.38,31.1,31.2
2020-05-05,41.38,36.21,29.08,22.35,25.02,29.08,43.41,36.93,32.06,29.46,21.03,23.67,26.92,29.46,29.98
2020-05-06,41.63,36.43,30.58,23.09,25.98,30.58,43.85,37.47,32.99,29.97,21.44,24.26,27.44,29.97,30.3
2020-05-07,36.6,31.17,25.75,20.47,22.48,25.75,41.35,35.08,30.54,27.69,20.13,22.47,25.54,27.69,28.88
2020-05-08,28.84,24.35,21.46,17.87,18.79,21.46,37.55,30.88,26.55,24.33,18.58,20.15,22.42,24.33,26.16
2020-05-11,30.58,25.47,22.44,22.03,21.47,22.44,36.76,30.14,25.91,23.58,18.0,19.69,21.73,23.58,25.21
2020-05-12,38.65,33.63,29.54,28.06,28.72,29.54,42.62,35.41,30.43,27.94,20.39,22.9,25.66,27.94,28.16
2020-05-13,38.99,39.7,35.4,27.43,30.8,35.4,45.09,37.8,33.42,30.81,21.46,24.81,28.18,30.81,30.39
2020-05-14,36.32,33.28,30.26,27.29,28.36,30.26,41.8,35.18,30.42,27.83,19.92,22.48,25.5,27.83,28.48
2020-05-15,20.98,20.09,19.04,19.38,20.26,19.04,40.98,34.54,29.9,27.35,19.63,22.08,25.16,27.35,28.15
2020-05-18,38.11,31.02,24.3,19.22,20.48,24.3,39.73,31.8,26.96,24.61,18.63,20.26,22.65,24.61,25.27
2020-05-19,39.96,32.65,25.61,19.72,21.56,25.61,41.04,33.29,28.31,25.76,18.98,20.96,23.6,25.76,26.25
2020-05-20,36.12,29.43,23.74,18.79,20.11,23.74,38.05,30.69,26.28,23.97,18.28,19.9,22.13,23.97,24.83
2020-05-21,37.17,31.09,25.02,19.38,21.18,25.02,39.22,32.17,27.74,25.51,18.96,20.84,23.51,25.51,26.07
2020-05-22,35.12,29.51,23.88,18.64,20.12,23.88,38.01,31.29,27.03,24.82,18.53,20.36,22.89,24.82,25.61
2020-05-26,35.49,28.7,22.8,18.26,19.41,22.8,37.64,30.52,26.06,23.51,17.83,19.51,21.7,23.51,24.63
2020-05-27,35.14,28.11,22.33,17.65,18.93,22.33,36.95,29.57,25.27,22.86,17.37,18.9,21.1,22.86,23.64
2020-05-28,36.18,28.82,22.86,18.0,19.39,22.86,38.1,30.34,25.73,23.31,17.69,19.27,21.47,23.31,24.45
2020-05-29,34.52,27.45,22.35,17.6,18.97,22.35,36.45,29.25,24.9,22.65,17.51,18.84,20.85,22.65,23.52
2020-06-01,34.85,28.39,23.37,18.32,19.82,23.37,37.01,30.03,25.61,23.53,17.9,19.48,21.58,23.53,24.13
2020-06-02,32.61,26.48,21.42,17.26,18.57,21.42,35.38,28.49,24.28,22.25,17.38,18.66,20.63,22.25,23.3
2020-06-03,29.91,24.87,20.41,17.63,18.23,20.41,33.61,27.11,23.27,21.39,17.49,18.49,20.05,21.39,22.67
2020-06-04,29.96,24.82,21.03,17.24,18.18,21.03,33.56,27.18,23.53,21.59,17.33,18.42,20.09,21.59,22.85
2020-06-05,26.99,22.65,19.33,18.95,18.31,19.33,31.79,25.17,21.75,20.03,17.03,17.49,18.89,20.03,21.04
2020-06-08,29.34,24.68,21.29,20.73,20.28,21.29,33.1,26.35,22.65,21.07,17.93,18.4,19.83,21.07,21.6
2020-06-09,31.96,27.45,23.35,21.48,21.6,23.35,35.6,28.47,24.74,22.93,18.86,19.77,21.47,22.93,23.19
2020-06-10,31.93,27.6,23.8,21.95,21.93,23.8,35.81,28.79,24.71,22.86,18.57,19.43,21.18,22.86,23.28
2020-06-11,52.61,43.54,37.73,30.98,32.9,37.73,50.98,41.49,35.86,33.34,24.15,27.27,30.65,33.34,32.2
2020-06-12,42.76,38.58,33.0,27.84,29.74,33.0,45.68,37.68,32.42,29.75,22.34,24.52,27.37,29.75,29.56
2020-06-15,42.79,38.08,34.49,31.02,32.36,34.49,43.29,35.48,30.94,28.58,22.61,24.03,26.52,28.58,28.36
2020-06-16,42.49,39.66,34.97,32.71,33.46,34.97,42.25,34.66,29.99,28.02,22.34,23.71,26.12,28.02,27.43
2020-06-17,34.8,33.06,29.56,28.0,27.2,29.56,42.04,34.38,29.67,27.97,21.88,23.48,26.0,27.97,27.55
2020-06-18,36.6,31.55,27.26,27.91,26.33,27.26,40.95,33.99,29.35,27.25,21.48,22.77,25.23,27.25,27.57
2020-06-19,22.29,20.86,21.33,23.64,24.75,21.33,42.78,35.68,30.98,28.19,21.55,23.86,26.99,28.19,28.56
2020-06-22,39.37,32.45,25.99,20.09,21.79,25.99,41.54,33.58,28.7,26.26,20.12,21.55,24.1,26.26,26.66
2020-06-23,38.88,32.03,25.57,19.8,21.2,25.57,41.18,33.33,28.52,25.83,19.75,21.24,23.6,25.83,26.4
2020-06-24,40.93,35.25,29.29,21.43,23.91,29.29,43.38,35.9,30.92,28.24,20.95,22.88,25.94,28.24,28.68
2020-06-25,38.66,32.46,26.67,20.5,22.27,26.67,40.96,33.73,29.05,26.77,20.3,21.72,24.52,26.77,27.11
2020-06-26,41.5,35.3,29.98,21.62,24.37,29.98,43.25,36.01,31.34,28.98,21.14,23.27,26.58,28.98,28.97
2020-06-29,37.92,31.98,26.14,20.3,21.9,26.14,40.18,33.31,28.86,26.35,19.71,21.35,24.12,26.35,27.0
2020-06-30,36.02,29.94,24.03,19.94,20.76,24.03,38.04,31.47,27.23,24.8,19.25,20.4,22.73,24.8,25.39
2020-07-01,32.86,27.66,22.4,18.75,19.43,22.4,36.54,30.23,25.93,23.67,18.93,19.69,21.93,23.67,24.64
2020-07-02,31.34,25.23,21.05,17.21,17.92,21.05,35.85,29.2,24.94,22.88,18.21,18.99,21.03,22.88,24.11
2020-07-06,31.99,25.74,21.35,19.11,19.02,21.35,36.06,29.13,24.81,22.77,18.79,19.38,21.05,22.77,23.84
2020-07-07,34.12,28.08,22.82,19.48,19.96,22.82,37.67,30.69,26.32,24.08,18.85,19.97,22.14,24.08,25.01
2020-07-08,29.96,24.71,20.41,17.62,18.56,20.41,36.07,29.37,25.13,23.13,18.15,19.26,21.35,23.13,24.27
2020-07-09,31.05,26.41,21.84,18.26,19.27,21.84,37.22,30.6,26.34,24.16,18.3,19.69,22.08,24.16,25.19
2020-07-10,25.41,22.13,19.21,17.04,17.43,19.21,35.49,28.89,24.7,22.61,17.87,18.86,20.88,22.61,24.1
2020-07-13,37.05,31.4,27.38,24.08,25.61,27.38,40.74,33.24,28.59,26.15,19.96,21.52,24.03,26.15,27.01
2020-07-14,32.82,29.9,24.88,23.53,23.98,24.88,37.25,30.19,25.91,23.77,18.61,19.84,22.09,23.77,25.01
2020-07-15,29.69,26.4,22.13,21.13,20.52,22.13,35.27,28.81,24.61,22.74,18.61,19.23,20.98,22.74,24.36
2020-07-16,31.62,28.24,24.89,22.16,22.09,24.89,35.13,28.67,24.59,22.66,18.28,19.11,20.95,22.66,24.36
2020-07-17,13.68,13.06,13.9,13.42,13.78,13.9,32.06,26.09,22.47,21.03,17.58,17.95,19.52,21.03,23.29
2020-07-20,30.89,24.76,19.71,16.8,17.15,19.71,33.59,26.71,22.58,20.68,17.19,17.51,19.1,20.68,22.0
2020-07-21,31.54,25.43,20.29,16.77,17.41,20.29,34.12,27.12,22.89,20.82,16.89,17.53,19.22,20.82,22.23
2020-07-22,30.72,24.52,19.19,15.91,16.47,19.19,33.48,26.39,22.25,20.21,16.37,16.98,18.71,20.21,21.81
2020-07-23,32.77,26.39,20.85,16.17,17.41,20.85,35.21,28.02,23.75,21.54,16.5,17.71,19.7,21.54,22.87
2020-07-24,31.55,25.83,20.88,16.22,17.48,20.88,34.69,28.07,23.82,21.78,16.69,17.91,20.06,21.78,23.25
2020-07-27,30.5,24.72,19.42,15.5,16.4,19.42,33.74,26.88,22.73,20.78,16.17,17.22,19.06,20.78,22.59
2020-07-28,31.0,25.37,20.37,15.69,16.85,20.37,33.83,27.4,23.42,21.13,16.19,17.4,19.44,21.13,23.11
2020-07-29,28.81,23.51,18.64,15.29,16.09,18.64,32.53,26.03,22.04,20.16,15.89,16.82,18.65,20.16,22.22
2020-07-30,29.21,24.2,19.34,15.71,16.64,19.34,32.92,26.77,22.77,20.81,16.2,17.37,19.29,20.81,22.86
2020-07-31,28.6,23.32,18.81,14.79,15.98,18.81,32.65,26.52,22.54,20.51,15.78,17.05,18.96,20.51,22.83
2020-08-03,27.97,22.95,18.52,15.1,15.98,18.52,32.34,25.87,22.0,20.18,15.71,16.76,18.53,20.18,22.69
2020-08-04,26.86,21.98,18.13,14.81,15.64,18.13,31.56,25.26,21.37,19.59,15.5,16.49,18.18,19.59,22.22
2020-08-05,25.82,20.47,16.62,14.15,14.66,16.62,30.72,24.29,20.52,18.77,15.25,15.96,17.36,18.77,21.74
2020-08-06,25.61,19.55,15.97,14.18,14.41,15.97,30.61,23.65,19.89,18.16,15.2,15.6,16.9,18.16,21.45
2020-08-07,24.52,19.17,15.53,13.76,14.1,15.53,30.39,23.53,19.9,18.1,14.92,15.5,16.85,18.1,21.55
2020-08-10,24.33,19.09,15.64,13.78,14.1,15.64,30.14,23.24,19.51,17.96,14.78,15.3,16.73,17.96,21.69
2020-08-11,28.39,22.43,18.06,15.13,15.88,18.06,32.45,25.29,21.22,19.48,15.22,16.27,18.04,19.48,23.42
2020-08-12,23.89,18.53,15.44,14.03,14.08,15.44,30.38,23.27,19.42,17.78,14.76,15.34,16.66,17.78,22.2
2020-08-13,22.43,17.97,14.52,12.96,13.29,14.52,30.2,23.08,19.38,17.91,14.73,15.33,16.7,17.91,22.21
2020-08-14,19.91,16.48,13.85,12.12,12.58,13.85,30.0,23.08,19.36,17.84,14.17,15.15,16.5,17.84,22.39
2020-08-17,18.56,15.47,13.06,12.75,12.86,13.06,28.68,22.06,18.39,16.87,14.06,14.57,15.88,16.87,21.66
2020-08-18,18.69,15.44,13.23,12.98,12.53,13.23,28.63,21.92,18.41,16.89,14.08,14.52,15.8,16.89,21.41
2020-08-19,22.63,16.39,13.58,13.54,12.68,13.58,29.71,22.62,18.84,17.28,13.98,14.69,16.09,17.28,21.8
2020-08-20,20.5,15.84,13.02,11.89,12.15,13.02,29.65,22.48,18.71,16.95,13.76,14.43,15.81,16.95,21.72
2020-08-21,9.04,8.42,8.03,7.52,7.7,8.03,29.19,21.75,17.96,16.56,13.42,14.05,15.44,16.56,21.44
2020-08-24,28.3,21.01,16.11,13.28,13.82,16.11,32.13,24.04,19.9,18.07,14.72,15.18,16.66,18.07,21.38
2020-08-25,27.49,20.55,16.04,13.48,13.89,16.04,31.46,23.65,19.66,17.86,14.71,15.15,16.5,17.86,21.35
2020-08-26,28.77,21.71,17.16,14.62,14.94,17.16,32.23,24.31,20.31,18.52,15.29,15.76,17.22,18.52,21.83
2020-08-27,29.43,22.19,17.74,15.62,15.52,17.74,33.4,25.17,20.98,19.04,15.97,16.25,17.72,19.04,22.3
2020-08-28,26.43,20.12,16.35,15.21,15.14,16.35,31.84,23.67,19.83,18.18,15.89,15.92,17.0,18.18,21.99
2020-08-31,31.68,23.57,18.61,16.4,16.68,18.61,35.59,26.36,21.93,20.07,17.07,17.44,18.69,20.07,23.88
2020-09-01,29.98,22.77,18.05,15.83,16.26,18.05,35.52,26.25,21.74,20.06,17.11,17.62,18.8,20.06,24.02
2020-09-02,29.21,22.36,18.74,18.25,17.63,18.74,34.78,25.81,21.92,20.43,19.11,18.76,19.43,20.43,24.89
2020-09-03,40.16,30.85,24.5,19.94,20.92,24.5,42.2,32.16,26.89,24.44,19.86,20.7,22.76,24.44,27.74
2020-09-04,39.68,30.85,24.9,19.49,21.49,24.9,39.3,30.37,25.74,23.68,18.91,19.9,21.84,23.68,26.91
2020-09-08,40.63,33.52,28.73,23.84,25.56,28.73,39.21,31.25,27.0,24.82,19.7,20.95,23.14,24.82,27.2
2020-09-09,35.57,29.87,25.7,21.77,22.83,25.7,35.81,28.84,25.1,22.69,19.16,19.64,21.15,22.69,25.54
2020-09-10,37.15,31.77,27.35,22.92,24.77,27.35,36.4,29.75,25.95,23.96,19.86,20.85,22.45,23.96,26.63
2020-09-11,30.61,27.67,24.89,20.92,22.83,24.89,33.42,27.71,24.42,22.96,18.56,19.53,21.32,22.96,25.45
2020-09-14,29.47,26.53,25.7,20.71,22.08,25.7,31.53,26.11,23.01,21.6,18.23,18.85,20.41,21.6,24.93
2020-09-15,28.53,26.28,23.58,20.59,23.04,23.58,31.84,26.01,22.46,21.28,17.92,18.49,20.01,21.28,24.66
2020-09-16,29.64,25.47,24.32,21.33,21.63,24.32,32.56,26.43,22.81,21.16,17.54,18.23,19.97,21.16,24.84
2020-09-17,34.42,28.93,25.51,27.64,27.05,25.51,32.2,26.42,23.13,21.83,17.61,18.76,20.41,21.83,25.21
2020-09-18,16.18,15.55,14.88,14.72,15.15,14.88,30.76,25.71,22.96,21.67,17.88,18.82,20.37,21.67,25.4
2020-09-21,33.01,28.08,23.94,19.08,20.23,23.94,36.07,31.38,28.21,26.46,20.63,22.13,24.54,26.46,26.78
2020-09-22,31.73,27.29,22.7,18.29,19.41,22.7,35.89,31.36,28.14,26.19,20.38,21.83,24.3,26.19,26.8
2020-09-23,34.1,28.98,24.75,19.05,20.98,24.75,37.92,33.12,29.88,27.8,21.12,23.03,25.9,27.8,28.3
2020-09-24,33.49,28.65,24.31,19.27,20.87,24.31,36.95,32.57,29.38,27.44,20.97,22.82,25.34,27.44,28.03
2020-09-25,30.71,26.28,21.95,17.61,18.84,21.95,35.51,31.14,28.11,26.1,20.39,21.84,24.21,26.1,26.88
2020-09-28,29.99,25.88,22.32,18.95,19.59,22.32,35.22,31.11,27.92,26.0,20.72,22.07,24.21,26.0,26.69
2020-09-29,30.86,26.57,23.05,19.3,20.27,23.05,35.12,31.04,27.74,25.85,20.42,21.78,24.02,25.85,26.47
2020-09-30,30.6,26.52,22.27,20.36,21.01,22.27,35.92,31.56,28.11,26.12,20.77,22.04,24.24,26.12,26.35
2020-10-01,30.32,26.78,22.97,20.62,20.81,22.97,36.14,31.6,28.08,26.09,20.95,22.16,24.26,26.09,26.6
2020-10-02,29.75,26.71,23.13,19.43,20.42,23.13,36.95,32.55,29.08,27.0,21.03,22.69,25.15,27.0,27.33
2020-10-05,27.85,25.12,21.25,19.3,20.06,21.25,35.82,31.45,27.92,25.68,20.28,21.69,23.9,25.68,26.1
2020-10-06,30.78,27.08,22.59,18.93,20.08,22.59,36.75,32.05,28.48,26.22,20.26,21.9,24.3,26.22,26.6
2020-10-07,26.36,22.89,19.39,18.37,18.97,19.39,34.9,30.3,26.63,24.88,19.53,20.89,23.02,24.88,25.23
2020-10-08,23.73,19.99,17.06,16.46,16.28,17.06,33.16,28.56,24.95,23.33,18.17,19.6,21.55,23.33,24.12
2020-10-09,20.38,18.02,17.2,15.12,15.79,17.2,32.18,26.96,23.25,21.39,17.32,18.22,19.91,21.39,22.61
2020-10-12,22.84,19.83,17.79,17.59,17.33,17.79,32.64,26.6,22.78,21.01,17.07,17.96,19.55,21.01,22.02
2020-10-13,23.92,22.54,19.47,17.15,18.71,19.47,33.07,27.59,24.02,22.03,17.36,18.56,20.47,22.03,22.55
2020-10-14,23.49,20.75,18.87,18.72,17.56,18.87,33.21,27.95,24.39,22.46,17.27,18.84,20.78,22.46,22.77
2020-10-15,23.03,20.64,19.58,18.73,18.86,19.58,33.93,28.67,25.01,22.83,17.84,19.23,21.29,22.83,22.92
2020-10-16,14.36,13.83,14.32,13.65,14.02,14.32,34.16,29.25,25.48,23.41,18.2,19.65,21.73,23.41,23.36
2020-10-19,35.9,30.87,25.51,19.26,21.06,25.51,37.31,31.33,27.18,25.03,19.45,20.83,23.11,25.03,24.7
2020-10-20,36.22,31.33,25.41,19.69,21.32,25.41,37.36,31.28,27.02,24.75,19.36,20.65,22.86,24.75,24.5
2020-10-21,35.26,30.61,25.22,19.07,21.04,25.22,36.39,30.57,26.58,24.51,18.99,20.46,22.68,24.51,24.2
2020-10-22,35.16,30.11,24.69,18.56,20.45,24.69,36.15,30.2,26.16,24.08,18.57,20.08,22.21,24.08,23.84
2020-10-23,34.43,29.41,24.01,18.03,19.98,24.01,35.68,29.9,25.97,23.71,18.21,19.79,21.9,23.71,23.53
2020-10-26,40.62,35.08,29.19,21.82,24.27,29.19,40.28,33.92,29.68,27.15,20.53,22.42,25.05,27.15,26.03
2020-10-27,42.2,36.04,29.97,22.14,25.0,29.97,41.27,34.58,30.15,27.78,20.75,22.77,25.6,27.78,26.37
2020-10-28,51.04,43.44,36.64,26.73,30.72,36.64,48.34,40.69,36.09,33.43,23.45,27.0,30.72,33.43,30.88
2020-10-29,47.36,40.72,34.42,24.94,28.4,34.42,45.11,38.22,33.67,31.08,22.19,25.33,28.73,31.08,29.17
2020-10-30,48.81,41.91,35.12,25.28,28.82,35.12,46.02,38.62,34.21,31.68,22.33,25.33,28.9,31.68,29.61
2020-11-02,47.53,40.88,34.36,25.62,28.3,34.36,44.51,37.24,32.69,30.14,22.06,24.35,27.79,30.14,28.08
2020-11-03,45.57,39.43,32.75,26.47,28.47,32.75,42.69,35.69,31.28,28.64,21.89,23.76,26.57,28.64,26.59
2020-11-04,37.87,31.95,26.3,20.42,22.38,26.3,37.55,30.74,26.7,24.54,19.03,20.47,22.65,24.54,23.56
2020-11-05,35.52,28.76,23.47,19.16,20.51,23.47,36.37,29.21,25.11,23.09,18.85,19.91,21.44,23.09,22.95
2020-11-06,30.4,25.89,21.2,17.44,19.03,21.2,32.91,26.89,23.31,21.45,17.33,18.39,19.91,21.45,22.02
2020-11-09,32.37,26.29,22.46,19.81,20.41,22.46,33.27,26.71,22.92,21.46,18.12,18.7,20.14,21.46,21.32
2020-11-10,29.77,24.62,21.65,18.67,19.45,21.65,32.13,25.9,22.26,20.59,17.6,18.06,19.32,20.59,20.88
2020-11-11,26.41,21.92,18.77,16.58,17.03,18.77,30.65,24.43,20.78,19.38,16.69,17.15,18.24,19.38,20.06
2020-11-12,29.88,24.09,20.14,16.27,17.12,20.14,32.94,26.28,22.4,20.41,16.84,17.48,18.97,20.41,21.03
2020-11-13,25.0,20.96,18.38,16.2,16.45,18.38,30.05,24.02,20.5,19.07,16.38,16.68,17.93,19.07,20.1
2020-11-16,23.41,19.66,17.21,15.92,15.75,17.21,29.13,23.08,19.52,18.3,15.95,16.48,17.37,18.3,19.72
2020-11-17,23.51,20.16,18.06,16.47,16.08,18.06,29.73,23.58,19.98,18.52,15.98,16.49,17.67,18.52,20.02
2020-11-18,24.43,22.95,18.63,17.99,19.2,18.63,30.33,24.28,20.77,19.41,16.28,17.06,18.15,19.41,20.77
2020-11-19,23.56,20.33,18.09,17.46,17.24,18.09,29.64,23.32,19.99,18.57,15.68,16.3,17.56,18.57,20.19
2020-11-20,13.61,13.09,13.12,12.56,12.96,13.12,29.96,24.15,20.81,19.34,16.4,16.87,18.14,19.34,20.6
2020-11-23,29.21,23.05,18.28,15.36,15.87,18.28,31.06,24.67,20.86,19.07,15.84,16.5,17.89,19.07,19.9
2020-11-24,27.32,21.38,17.34,15.47,15.85,17.34,29.69,23.33,19.89,18.34,15.85,16.2,17.27,18.34,19.27
2020-11-25,26.85,20.94,16.9,15.41,15.42,16.9,28.9,22.89,19.51,17.91,15.42,15.76,16.84,17.91,18.95
2020-11-27,26.51,21.24,17.13,15.28,15.53,17.13,28.57,22.9,19.69,18.09,15.38,15.86,17.01,18.09,19.1
2020-11-30,26.58,21.43,17.43,15.14,15.42,17.43,28.28,22.81,19.64,18.14,15.06,15.77,16.97,18.14,19.12
2020-12-01,26.63,21.07,17.67,15.75,16.31,17.67,28.51,22.92,19.78,18.6,15.6,16.29,17.5,18.6,19.33
2020-12-02,26.62,20.72,17.26,15.6,15.8,17.26,28.91,23.0,19.75,18.48,15.54,16.17,17.4,18.48,19.35
2020-12-03,26.2,20.37,16.89,15.56,15.69,16.89,29.01,22.98,19.64,18.28,15.37,15.95,17.14,18.28,19.24
2020-12-04,23.91,19.28,15.86,14.59,14.53,15.86,27.79,22.21,19.17,17.6,14.88,15.5,16.62,17.6,18.94
2020-12-07,23.7,19.08,15.56,13.71,14.11,15.56,27.97,22.61,19.34,17.83,14.54,15.39,16.77,17.83,19.23
2020-12-08,22.06,17.43,14.99,13.6,13.66,14.99,26.68,21.36,18.29,17.19,14.14,14.8,15.99,17.19,18.65
2020-12-09,24.83,19.9,16.87,13.91,14.67,16.87,28.03,23.01,19.95,18.18,14.5,15.54,16.95,18.18,19.49
2020-12-10,23.47,19.43,15.73,13.83,14.12,15.73,28.11,23.02,19.94,18.42,14.44,15.6,17.14,18.42,19.7
2020-12-11,25.03,20.57,16.25,12.96,14.07,16.25,29.57,23.82,20.59,18.93,14.49,15.76,17.51,18.93,20.21
2020-12-14,30.12,24.11,20.38,18.36,18.17,20.38,31.3,24.89,21.39,19.93,15.09,16.54,18.34,19.93,20.9
2020-12-15,27.93,21.19,16.89,16.67,16.4,16.89,29.56,23.34,19.71,18.03,14.22,15.12,16.64,18.03,19.78
2020-12-16,25.52,20.92,17.84,18.0,16.63,17.84,28.55,22.45,18.95,17.69,14.28,14.88,16.35,17.69,19.33
2020-12-17,25.8,19.76,17.03,19.45,16.92,17.03,27.57,21.5,18.19,16.8,14.11,14.45,15.66,16.8,18.98
2020-12-18,11.12,10.35,10.94,11.4,11.86,10.94,26.89,21.34,18.09,17.39,13.68,14.47,15.96,17.39,19.3
2020-12-21,31.92,25.37,19.62,15.35,16.3,19.62,33.49,26.19,22.11,20.17,15.64,16.76,18.54,20.17,20.84
2020-12-22,30.52,24.53,18.97,14.67,15.66,18.97,32.25,25.45,21.64,19.72,15.18,16.29,18.19,19.72,20.61
2020-12-23,29.73,23.72,18.21,14.16,15.03,18.21,31.22,24.53,20.81,18.92,14.64,15.64,17.48,18.92,19.95
2020-12-24,27.22,21.16,16.41,13.05,13.81,16.41,29.4,22.98,19.45,18.02,13.85,14.79,16.59,18.02,19.01
2020-12-28,27.15,20.93,16.12,13.61,13.96,16.12,29.26,22.88,19.15,17.46,13.87,14.63,16.1,17.46,18.81
2020-12-29,28.06,21.99,17.26,14.59,14.9,17.26,30.68,24.06,20.35,18.57,14.66,15.55,17.22,18.57,19.81
2020-12-30,27.98,21.69,16.96,14.35,14.96,16.96,29.71,23.48,19.98,18.27,14.7,15.4,16.95,18.27,19.46
2020-12-31,27.37,21.1,16.53,13.79,14.49,16.53,29.47,23.27,19.76,17.97,14.38,15.08,16.61,17.97,19.19
2021-01-04,34.33,27.43,21.95,16.96,18.29,21.95,33.31,26.69,22.93,20.92,15.82,17.23,19.31,20.92,21.67
2021-01-05,31.59,24.94,19.83,15.93,17.08,19.83,32.02,25.25,21.46,19.76,15.07,16.33,18.25,19.76,20.7
2021-01-06,31.32,23.89,18.54,14.53,16.1,18.54,31.2,24.8,21.19,19.19,14.51,15.88,17.65,19.19,20.27
2021-01-07,23.51,18.29,14.57,13.7,13.57,14.57,28.44,22.37,18.94,17.34,14.01,14.84,16.1,17.34,18.98
2021-01-08,21.86,17.56,14.74,13.03,13.58,14.74,28.06,21.91,18.72,17.0,13.76,14.54,15.89,17.0,18.71
2021-01-11,27.6,22.53,18.54,16.39,17.09,18.54,31.06,24.63,20.87,18.93,14.69,15.93,17.49,18.93,20.35
2021-01-12,23.43,19.0,16.37,15.11,14.82,16.37,29.94,23.49,20.01,18.21,14.21,15.23,16.98,18.21,19.75
2021-01-13,21.24,16.25,13.22,12.58,12.86,13.22,28.58,22.42,18.77,17.09,13.61,14.46,15.76,17.09,19.22
2021-01-14,23.74,18.93,17.48,15.96,16.21,17.48,29.97,23.27,19.65,17.78,13.96,14.87,16.42,17.78,19.74
2021-01-15,13.31,12.38,12.44,12.37,13.09,12.44,31.29,24.76,20.95,19.08,14.22,15.59,17.68,19.08,20.64
2021-01-19,30.12,23.55,17.91,13.99,14.84,17.91,32.26,25.31,21.22,19.29,14.61,15.71,17.57,19.29,20.04
2021-01-20,27.85,21.54,16.56,13.45,14.2,16.56,30.58,23.74,20.02,18.09,14.19,15.2,16.71,18.09,19.12
2021-01-21,27.48,21.37,16.29,13.1,13.98,16.29,30.24,23.57,19.76,18.1,14.05,15.11,16.64,18.1,19.2
2021-01-22,27.86,21.49,16.52,13.05,13.88,16.52,30.72,24.08,20.18,18.22,14.15,15.16,16.82,18.22,19.5
2021-01-25,29.12,22.44,17.15,13.74,14.56,17.15,31.69,24.81,20.71,18.96,14.93,15.89,17.44,18.96,20.19
2021-01-26,28.49,22.3,17.1,13.63,14.61,17.1,31.23,24.8,20.78,18.98,14.81,15.85,17.49,18.98,20.32
2021-01-27,46.69,37.78,29.06,19.82,22.86,29.06,45.65,36.64,31.39,28.01,19.45,22.26,25.58,28.01,27.76
2021-01-28,37.71,29.49,22.13,15.62,17.59,22.13,38.84,30.7,25.9,23.18,16.67,18.57,21.03,23.18,23.94
2021-01-29,41.7,33.87,26.12,17.0,19.63,26.12,42.62,34.09,29.05,26.08,18.05,20.25,23.41,26.08,26.06
2021-02-01,36.61,29.75,22.51,16.36,18.14,22.51,39.37,31.17,26.34,23.79,17.37,19.02,21.51,23.79,24.29
2021-02-02,30.27,23.9,17.88,14.43,15.22,17.88,34.58,26.87,22.63,20.54,15.79,16.97,18.91,20.54,21.81
2021-02-03,26.71,20.75,16.02,13.16,13.74,16.02,31.67,24.82,20.97,19.0,15.04,15.99,17.59,19.0,20.7
2021-02-04,23.81,18.58,14.63,12.64,13.02,14.63,29.83,23.47,19.72,17.92,14.68,15.56,16.72,17.92,19.96
2021-02-05,20.99,16.66,13.16,11.79,12.01,13.16,29.14,22.63,19.06,17.39,13.97,14.92,16.23,17.39,19.67
2021-02-08,21.11,16.47,13.6,12.63,12.93,13.6,29.21,22.6,18.9,17.26,13.89,14.91,16.21,17.26,19.66
2021-02-09,21.64,16.92,14.18,12.68,12.64,14.18,29.62,22.73,18.94,17.34,13.9,14.88,16.2,17.34,19.85
2021-02-10,22.45,17.6,14.94,12.76,13.02,14.94,29.82,23.05,19.32,17.64,13.87,15.03,16.44,17.64,20.3
2021-02-11,20.82,16.8,13.79,11.91,12.72,13.79,28.7,22.24,18.66,17.13,13.46,14.64,15.97,17.13,20.05
2021-02-12,15.41,12.53,11.24,10.62,10.66,11.24,27.02,20.87,17.45,16.05,12.85,13.94,15.01,16.05,19.33
2021-02-16,19.95,16.43,14.0,12.8,13.82,14.0,28.46,21.88,18.26,16.58,13.08,14.1,15.4,16.58,19.92
2021-02-17,19.2,14.83,12.51,11.66,12.86,12.51,28.33,21.36,17.87,16.2,12.84,13.79,15.13,16.2,19.74
2021-02-18,21.04,17.08,14.74,13.82,14.24,14.74,29.58,22.59,18.66,17.1,13.29,14.53,15.94,17.1,20.11
2021-02-19,9.93,9.38,9.83,9.7,10.06,9.83,29.48,22.53,18.67,16.87,12.73,13.95,15.73,16.87,19.9
2021-02-22,30.58,23.83,18.09,13.72,15.05,18.09,32.92,25.29,21.06,19.08,14.87,15.89,17.62,19.08,20.59
2021-02-23,29.89,23.43,17.88,14.01,15.1,17.88,31.79,24.49,20.51,18.7,15.02,15.74,17.33,18.7,20.22
2021-02-24,27.0,20.61,15.97,13.27,14.03,15.97,29.54,22.59,19.05,17.54,14.44,15.04,16.28,17.54,19.23
2021-02-25,37.22,29.43,22.77,16.26,18.3,22.77,36.56,28.69,24.12,21.86,16.21,17.76,19.93,21.86,22.55
2021-02-26,36.65,29.66,23.11,16.52,18.38,23.11,36.27,28.34,24.09,21.6,16.04,17.38,19.71,21.6,22.15
2021-03-01,30.27,23.25,17.55,14.45,15.06,17.55,31.21,23.73,19.77,18.11,14.68,15.39,16.69,18.11,19.63
2021-03-02,31.12,24.51,19.06,14.92,16.02,19.06,31.8,24.51,20.62,18.88,14.88,15.84,17.44,18.88,20.17
2021-03-03,34.37,27.71,22.23,16.8,18.33,22.23,34.37,26.82,22.88,21.01,16.25,17.35,19.27,21.01,21.68
2021-03-04,37.55,30.78,24.53,17.62,19.97,24.53,36.51,28.52,24.36,22.27,16.78,18.16,20.28,22.27,22.53
2021-03-05,31.44,25.65,20.55,15.46,16.78,20.55,32.4,25.17,21.33,19.34,15.43,16.17,17.95,19.34,20.63
2021-03-08,33.32,27.55,22.28,17.43,18.9,22.28,33.11,26.07,22.2,20.11,15.94,16.89,18.57,20.11,20.85
2021-03-09,30.82,25.52,21.12,16.89,18.18,21.12,31.09,24.51,20.83,19.2,15.61,16.35,17.86,19.2,20.41
2021-03-10,26.75,21.92,17.65,15.2,15.69,17.65,29.4,22.78,19.35,18.0,14.8,15.52,16.84,18.0,19.71
2021-03-11,24.94,20.16,16.77,14.55,15.05,16.77,28.59,22.02,18.77,17.37,14.54,15.15,16.18,17.37,19.26
2021-03-12,20.25,16.85,14.77,13.32,13.36,14.77,26.63,20.67,17.63,16.65,14.32,14.8,15.69,16.65,18.99
2021-03-15,21.9,17.87,15.41,14.45,14.51,15.41,25.54,19.56,16.7,15.62,13.73,13.98,14.79,15.62,18.25
2021-03-16,23.36,18.92,16.07,15.22,14.86,16.07,25.49,19.57,16.66,15.42,13.12,13.56,14.48,15.42,18.28
2021-03-17,20.1,16.07,15.27,14.94,14.74,15.27,24.29,18.61,15.77,14.99,13.29,13.39,14.05,14.99,17.73
2021-03-18,28.3,23.14,20.49,20.88,21.36,20.49,26.73,20.72,17.6,16.47,13.63,14.33,15.56,16.47,18.84
2021-03-19,11.3,10.8,10.26,10.38,10.7,10.26,26.54,20.58,17.49,16.04,13.35,13.7,14.83,16.04,18.6
2021-03-22,23.33,18.07,14.15,12.14,12.44,14.15,26.96,20.36,17.19,15.81,13.21,13.57,14.65,15.81,16.99
2021-03-23,25.6,19.92,15.28,12.51,13.05,15.28,28.21,21.48,18.18,16.61,13.21,13.98,15.27,16.61,17.46
2021-03-24,26.35,20.52,15.94,12.83,13.64,15.94,28.89,22.22,18.67,16.98,13.41,14.23,15.64,16.98,18.0
2021-03-25,24.06,18.6,14.79,12.34,12.88,14.79,27.21,20.99,17.74,16.29,12.99,13.64,14.97,16.29,17.21
2021-03-26,22.85,17.29,13.46,11.99,12.18,13.46,25.75,19.76,16.61,15.27,12.76,13.25,14.18,15.27,16.15
2021-03-29,26.05,19.45,15.11,13.4,13.47,15.11,27.57,21.04,17.63,15.96,13.25,13.68,14.87,15.96,16.74
2021-03-30,23.67,18.31,14.44,12.29,12.56,14.44,26.29,20.23,17.1,15.6,12.54,13.11,14.36,15.6,16.35
2021-03-31,22.28,17.24,13.83,12.64,12.52,13.83,25.47,19.88,16.9,15.5,12.88,13.27,14.35,15.5,16.36
2021-04-01,18.82,14.63,11.76,11.6,11.32,11.76,23.79,18.18,15.3,14.04,12.25,12.37,13.17,14.04,15.16
2021-04-05,19.52,15.16,12.86,12.25,12.23,12.86,23.19,17.85,15.22,14.06,12.7,12.76,13.35,14.06,15.08
2021-04-06,19.43,15.15,12.8,11.91,11.95,12.8,23.84,18.12,15.35,14.25,12.55,12.63,13.39,14.25,15.34
2021-04-07,17.63,13.83,11.77,11.35,11.36,11.77,22.69,17.34,14.7,13.6,12.06,12.17,12.88,13.6,15.01
2021-04-08,16.24,12.87,11.2,10.67,10.87,11.2,22.47,17.22,14.62,13.65,12.29,12.31,12.82,13.65,15.12
2021-04-09,13.71,11.57,10.11,11.18,10.63,10.11,22.51,17.18,14.69,13.54,12.11,12.13,12.9,13.54,15.17
2021-04-12,15.07,13.45,11.8,11.57,11.97,11.8,22.46,17.37,14.69,13.68,12.19,12.28,13.05,13.68,15.35
2021-04-13,14.96,12.55,11.36,10.93,11.32,11.36,21.76,16.97,14.47,13.48,12.03,12.22,12.79,13.48,15.22
2021-04-14,15.61,12.44,11.84,11.33,11.26,11.84,22.29,17.17,14.64,13.61,11.54,11.98,12.83,13.61,15.46
2021-04-15,16.1,13.36,11.34,11.0,10.87,11.34,21.71,16.56,14.08,13.2,11.21,11.61,12.37,13.2,15.08
2021-04-16,6.65,6.38,6.51,6.4,6.48,6.51,21.38,16.37,14.03,13.04,10.93,11.51,12.22,13.04,14.94
2021-04-19,22.57,17.72,13.96,11.21,12.0,13.96,25.47,19.41,16.33,15.02,12.41,13.01,14.06,15.02,15.82
2021-04-20,24.7,19.54,15.38,11.77,12.85,15.38,26.79,20.86,17.69,16.11,12.82,13.64,14.93,16.11,16.69
2021-04-21,22.53,17.69,13.96,11.34,12.08,13.96,25.32,19.48,16.34,15.0,12.33,12.95,14.04,15.0,15.82
2021-04-22,24.07,19.15,15.2,11.72,12.72,15.2,26.69,20.71,17.6,16.04,12.7,13.55,14.85,16.04,16.79
2021-04-23,21.92,17.59,13.7,11.04,11.68,13.7,25.01,19.57,16.43,15.07,12.17,12.89,14.05,15.07,16.03
2021-04-26,21.82,17.49,13.79,11.1,11.81,13.79,24.91,19.29,16.31,15.04,12.16,12.88,13.95,15.04,16.06
2021-04-27,21.92,17.38,13.62,10.91,11.58,13.62,24.59,19.14,16.13,14.85,11.9,12.63,13.77,14.85,15.9
2021-04-28,21.38,16.81,13.24,10.46,11.19,13.24,24.2,18.92,15.85,14.61,11.73,12.38,13.51,14.61,15.77
2021-04-29,21.81,16.99,13.28,10.62,11.38,13.28,24.55,18.89,15.95,14.58,11.91,12.5,13.59,14.58,15.82
2021-04-30,22.95,17.79,14.0,11.05,11.76,14.0,25.51,19.8,16.67,15.29,12.11,12.92,14.15,15.29,16.42
2021-05-03,22.87,17.61,13.54,10.76,11.49,13.54,25.19,19.49,16.33,14.94,12.04,12.71,13.87,14.94,16.22
2021-05-04,24.25,19.13,14.93,11.47,12.52,14.93,26.42,20.84,17.54,16.0,12.52,13.4,14.79,16.0,17.08
2021-05-05,24.09,18.86,14.44,11.26,12.24,14.44,25.76,20.13,17.03,15.58,12.34,13.14,14.46,15.58,16.74
2021-05-06,22.66,17.07,12.94,10.45,11.0,12.94,25.23,19.27,16.15,14.72,11.86,12.54,13.67,14.72,16.19
2021-05-07,19.7,14.66,11.34,9.66,9.99,11.34,23.23,17.56,14.68,13.46,11.21,11.74,12.65,13.46,15.4
2021-05-10,25.74,19.49,15.17,11.96,12.79,15.17,26.12,20.26,17.09,15.64,12.25,13.17,14.44,15.64,16.79
2021-05-11,27.61,22.49,17.55,13.55,15.01,17.55,28.11,22.37,18.88,17.18,12.88,14.17,15.87,17.18,18.04
2021-05-12,37.39,30.0,24.74,17.84,20.11,24.74,35.19,27.9,23.85,21.51,15.36,17.21,19.69,21.51,21.36
2021-05-13,28.92,24.15,19.75,14.43,15.94,19.75,30.01,23.88,20.46,18.51,13.58,15.13,16.96,18.51,19.0
2021-05-14,21.89,17.5,13.55,10.71,11.29,13.55,25.01,19.61,16.4,14.98,11.7,12.6,13.88,14.98,16.46
2021-05-17,24.37,20.12,16.09,12.62,13.0,16.09,26.19,20.48,17.27,15.59,11.87,12.98,14.33,15.59,16.91
2021-05-18,25.08,20.85,18.45,14.3,16.15,18.45,27.92,22.07,18.67,16.98,12.49,13.84,15.49,16.98,18.0
2021-05-19,25.69,21.2,18.77,16.0,16.03,18.77,28.55,22.61,19.32,17.47,12.82,14.21,15.95,17.47,18.61
2021-05-20,18.26,16.03,14.53,15.54,15.11,14.53,26.5,20.56,17.17,15.54,12.07,13.23,14.67,15.54,17.35
2021-05-21,10.5,9.78,9.09,8.32,8.64,9.09,26.51,20.41,16.89,15.16,11.47,12.48,14.03,15.16,17.04
2021-05-24,23.7,17.84,13.62,10.85,11.51,13.62,26.6,19.75,16.34,14.77,11.67,12.31,13.53,14.77,16.13
2021-05-25,24.08,18.44,14.05,10.99,11.95,14.05,26.45,19.97,16.55,14.99,11.69,12.56,13.89,14.99,16.31
2021-05-26,21.71,16.54,12.8,10.06,10.96,12.8,24.48,18.4,15.36,13.98,11.0,11.77,12.92,13.98,15.46
2021-05-27,20.9,15.9,12.09,9.62,10.36,12.09,23.48,17.47,14.45,13.1,10.44,11.13,12.14,13.1,14.7
2021-05-28,20.68,15.34,11.68,9.68,10.28,11.68,23.55,17.3,14.3,13.02,10.36,11.02,12.01,13.02,14.67
2021-06-01,22.14,16.67,13.03,10.82,11.53,13.03,24.4,17.98,14.99,13.73,11.0,11.7,12.8,13.73,15.31
2021-06-02,20.84,15.73,12.22,10.22,10.81,12.22,23.82,17.69,14.65,13.4,10.71,11.35,12.39,13.4,15.26
2021-06-03,21.26,16.61,13.06,10.61,11.23,13.06,24.58,18.31,15.37,13.92,10.87,11.64,12.93,13.92,15.7
2021-06-04,18.01,13.8,11.09,9.24,9.64,11.09,22.41,16.7,13.9,12.74,10.17,10.71,11.85,12.74,14.78
2021-06-07,17.66,13.52,11.08,9.51,9.91,11.08,22.11,16.42,13.62,12.48,10.12,10.65,11.63,12.48,14.75
2021-06-08,20.21,15.16,12.06,10.22,10.7,12.06,22.98,16.99,14.01,12.81,10.35,10.88,11.92,12.81,14.98
2021-06-09,22.44,16.41,13.01,11.04,11.37,13.01,23.82,17.6,14.63,13.3,10.69,11.26,12.31,13.3,15.3
2021-06-10,17.25,12.64,9.9,9.34,9.27,9.9,21.56,15.71,12.88,11.85,9.79,10.1,11.04,11.85,14.25
2021-06-11,15.75,11.4,8.81,8.39,8.35,8.81,20.96,15.08,12.44,11.34,9.39,9.68,10.61,11.34,13.87
2021-06-14,18.3,13.95,11.84,11.08,11.14,11.84,21.22,15.58,12.83,11.69,9.6,10.01,11.02,11.69,14.28
2021-06-15,22.21,17.08,13.65,12.3,12.77,13.65,22.07,16.02,13.23,12.08,9.59,10.17,11.28,12.08,14.53
2021-06-16,29.94,22.51,17.58,13.52,14.51,17.58,23.93,17.66,14.39,13.08,9.6,10.58,11.94,13.08,15.15
2021-06-17,28.25,19.37,14.5,12.65,12.95,14.5,22.98,16.8,13.96,12.49,9.4,10.15,11.35,12.49,15.04
2021-06-18,12.99,12.26,12.86,11.66,12.31,12.86,26.74,20.52,17.15,15.64,10.86,12.2,13.98,15.64,16.78
2021-06-21,22.73,17.15,12.57,9.48,10.24,12.57,25.3,19.19,15.77,14.19,10.77,11.44,12.88,14.19,15.22
2021-06-22,20.81,15.19,11.17,9.09,9.39,11.17,23.69,17.78,14.57,13.01,10.24,10.75,11.95,13.01,14.21
2021-06-23,20.14,14.88,11.08,8.92,9.39,11.08,23.2,17.51,14.3,12.79,9.96,10.52,11.71,12.79,14.02
2021-06-24,19.04,14.14,10.42,8.63,8.92,10.42,22.49,16.98,13.76,12.36,9.81,10.31,11.39,12.36,13.65
2021-06-25,18.11,12.73,9.42,7.9,8.28,9.42,22.09,16.32,13.3,11.99,9.44,9.93,10.93,11.99,13.46
2021-06-28,17.79,12.87,9.67,7.98,8.23,9.67,21.93,16.15,13.18,11.89,9.49,9.92,10.95,11.89,13.49
2021-06-29,18.26,12.76,9.73,8.09,8.42,9.73,22.34,16.24,13.16,11.91,9.65,10.09,11.11,11.91,13.74
2021-06-30,17.45,12.54,9.72,7.84,8.24,9.72,22.13,16.22,13.17,11.94,9.55,10.01,11.0,11.94,13.8
2021-07-01,17.29,12.59,9.25,8.06,8.08,9.25,21.82,15.98,13.15,11.75,9.45,9.9,10.81,11.75,13.75
2021-07-02,15.29,11.09,8.64,8.07,7.92,8.64,21.22,15.47,12.7,11.53,9.36,9.78,10.73,11.53,13.58
2021-07-06,18.3,13.42,10.24,8.85,9.25,10.24,22.61,16.71,13.65,12.37,9.7,10.26,11.35,12.37,14.27
2021-07-07,17.1,12.77,9.9,9.02,9.09,9.9,22.3,16.55,13.65,12.36,9.81,10.43,11.4,12.36,14.47
2021-07-08,23.11,17.76,13.63,10.55,11.6,13.63,25.6,19.14,15.77,14.01,10.36,11.3,12.78,14.01,15.59
2021-07-09,16.13,12.01,9.8,8.72,8.81,9.8,22.28,16.36,13.3,12.03,9.36,10.01,11.01,12.03,14.19
2021-07-12,16.19,12.45,10.59,9.64,9.56,10.59,22.07,16.3,13.25,12.04,9.5,10.09,11.0,12.04,14.27
2021-07-13,18.22,15.02,12.52,10.06,11.11,12.52,23.16,17.39,14.34,12.87,9.68,10.5,11.67,12.87,14.89
2021-07-14,14.24,11.35,10.63,9.47,10.2,10.63,22.03,16.7,13.58,12.34,9.39,10.11,11.34,12.34,14.75
2021-07-15,17.69,14.93,12.18,10.72,10.87,12.18,22.8,17.38,14.32,12.91,9.51,10.48,11.7,12.91,15.05
2021-07-16,10.31,9.74,9.27,8.51,8.87,9.27,24.37,18.93,15.59,14.15,9.92,11.2,12.79,14.15,16.02
2021-07-19,29.17,22.72,17.08,11.35,13.16,17.08,30.82,23.85,19.72,17.61,12.1,13.63,15.76,17.61,18.01
2021-07-20,26.33,20.07,14.61,10.4,11.56,14.61,28.35,21.53,17.47,15.57,11.39,12.49,14.15,15.57,16.39
2021-07-21,23.73,17.78,12.98,9.68,10.56,12.98,26.08,19.68,16.01,14.38,10.8,11.64,13.02,14.38,15.39
2021-07-22,23.25,17.52,12.91,9.59,10.54,12.91,26.02,19.6,15.91,14.31,10.81,11.72,13.06,14.31,15.47
2021-07-23,22.25,16.14,11.88,9.38,9.94,11.88,25.38,18.91,15.4,13.85,10.67,11.39,12.7,13.85,15.08
2021-07-26,21.85,16.15,11.95,9.52,10.15,11.95,25.1,18.86,15.36,13.85,10.8,11.56,12.76,13.85,15.29
2021-07-27,24.45,18.38,13.55,9.99,10.91,13.55,26.99,20.43,16.75,15.02,11.04,12.1,13.57,15.02,16.06
2021-07-28,22.69,17.02,12.59,9.44,10.3,12.59,25.79,19.56,15.99,14.34,10.58,11.64,13.08,14.34,15.72
2021-07-29,21.49,16.07,12.02,9.26,9.99,12.02,24.92,18.79,15.37,13.82,10.38,11.33,12.62,13.82,15.4
2021-07-30,22.45,16.78,12.24,9.09,10.01,12.24,25.46,19.24,15.73,14.08,10.37,11.28,12.69,14.08,15.75
2021-08-02,23.59,17.68,13.19,9.68,10.79,13.19,26.66,20.17,16.53,14.74,10.75,11.8,13.32,14.74,16.28
2021-08-03,20.82,15.27,11.3,8.93,9.65,11.3,25.04,18.73,15.22,13.64,10.32,11.22,12.59,13.64,15.6
2021-08-04,20.42,15.39,11.8,9.11,9.79,11.8,24.99,18.82,15.4,13.72,10.1,11.1,12.5,13.72,15.67
2021-08-05,19.26,14.23,10.82,8.94,9.33,10.82,24.17,18.0,14.65,13.13,10.03,10.76,12.01,13.13,15.22
2021-08-06,16.21,11.97,9.4,8.0,8.38,9.4,22.87,16.92,13.81,12.37,9.55,10.29,11.33,12.37,14.7
2021-08-09,16.8,12.45,9.89,8.34,8.68,9.89,23.39,17.18,14.01,12.49,9.72,10.41,11.58,12.49,15.05
2021-08-10,17.38,12.76,10.02,8.17,8.54,10.02,23.38,17.28,14.05,12.59,9.67,10.36,11.52,12.59,15.09
2021-08-11,14.67,11.32,8.73,7.65,7.73,8.73,22.65,16.52,13.45,11.97,9.33,9.92,11.09,11.97,14.75
2021-08-12,13.74,10.22,7.83,7.4,7.27,7.83,21.82,15.78,12.76,11.57,9.13,9.67,10.67,11.57,14.43
2021-08-13,11.64,8.47,6.5,6.25,6.11,6.5,21.59,15.33,12.38,11.15,8.92,9.39,10.34,11.15,14.39
2021-08-16,14.39,10.26,8.34,7.85,7.8,8.34,22.04,15.89,12.83,11.56,9.16,9.68,10.72,11.56,14.7
2021-08-17,18.8,14.49,11.17,10.55,11.48,11.17,24.39,17.77,14.36,12.97,9.69,10.53,11.88,12.97,15.58
2021-08-18,31.41,22.79,18.67,15.84,17.09,18.67,29.62,22.13,17.9,15.92,11.04,12.44,14.45,15.92,17.28
2021-08-19,23.92,20.11,16.85,13.94,14.79,16.85,29.23,21.49,17.31,15.44,10.7,12.08,13.9,15.44,17.24
2021-08-20,7.43,6.84,6.86,6.34,6.65,6.86,24.9,18.07,14.62,13.04,9.53,10.49,11.8,13.04,16.01
2021-08-23,22.09,15.69,11.23,8.45,9.13,11.23,25.5,18.64,15.04,13.39,10.22,10.91,12.15,13.39,14.98
2021-08-24,21.97,15.46,11.12,8.34,9.1,11.12,25.34,18.48,14.98,13.36,10.15,10.92,12.21,13.36,14.99
2021-08-25,20.95,14.8,10.51,8.14,8.63,10.51,24.74,17.91,14.46,12.97,9.8,10.58,11.76,12.97,14.63
2021-08-26,24.35,17.46,12.3,8.8,9.85,12.3,26.74,19.63,15.87,14.07,10.27,11.23,12.72,14.07,15.57
2021-08-27,19.89,13.74,9.85,7.72,8.17,9.85,24.11,17.35,14.09,12.65,9.58,10.31,11.46,12.65,14.47
2021-08-30,18.56,12.88,9.57,7.92,8.38,9.57,23.67,17.03,13.87,12.44,9.63,10.25,11.46,12.44,14.38
2021-08-31,19.71,13.42,9.72,7.9,8.38,9.72,23.8,17.1,13.76,12.4,9.5,10.14,11.36,12.4,14.35
2021-09-01,18.54,12.91,9.66,7.81,8.33,9.66,23.17,16.68,13.56,12.18,9.36,10.0,11.12,12.18,14.24
2021-09-02,19.26,13.02,9.74,8.43,8.44,9.74,23.31,16.55,13.46,12.19,9.46,10.01,11.1,12.19,14.24
2021-09-03,17.49,11.79,8.72,7.38,7.55,8.72,23.42,16.49,13.33,11.88,9.14,9.72,10.88,11.88,14.25
2021-09-07,20.38,14.58,10.62,8.79,9.11,10.62,25.31,18.03,14.49,12.96,9.65,10.55,11.79,12.96,15.24
2021-09-08,19.92,14.23,10.4,8.24,8.9,10.4,25.02,17.94,14.48,12.96,9.59,10.5,11.77,12.96,15.34
2021-09-09,21.05,15.58,12.0,9.16,9.87,12.0,25.64,18.8,15.29,13.77,9.92,11.1,12.58,13.77,15.93
2021-09-10,31.13,20.61,15.25,10.08,11.68,15.25,28.62,20.82,16.82,15.09,10.36,11.88,13.68,15.09,16.72
2021-09-13,26.31,18.63,14.63,11.08,12.33,14.63,26.55,19.4,15.65,14.14,10.0,11.27,12.87,14.14,16.18
2021-09-14,23.83,18.52,15.54,12.31,13.37,15.54,26.33,19.78,16.21,14.89,10.34,11.66,13.41,14.89,16.54
2021-09-15,18.18,13.75,11.42,10.73,10.57,11.42,24.46,17.98,14.59,13.16,9.55,10.54,11.92,13.16,15.75
2021-09-16,18.05,13.91,11.83,12.66,12.05,11.83,25.05,18.43,14.92,13.33,9.63,10.74,12.09,13.33,15.82
2021-09-17,10.72,9.99,10.84,10.8,11.37,10.84,27.83,21.02,17.15,15.24,10.69,12.05,13.98,15.24,17.04
2021-09-20,33.58,26.82,20.7,13.66,15.84,20.7,34.43,26.74,22.19,19.97,13.32,15.47,18.0,19.97,19.97
2021-09-21,31.35,25.58,19.9,13.44,15.5,19.9,32.65,25.58,21.57,19.38,13.12,15.1,17.47,19.38,19.42
2021-09-22,26.3,21.0,16.04,11.49,12.77,16.04,28.88,22.44,18.84,16.76,11.73,13.23,15.18,16.76,17.42
2021-09-23,23.73,18.09,13.64,10.57,11.22,13.64,26.57,20.36,16.87,15.03,10.78,11.86,13.55,15.03,15.97
2021-09-24,22.8,17.26,12.78,10.0,10.61,12.78,25.55,19.58,16.18,14.51,10.36,11.45,13.08,14.51,15.6
2021-09-27,23.78,18.11,13.5,10.45,11.24,13.5,26.53,20.42,16.8,14.98,10.66,11.86,13.6,14.98,16.05
2021-09-28,29.62,24.51,19.28,13.36,15.31,19.28,30.55,24.12,20.45,18.46,12.48,14.39,16.63,18.46,18.65
2021-09-29,27.95,23.64,18.45,12.86,14.72,18.45,30.12,23.86,20.18,18.21,12.1,14.1,16.32,18.21,18.23
2021-09-30,28.52,24.47,20.37,13.95,16.35,20.37,30.45,24.51,21.01,19.14,12.72,14.86,17.28,19.14,18.95
2021-10-01,25.74,21.67,17.36,12.87,14.19,17.36,28.81,22.93,19.28,17.44,12.23,13.78,15.76,17.44,17.93
2021-10-04,27.78,24.57,20.91,15.58,17.41,20.91,29.98,24.45,20.89,19.12,13.44,15.32,17.37,19.12,19.18
2021-10-05,25.43,21.7,17.63,13.72,15.06,17.63,28.58,22.88,19.54,17.57,12.4,14.05,16.06,17.57,18.14
2021-10-06,24.49,20.91,17.8,13.68,14.75,17.8,27.86,22.49,19.06,17.26,12.35,13.91,15.72,17.26,17.85
2021-10-07,22.47,18.9,15.37,12.28,13.45,15.37,26.35,20.88,17.75,16.01,11.62,13.0,14.65,16.01,17.11
2021-10-08,20.54,17.54,14.66,11.01,12.4,14.66,25.78,20.59,17.61,15.86,11.33,12.69,14.38,15.86,17.03
2021-10-11,24.07,21.95,18.6,14.94,16.34,18.6,26.44,21.46,18.41,16.72,11.83,13.48,15.37,16.72,17.6
2021-10-12,23.44,21.23,17.98,15.96,16.75,17.98,26.08,21.28,18.22,16.52,11.8,13.25,15.08,16.52,17.3
2021-10-13,21.39,18.22,15.97,13.91,13.94,15.97,24.3,19.81,16.89,15.28,11.4,12.55,14.1,15.28,16.63
2021-10-14,17.9,14.86,13.19,13.54,12.83,13.19,22.48,17.6,14.66,13.22,10.56,11.19,12.32,13.22,15.36
2021-10-15,8.44,7.86,7.57,7.58,7.72,7.57,22.2,16.94,13.95,12.7,10.21,10.63,11.65,12.7,15.1
2021-10-18,21.97,16.76,12.52,10.18,10.7,12.52,24.58,18.83,15.63,14.11,11.47,11.99,13.13,14.11,15.06
2021-10-19,21.2,15.86,12.04,9.97,10.43,12.04,24.34,18.35,15.12,13.72,11.09,11.65,12.76,13.72,14.72
2021-10-20,20.93,15.56,11.78,9.64,10.31,11.78,23.95,18.01,14.84,13.51,10.91,11.54,12.6,13.51,14.64
2021-10-21,20.32,15.03,11.34,9.0,9.76,11.34,23.43,17.52,14.5,13.2,10.52,11.17,12.22,13.2,14.37
2021-10-22,20.75,15.6,11.74,8.94,9.9,11.74,23.98,18.08,14.92,13.54,10.44,11.28,12.48,13.54,14.76
2021-10-25,19.98,14.98,11.49,8.97,9.75,11.49,23.32,17.6,14.61,13.26,10.23,11.11,12.33,13.26,14.53
2021-10-26,21.15,15.84,12.11,9.32,10.16,12.11,23.91,17.88,14.85,13.57,10.33,11.23,12.44,13.57,14.71
2021-10-27,22.59,17.11,13.04,9.69,10.76,13.04,25.22,19.02,15.83,14.34,10.78,11.8,13.13,14.34,15.51
2021-10-28,21.47,15.97,12.19,9.44,10.34,12.19,24.34,18.21,15.15,13.68,10.56,11.5,12.73,13.68,15.02
2021-10-29,21.27,15.88,11.85,8.84,9.78,11.85,24.04,18.11,14.98,13.53,10.23,11.2,12.39,13.53,14.88
2021-11-01,20.89,15.77,12.12,9.34,10.23,12.12,23.75,17.88,14.93,13.59,10.4,11.36,12.52,13.59,14.97
2021-11-02,20.25,15.42,11.96,9.28,10.01,11.96,23.32,17.51,14.65,13.31,10.08,10.99,12.3,13.31,14.77
2021-11-03,17.82,13.65,10.96,9.18,9.57,10.96,21.93,16.56,13.87,12.56,9.67,10.52,11.62,12.56,14.27
2021-11-04,17.92,13.49,10.97,9.25,9.5,10.97,22.11,16.49,13.74,12.6,9.86,10.55,11.54,12.6,14.38
2021-11-05,17.96,13.71,11.02,9.96,10.11,11.02,23.26,17.24,14.34,13.12,10.47,11.1,12.07,13.12,14.81
2021-11-08,18.61,13.93,11.24,10.24,10.21,11.24,23.97,17.83,14.73,13.3,10.69,11.21,12.26,13.3,15.08
2021-11-09,19.46,15.18,12.62,10.44,10.88,12.62,24.51,18.37,15.33,13.82,10.76,11.53,12.79,13.82,15.43
2021-11-10,20.5,16.65,13.35,10.91,11.73,13.35,25.59,19.39,16.13,14.69,10.86,11.86,13.45,14.69,16.01
2021-11-11,17.94,14.9,11.58,9.47,10.19,11.58,23.99,18.5,15.41,14.0,10.54,11.36,12.8,14.0,15.59
2021-11-12,13.41,10.84,9.67,8.45,8.44,9.67,22.2,16.92,14.18,12.91,10.01,10.87,11.92,12.91,15.0
2021-11-15,12.88,11.2,10.35,9.39,9.29,10.35,21.99,16.95,14.23,12.99,10.07,10.88,12.08,12.99,15.12
2021-11-16,13.22,11.3,9.99,9.35,8.91,9.99,21.79,16.65,13.96,12.69,10.08,10.86,11.89,12.69,15.08
2021-11-17,11.93,10.9,10.29,9.03,9.16,10.29,22.71,17.16,14.5,13.14,10.24,11.11,12.15,13.14,15.61
2021-11-18,13.45,11.07,10.41,9.99,9.99,10.41,22.98,17.39,14.34,13.1,10.54,11.21,12.28,13.1,15.62
2021-11-19,7.31,6.93,6.52,6.12,6.2,6.52,23.6,17.4,14.57,13.15,10.22,11.04,12.09,13.15,15.78
2021-11-22,24.98,19.06,14.29,10.98,11.93,14.29,27.25,20.44,16.93,15.38,11.98,12.69,14.13,15.38,16.35
2021-11-23,24.74,18.73,14.29,11.16,11.94,14.29,26.74,20.16,16.77,15.27,11.99,12.67,13.99,15.27,16.28
2021-11-24,24.02,18.21,13.59,10.72,11.41,13.59,25.9,19.63,16.3,14.91,11.76,12.36,13.68,14.91,15.93
2021-11-26,37.92,29.52,22.93,15.2,18.15,22.93,36.48,27.78,23.34,21.55,14.92,16.85,19.63,21.55,21.59
2021-11-29,29.3,22.78,17.5,12.28,13.72,17.5,30.19,23.09,19.1,17.36,12.71,13.78,15.72,17.36,17.79
2021-11-30,36.71,28.49,22.49,14.77,17.26,22.49,35.13,26.76,22.45,20.16,14.02,15.81,18.42,20.16,20.11
2021-12-01,40.75,32.15,25.9,17.54,20.54,25.9,38.71,29.41,24.79,22.48,15.53,17.57,20.39,22.48,22.14
2021-12-02,35.27,28.34,22.3,15.48,17.78,22.3,35.5,27.25,22.72,20.62,14.65,16.23,18.72,20.62,20.75
2021-12-03,41.3,32.18,24.51,16.41,19.15,24.51,38.99,29.38,24.46,22.23,15.56,17.38,20.06,22.23,22.38
2021-12-06,35.16,27.3,21.23,14.93,16.9,21.23,34.74,26.28,21.98,19.81,14.31,15.71,17.95,19.81,20.49
2021-12-07,27.14,21.27,16.68,12.81,13.55,16.68,28.93,21.95,18.35,16.6,12.76,13.59,15.26,16.6,17.76
2021-12-08,20.89,17.5,14.09,12.09,12.43,14.09,26.1,20.19,16.86,15.52,12.29,12.82,14.17,15.52,17.03
2021-12-09,25.31,20.58,16.2,13.08,14.22,16.2,27.94,21.43,17.96,16.32,12.59,13.41,14.99,16.32,17.83
2021-12-10,18.71,15.52,12.54,10.75,11.05,12.54,25.64,19.37,15.99,14.45,11.33,11.86,13.3,14.45,16.51
2021-12-13,22.98,20.17,17.8,13.96,15.42,17.8,26.91,20.9,17.59,15.94,12.19,13.08,14.66,15.94,17.79
2021-12-14,24.94,23.66,21.14,17.41,18.16,21.14,28.6,22.56,19.23,17.4,12.74,14.03,15.87,17.4,18.87
2021-12-15,21.73,18.14,16.16,14.83,15.64,16.16,25.24,19.52,16.43,15.07,11.78,12.37,13.79,15.07,17.11
2021-12-16,26.25,23.44,20.73,18.41,19.47,20.73,26.87,20.84,17.64,16.0,12.05,13.11,14.75,16.0,17.86
2021-12-17,14.78,14.33,13.74,13.22,13.65,13.74,28.09,22.58,19.12,17.51,12.71,13.96,15.91,17.51,18.98
2021-12-20,29.62,24.16,19.3,13.8,15.46,19.3,32.11,25.34,21.58,19.44,13.98,15.45,17.62,19.44,19.69
2021-12-21,27.19,21.66,16.85,12.73,13.67,16.85,29.73,23.2,19.55,17.69,13.39,14.38,16.14,17.69,18.48
2021-12-22,24.37,18.92,14.41,11.32,12.04,14.41,27.38,21.35,17.77,16.04,12.43,13.22,14.68,16.04,17.22
2021-12-23,23.05,17.72,13.45,10.86,11.16,13.45,26.79,20.48,17.06,15.42,12.03,12.69,14.06,15.42,16.74
2021-12-27,21.71,16.19,12.34,10.71,10.72,12.34,25.66,19.31,15.97,14.46,11.74,12.16,13.39,14.46,16.01
2021-12-28,21.24,15.71,12.44,10.62,10.71,12.44,25.15,18.85,15.55,14.12,11.44,11.93,13.07,14.12,15.69
2021-12-29,19.57,14.7,11.85,10.18,10.38,11.85,24.03,18.16,15.03,13.66,10.98,11.42,12.57,13.66,15.33
2021-12-30,20.47,15.31,12.01,10.16,10.41,12.01,24.36,18.47,15.29,13.89,10.96,11.43,12.73,13.89,15.46
2021-12-31,19.82,15.04,11.99,9.85,10.42,11.99,24.0,18.17,15.16,13.91,10.91,11.53,12.7,13.91,15.54
2022-01-03,18.61,14.2,11.05,9.32,9.54,11.05,23.1,17.7,14.6,13.2,10.43,10.96,12.19,13.2,15.28
2022-01-04,18.8,14.29,11.34,9.35,9.88,11.34,23.31,17.86,14.75,13.45,10.56,11.2,12.46,13.45,15.49
2022-01-05,24.0,18.97,15.03,11.0,12.41,15.03,26.72,20.83,17.53,15.94,11.38,12.75,14.5,15.94,17.21
2022-01-06,23.19,18.54,14.83,10.66,12.19,14.83,26.43,21.02,17.66,16.07,11.37,12.82,14.56,16.07,17.39
2022-01-07,20.69,16.82,14.12,10.49,11.72,14.12,25.14,20.12,17.0,15.66,11.24,12.45,14.18,15.66,17.03
2022-01-10,22.83,18.8,14.99,11.53,12.62,14.99,25.57,20.39,17.32,15.66,11.38,12.61,14.31,15.66,17.05
2022-01-11,21.27,17.49,14.04,11.36,12.2,14.04,24.56,19.42,16.39,14.81,11.09,12.18,13.65,14.81,16.32
2022-01-12,18.68,15.7,13.18,11.02,11.75,13.18,23.62,18.72,15.83,14.36,10.8,11.89,13.26,14.36,16.04
2022-01-13,22.66,19.94,16.5,13.26,14.44,16.5,26.53,21.46,18.4,16.92,12.08,13.48,15.43,16.92,17.87
2022-01-14,19.46,17.33,14.08,11.56,13.17,14.08,24.94,20.48,17.61,16.05,11.55,12.97,14.71,16.05,17.21
2022-01-18,29.63,26.12,23.12,19.62,20.78,23.12,29.08,24.05,21.19,19.73,13.89,16.1,18.11,19.73,19.42
2022-01-19,26.88,24.64,23.48,21.1,20.22,23.48,29.78,24.77,21.9,20.4,14.65,16.7,18.77,20.4,19.96
2022-01-20,34.66,31.17,27.71,25.06,24.92,27.71,31.99,26.55,23.42,21.71,15.75,17.81,20.25,21.71,21.04
2022-01-21,23.84,23.26,22.28,20.95,21.48,22.28,35.52,29.47,26.33,24.37,18.07,20.44,22.96,24.37,23.0
2022-01-24,37.97,31.55,25.81,19.41,21.57,25.81,38.08,30.42,26.22,24.01,17.48,19.3,21.97,24.01,23.27
2022-01-25,39.58,32.99,27.51,20.19,22.62,27.51,39.27,31.36,27.08,25.17,18.09,20.15,22.94,25.17,24.32
2022-01-26,40.9,33.99,27.77,20.73,22.85,27.77,40.02,31.85,27.44,24.95,18.46,20.26,22.98,24.95,24.17
2022-01-27,38.67,32.51,27.71,20.48,22.71,27.71,38.33,30.96,26.88,24.94,18.28,20.3,22.91,24.94,23.79
2022-01-28,34.79,28.91,24.06,19.18,20.43,24.06,34.86,27.94,24.13,22.21,17.13,18.42,20.43,22.21,21.71
2022-01-31,31.13,25.9,21.03,17.38,18.24,21.03,32.13,25.64,22.02,20.11,15.91,16.9,18.61,20.11,20.05
2022-02-01,27.64,22.22,18.23,14.85,15.87,18.23,29.7,23.38,20.03,18.36,14.42,15.39,16.96,18.36,18.5
2022-02-02,26.34,21.67,17.5,14.6,15.21,17.5,29.45,23.1,19.75,17.78,14.12,15.05,16.53,17.78,19.03
2022-02-03,31.85,26.23,22.06,17.01,18.58,22.06,33.25,26.82,23.02,21.23,15.39,17.36,19.54,21.23,20.54
2022-02-04,27.26,23.4,19.71,15.83,17.3,19.71,31.16,25.25,21.88,20.04,14.84,16.41,18.39,20.04,20.23
2022-02-07,26.2,22.87,19.68,16.43,17.68,19.68,30.37,24.96,21.84,20.12,15.12,16.7,18.69,20.12,20.03
2022-02-08,24.76,21.08,18.29,15.17,16.22,18.29,28.9,23.26,20.08,18.45,14.14,15.49,17.17,18.45,18.88
2022-02-09,22.61,19.29,16.95,14.98,15.53,16.95,27.3,21.87,18.68,17.15,13.41,14.55,15.95,17.15,17.87
2022-02-10,28.74,24.76,21.72,18.3,19.24,21.72,31.65,25.86,22.28,20.71,15.36,17.07,19.04,20.71,20.23
2022-02-11,32.17,28.29,24.92,20.51,22.46,24.92,36.11,29.67,25.88,23.71,17.06,19.03,21.6,23.71,22.42
2022-02-14,33.44,29.74,26.55,22.61,24.53,26.55,36.76,30.2,26.1,24.14,17.5,19.56,22.21,24.14,22.59
2022-02-15,29.77,25.69,23.26,19.66,22.11,23.26,33.06,26.82,23.21,21.45,16.01,17.47,19.75,21.45,20.78
2022-02-16,25.05,21.95,21.24,18.67,18.15,21.24,31.08,25.51,22.1,20.18,15.2,16.47,18.59,20.18,19.84
2022-02-17,32.93,30.8,27.73,25.18,25.64,27.73,35.87,29.52,26.04,23.75,17.06,19.41,21.97,23.75,22.53
2022-02-18,21.63,20.78,19.91,18.44,19.12,19.91,35.13,29.74,26.23,24.4,17.29,19.83,22.54,24.4,22.71
2022-02-22,35.66,30.65,25.94,18.99,21.73,25.94,35.98,29.76,25.99,23.9,17.49,19.53,22.0,23.9,22.87
2022-02-23,37.59,32.51,27.67,20.94,23.48,27.67,37.64,31.33,27.73,25.65,18.81,21.09,23.64,25.65,24.73
2022-02-24,36.88,31.1,26.11,19.85,22.07,26.11,36.58,29.82,26.02,24.21,18.31,20.11,22.36,24.21,23.72
2022-02-25,34.67,28.92,23.64,17.58,19.62,23.64,34.34,27.91,24.09,22.22,16.63,18.42,20.63,22.22,21.88
2022-02-28,38.65,31.95,26.08,19.27,21.78,26.08,36.22,29.64,25.69,24.0,17.71,19.75,22.17,24.0,22.91
2022-03-01,43.34,36.75,30.15,21.48,25.23,30.15,40.66,33.61,29.25,26.96,19.5,22.12,24.88,26.96,25.14
2022-03-02,38.82,32.59,26.54,19.17,21.58,26.54,37.91,30.99,26.75,24.5,17.77,20.09,22.65,24.5,23.67
2022-03-03,38.74,32.96,26.69,18.73,21.62,26.69,37.89,31.26,27.04,24.85,17.63,20.04,22.66,24.85,23.86
2022-03-04,39.9,33.66,28.58,19.65,23.48,28.58,39.03,32.32,28.25,26.23,18.42,21.23,24.1,26.23,25.21
2022-03-07,46.64,40.57,33.67,26.07,29.18,33.67,43.7,36.53,32.81,29.0,21.3,24.08,27.12,29.0,27.71
2022-03-08,43.07,38.22,33.33,26.96,29.05,33.33,41.87,34.97,31.5,28.64,21.39,23.91,26.66,28.64,27.71
2022-03-09,39.68,35.46,30.18,23.31,25.94,30.18,39.19,32.77,28.92,26.86,19.66,22.04,24.83,26.86,25.82
2022-03-10,36.03,31.48,28.15,22.18,24.11,28.15,36.57,31.23,27.85,25.57,19.13,21.34,23.58,25.57,24.87
2022-03-11,34.95,31.7,28.83,24.61,26.04,28.83,36.66,31.34,28.16,26.51,20.06,22.08,24.5,26.51,25.84
2022-03-14,43.12,38.11,34.98,31.12,33.09,34.98,37.97,32.37,29.47,27.89,20.93,23.07,25.83,27.89,26.56
2022-03-15,37.69,34.91,32.95,28.12,30.42,32.95,35.81,31.0,27.77,25.69,19.83,21.61,23.72,25.69,25.14
2022-03-16,34.8,31.48,27.18,24.61,26.47,27.18,33.06,27.77,24.12,22.17,17.75,19.09,20.81,22.17,22.62
2022-03-17,31.22,27.13,23.88,21.36,22.13,23.88,31.95,26.03,22.54,20.87,16.82,18.01,19.56,20.87,21.63
2022-03-18,15.74,14.89,14.78,13.89,14.26,14.78,30.56,24.45,21.24,19.58,15.39,16.88,18.37,19.58,20.19
2022-03-21,29.83,24.18,19.66,15.39,17.01,19.66,31.17,25.44,21.73,19.69,14.67,16.13,18.13,19.69,20.2
2022-03-22,29.19,23.2,18.73,14.76,16.12,18.73,30.5,24.44,20.77,18.84,14.38,15.53,17.29,18.84,19.31
2022-03-23,29.63,24.09,19.59,15.39,16.58,19.59,30.65,25.17,21.56,19.7,14.77,16.14,18.13,19.7,20.08
2022-03-24,26.88,21.88,17.79,13.89,15.28,17.79,29.24,23.79,20.26,18.44,14.02,15.25,16.95,18.44,19.16
2022-03-25,25.77,21.02,16.62,12.91,14.27,16.62,28.64,23.1,19.67,17.79,13.44,14.62,16.3,17.79,18.65
2022-03-28,23.46,18.86,15.24,12.32,13.22,15.24,27.75,22.11,18.6,16.9,12.96,13.97,15.54,16.9,18.04
2022-03-29,21.96,17.86,15.0,13.03,13.15,15.0,26.47,21.01,17.73,16.24,12.9,13.61,15.03,16.24,17.3
2022-03-30,22.01,17.93,15.71,12.97,13.6,15.71,26.68,21.53,18.42,16.95,13.07,14.03,15.61,16.95,17.9
2022-03-31,22.55,19.04,16.42,13.68,14.89,16.42,27.77,22.72,19.63,18.03,13.51,14.83,16.58,18.03,18.74
2022-04-01,19.12,16.58,14.55,12.31,13.03,14.55,26.47,21.38,18.29,16.79,12.79,13.89,15.46,16.79,18.21
2022-04-04,17.66,15.52,13.44,11.63,12.43,13.44,24.85,19.91,17.1,15.65,12.19,13.07,14.46,15.65,17.27
2022-04-05,21.78,18.79,16.14,13.43,14.82,16.14,27.9,22.27,19.09,17.49,12.89,14.37,16.05,17.49,18.8
2022-04-06,22.73,19.98,17.18,14.15,15.4,17.18,28.62,23.27,20.17,18.35,13.15,14.83,16.75,18.35,19.63
2022-04-07,22.06,19.23,17.34,13.5,14.61,17.34,28.12,22.94,19.75,18.16,13.15,14.63,16.54,18.16,19.41
2022-04-08,19.02,16.65,15.85,12.93,13.59,15.85,27.45,22.47,19.32,18.0,12.88,14.49,16.42,18.0,19.38
2022-04-11,26.12,24.48,22.85,18.79,21.2,22.85,30.33,25.12,22.2,20.35,14.4,16.46,18.79,20.35,20.97
2022-04-12,23.74,22.12,21.47,18.18,18.55,21.47,30.53,25.17,22.3,20.57,14.53,16.51,18.77,20.57,21.11
2022-04-13,21.79,20.25,18.57,16.46,16.47,18.57,27.65,22.94,19.89,18.06,13.4,14.78,16.71,18.06,19.58
2022-04-14,12.0,11.57,11.38,11.36,11.55,11.38,28.11,23.63,21.06,19.44,14.18,15.84,17.87,19.44,20.53
2022-04-18,27.72,23.79,19.63,14.26,15.99,19.63,29.84,25.06,21.95,19.94,14.27,15.93,18.24,19.94,20.52
2022-04-19,26.38,22.56,17.86,13.56,14.87,17.86,28.47,23.89,20.69,18.56,13.89,15.17,17.01,18.56,19.68
2022-04-20,25.73,21.71,17.73,13.05,14.4,17.73,27.86,23.23,20.29,18.48,13.49,14.84,16.61,18.48,19.19
2022-04-21,27.67,23.65,19.8,14.5,16.23,19.8,29.44,24.79,21.83,20.21,14.56,16.25,18.42,20.21,20.78
2022-04-22,33.44,28.87,24.59,17.32,20.1,24.59,34.08,28.66,25.51,23.94,16.72,19.08,22.03,23.94,24.16
2022-04-25,32.8,28.38,23.68,16.82,19.37,23.68,33.27,27.93,24.85,23.03,16.14,18.49,21.11,23.03,23.39
2022-04-26,40.63,33.86,28.4,20.62,23.47,28.4,38.9,31.87,28.52,26.47,18.7,21.54,24.49,26.47,26.5
2022-04-27,39.44,32.37,27.18,19.6,22.51,27.18,38.07,30.98,27.53,25.59,18.16,20.96,23.65,25.59,24.92
2022-04-28,35.61,29.22,24.78,18.63,20.75,24.78,35.64,29.07,25.79,23.75,17.37,19.59,21.96,23.75,24.02
2022-04-29,42.39,34.55,29.14,21.89,24.76,29.14,39.68,32.17,28.68,26.86,19.53,22.32,25.04,26.86,26.11
2022-05-02,40.2,33.97,28.99,22.6,25.09,28.99,38.8,31.69,28.27,26.58,19.93,22.31,24.72,26.58,25.9
2022-05-03,36.26,31.23,27.16,20.57,23.24,27.16,36.0,29.84,26.68,24.99,18.72,20.91,23.36,24.99,24.55
2022-05-04,31.03,26.74,22.83,18.09,19.93,22.83,32.34,27.04,24.03,22.31,16.82,18.69,20.65,22.31,22.61
2022-05-05,38.63,33.95,29.48,23.06,25.52,29.48,38.38,31.82,28.49,26.64,20.08,22.62,25.01,26.64,25.76
2022-05-06,33.53,30.86,27.7,22.73,24.9,27.7,36.54,30.7,27.78,26.2,20.21,22.42,24.7,26.2,25.7
2022-05-09,42.16,38.51,34.28,28.73,31.13,34.28,42.06,35.33,32.15,30.15,23.6,26.28,28.68,30.15,28.5
2022-05-10,38.87,36.43,33.24,28.06,30.17,33.24,39.2,33.43,30.76,29.14,22.6,25.21,27.59,29.14,27.58
2022-05-11,36.4,33.61,32.08,28.91,29.57,32.08,32.72,28.87,26.33,25.35,22.28,22.94,24.34,25.35,27.54
2022-05-12,36.64,34.97,32.62,28.97,31.11,32.62,36.51,32.36,30.23,28.81,23.55,25.52,27.48,28.81,27.55
2022-05-13,32.56,30.19,29.24,23.53,26.33,29.24,33.6,29.74,27.62,26.14,20.95,23.18,25.03,26.14,25.5
2022-05-16,32.23,31.1,29.49,24.92,27.08,29.49,32.33,28.86,26.96,25.56,20.49,22.49,24.45,25.56,25.08
2022-05-17,31.5,29.9,27.55,24.79,25.34,27.55,30.98,27.53,25.42,24.19,19.52,21.32,23.04,24.19,23.96
2022-05-18,36.58,34.14,29.29,31.36,31.55,29.29,36.21,31.73,29.2,27.78,22.68,24.64,26.42,27.78,26.82
2022-05-19,27.13,26.26,25.69,24.84,25.33,25.69,34.2,30.17,27.89,26.65,22.16,23.65,25.47,26.65,25.51
2022-05-20,21.08,20.74,20.94,20.6,20.81,20.94,34.27,30.02,28.02,26.53,22.22,23.57,25.14,26.53,25.61
2022-05-23,33.16,29.81,26.46,22.21,23.64,26.46,34.2,29.33,26.69,25.32,20.51,22.27,23.96,25.32,25.35
2022-05-24,34.51,30.75,27.3,23.41,24.8,27.3,35.21,30.08,27.54,25.84,21.27,22.86,24.65,25.84,25.9
2022-05-25,32.58,29.68,26.65,22.94,24.26,26.65,33.51,29.14,26.57,25.45,20.83,22.61,24.15,25.45,25.37
2022-05-26,31.63,27.82,25.02,21.71,23.03,25.02,33.0,28.32,25.65,24.39,20.2,21.67,23.19,24.39,24.57
2022-05-27,29.17,26.38,23.26,19.99,21.32,23.26,31.44,27.39,24.4,22.97,18.45,20.1,21.78,22.97,23.27
2022-05-31,30.23,27.74,24.6,20.76,22.56,24.6,31.52,27.12,24.49,23.12,18.38,20.19,21.91,23.12,23.51
2022-06-01,29.52,27.35,24.15,20.3,21.94,24.15,31.03,27.01,24.54,23.03,18.22,20.07,21.75,23.03,23.57
2022-06-02,28.58,25.74,22.91,19.26,20.77,22.91,30.14,25.97,23.43,22.05,17.49,19.16,20.93,22.05,22.79
2022-06-03,27.98,25.77,22.67,19.26,20.6,22.67,30.16,26.15,23.74,22.48,17.89,19.56,21.24,22.48,23.28
2022-06-06,28.84,26.94,24.39,21.1,22.31,24.39,29.77,26.3,23.94,22.7,18.15,19.85,21.43,22.7,23.2
2022-06-07,27.53,25.93,22.94,20.24,21.16,22.94,29.09,25.41,23.16,21.61,17.36,19.03,20.53,21.61,22.7
2022-06-08,26.93,25.4,23.53,20.36,22.0,23.53,28.97,25.64,23.31,22.04,17.61,19.26,20.98,22.04,22.81
2022-06-09,30.76,28.78,27.29,24.54,25.48,27.29,30.74,27.29,25.26,24.08,19.23,20.91,22.66,24.08,24.13
2022-06-10,32.65,31.37,28.59,24.08,25.95,28.59,31.98,28.96,27.26,26.04,20.79,22.86,24.8,26.04,25.5
2022-06-13,54.45,47.5,44.6,39.1,40.41,44.6,39.86,34.39,32.14,30.78,24.66,27.03,29.29,30.78,28.53
2022-06-14,51.14,45.42,42.32,43.53,42.81,42.32,37.16,32.37,30.54,29.38,24.61,26.51,28.23,29.38,27.41
2022-06-15,41.63,40.05,39.69,41.25,39.38,39.69,33.9,30.36,28.17,27.2,23.24,24.78,26.17,27.2,25.95
2022-06-16,31.51,30.27,29.96,29.11,29.65,29.96,39.82,33.37,30.49,29.67,24.86,26.48,28.3,29.67,27.51
2022-06-17,21.4,20.9,20.91,20.92,21.07,20.91,36.45,31.09,28.7,27.75,24.55,25.56,26.56,27.75,26.64
2022-06-21,34.48,30.02,26.92,23.69,24.83,26.92,35.74,30.15,27.58,26.16,21.95,23.51,25.09,26.16,25.87
2022-06-22,32.95,29.11,26.23,23.72,24.4,26.23,34.64,29.52,26.93,25.66,21.68,22.78,24.47,25.66,25.52
2022-06-23,32.13,28.79,25.76,23.24,24.04,25.76,34.47,29.42,26.83,25.49,21.31,22.57,24.21,25.49,25.47
2022-06-24,30.8,27.13,24.04,21.53,22.29,24.04,32.92,28.03,25.51,23.94,20.33,21.43,22.79,23.94,24.24
2022-06-27,29.84,26.37,23.84,21.88,22.53,23.84,31.99,27.62,25.21,23.75,20.03,21.08,22.58,23.75,23.88
2022-06-28,31.33,27.94,25.19,22.47,23.4,25.19,33.09,29.02,26.41,24.97,20.42,21.77,23.59,24.97,24.88
2022-06-29,30.74,27.94,25.62,22.88,23.81,25.62,32.63,28.82,26.33,24.94,20.45,21.81,23.6,24.94,24.89
2022-06-30,31.28,28.43,26.06,22.92,24.05,26.06,33.55,29.49,26.7,25.46,20.84,22.14,24.05,25.46,25.47
2022-07-01,28.18,26.04,23.73,20.53,21.77,23.73,31.56,27.41,25.65,24.25,19.6,21.11,22.93,24.25,24.68
2022-07-05,30.62,28.55,25.89,22.4,23.67,25.89,32.33,28.79,26.32,24.75,19.81,21.44,23.35,24.75,24.84
2022-07-06,29.7,27.09,25.51,21.8,23.11,25.51,31.73,28.45,26.1,24.52,19.51,21.14,23.06,24.52,24.54
2022-07-07,28.17,26.19,23.38,20.21,21.44,23.38,31.32,27.72,25.21,23.58,19.21,20.54,22.24,23.58,23.99
2022-07-08,25.11,23.0,20.44,17.58,18.65,20.44,30.01,26.66,24.03,22.64,18.42,19.71,21.3,22.64,23.38
2022-07-11,27.66,26.57,25.24,22.26,24.36,25.24,31.2,27.89,25.35,23.94,19.26,20.7,22.58,23.94,24.21
2022-07-12,35.76,32.02,30.31,27.62,28.55,30.31,32.04,28.35,25.98,24.65,19.37,21.12,23.08,24.65,24.63
2022-07-13,31.0,29.13,27.84,23.63,26.95,27.84,31.15,27.89,25.57,24.4,19.51,21.01,23.06,24.4,24.66
2022-07-14,21.27,20.7,20.17,19.39,19.91,20.17,30.55,27.51,25.61,24.16,19.28,20.93,22.88,24.16,24.63
2022-07-15,14.57,14.16,14.16,13.51,13.89,14.16,28.73,25.59,23.48,22.2,17.93,19.34,20.84,22.2,23.19
2022-07-18,29.76,26.94,23.1,18.49,19.93,23.1,31.16,27.32,24.81,23.2,18.65,19.9,21.61,23.2,23.71
2022-07-19,29.47,26.27,22.3,18.34,18.66,22.3,30.99,26.96,24.09,22.49,18.56,19.63,20.93,22.49,22.47
2022-07-20,27.98,25.02,22.05,18.81,19.51,22.05,29.91,26.15,23.44,22.07,18.81,19.6,20.87,22.07,22.94
2022-07-21,27.34,23.67,20.53,18.18,18.61,20.53,29.36,25.22,22.42,21.21,18.36,19.02,20.11,21.21,22.3
2022-07-22,26.79,23.59,20.57,17.7,18.43,20.57,29.04,25.09,22.42,21.14,18.05,18.88,20.02,21.14,22.17
2022-07-25,26.96,23.84,20.99,17.7,18.66,20.99,28.97,25.19,22.5,21.13,17.89,18.82,20.12,21.13,22.35
2022-07-26,27.94,25.43,21.95,18.3,19.5,21.95,29.71,26.08,23.56,22.02,18.09,19.3,20.84,22.02,22.63
2022-07-27,26.75,23.06,20.03,17.41,18.11,20.03,28.82,24.74,21.88,20.74,17.58,18.48,19.69,20.74,21.6
2022-07-28,26.11,21.96,19.11,17.19,17.84,19.11,27.99,23.55,21.0,19.73,17.07,17.81,18.98,19.73,20.56
2022-07-29,23.49,20.44,18.18,16.24,16.78,18.18,26.88,22.47,20.15,19.08,16.45,17.22,18.26,19.08,20.31
2022-08-01,25.92,22.68,19.47,17.11,17.95,19.47,28.76,24.14,21.55,20.18,16.73,17.84,19.13,20.18,21.25
2022-08-02,27.09,24.28,20.82,17.4,18.6,20.82,29.72,25.46,22.49,21.09,17.08,18.42,19.96,21.09,22.07
2022-08-03,24.08,21.08,18.61,16.49,17.28,18.61,27.57,23.25,20.72,19.53,16.47,17.5,18.64,19.53,20.95
2022-08-04,23.14,20.32,18.08,16.09,16.93,18.08,27.41,22.93,20.41,19.31,16.14,17.23,18.41,19.31,20.96
2022-08-05,22.72,19.91,17.43,15.31,16.01,17.43,27.07,22.74,20.08,18.95,15.56,16.66,17.99,18.95,20.85
2022-08-08,23.01,20.41,18.16,16.18,16.85,18.16,27.62,23.02,20.42,19.2,15.8,16.93,18.26,19.2,21.11
2022-08-09,23.84,21.31,18.96,17.15,17.87,18.96,27.76,23.32,20.81,19.61,16.02,17.2,18.56,19.61,21.41
2022-08-10,19.95,17.81,16.43,15.69,15.79,16.43,25.25,21.16,18.96,17.89,15.33,16.13,17.04,17.89,20.12
2022-08-11,20.05,17.96,16.42,14.88,15.08,16.42,25.54,21.12,19.13,18.06,15.19,16.05,17.1,18.06,20.26
2022-08-12,17.72,15.82,14.47,13.22,14.26,14.47,24.21,20.19,18.26,16.97,14.78,15.53,16.33,16.97,19.66
2022-08-15,18.79,17.54,17.28,16.11,16.43,17.28,23.93,20.39,18.53,17.3,14.98,15.95,16.66,17.3,19.96
2022-08-16,19.61,18.53,16.93,15.41,15.68,16.93,23.87,20.37,18.39,17.59,14.57,15.45,16.45,17.59,19.98
2022-08-17,19.87,18.51,17.33,16.43,18.11,17.33,24.09,20.83,19.06,17.62,14.83,15.88,16.95,17.62,20.28
2022-08-18,13.83,13.49,13.18,12.45,12.46,13.18,23.2,19.86,18.15,17.0,14.38,15.32,16.1,17.0,20.02
2022-08-19,12.1,11.79,11.34,10.66,10.87,11.34,24.35,20.93,19.16,17.69,14.74,15.85,17.02,17.69,21.04
2022-08-22,27.87,23.73,20.56,16.58,17.88,20.56,30.14,25.74,23.28,21.34,16.66,18.32,20.01,21.34,22.42
2022-08-23,28.04,24.14,20.49,16.82,18.29,20.49,29.95,25.57,23.11,21.31,16.83,18.43,20.07,21.31,22.54
2022-08-24,26.47,22.77,19.82,16.1,17.41,19.82,28.6,24.52,22.18,20.34,16.13,17.6,19.17,20.34,21.54
2022-08-25,24.67,21.51,18.33,15.48,16.32,18.33,27.36,23.51,21.13,19.43,15.66,16.96,18.34,19.43,20.92
2022-08-26,30.03,25.54,22.13,18.19,19.39,22.13,31.17,26.6,24.17,22.28,17.68,19.24,21.04,22.28,23.25
2022-08-29,30.9,26.96,22.99,19.14,20.69,22.99,31.65,27.06,24.58,22.71,18.02,19.66,21.43,22.71,23.2
2022-08-30,30.58,26.92,23.21,19.43,21.18,23.21,31.44,27.02,24.61,22.9,18.16,19.81,21.71,22.9,23.54
2022-08-31,29.97,26.84,23.52,19.67,20.83,23.52,30.89,27.0,24.65,22.69,18.02,19.7,21.39,22.69,23.29
2022-09-01,29.61,25.88,22.78,19.34,20.3,22.78,30.36,26.44,24.04,22.39,18.17,19.54,21.17,22.39,23.1
2022-09-02,28.69,25.89,22.95,19.16,20.35,22.95,30.48,26.62,24.4,22.44,18.21,19.6,21.38,22.44,23.3
2022-09-06,30.79,27.95,25.28,22.16,23.01,25.28,31.76,27.75,25.32,23.6,19.45,20.65,22.34,23.6,24.17
2022-09-07,27.23,25.42,22.38,21.08,20.9,22.38,29.13,25.69,23.49,21.87,18.39,19.49,20.78,21.87,22.92
2022-09-08,26.46,23.87,20.69,20.03,19.76,20.69,28.11,24.83,22.72,21.26,18.12,18.94,20.2,21.26,22.27
2022-09-09,23.75,20.85,19.58,18.16,19.03,19.58,27.2,24.0,22.35,20.2,17.52,18.27,19.42,20.2,21.72
2022-09-12,29.74,27.5,27.33,24.42,25.7,27.33,27.89,24.36,22.34,21.15,18.44,19.32,20.35,21.15,22.08
2022-09-13,36.52,31.63,28.82,27.43,27.83,28.82,31.44,27.24,24.91,24.07,20.01,21.16,22.86,24.07,24.12
2022-09-14,31.03,26.67,25.46,26.19,26.32,25.46,30.5,26.77,24.76,23.09,19.38,20.53,22.06,23.09,23.72
2022-09-15,22.16,21.42,21.39,20.67,21.1,21.39,30.79,27.07,25.11,23.96,19.74,21.09,22.76,23.96,24.53
2022-09-16,18.08,17.78,17.35,16.06,16.45,17.35,30.43,27.38,25.46,24.01,19.76,21.27,22.87,24.01,24.44
2022-09-19,29.38,26.68,24.08,20.24,21.46,24.08,30.75,27.19,25.09,23.66,19.54,20.98,22.45,23.66,23.98
2022-09-20,31.58,28.32,25.16,20.77,22.38,25.16,32.25,28.29,26.21,24.44,20.08,21.7,23.23,24.44,24.76
2022-09-21,32.36,29.17,26.24,21.68,23.46,26.24,33.26,29.1,27.18,25.56,20.93,22.63,24.4,25.56,25.59
2022-09-22,31.21,28.06,25.59,21.8,23.24,25.59,32.19,28.34,26.46,24.95,21.13,22.64,23.98,24.95,24.94
2022-09-23,34.91,30.76,27.4,23.01,24.71,27.4,35.61,30.45,28.1,26.31,22.16,23.61,25.17,26.31,26.15
2022-09-26,37.9,33.97,29.74,24.98,26.79,29.74,37.88,32.5,29.79,28.07,23.26,25.05,26.83,28.07,27.47
2022-09-27,38.22,33.85,29.82,24.52,26.28,29.82,38.44,32.72,29.94,27.94,22.84,24.64,26.58,27.94,27.24
2022-09-28,35.46,31.36,27.67,23.22,24.76,27.67,36.11,30.86,28.23,26.48,22.08,23.53,25.15,26.48,26.29
2022-09-29,37.24,32.91,29.31,24.18,26.15,29.31,37.65,32.17,29.37,27.45,22.53,24.22,26.1,27.45,26.9
2022-09-30,36.72,31.93,29.42,24.28,26.25,29.42,37.94,32.02,29.24,27.52,22.53,24.19,26.12,27.52,26.99
2022-10-03,34.59,30.35,27.99,23.33,25.28,27.99,35.88,30.7,28.03,26.42,22.19,23.57,25.16,26.42,25.84
2022-10-04,33.19,29.17,26.24,22.87,23.9,26.24,34.33,29.46,26.93,25.23,21.78,22.77,24.19,25.23,24.99
2022-10-05,31.77,28.57,26.36,22.55,23.97,26.36,34.05,29.24,26.78,25.21,21.37,22.68,24.11,25.21,25.07
2022-10-06,34.05,30.68,27.97,23.94,25.6,27.97,35.6,30.73,28.25,26.57,22.29,23.76,25.36,26.57,25.96
2022-10-07,33.53,30.8,28.44,24.13,25.94,28.44,36.86,31.77,29.33,27.65,23.0,24.62,26.39,27.65,26.81
2022-10-10,34.83,32.45,30.67,27.01,28.64,30.67,37.59,32.72,30.37,28.71,24.41,25.8,27.55,28.71,27.62
2022-10-11,38.16,34.84,32.99,29.62,30.42,32.99,38.74,33.6,31.15,29.5,25.42,26.75,28.35,29.5,28.01
2022-10-12,37.21,34.61,33.79,30.89,32.18,33.79,37.96,33.07,30.94,29.51,25.72,26.97,28.48,29.51,27.94
2022-10-13,33.7,31.52,31.01,29.2,29.95,31.01,35.49,31.86,29.91,28.53,25.59,26.5,27.66,28.53,27.23
2022-10-14,32.02,29.54,28.21,26.39,26.59,28.21,35.77,31.9,30.14,28.92,25.5,26.63,27.97,28.92,27.54
2022-10-17,34.31,32.25,31.97,30.31,31.44,31.97,35.39,31.91,30.11,28.59,25.37,26.53,27.73,28.59,27.07
2022-10-18,32.41,32.4,29.59,30.23,31.25,29.59,34.55,31.01,29.29,28.39,25.36,26.37,27.42,28.39,26.36
2022-10-19,31.68,28.83,29.23,31.2,31.49,29.23,34.8,31.17,29.28,28.21,25.21,26.19,27.17,28.21,26.67
2022-10-20,22.02,21.88,21.66,20.81,21.07,21.66,33.71,30.67,29.18,27.92,24.78,25.88,27.03,27.92,26.77
2022-10-21,18.53,18.24,17.97,17.17,17.42,17.97,33.18,30.4,28.82,27.76,25.35,26.04,26.93,27.76,26.55
2022-10-24,33.56,30.98,28.54,26.38,27.22,28.54,34.02,30.31,28.52,27.08,24.24,25.28,26.38,27.08,26.43
2022-10-25,32.07,29.37,27.64,25.52,26.55,27.64,33.13,29.47,27.57,26.26,23.24,24.29,25.44,26.26,25.61
2022-10-26,31.45,29.11,26.71,24.18,25.14,26.71,31.97,28.55,26.92,25.35,22.41,23.45,24.55,25.35,24.89
2022-10-27,29.38,27.04,25.78,25.28,28.04,25.78,31.5,27.92,25.1,27.24,23.45,25.56,25.85,27.24,25.11
2022-10-28,29.35,27.61,25.53,23.05,24.06,25.53,30.35,27.35,25.79,24.35,21.47,22.52,23.62,24.35,24.1
2022-10-31,29.49,28.05,26.47,23.99,24.96,26.47,30.38,27.49,25.81,24.47,21.66,22.68,23.76,24.47,24.08
2022-11-01,29.54,28.1,26.73,24.23,25.27,26.73,30.11,27.4,25.82,24.51,21.78,22.75,23.8,24.51,24.12
2022-11-02,29.11,27.97,26.6,24.44,25.28,26.6,30.27,27.71,26.22,24.8,22.14,23.17,24.07,24.8,24.64
2022-11-03,27.83,27.4,26.5,24.66,25.48,26.5,29.27,27.37,26.26,24.88,22.29,23.28,24.27,24.88,24.59
2022-11-04,27.52,26.62,25.37,23.49,24.36,25.37,28.68,26.66,25.37,24.05,21.61,22.72,23.57,24.05,23.67
2022-11-07,28.08,26.86,26.02,23.9,24.93,26.02,28.53,26.28,25.11,23.93,21.56,22.5,23.48,23.93,23.6
2022-11-08,30.32,28.42,27.64,25.35,26.32,27.64,30.21,27.36,25.91,24.73,21.98,23.12,23.95,24.73,24.13
2022-11-09,30.59,29.06,28.13,25.96,26.96,28.13,30.91,27.93,26.47,25.07,22.4,23.43,24.41,25.07,25.06
2022-11-10,27.17,25.37,24.18,22.45,23.24,24.18,28.2,25.7,24.36,23.12,21.05,21.84,22.63,23.12,23.38
2022-11-11,24.29,21.96,20.47,19.6,19.86,20.47,27.61,24.43,22.9,21.64,19.3,20.06,20.96,21.64,22.83
2022-11-14,25.9,24.27,22.46,21.54,21.58,22.46,28.31,24.96,23.38,22.06,19.5,20.25,21.24,22.06,22.83
2022-11-15,28.89,26.79,24.84,24.09,24.1,24.84,29.28,25.69,23.8,22.26,19.65,20.46,21.48,22.26,22.82
2022-11-16,24.26,22.68,21.22,21.73,22.86,21.22,28.37,24.94,23.36,22.0,19.37,20.23,21.21,22.0,22.46
2022-11-17,26.97,25.47,24.21,23.49,23.59,24.21,27.47,24.69,23.31,22.01,19.38,20.23,21.26,22.01,22.65
2022-11-18,12.95,12.89,12.74,12.94,13.09,12.74,26.37,23.92,22.62,21.33,18.68,19.55,20.72,21.33,22.45
2022-11-21,25.55,23.36,20.94,18.22,19.27,20.94,27.21,23.79,22.06,20.55,17.18,18.46,19.7,20.55,22.06
2022-11-22,24.51,22.3,19.92,17.37,18.3,19.92,26.02,22.93,21.19,19.71,16.47,17.64,18.85,19.71,21.29
2022-11-23,23.58,21.4,18.94,16.28,17.21,18.94,25.78,22.43,20.59,18.84,15.68,16.8,18.01,18.84,20.76
2022-11-25,24.03,21.14,18.96,16.26,17.15,18.96,26.02,22.49,20.54,18.99,15.73,16.91,18.1,18.99,20.55
2022-11-28,26.15,24.29,22.02,18.54,19.88,22.02,27.52,24.13,22.13,20.49,16.72,18.14,19.55,20.49,21.83
2022-11-29,25.83,24.41,22.3,19.07,20.39,22.3,26.87,23.7,21.95,20.38,16.8,18.1,19.43,20.38,22.03
2022-11-30,24.86,23.31,20.94,19.0,19.82,20.94,25.44,22.56,20.73,19.19,16.16,17.2,18.37,19.19,20.84
2022-12-01,23.78,22.43,20.93,18.98,19.64,20.93,24.88,22.04,20.24,18.76,16.05,16.94,17.97,18.76,20.41
2022-12-02,23.27,21.74,20.03,17.98,18.69,20.03,24.14,21.39,19.71,18.26,15.48,16.48,17.51,18.26,20.26
2022-12-05,26.29,25.13,23.37,20.54,21.53,23.37,25.48,22.65,20.95,19.54,16.23,17.36,18.65,19.54,21.3
2022-12-06,28.84,27.83,26.39,23.21,24.24,26.39,26.65,23.93,22.31,20.9,17.31,18.55,19.92,20.9,22.07
2022-12-07,29.83,28.69,27.35,23.74,25.32,27.35,27.31,24.45,22.9,21.28,17.58,18.95,20.4,21.28,22.54
2022-12-08,29.19,28.79,27.43,24.12,25.15,27.43,26.61,23.97,22.25,20.8,17.27,18.48,19.82,20.8,22.0
2022-12-09,29.68,29.37,28.44,24.82,26.3,28.44,26.85,24.29,22.6,21.15,17.67,18.93,20.26,21.15,22.75
2022-12-12,40.28,40.48,40.14,37.51,38.47,40.14,27.9,25.17,23.45,22.09,19.11,20.08,21.28,22.09,22.74
2022-12-13,32.96,32.38,32.67,31.46,32.02,32.67,25.28,22.69,21.08,20.06,17.51,18.32,19.31,20.06,21.51
2022-12-14,27.89,24.32,23.43,23.7,24.41,23.43,23.26,21.0,19.66,18.89,16.11,17.06,18.13,18.89,20.94
2022-12-15,30.32,28.16,27.42,27.25,27.97,27.42,25.21,22.41,21.06,20.24,17.09,18.19,19.4,20.24,22.46
2022-12-16,13.62,13.11,12.61,15.56,15.8,12.61,25.19,22.6,21.38,20.82,17.45,18.64,19.95,20.82,22.76
2022-12-19,25.08,22.62,20.64,17.96,18.82,20.64,26.67,24.34,22.92,21.72,18.21,19.42,20.8,21.72,22.73
2022-12-20,23.98,21.92,20.05,17.48,18.19,20.05,26.05,23.84,22.33,21.2,17.91,19.05,20.32,21.2,22.31
2022-12-21,22.41,20.69,18.79,16.73,17.24,18.79,24.79,22.75,21.31,20.15,17.15,18.17,19.36,20.15,21.5
2022-12-22,24.54,22.31,20.9,18.17,19.06,20.9,26.36,24.11,22.61,21.71,18.4,19.49,20.8,21.71,22.6
2022-12-23,23.45,21.5,19.66,16.96,17.89,19.66,25.62,23.61,22.08,20.94,17.6,18.71,20.02,20.94,22.17
2022-12-27,23.94,22.14,20.79,18.19,19.13,20.79,25.76,23.89,22.58,21.33,18.17,19.28,20.49,21.33,22.68
2022-12-28,24.45,22.83,21.44,18.85,19.75,21.44,25.87,24.29,23.0,21.92,18.66,19.8,21.08,21.92,22.9
2022-12-29,23.82,21.96,20.43,17.81,18.63,20.43,25.37,23.69,22.33,21.17,18.02,19.09,20.31,21.17,22.16
2022-12-30,23.82,21.93,20.68,17.7,18.9,20.68,25.44,23.7,22.36,21.18,17.9,19.09,20.33,21.18,22.27
2023-01-03,24.63,23.06,21.95,19.13,20.27,21.95,25.86,24.1,22.8,21.67,18.5,19.6,20.79,21.67,22.62
2023-01-04,22.92,22.02,20.87,18.45,19.45,20.87,24.78,23.25,21.97,20.89,17.9,18.95,20.09,20.89,21.76
2023-01-05,23.57,22.45,21.58,19.36,20.25,21.58,25.22,23.43,22.27,21.2,18.22,19.25,20.41,21.2,21.99
2023-01-06,21.17,20.24,19.77,17.64,18.6,19.77,24.25,22.44,21.14,20.04,17.37,18.3,19.36,20.04,20.83
2023-01-09,23.67,22.54,21.85,19.94,20.76,21.85,25.21,23.21,21.9,20.86,18.09,19.01,20.12,20.86,21.42
2023-01-10,22.4,21.6,20.82,18.67,19.76,20.82,24.04,22.1,20.74,19.7,16.97,17.93,19.02,19.7,20.27
2023-01-11,24.05,23.05,22.33,19.77,20.72,22.33,24.41,22.43,20.98,20.01,17.43,18.31,19.3,20.01,20.2
2023-01-12,17.69,16.36,15.81,14.49,14.89,15.81,22.09,19.89,18.64,17.75,15.72,16.33,17.14,17.75,19.01
2023-01-13,15.41,13.46,12.58,12.05,12.69,12.58,21.89,19.24,17.79,16.98,14.98,15.55,16.35,16.98,18.35
2023-01-17,20.14,17.65,17.27,15.96,15.5,17.27,22.55,19.96,18.44,17.63,15.21,15.93,16.93,17.63,18.55
2023-01-18,19.33,17.85,18.85,17.86,18.12,18.85,23.6,21.03,19.6,18.59,15.84,16.74,17.76,18.59,19.36
2023-01-19,20.68,19.2,19.92,19.56,19.62,19.92,23.88,21.27,19.75,18.97,15.84,16.95,18.16,18.97,19.63
2023-01-20,11.03,10.75,10.55,10.46,10.67,10.55,23.17,20.61,19.0,18.18,15.47,16.44,17.46,18.18,18.85
2023-01-23,23.8,20.77,18.28,15.91,16.72,18.28,24.77,21.08,18.96,17.69,15.0,15.88,16.9,17.69,18.47
2023-01-24,23.1,20.11,18.08,15.68,16.47,18.08,24.07,20.43,18.42,17.17,14.63,15.45,16.41,17.17,17.91
2023-01-25,22.96,20.39,18.03,15.7,16.41,18.03,23.97,20.46,18.43,17.16,14.67,15.43,16.38,17.16,17.86
2023-01-26,22.48,19.96,17.88,15.38,16.23,17.88,23.71,20.09,18.04,16.9,14.42,15.24,16.12,16.9,17.5
2023-01-27,22.19,19.88,17.67,15.21,16.08,17.67,23.55,19.89,17.81,16.65,14.17,14.95,15.92,16.65,17.16
2023-01-30,24.28,22.01,20.02,16.97,18.09,20.02,24.92,21.26,19.13,17.84,15.01,15.95,17.06,17.84,18.05
2023-01-31,24.24,21.68,19.26,16.43,17.37,19.26,24.3,20.56,18.41,17.2,14.45,15.35,16.36,17.2,17.52
2023-02-01,22.07,19.15,17.28,15.18,15.8,17.28,22.87,19.19,17.24,16.12,13.74,14.45,15.38,16.12,16.87
2023-02-02,22.74,19.56,17.71,16.23,16.66,17.71,24.18,19.71,17.51,16.44,14.41,14.94,15.73,16.44,17.19
2023-02-03,21.68,19.14,17.6,16.13,16.48,17.6,23.58,19.61,17.55,16.44,14.53,14.97,15.75,16.44,17.29
2023-02-06,23.51,21.21,19.4,17.76,18.26,19.4,24.48,20.63,18.55,17.37,14.94,15.64,16.59,17.37,18.09
2023-02-07,22.01,19.88,18.42,17.2,17.77,18.42,23.36,19.79,17.96,16.89,14.46,15.27,16.11,16.89,17.52
2023-02-08,23.19,21.61,20.41,18.14,18.91,20.41,24.5,21.04,18.91,17.73,14.98,15.88,16.94,17.73,18.46
2023-02-09,26.01,24.42,22.75,19.82,20.96,22.75,25.47,22.1,20.12,18.79,15.51,16.66,17.88,18.79,19.24
2023-02-10,25.04,24.0,22.5,18.84,20.41,22.5,24.94,22.01,20.07,18.77,15.53,16.61,17.86,18.77,19.27
2023-02-13,29.41,28.05,25.06,22.24,23.44,25.06,24.47,21.4,19.4,18.28,15.28,16.33,17.43,18.28,18.46
2023-02-14,22.46,19.78,18.01,18.13,17.94,18.01,22.83,19.89,18.04,17.0,14.24,15.15,16.15,17.0,17.82
2023-02-15,19.18,18.7,16.79,16.37,16.65,16.79,22.08,19.01,17.24,16.15,13.5,14.5,15.42,16.15,17.52
2023-02-16,33.27,27.62,22.56,21.32,21.6,22.56,24.43,20.99,18.96,17.67,14.31,15.51,16.74,17.67,18.39
2023-02-17,11.43,11.33,10.68,10.21,10.34,10.68,23.65,20.68,18.77,17.55,14.06,15.32,16.56,17.55,18.44
2023-02-21,26.03,23.21,19.99,16.15,17.53,19.99,27.27,23.18,20.92,19.21,15.22,16.65,18.07,19.21,20.19
2023-02-22,25.21,22.56,19.63,15.51,17.14,19.63,26.28,22.62,20.42,18.8,14.81,16.25,17.71,18.8,19.54
2023-02-23,23.83,21.31,18.49,15.25,16.44,18.49,24.99,21.66,19.51,18.1,14.52,15.75,17.08,18.1,18.96
2023-02-24,23.71,21.71,19.37,15.96,17.26,19.37,25.55,22.36,20.31,18.84,15.19,16.48,17.82,18.84,19.74
2023-02-27,22.8,21.15,19.01,15.94,17.06,19.01,24.44,21.57,19.67,18.31,14.75,16.0,17.32,18.31,19.16
2023-02-28,22.52,21.0,19.23,16.08,17.28,19.23,23.87,21.23,19.49,18.1,14.73,15.92,17.12,18.1,18.86
2023-03-01,22.04,21.05,19.24,16.55,17.69,19.24,23.64,21.31,19.69,18.31,15.08,16.23,17.41,18.31,18.95
2023-03-02,21.34,20.23,18.41,15.9,16.85,18.41,22.67,20.57,19.02,17.62,14.6,15.68,16.79,17.62,18.54
2023-03-03,20.59,18.87,17.04,14.98,15.77,17.04,21.9,19.55,17.83,16.71,14.23,15.08,15.98,16.71,17.64
2023-03-06,22.06,20.16,18.22,16.18,16.94,18.22,21.76,19.47,17.87,16.72,14.39,15.25,16.07,16.72,17.86
2023-03-07,23.44,21.88,19.6,17.5,18.11,19.6,22.46,20.35,18.87,17.64,14.97,15.84,16.85,17.64,18.41
2023-03-08,23.29,21.58,19.63,17.48,18.01,19.63,22.02,19.86,18.36,17.24,14.68,15.5,16.5,17.24,18.05
2023-03-09,27.92,26.25,24.42,20.98,22.46,24.42,25.5,22.96,21.3,19.94,16.46,17.65,18.95,19.94,19.98
2023-03-10,29.37,27.12,25.09,21.38,22.95,25.09,28.51,24.66,22.46,21.3,16.65,18.36,20.11,21.3,21.36
2023-03-13,38.16,35.33,33.63,28.9,31.0,33.63,30.33,26.22,23.89,22.95,17.83,19.73,21.63,22.95,22.19
2023-03-14,30.48,26.53,23.13,21.01,23.37,23.13,27.52,23.79,21.54,20.19,16.01,17.5,19.15,20.19,20.66
2023-03-15,33.44,30.71,26.51,22.8,26.02,26.51,31.2,26.01,23.25,21.84,16.74,18.57,20.49,21.84,22.11
2023-03-16,28.04,25.54,23.77,22.16,22.89,23.77,27.39,22.94,20.54,19.35,15.59,16.85,18.19,19.35,20.3
2023-03-17,19.12,18.54,18.23,17.88,18.24,18.23,30.61,25.88,23.16,21.99,16.96,18.73,20.7,21.99,22.37
2023-03-20,29.49,24.98,21.01,16.42,17.89,21.01,30.5,25.27,22.28,20.67,15.85,17.49,19.29,20.67,21.3
2023-03-21,25.93,22.09,18.9,15.63,16.62,18.9,27.19,22.89,20.4,19.04,15.17,16.42,17.9,19.04,19.7
2023-03-22,27.07,23.24,20.2,16.04,17.32,20.2,28.02,23.92,21.51,19.91,15.63,17.05,18.7,19.91,20.63
2023-03-23,27.66,24.03,20.08,15.61,17.14,20.08,28.46,24.39,22.0,20.15,15.74,17.23,18.97,20.15,20.81
2023-03-24,26.35,22.73,19.31,15.25,16.6,19.31,27.47,23.64,21.06,19.46,15.23,16.65,18.31,19.46,20.37
2023-03-27,24.33,21.17,18.56,14.91,16.13,18.56,25.92,22.41,20.14,18.62,14.79,16.0,17.51,18.62,19.53
2023-03-28,23.04,20.36,17.92,14.69,15.79,17.92,24.98,21.79,19.8,18.23,14.59,15.84,17.21,18.23,19.22
2023-03-29,22.5,19.52,16.75,14.1,14.85,16.75,24.29,20.96,18.85,17.45,14.22,15.2,16.54,17.45,18.53
2023-03-30,22.46,19.1,16.32,13.6,14.49,16.32,24.22,20.73,18.49,17.1,14.03,14.92,16.13,17.1,18.42
2023-03-31,21.35,18.18,15.84,13.58,14.15,15.84,24.16,20.51,18.2,16.7,13.72,14.6,15.74,16.7,18.09
2023-04-03,20.14,17.25,15.43,13.68,14.17,15.43,23.5,19.86,17.67,16.24,13.59,14.35,15.38,16.24,17.35
2023-04-04,20.52,17.65,15.58,13.53,14.23,15.58,23.7,20.22,17.91,16.55,13.57,14.52,15.67,16.55,17.99
2023-04-05,20.07,17.3,15.63,13.36,14.14,15.63,23.75,20.38,18.16,16.75,13.6,14.57,15.8,16.75,18.37
2023-04-06,18.37,16.26,14.64,12.7,13.31,14.64,22.9,19.72,17.56,16.18,13.24,14.18,15.32,16.18,17.61
2023-04-10,19.21,16.97,15.51,13.31,14.11,15.51,23.29,19.88,17.65,16.33,13.33,14.3,15.44,16.33,17.92
2023-04-11,19.08,16.7,15.46,13.76,14.42,15.46,23.42,19.96,17.71,16.3,13.42,14.28,15.42,16.3,17.84
2023-04-12,18.35,15.92,14.92,12.84,13.6,14.92,23.36,20.04,17.79,16.4,13.09,14.13,15.42,16.4,17.84
2023-04-13,15.87,14.23,13.42,12.14,12.53,13.42,21.69,18.33,16.35,15.19,12.59,13.38,14.39,15.19,16.99
2023-04-14,13.95,12.18,11.65,10.51,10.91,11.65,20.85,17.59,15.76,14.54,12.19,12.91,13.84,14.54,16.48
2023-04-17,15.03,12.56,13.18,11.84,12.44,13.18,20.63,17.19,15.21,14.3,11.97,12.67,13.54,14.3,15.97
2023-04-18,16.68,13.16,13.56,12.64,12.9,13.56,20.88,17.24,15.08,14.03,11.65,12.31,13.25,14.03,15.88
2023-04-19,14.58,13.41,12.85,11.93,11.55,12.85,20.76,17.13,14.94,13.93,11.31,12.03,13.1,13.93,15.97
2023-04-20,16.36,14.78,13.58,12.88,13.19,13.58,21.57,17.79,15.56,14.56,11.3,12.28,13.46,14.56,16.45
2023-04-21,8.89,8.62,8.18,7.7,7.83,8.18,21.0,17.38,15.22,14.08,11.07,11.89,13.05,14.08,16.27
2023-04-24,20.96,17.41,14.25,11.17,12.08,14.25,23.82,19.11,16.27,14.61,11.22,12.19,13.5,14.61,16.44
2023-04-25,23.28,19.73,16.24,12.13,13.6,16.24,25.63,20.9,18.02,16.16,11.98,13.24,14.85,16.16,17.79
2023-04-26,23.08,19.99,16.42,12.22,13.76,16.42,25.19,20.93,18.24,16.3,11.92,13.33,14.99,16.3,17.89
2023-04-27,20.35,17.11,14.26,11.41,12.24,14.26,23.34,18.83,16.13,14.66,11.31,12.25,13.54,14.66,16.24
2023-04-28,18.9,15.63,12.82,10.63,11.29,12.82,22.09,17.64,15.11,13.6,10.81,11.5,12.61,13.6,15.57
2023-05-01,19.17,15.74,13.16,10.98,11.73,13.16,22.4,17.88,15.22,13.78,11.04,11.74,12.83,13.78,15.91
2023-05-02,21.97,18.7,15.43,12.09,13.26,15.43,24.55,20.02,17.09,15.35,11.5,12.64,14.11,15.35,16.87
2023-05-03,22.4,18.92,15.97,12.73,13.75,15.97,24.96,20.5,17.65,15.92,11.93,13.1,14.65,15.92,17.51
2023-05-04,24.54,21.1,17.87,13.64,14.98,17.87,26.66,22.27,19.37,17.59,12.77,14.25,16.06,17.59,18.62
2023-05-05,19.7,16.38,13.66,10.91,11.8,13.66,24.01,19.62,16.59,15.03,11.27,12.3,13.8,15.03,17.0
2023-05-08,19.17,15.92,13.42,10.92,11.61,13.42,23.96,19.33,16.42,14.76,11.19,12.16,13.6,14.76,16.7
2023-05-09,19.85,17.07,14.44,11.6,12.82,14.44,24.45,19.89,16.93,15.23,11.44,12.61,14.02,15.23,17.06
2023-05-10,17.75,14.66,12.62,10.23,11.28,12.62,23.6,18.96,16.13,14.43,11.06,11.97,13.38,14.43,16.78
2023-05-11,17.05,14.24,12.17,10.39,10.66,12.17,23.33,18.69,15.92,14.32,10.95,11.89,13.2,14.32,16.68
2023-05-12,16.15,13.7,11.01,9.86,10.69,11.01,23.05,18.59,15.83,14.29,10.8,11.83,13.27,14.29,16.59
2023-05-15,17.57,13.78,12.2,10.41,10.95,12.2,22.77,18.07,15.35,13.88,10.49,11.44,12.72,13.88,15.98
2023-05-16,18.93,15.46,13.6,11.94,12.54,13.6,23.5,19.11,16.26,14.73,11.06,12.21,13.48,14.73,16.76
2023-05-17,16.79,12.73,13.01,12.94,12.92,13.01,21.81,17.35,14.83,13.44,10.84,11.47,12.52,13.44,15.61
2023-05-18,16.65,14.81,12.85,13.07,12.61,12.85,20.64,16.18,13.97,12.67,10.75,11.16,11.92,12.67,14.78
2023-05-19,9.43,9.26,9.07,8.06,8.08,9.07,21.63,17.06,14.57,13.31,11.22,11.63,12.49,13.31,15.6
2023-05-22,22.83,17.74,13.81,11.37,12.02,13.81,24.21,18.57,15.56,13.77,10.82,11.52,12.76,13.77,15.64
2023-05-23,22.86,17.88,13.86,11.7,12.15,13.86,23.11,17.53,14.25,13.02,10.97,11.23,12.05,13.02,16.37
2023-05-24,26.74,21.38,16.64,12.74,13.95,16.64,26.74,20.91,17.71,15.59,11.52,12.75,14.31,15.59,17.22
2023-05-25,25.12,19.75,15.52,12.2,13.13,15.52,25.69,19.8,16.68,14.79,11.12,12.18,13.55,14.79,16.55
2023-05-26,23.34,18.05,13.98,11.83,12.22,13.98,24.12,18.45,15.56,13.72,10.99,11.64,12.75,13.72,15.89
2023-05-30,22.04,17.43,14.07,12.06,12.66,14.07,23.19,18.01,15.31,13.56,10.91,11.57,12.62,13.56,15.5
2023-05-31,22.15,17.66,14.3,11.79,12.5,14.3,23.31,18.22,15.53,13.71,10.76,11.56,12.73,13.71,16.03
2023-06-01,18.31,14.57,12.1,10.84,11.13,12.1,21.01,16.34,13.97,12.41,10.25,10.78,11.62,12.41,14.8
2023-06-02,15.64,12.94,11.56,11.55,11.17,11.56,19.48,15.06,13.03,11.76,10.52,10.68,11.22,11.76,13.7
2023-06-05,16.14,13.74,12.11,12.05,11.75,12.11,19.5,15.08,13.09,11.9,10.6,10.78,11.34,11.9,14.23
2023-06-06,15.73,13.21,11.5,11.55,11.25,11.5,18.33,14.24,12.36,11.13,10.05,10.21,10.67,11.13,13.43
2023-06-07,15.27,12.98,11.31,11.03,10.78,11.31,18.37,14.16,12.26,11.08,9.83,10.01,10.55,11.08,13.13
2023-06-08,14.81,12.47,11.34,10.79,10.86,11.34,17.92,13.75,11.95,10.6,9.46,9.64,10.16,10.6,13.36
2023-06-09,14.44,12.71,11.53,10.79,11.01,11.53,17.95,13.74,11.78,11.0,9.61,9.92,10.41,11.0,13.11
2023-06-12,19.46,17.16,17.13,15.87,16.36,17.13,18.54,14.32,12.43,11.68,10.29,10.64,11.16,11.68,13.33
2023-06-13,18.32,15.7,16.17,16.3,15.85,16.17,17.98,13.81,12.11,11.41,10.35,10.43,10.95,11.41,13.11
2023-06-14,15.62,14.19,14.67,13.79,13.46,14.67,16.7,13.16,11.7,11.29,10.11,10.36,10.84,11.29,13.06
2023-06-15,16.93,14.54,14.05,15.96,14.61,14.05,17.19,13.62,12.29,11.64,10.68,10.79,11.18,11.64,13.46
2023-06-16,6.58,6.49,6.49,6.33,6.4,6.49,15.98,13.01,11.63,11.45,10.44,10.48,10.97,11.45,13.14
2023-06-20,16.32,13.54,11.57,10.52,10.7,11.57,19.7,15.42,13.45,12.22,10.5,10.88,11.58,12.22,13.82
2023-06-21,15.98,13.02,11.16,9.8,10.09,11.16,19.23,15.03,13.0,11.78,10.0,10.42,11.13,11.78,13.57
2023-06-22,15.33,12.54,10.62,9.51,9.71,10.62,18.6,14.67,12.68,11.44,9.72,10.11,10.82,11.44,13.4
2023-06-23,16.1,13.03,10.96,9.4,9.81,10.96,19.25,15.07,12.98,11.61,9.72,10.2,10.97,11.61,13.51
2023-06-26,16.31,12.95,11.04,9.61,9.91,11.04,19.04,14.92,12.82,11.64,9.76,10.17,10.95,11.64,13.6
2023-06-27,15.26,12.24,10.5,9.52,9.72,10.5,18.12,14.13,12.3,11.15,9.72,10.04,10.62,11.15,13.0
2023-06-28,14.82,11.95,10.85,9.51,9.85,10.85,17.51,13.68,11.91,11.03,9.54,9.87,10.43,11.03,12.48
2023-06-29,14.91,11.93,10.5,9.46,9.68,10.5,17.79,13.87,12.05,11.04,9.6,9.88,10.5,11.04,12.82
2023-06-30,14.38,11.42,10.27,10.02,9.84,10.27,17.4,13.54,11.82,10.77,9.86,9.89,10.34,10.77,12.41
2023-07-03,13.62,11.41,9.81,9.42,9.35,9.81,17.06,13.41,11.82,10.74,9.71,9.83,10.29,10.74,12.65
2023-07-05,13.74,11.42,10.37,9.59,9.77,10.37,17.46,13.84,12.16,11.22,9.75,10.11,10.65,11.22,13.11
2023-07-06,16.49,13.57,11.85,10.36,10.84,11.85,19.69,15.42,13.51,12.27,10.31,10.81,11.58,12.27,13.93
2023-07-07,14.6,11.84,11.01,9.88,10.13,11.01,18.46,14.58,12.8,11.79,9.89,10.42,11.14,11.79,13.65
2023-07-10,13.37,11.4,10.86,9.98,10.18,10.86,18.02,14.39,12.68,11.73,9.87,10.4,11.12,11.73,13.42
2023-07-11,13.59,11.73,10.99,10.5,10.56,10.99,17.59,14.03,12.39,11.46,9.89,10.3,10.92,11.46,13.12
2023-07-12,10.63,9.38,9.87,9.45,9.5,9.87,15.97,12.7,11.28,10.59,9.36,9.65,10.16,10.59,12.45
2023-07-13,11.27,9.73,9.93,9.73,9.74,9.93,15.93,12.65,11.32,10.55,9.64,9.83,10.22,10.55,12.35
2023-07-14,10.49,9.61,9.65,9.19,9.02,9.65,15.59,12.51,11.25,10.58,9.58,9.79,10.16,10.58,12.32
2023-07-17,9.28,8.73,8.71,8.96,9.03,8.71,14.93,12.22,11.09,10.61,9.77,9.94,10.31,10.61,12.37
2023-07-18,8.94,8.39,9.13,9.05,9.32,9.13,14.51,12.03,11.06,10.65,9.89,10.03,10.35,10.65,12.39
2023-07-19,8.95,9.24,8.15,9.11,10.21,8.15,15.25,12.5,11.48,10.95,10.06,10.28,10.64,10.95,12.77
2023-07-20,9.72,9.22,10.79,10.52,10.44,10.79,15.69,12.74,11.5,11.19,10.01,10.38,10.84,11.19,12.69
2023-07-21,9.07,8.92,8.81,9.11,9.11,8.81,15.35,12.42,11.24,10.71,9.78,9.98,10.42,10.71,12.72
2023-07-24,14.73,12.05,10.67,9.53,9.9,10.67,17.92,13.69,11.98,11.07,9.66,9.99,10.5,11.07,12.33
2023-07-25,14.98,12.31,10.63,9.48,9.79,10.63,18.03,13.86,12.1,11.08,9.59,9.98,10.49,11.08,12.6
2023-07-26,14.08,11.56,10.16,9.15,9.47,10.16,17.27,13.38,11.6,10.74,9.38,9.68,10.24,10.74,12.29
2023-07-27,15.94,12.81,10.96,9.52,9.93,10.96,18.9,14.36,12.4,11.37,9.68,10.08,10.72,11.37,13.02
2023-07-28,13.72,11.51,10.34,9.4,9.58,10.34,17.28,13.45,11.85,10.96,9.68,9.98,10.47,10.96,12.57
2023-07-31,13.2,11.23,10.24,9.37,9.63,10.24,16.89,13.31,11.81,10.96,9.69,10.01,10.46,10.96,12.73
2023-08-01,13.74,11.78,10.54,9.63,9.88,10.54,17.33,13.76,12.18,11.3,9.85,10.22,10.77,11.3,12.77
2023-08-02,17.04,14.16,12.29,10.4,11.02,12.29,20.15,15.91,13.89,12.75,10.53,11.17,12.0,12.75,14.19
2023-08-03,16.95,14.03,12.22,10.51,10.99,12.22,20.17,15.79,13.78,12.66,10.58,11.08,11.94,12.66,14.28
2023-08-04,18.69,15.24,12.93,10.66,11.46,12.93,21.85,16.92,14.71,13.42,10.78,11.5,12.59,13.42,14.82
2023-08-07,15.11,12.87,11.28,9.53,10.18,11.28,19.64,15.39,13.34,12.27,10.03,10.67,11.56,12.27,14.06
2023-08-08,15.45,13.34,12.09,10.46,11.06,12.09,20.24,15.91,13.87,12.76,10.4,11.1,11.97,12.76,14.2
2023-08-09,16.21,14.46,13.13,11.29,11.95,13.13,20.35,16.24,14.25,13.09,10.6,11.38,12.33,13.09,14.25
2023-08-10,16.35,14.48,13.45,11.37,12.22,13.45,20.4,16.29,14.25,13.14,10.6,11.39,12.39,13.14,14.43
2023-08-11,14.42,13.14,11.55,10.07,10.7,11.55,19.21,15.5,13.6,12.61,10.26,11.01,11.92,12.61,14.08
2023-08-14,12.35,11.78,10.58,9.65,10.11,10.58,18.16,14.67,12.99,12.06,9.9,10.65,11.44,12.06,13.98
2023-08-15,14.5,13.28,13.03,11.82,12.34,13.03,20.0,16.35,14.55,13.54,11.0,11.89,12.84,13.54,14.7
2023-08-16,13.46,12.52,12.63,11.05,12.61,12.63,20.6,17.09,15.19,14.05,11.37,12.26,13.28,14.05,15.38
2023-08-17,14.5,13.86,13.56,13.79,13.54,13.56,22.1,18.13,16.18,15.02,11.99,13.01,14.15,15.02,16.03
2023-08-18,15.75,15.12,13.78,13.09,13.42,13.78,21.09,17.59,15.68,14.62,11.76,12.78,13.85,14.62,15.47
2023-08-21,19.79,16.46,13.85,11.34,12.14,13.85,21.83,17.55,15.39,14.09,11.25,12.14,13.22,14.09,15.2
2023-08-22,19.53,16.34,13.92,11.41,12.3,13.92,21.64,17.5,15.34,14.0,11.21,12.13,13.19,14.0,15.18
2023-08-23,18.49,15.49,13.06,10.93,11.64,13.06,20.76,16.7,14.62,13.34,10.82,11.59,12.51,13.34,14.78
2023-08-24,19.93,16.8,14.22,11.76,12.58,14.22,21.9,17.83,15.65,14.3,11.39,12.24,13.38,14.3,15.45
2023-08-25,18.18,15.25,12.89,11.06,11.64,12.89,20.57,16.79,14.71,13.4,10.92,11.63,12.62,13.4,14.54
2023-08-28,16.34,13.78,11.87,10.46,10.94,11.87,19.27,15.76,13.89,12.66,10.46,11.12,11.96,12.66,13.99
2023-08-29,15.5,12.97,11.35,10.45,10.63,11.35,18.41,14.93,13.21,12.06,10.22,10.71,11.43,12.06,13.46
2023-08-30,14.81,12.24,10.79,10.11,10.16,10.79,17.63,14.26,12.63,11.58,10.02,10.41,11.04,11.58,13.24
2023-08-31,14.24,12.05,10.68,10.05,10.16,10.68,17.38,14.0,12.43,11.39,9.91,10.27,10.87,11.39,13.13
2023-09-01,13.75,11.24,9.93,9.12,9.33,9.93,17.17,13.81,12.17,11.1,9.6,10.03,10.6,11.1,13.06
2023-09-05,13.31,11.69,10.24,9.49,9.81,10.24,17.32,13.96,12.37,11.23,9.67,10.11,10.74,11.23,13.3
2023-09-06,13.86,12.17,10.86,9.59,10.09,10.86,18.0,14.69,12.92,11.8,9.78,10.41,11.18,11.8,13.46
2023-09-07,13.56,11.98,11.12,10.02,10.27,11.12,17.91,14.67,12.99,12.03,9.92,10.62,11.37,12.03,13.65
2023-09-08,12.72,11.13,10.37,9.41,9.46,10.37,17.12,13.97,12.33,11.74,9.72,10.38,11.11,11.74,13.47
2023-09-11,11.08,10.12,9.92,9.44,9.61,9.92,16.35,13.26,11.8,11.22,9.58,10.05,10.63,11.22,13.09
2023-09-12,12.75,11.7,11.66,10.7,11.09,11.66,16.93,13.8,12.26,11.59,9.71,10.29,10.99,11.59,13.13
2023-09-13,9.84,9.14,10.14,9.94,9.88,10.14,15.96,13.01,11.57,11.09,9.48,9.93,10.54,11.09,12.82
2023-09-14,10.16,9.22,9.25,9.53,9.33,9.25,15.05,12.09,10.77,10.28,9.1,9.4,9.85,10.28,12.33
2023-09-15,10.35,10.13,9.69,9.08,9.21,9.69,16.46,13.34,11.82,11.26,9.63,10.12,10.75,11.26,13.12
2023-09-18,16.11,13.24,11.26,9.61,10.11,11.26,17.9,14.42,12.74,11.74,9.94,10.44,11.14,11.74,13.26
2023-09-19,16.18,13.52,11.62,9.7,10.34,11.62,17.94,14.61,12.91,11.87,10.01,10.53,11.27,11.87,13.08
2023-09-20,17.25,14.62,12.67,10.51,11.26,12.67,18.89,15.53,13.85,12.76,10.58,11.26,12.05,12.76,13.89
2023-09-21,20.36,16.97,14.59,11.88,12.81,14.59,21.18,17.35,15.45,14.34,11.53,12.48,13.53,14.34,15.16
2023-09-22,20.14,17.0,14.78,11.71,12.89,14.78,21.07,17.42,15.56,14.32,11.53,12.49,13.52,14.32,15.41
2023-09-25,18.72,16.09,14.27,11.55,12.56,14.27,20.4,16.99,15.18,13.99,11.33,12.24,13.23,13.99,15.15
2023-09-26,20.92,17.89,15.89,12.82,14.0,15.89,22.55,18.63,16.65,15.41,12.33,13.46,14.6,15.41,16.53
2023-09-27,20.12,17.4,15.83,12.74,13.92,15.83,21.62,18.16,16.27,15.22,12.23,13.29,14.39,15.22,16.19
2023-09-28,19.27,16.81,14.98,12.29,13.33,14.98,20.66,17.38,15.63,14.51,11.99,12.82,13.76,14.51,15.71
2023-09-29,19.67,17.1,15.34,12.41,13.54,15.34,21.06,17.81,15.96,14.84,12.12,13.09,14.09,14.84,15.85
2023-10-02,18.42,16.43,15.14,12.28,13.47,15.14,20.49,17.48,15.85,14.8,12.07,13.07,14.08,14.8,15.71
2023-10-03,20.97,18.47,17.13,14.0,15.27,17.13,22.83,19.31,17.57,16.46,13.35,14.51,15.66,16.46,17.37
2023-10-04,19.33,17.46,16.25,13.48,14.59,16.25,21.59,18.39,16.74,15.67,12.97,13.92,14.93,15.67,16.67
2023-10-05,19.67,17.8,16.18,13.49,14.58,16.18,21.64,18.43,16.73,15.65,12.82,13.87,14.9,15.65,16.72
2023-10-06,17.73,16.02,15.25,12.95,13.78,15.25,20.57,17.53,15.86,14.99,12.62,13.43,14.32,14.99,16.13
2023-10-09,17.6,15.69,14.72,12.56,13.44,14.72,20.26,17.21,15.59,14.74,12.25,13.16,14.06,14.74,15.91
2023-10-10,17.36,15.01,13.81,12.01,12.76,13.81,19.65,16.57,14.99,14.12,12.0,12.63,13.49,14.12,15.16
2023-10-11,15.72,13.62,12.99,11.15,11.78,12.99,18.94,15.77,14.16,13.47,11.4,12.08,12.83,13.47,14.84
2023-10-12,16.68,14.74,13.61,11.19,12.32,13.61,19.87,16.46,14.78,13.74,11.34,12.16,13.08,13.74,15.21
2023-10-13,19.57,17.22,16.32,12.96,14.35,16.32,23.08,18.87,16.68,15.56,12.27,13.35,14.6,15.56,16.69
2023-10-16,15.29,13.47,12.86,11.67,12.49,12.86,19.93,16.54,14.75,13.68,11.23,11.95,12.93,13.68,15.32
2023-10-17,16.27,14.42,14.85,12.76,13.64,14.85,20.84,17.26,15.36,14.31,11.57,12.42,13.49,14.31,15.55
2023-10-18,16.27,16.06,15.23,15.13,15.8,15.23,22.74,18.85,16.8,15.75,12.45,13.5,14.8,15.75,16.88
2023-10-19,20.85,20.47,18.98,16.4,17.2,18.98,25.5,21.15,18.94,17.63,13.56,15.03,16.53,17.63,17.91
2023-10-20,19.45,19.06,18.93,18.51,19.14,18.93,26.03,21.54,19.34,18.11,14.19,15.7,17.11,18.11,18.52
2023-10-23,23.38,19.8,17.11,13.59,14.94,17.11,24.97,20.51,18.2,16.8,13.22,14.45,15.8,16.8,17.63
2023-10-24,21.83,18.57,16.0,12.94,14.03,16.0,23.32,19.29,17.2,15.95,12.85,13.84,15.0,15.95,16.86
2023-10-25,23.61,20.14,17.56,13.87,15.41,17.56,24.81,20.67,18.59,17.27,13.55,14.88,16.27,17.27,17.93
2023-10-26,24.11,20.66,18.11,14.86,16.15,18.11,25.06,21.08,19.0,17.73,14.17,15.45,16.79,17.73,18.6
2023-10-27,25.21,21.7,18.83,15.32,16.74,18.83,25.56,21.79,19.67,18.39,14.76,16.14,17.45,18.39,19.01
2023-10-30,22.23,19.38,17.15,14.36,15.42,17.15,23.52,20.06,18.16,17.02,13.92,14.99,16.17,17.02,17.98
2023-10-31,20.6,18.1,16.07,13.56,14.55,16.07,21.93,18.76,16.95,15.83,12.96,13.96,15.02,15.83,16.79
2023-11-01,18.79,16.43,14.68,12.6,13.41,14.68,20.75,17.6,15.88,14.77,12.4,13.18,14.08,14.77,16.11
2023-11-02,17.37,14.87,13.23,11.62,12.13,13.23,19.88,16.45,14.8,13.75,11.79,12.33,13.11,13.75,15.12
2023-11-03,15.95,13.53,12.1,11.0,11.21,12.1,19.2,15.76,13.94,12.99,11.23,11.64,12.36,12.99,14.59
2023-11-06,14.63,12.67,11.47,10.37,10.75,11.47,18.28,15.12,13.56,12.65,10.9,11.44,12.1,12.65,14.33
2023-11-07,14.28,12.55,11.52,10.57,10.79,11.52,18.16,15.02,13.48,12.56,10.84,11.4,12.08,12.56,13.93
2023-11-08,13.8,12.25,11.54,10.64,10.82,11.54,17.84,14.68,13.2,12.38,10.79,11.29,11.92,12.38,14.04
2023-11-09,15.12,13.8,12.4,11.16,11.45,12.4,18.87,15.53,13.98,13.11,11.17,11.79,12.51,13.11,14.65
2023-11-10,13.38,12.02,10.96,10.32,10.34,10.96,17.58,14.34,12.9,12.1,10.61,11.04,11.61,12.1,13.66
2023-11-13,13.3,12.72,12.01,11.28,11.59,12.01,17.26,14.4,13.07,12.31,10.75,11.2,11.84,12.31,13.87
2023-11-14,12.8,11.18,10.83,10.57,10.72,10.83,16.25,13.29,12.12,11.51,10.91,10.95,11.21,11.51,12.94
2023-11-15,10.85,9.87,9.33,11.01,11.02,9.33,16.28,13.32,12.11,11.49,10.69,10.86,11.18,11.49,13.33
2023-11-16,11.12,10.52,10.0,9.87,9.74,10.0,16.37,13.15,11.91,11.32,10.49,10.61,10.96,11.32,12.83
2023-11-17,9.3,9.15,8.97,8.99,8.95,8.97,16.09,12.95,11.75,11.17,10.33,10.48,10.85,11.17,12.88
2023-11-20,14.7,12.16,10.68,10.1,10.19,10.68,17.65,13.8,12.24,11.35,10.22,10.45,10.92,11.35,12.79
2023-11-21,14.75,12.31,10.83,10.3,10.39,10.83,17.59,13.77,12.2,11.31,10.18,10.45,10.88,11.31,12.79
2023-11-22,14.3,11.8,10.4,9.58,9.8,10.4,17.53,13.63,12.09,11.18,9.87,10.2,10.71,11.18,12.71
2023-11-24,13.5,11.13,9.93,9.22,9.39,9.93,16.95,13.13,11.63,10.79,9.57,9.84,10.35,10.79,12.15
2023-11-27,12.97,11.0,9.94,9.31,9.47,9.94,16.8,13.12,11.68,10.8,9.61,9.91,10.36,10.8,12.54
2023-11-28,13.25,11.18,10.12,9.47,9.64,10.12,16.75,13.11,11.66,10.81,9.65,9.95,10.41,10.81,12.66
2023-11-29,14.26,12.0,10.71,9.97,10.16,10.71,17.25,13.5,11.98,11.12,9.93,10.23,10.69,11.12,12.87
2023-11-30,14.17,12.07,10.76,10.09,10.3,10.76,17.19,13.56,12.03,11.1,9.88,10.17,10.67,11.1,12.67
2023-12-01,13.55,11.84,10.95,10.51,10.58,10.95,16.83,13.43,12.04,11.26,10.14,10.43,10.85,11.26,12.58
2023-12-04,13.2,12.05,11.11,10.46,10.65,11.11,16.89,13.57,12.2,11.46,10.22,10.55,11.03,11.46,12.94
2023-12-05,13.46,11.96,11.27,10.78,10.82,11.27,16.66,13.52,12.19,11.47,10.29,10.57,11.04,11.47,12.79
2023-12-06,13.74,12.39,11.66,11.1,11.25,11.66,16.97,13.84,12.5,11.71,10.41,10.79,11.28,11.71,13.49
2023-12-07,14.33,13.03,12.36,11.98,12.06,12.36,16.89,13.76,12.43,11.71,10.59,10.88,11.26,11.71,13.38
2023-12-08,12.87,11.73,11.4,11.18,11.14,11.4,16.13,13.11,11.93,11.13,10.24,10.44,10.84,11.13,13.05
2023-12-11,11.89,11.37,11.57,11.4,11.55,11.57,15.58,12.69,11.49,11.11,10.02,10.36,10.75,11.11,12.75
2023-12-12,10.37,9.7,9.9,10.23,10.37,9.9,14.82,11.94,10.82,10.54,9.57,9.81,10.21,10.54,12.46
2023-12-13,11.27,10.44,11.82,12.23,11.72,11.82,14.5,11.63,10.62,10.52,9.86,9.93,10.21,10.52,12.06
2023-12-14,12.75,11.81,11.51,11.97,11.67,11.51,14.8,11.81,10.7,10.32,9.67,9.74,10.04,10.32,12.01
2023-12-15,8.16,7.81,7.82,8.92,8.96,7.82,15.14,12.02,10.85,10.68,9.96,10.07,10.36,10.68,12.38
2023-12-18,15.0,12.1,10.89,10.1,10.24,10.89,17.36,13.72,12.18,11.34,10.18,10.4,10.88,11.34,12.51
2023-12-19,14.95,12.14,10.97,10.64,10.57,10.97,17.4,13.8,12.37,11.53,10.65,10.79,11.15,11.53,12.93
2023-12-20,17.32,13.67,11.74,11.05,10.98,11.74,19.09,14.98,13.19,12.14,10.97,11.15,11.64,12.14,13.31
2023-12-21,16.94,13.48,12.01,11.33,11.35,12.01,18.7,14.78,13.07,12.14,11.01,11.24,11.71,12.14,13.4
2023-12-22,16.26,13.13,11.79,10.92,11.1,11.79,18.22,14.46,12.86,11.92,10.69,11.0,11.51,11.92,13.32
2023-12-26,14.59,12.08,11.22,10.38,10.57,11.22,17.21,13.84,12.37,11.59,10.33,10.67,11.17,11.59,13.16
2023-12-27,13.81,11.43,11.03,10.19,10.38,11.03,16.52,13.25,11.83,11.25,10.07,10.4,10.87,11.25,12.62
2023-12-28,13.69,11.43,10.84,10.18,10.34,10.84,16.48,13.28,11.9,11.25,10.06,10.36,10.83,11.25,12.76
2023-12-29,14.03,11.72,10.67,9.96,10.13,10.67,16.68,13.53,12.02,11.25,9.94,10.31,10.82,11.25,12.74
2024-01-02,13.39,11.38,10.71,9.73,9.99,10.71,16.35,13.36,12.01,11.26,9.76,10.2,10.78,11.26,12.69
2024-01-03,14.73,12.53,11.37,10.23,10.55,11.37,17.29,14.31,12.8,11.91,10.18,10.69,11.35,11.91,13.25
2024-01-04,14.7,12.6,11.63,10.42,10.8,11.63,17.26,14.29,12.89,11.97,10.2,10.72,11.39,11.97,13.49
2024-01-05,13.78,11.89,11.02,9.88,10.28,11.02,16.42,13.77,12.45,11.61,10.04,10.52,11.09,11.61,13.0
2024-01-08,12.01,10.57,10.14,9.38,9.59,10.14,15.34,12.81,11.58,11.01,9.79,10.14,10.56,11.01,12.51
2024-01-09,11.9,10.39,9.88,9.16,9.2,9.88,15.04,12.54,11.38,10.81,9.53,9.91,10.4,10.81,12.24
2024-01-10,12.18,10.47,10.3,9.84,9.92,10.3,14.97,12.43,11.29,10.78,9.76,10.03,10.41,10.78,12.24
2024-01-11,12.07,10.13,9.78,9.54,9.55,9.78,14.81,12.19,11.03,10.51,9.59,9.78,10.11,10.51,12.17
2024-01-12,11.9,9.85,9.5,9.22,9.4,9.5,15.3,12.44,11.19,10.68,9.7,9.93,10.25,10.68,12.2
2024-01-16,9.92,9.25,9.63,9.29,9.62,9.63,15.67,12.95,11.68,11.12,9.82,10.21,10.69,11.12,12.61
2024-01-17,11.15,9.55,9.89,9.22,10.34,9.89,16.88,13.86,12.52,11.9,10.24,10.75,11.38,11.9,13.2
2024-01-18,11.92,11.12,11.0,9.84,9.67,11.0,16.12,13.32,12.04,11.5,10.1,10.51,10.98,11.5,12.8
2024-01-19,10.09,9.68,8.88,8.77,8.82,8.88,14.98,12.27,11.21,10.9,10.02,10.21,10.56,10.9,12.02
2024-01-22,14.25,11.79,10.5,9.88,9.99,10.5,16.45,12.93,11.51,10.74,9.74,9.93,10.33,10.74,11.79
2024-01-23,13.3,11.15,10.03,9.64,9.7,10.03,15.72,12.42,11.11,10.38,9.48,9.67,10.03,10.38,11.68
2024-01-24,14.1,11.72,10.55,10.12,10.16,10.55,16.4,12.83,11.45,10.69,9.84,9.99,10.33,10.69,11.76
2024-01-25,14.49,12.0,10.86,10.32,10.43,10.86,16.77,13.01,11.6,10.92,10.04,10.2,10.55,10.92,11.93
2024-01-26,14.13,11.86,10.9,10.37,10.54,10.9,16.54,12.89,11.55,10.84,10.14,10.24,10.52,10.84,11.85
2024-01-29,13.38,11.64,10.91,10.57,10.7,10.91,16.06,12.78,11.57,11.01,10.26,10.4,10.68,11.01,11.98
2024-01-30,13.21,11.53,11.11,10.71,10.76,11.11,15.89,12.71,11.61,10.93,10.28,10.4,10.66,10.93,11.94
2024-01-31,14.93,12.82,11.86,11.07,11.24,11.86,17.44,13.92,12.44,11.74,10.59,10.85,11.25,11.74,12.74
2024-02-01,13.94,11.96,10.96,10.29,10.5,10.96,16.7,13.16,11.87,11.11,10.23,10.44,10.78,11.11,12.01
2024-02-02,13.97,11.8,10.95,10.45,10.54,10.95,16.65,13.14,11.85,11.23,10.52,10.64,10.92,11.23,12.32
2024-02-05,12.61,10.98,10.36,9.92,9.94,10.36,15.65,12.61,11.39,10.75,10.16,10.26,10.53,10.75,12.15
2024-02-06,11.9,10.66,10.03,9.67,9.79,10.03,15.22,12.2,11.17,10.55,10.0,10.13,10.33,10.55,11.81
2024-02-07,11.3,10.43,9.91,9.9,9.98,9.91,14.68,11.92,10.97,10.5,10.15,10.19,10.33,10.5,11.93
2024-02-08,11.32,10.41,9.84,9.76,9.9,9.84,14.71,12.05,11.02,10.48,9.96,10.1,10.29,10.48,11.82
2024-02-09,11.62,10.27,9.82,9.45,9.64,9.82,14.88,12.04,11.09,10.65,10.07,10.2,10.39,10.65,12.12
2024-02-12,11.63,10.92,10.4,10.05,10.25,10.4,15.53,12.58,11.51,10.9,10.26,10.44,10.68,10.9,12.42
2024-02-13,12.64,12.2,11.43,11.1,11.25,11.43,17.95,13.93,12.41,11.72,10.52,10.87,11.33,11.72,13.11
2024-02-14,11.96,10.97,10.04,9.8,9.95,10.04,16.54,12.99,11.71,11.07,10.2,10.43,10.79,11.07,12.53
2024-02-15,12.0,11.08,10.02,10.16,10.02,10.02,15.82,12.75,11.67,11.12,10.32,10.56,10.86,11.12,12.19
2024-02-16,11.58,11.12,11.46,11.16,11.3,11.46,16.53,13.33,12.07,11.47,10.53,10.82,11.16,11.47,12.44
2024-02-20,16.49,13.61,11.74,10.84,11.06,11.74,18.43,14.44,12.86,11.93,10.82,11.11,11.53,11.93,12.81
2024-02-21,16.56,13.53,11.67,10.8,11.0,11.67,18.2,14.26,12.7,11.84,10.81,11.07,11.44,11.84,12.73
2024-02-22,14.77,12.26,11.14,10.64,10.83,11.14,17.15,13.44,12.19,11.5,10.75,10.96,11.24,11.5,12.33
2024-02-23,13.84,11.57,10.52,10.2,10.28,10.52,16.29,12.89,11.78,11.11,10.56,10.68,10.9,11.11,12.06
2024-02-26,13.35,11.34,10.38,10.12,10.16,10.38,15.85,12.66,11.64,10.99,10.4,10.56,10.77,10.99,11.99
2024-02-27,12.99,11.05,10.15,9.84,9.95,10.15,15.45,12.39,11.35,10.73,10.08,10.28,10.51,10.73,12.0
2024-02-28,14.07,11.77,10.57,9.99,10.21,10.57,16.09,12.84,11.69,10.95,10.18,10.44,10.7,10.95,11.94
2024-02-29,13.36,11.38,10.35,9.76,9.96,10.35,15.67,12.61,11.6,10.74,9.98,10.26,10.54,10.74,11.77
2024-03-01,12.92,11.03,10.06,9.41,9.82,10.06,15.39,12.42,11.41,10.82,10.03,10.28,10.57,10.82,12.29
2024-03-04,12.81,11.2,10.43,9.64,9.98,10.43,15.4,12.55,11.54,11.08,10.16,10.44,10.81,11.08,12.24
2024-03-05,14.88,12.79,11.67,11.04,11.24,11.67,16.9,13.52,12.26,11.75,10.66,11.02,11.4,11.75,12.72
2024-03-06,15.31,13.28,12.13,11.12,11.56,12.13,16.98,13.68,12.44,11.94,10.69,11.17,11.59,11.94,13.04
2024-03-07,14.59,13.05,12.43,11.53,11.91,12.43,16.55,13.6,12.54,11.86,11.01,11.28,11.6,11.86,13.13
2024-03-08,15.42,13.41,12.21,11.24,11.54,12.21,17.39,13.96,12.66,12.34,11.16,11.51,11.94,12.34,13.14
2024-03-11,15.42,13.99,13.59,12.54,12.8,13.59,17.14,13.99,12.77,12.4,11.14,11.57,12.02,12.4,13.43
2024-03-12,10.84,9.86,10.05,9.14,9.8,10.05,15.23,12.69,11.68,11.44,10.6,10.86,11.17,11.44,12.75
2024-03-13,11.38,10.17,10.2,9.44,9.84,10.2,15.26,12.57,11.56,11.4,10.36,10.7,11.08,11.4,12.69
2024-03-14,13.77,11.88,11.34,10.7,11.32,11.34,16.36,13.23,11.97,11.96,10.57,11.02,11.53,11.96,13.09
2024-03-15,10.67,10.42,10.49,10.95,11.3,10.49,16.85,13.68,12.4,12.51,10.84,11.38,12.02,12.51,13.42
2024-03-18,15.98,13.33,12.01,10.68,11.14,12.01,17.31,14.13,12.85,12.08,10.74,11.2,11.7,12.08,13.2
2024-03-19,15.39,12.83,11.63,10.57,10.96,11.63,16.7,13.7,12.53,11.8,10.58,11.0,11.45,11.8,12.91
2024-03-20,14.33,11.99,11.23,10.33,10.62,11.23,16.02,13.16,12.1,11.46,10.49,10.78,11.15,11.46,12.67
2024-03-21,13.99,11.68,10.92,10.15,10.3,10.92,15.73,12.92,11.92,11.27,10.5,10.68,10.99,11.27,12.27
2024-03-22,14.43,12.01,10.84,9.96,10.22,10.84,15.97,13.05,11.94,11.29,10.43,10.66,10.95,11.29,12.58
2024-03-25,13.86,11.65,10.63,9.9,10.11,10.63,15.67,12.93,11.95,11.27,10.42,10.63,11.0,11.27,12.54
2024-03-26,13.99,11.45,10.71,9.91,10.06,10.71,15.73,12.86,11.69,11.27,10.32,10.54,10.95,11.27,12.36
2024-03-27,13.35,10.94,10.34,9.51,9.7,10.34,15.26,12.47,11.47,10.96,10.13,10.37,10.72,10.96,12.32
2024-03-28,13.99,11.38,10.5,9.5,9.69,10.5,15.75,12.79,11.7,11.13,10.11,10.42,10.81,11.13,12.38
2024-04-01,13.37,11.23,10.35,9.37,9.69,10.35,15.69,12.91,11.77,11.13,10.03,10.39,10.78,11.13,12.53
2024-04-02,14.79,12.37,11.49,10.23,10.73,11.49,16.76,13.76,12.48,11.88,10.52,10.93,11.46,11.88,13.09
2024-04-03,14.35,12.28,11.52,10.18,10.75,11.52,16.52,13.6,12.45,11.92,10.53,11.01,11.5,11.92,12.92
2024-04-04,18.07,15.24,14.06,11.98,12.71,14.06,18.75,15.39,13.83,13.2,11.36,12.01,12.65,13.2,14.12
2024-04-05,17.38,14.74,13.11,10.99,11.83,13.11,18.84,15.39,13.81,12.97,11.07,11.73,12.4,12.97,14.0
2024-04-08,14.51,12.85,12.04,10.44,11.09,12.04,17.32,14.3,12.83,12.39,10.55,11.2,11.81,12.39,13.56
2024-04-09,15.21,13.25,12.48,10.58,11.46,12.48,17.04,14.08,12.78,12.34,10.59,11.13,11.8,12.34,13.54
2024-04-10,16.38,14.47,12.65,12.13,12.96,12.65,18.21,15.13,13.72,13.12,11.05,11.85,12.59,13.12,14.1
2024-04-11,14.97,13.31,12.31,10.94,11.5,12.31,17.22,14.5,13.13,12.51,10.72,11.29,12.0,12.51,13.43
2024-04-12,18.85,16.92,15.42,13.02,13.95,15.42,20.15,16.78,15.13,14.3,11.77,12.65,13.6,14.3,15.04
2024-04-15,19.1,17.71,16.42,15.88,16.6,16.42,21.86,18.33,16.64,15.57,12.82,13.74,14.78,15.57,16.06
2024-04-16,17.31,15.37,15.96,15.33,15.77,15.96,21.0,17.76,16.1,15.18,12.74,13.6,14.48,15.18,15.57
2024-04-17,16.78,15.7,15.6,14.82,15.06,15.6,20.91,17.84,16.27,15.35,12.72,13.63,14.58,15.35,15.68
2024-04-18,15.38,14.92,14.95,14.92,15.18,14.95,20.6,17.59,16.11,15.31,12.89,13.8,14.72,15.31,15.67
2024-04-19,17.28,16.91,17.01,16.74,17.01,17.01,21.52,18.32,16.74,15.91,13.4,14.36,15.24,15.91,16.04
2024-04-22,18.09,15.71,14.12,12.25,13.03,14.12,19.95,16.55,15.05,14.13,12.22,12.85,13.55,14.13,14.85
2024-04-23,16.75,14.66,13.14,11.54,12.16,13.14,18.81,15.59,14.16,13.26,11.5,12.16,12.8,13.26,13.97
2024-04-24,17.41,15.22,13.33,11.7,12.34,13.33,19.21,15.84,14.36,13.32,11.56,12.15,12.81,13.32,14.03
2024-04-25,16.76,14.75,13.07,11.28,11.96,13.07,18.71,15.43,13.99,13.07,11.12,11.81,12.53,13.07,13.81
2024-04-26,16.39,14.24,12.79,11.06,11.73,12.79,18.36,15.22,13.77,12.89,11.04,11.7,12.41,12.89,13.62
2024-04-29,15.5,13.76,12.26,10.8,11.3,12.26,17.68,14.75,13.38,12.55,10.74,11.41,12.07,12.55,13.43
2024-04-30,16.86,15.32,13.81,12.09,12.85,13.81,18.7,15.7,14.31,13.41,11.57,12.15,12.82,13.41,14.17
2024-05-01,16.89,15.27,13.8,12.12,12.87,13.8,18.7,15.73,14.38,13.46,11.7,12.28,12.93,13.46,14.12
2024-05-02,15.94,14.75,13.29,11.72,12.48,13.29,17.81,15.17,13.92,13.01,11.37,11.96,12.55,13.01,13.94
2024-05-03,14.23,12.83,11.35,10.23,10.7,11.35,16.88,14.24,13.04,12.24,10.82,11.31,11.81,12.24,12.75
2024-05-06,13.18,12.21,11.0,10.23,10.62,11.0,16.1,13.69,12.6,11.98,10.72,11.16,11.6,11.98,12.85
2024-05-07,13.01,11.69,10.56,9.98,10.24,10.56,16.04,13.47,12.34,11.71,10.52,10.9,11.33,11.71,12.72
2024-05-08,12.58,11.71,10.78,9.79,10.35,10.78,15.91,13.36,12.27,11.56,10.31,10.72,11.17,11.56,12.32
2024-05-09,12.05,11.27,10.25,9.41,9.67,10.25,15.57,12.99,11.97,11.3,10.08,10.54,10.98,11.3,12.4
2024-05-10,12.05,11.41,10.66,9.6,9.97,10.66,15.5,13.0,11.91,11.22,9.91,10.41,10.87,11.22,11.99
2024-05-13,13.12,13.05,12.44,11.24,11.79,12.44,15.74,13.24,12.17,11.42,10.21,10.62,11.12,11.42,12.51
2024-05-14,13.44,13.08,12.38,11.01,11.59,12.38,15.45,12.93,11.9,11.23,10.13,10.52,10.88,11.23,12.01
2024-05-15,9.08,7.86,7.21,7.29,7.37,7.21,14.33,11.87,10.86,10.34,9.51,9.78,10.04,10.34,11.39
2024-05-16,9.79,9.39,8.74,7.83,7.89,8.74,14.6,11.88,10.85,10.34,9.55,9.79,10.04,10.34,11.56
2024-05-17,7.74,7.47,7.14,6.23,6.29,7.14,14.45,11.78,10.65,10.1,9.22,9.52,9.78,10.1,11.47
2024-05-20,14.26,11.67,10.03,9.07,9.38,10.03,15.62,12.41,11.22,10.37,9.32,9.67,10.05,10.37,11.27
2024-05-21,14.08,11.34,9.73,8.79,9.08,9.73,15.37,12.22,10.99,10.1,9.05,9.38,9.78,10.1,11.08
2024-05-22,15.01,12.01,10.1,8.82,9.28,10.1,16.28,12.65,11.24,10.37,9.12,9.48,9.96,10.37,11.32
2024-05-23,15.87,12.52,10.31,8.94,9.33,10.31,17.02,13.09,11.52,10.46,8.96,9.4,9.94,10.46,11.73
2024-05-24,14.97,11.76,9.68,8.34,8.77,9.68,16.29,12.5,10.97,10.02,8.58,9.01,9.56,10.02,11.43
2024-05-28,15.08,12.08,9.96,8.49,8.99,9.96,16.48,12.71,11.14,10.22,8.73,9.16,9.74,10.22,11.52
2024-05-29,16.92,13.74,11.34,9.47,10.1,11.34,17.79,13.91,12.16,11.09,9.3,9.85,10.5,11.09,12.0
2024-05-30,17.14,14.23,11.97,10.04,10.68,11.97,17.97,14.19,12.52,11.52,9.64,10.2,10.89,11.52,12.28
2024-05-31,14.86,12.49,10.84,9.14,9.77,10.84,16.13,12.93,11.55,10.69,9.17,9.66,10.22,10.69,11.83
2024-06-03,14.74,12.77,11.22,9.58,10.19,11.22,15.94,12.93,11.6,10.8,9.35,9.78,10.33,10.8,11.81
2024-06-04,14.89,13.12,11.63,9.94,10.58,11.63,16.06,13.15,11.83,11.03,9.5,9.97,10.54,11.03,12.07
2024-06-05,14.4,12.6,11.22,9.77,10.26,11.22,15.53,12.67,11.45,10.72,9.38,9.77,10.3,10.72,11.79
2024-06-06,14.2,12.5,11.24,9.86,10.35,11.24,15.51,12.69,11.49,10.76,9.56,9.9,10.36,10.76,11.81
2024-06-07,13.53,12.05,10.94,9.69,10.22,10.94,15.27,12.5,11.33,10.64,9.47,9.8,10.24,10.64,11.8
2024-06-10,13.19,12.15,11.1,9.74,10.33,11.1,14.9,12.42,11.28,10.65,9.44,9.82,10.27,10.65,11.97
2024-06-11,13.86,12.54,11.29,9.83,10.53,11.29,15.1,12.46,11.37,10.63,9.48,9.86,10.28,10.63,11.98
2024-06-12,11.59,10.13,9.22,8.52,8.7,9.22,14.1,11.43,10.4,9.82,9.18,9.33,9.57,9.82,11.49
2024-06-13,11.03,9.09,8.36,8.02,8.15,8.36,13.96,11.34,10.31,9.76,9.06,9.24,9.5,9.76,11.56
2024-06-14,12.99,10.24,8.87,8.07,8.22,8.87,15.64,12.3,10.99,10.34,9.26,9.58,9.97,10.34,11.92
2024-06-17,11.26,9.47,9.62,8.6,9.08,9.62,14.67,11.91,10.82,10.25,9.46,9.66,9.95,10.25,11.94
2024-06-18,11.12,9.94,8.3,8.07,8.07,8.3,14.49,11.91,10.79,10.14,9.31,9.51,9.83,10.14,12.16
2024-06-20,10.55,10.08,10.7,10.01,10.22,10.7,15.12,12.47,11.33,10.7,9.62,9.94,10.35,10.7,12.33
2024-06-21,9.1,8.87,8.24,7.59,7.83,8.24,15.17,12.44,11.37,10.62,9.51,9.86,10.3,10.62,12.34
2024-06-24,14.49,12.21,10.6,9.42,9.88,10.6,16.4,13.26,11.93,11.13,9.87,10.25,10.72,11.13,12.48
2024-06-25,14.04,11.85,10.31,9.23,9.59,10.31,15.93,12.93,11.64,10.86,9.63,10.01,10.45,10.86,12.04
2024-06-26,13.79,11.6,10.04,9.09,9.36,10.04,15.79,12.78,11.48,10.67,9.43,9.79,10.26,10.67,12.17
2024-06-27,13.5,11.37,9.87,8.85,9.14,9.87,15.52,12.56,11.27,10.47,9.25,9.6,10.05,10.47,11.99
2024-06-28,14.12,11.66,9.99,8.92,9.22,9.99,15.77,12.79,11.41,10.58,9.24,9.6,10.12,10.58,12.04
2024-07-01,12.53,10.54,9.13,8.15,8.45,9.13,14.81,12.1,10.84,10.03,8.75,9.09,9.6,10.03,11.61
2024-07-02,12.26,10.22,8.93,7.97,8.3,8.93,14.68,11.89,10.66,9.87,8.59,8.98,9.47,9.87,11.39
2024-07-03,12.14,10.0,9.01,8.27,8.43,9.01,14.64,11.84,10.59,10.01,8.88,9.15,9.58,10.01,11.58
2024-07-05,11.71,9.95,8.73,8.03,8.23,8.73,14.7,11.92,10.71,10.02,8.93,9.23,9.63,10.02,11.66
2024-07-08,10.53,9.25,8.57,7.9,8.12,8.57,13.92,11.51,10.46,9.8,8.86,9.13,9.47,9.8,11.44
2024-07-09,10.52,9.45,8.7,8.05,8.24,8.7,14.18,11.7,10.57,9.91,8.91,9.19,9.56,9.91,11.7
2024-07-10,11.65,10.14,9.25,8.53,8.78,9.25,14.44,11.76,10.66,10.06,9.07,9.35,9.73,10.06,11.68
2024-07-11,10.93,9.74,9.05,8.65,8.98,9.05,14.63,12.04,10.9,10.25,9.31,9.53,9.9,10.25,11.91
2024-07-12,10.2,9.32,8.45,8.15,8.4,8.45,14.1,11.49,10.48,9.85,9.17,9.3,9.57,9.85,11.67
2024-07-15,10.11,9.36,9.27,8.99,8.91,9.27,14.11,11.82,10.77,10.24,9.46,9.68,9.97,10.24,12.03
2024-07-16,9.89,9.53,9.31,8.24,8.6,9.31,13.97,11.67,10.75,10.29,9.54,9.76,10.02,10.29,11.99
2024-07-17,11.28,10.51,11.1,11.14,10.74,11.1,15.98,13.29,12.04,11.37,10.24,10.56,10.99,11.37,12.6
2024-07-18,13.99,12.9,12.88,12.91,13.16,12.88,18.08,14.63,13.09,12.26,10.74,11.14,11.76,12.26,13.33
2024-07-19,13.48,13.03,12.48,11.86,11.98,12.48,19.03,15.58,13.95,13.09,11.05,11.67,12.43,13.09,13.86
2024-07-22,15.98,13.53,11.79,10.39,10.82,11.79,18.16,14.54,12.86,11.94,10.45,10.81,11.4,11.94,12.8
2024-07-23,15.91,13.55,11.81,10.52,10.91,11.81,18.09,14.55,12.94,11.96,10.48,10.84,11.43,11.96,13.02
2024-07-24,20.44,16.85,14.6,12.69,13.17,14.6,21.8,17.19,15.21,14.09,11.87,12.47,13.35,14.09,14.77
2024-07-25,21.18,17.78,15.5,13.44,14.04,15.5,22.31,17.85,15.91,14.7,12.2,12.94,13.92,14.7,15.14
2024-07-26,18.53,15.99,13.92,12.06,12.66,13.92,20.12,16.32,14.58,13.49,11.4,11.99,12.82,13.49,14.16
2024-07-29,17.52,15.68,14.16,12.28,13.0,14.16,19.54,16.12,14.52,13.57,11.53,12.17,12.94,13.57,14.2
2024-07-30,18.83,16.97,15.66,13.33,14.19,15.66,20.8,17.22,15.62,14.54,12.09,12.88,13.85,14.54,14.96
2024-07-31,17.68,15.82,13.95,11.74,12.63,13.95,19.5,15.96,14.22,13.33,11.21,11.85,12.65,13.33,14.13
2024-08-01,20.43,18.05,16.66,14.38,15.31,16.66,22.42,18.25,16.4,15.34,12.71,13.5,14.53,15.34,15.62
2024-08-02,26.28,22.66,19.8,16.24,17.62,19.8,28.83,22.74,19.87,18.27,14.01,15.42,17.04,18.27,18.33
2024-08-05,46.23,36.77,29.75,21.15,24.44,29.75,45.23,33.55,28.07,25.13,17.49,19.96,22.89,25.13,24.36
2024-08-06,31.44,27.11,23.33,17.98,20.07,23.33,32.46,25.66,22.25,20.38,15.04,16.9,18.93,20.38,19.93
2024-08-07,32.3,27.29,24.15,19.11,21.12,24.15,32.94,25.58,22.47,20.75,15.71,17.41,19.31,20.75,20.19
2024-08-08,26.91,23.15,20.15,15.95,17.65,20.15,28.29,22.53,19.61,18.09,13.8,15.26,16.85,18.09,18.19
2024-08-09,22.75,20.28,17.6,14.2,15.27,17.6,24.49,19.89,17.59,16.38,12.75,13.98,15.31,16.38,16.67
2024-08-12,22.16,20.33,18.39,14.51,16.11,18.39,24.71,19.77,17.37,16.08,12.29,13.68,15.06,16.08,16.52
2024-08-13,19.42,17.77,15.61,13.04,14.68,15.61,21.68,17.58,15.55,14.54,11.41,12.42,13.62,14.54,15.45
2024-08-14,15.42,13.99,12.79,11.64,12.45,12.79,19.45,15.84,14.1,13.22,10.43,11.43,12.52,13.22,14.46
2024-08-15,14.06,12.33,11.48,10.99,11.18,11.48,18.26,14.69,13.07,12.44,10.52,11.01,11.79,12.44,14.0
2024-08-16,10.83,10.22,9.64,8.57,8.93,9.64,18.15,14.67,13.02,12.28,10.41,10.88,11.67,12.28,14.13
2024-08-19,17.67,14.33,11.54,10.19,10.49,11.54,19.36,15.06,13.19,11.75,10.06,10.45,11.11,11.75,13.72
2024-08-20,19.03,15.0,12.39,10.61,11.03,12.39,20.11,15.4,13.33,12.23,10.27,10.76,11.54,12.23,14.02
2024-08-21,19.51,15.32,12.62,10.7,11.2,12.62,20.58,15.58,13.42,12.35,10.32,10.83,11.63,12.35,14.16
2024-08-22,21.32,16.61,13.54,11.19,11.86,13.54,21.9,16.57,14.25,13.09,10.76,11.36,12.29,13.09,14.73
2024-08-23,19.42,15.14,12.45,10.73,11.13,12.45,20.32,15.43,13.23,12.16,10.36,10.78,11.49,12.16,14.07
2024-08-26,18.64,14.86,12.53,10.7,11.19,12.53,20.0,15.26,13.2,12.2,10.38,10.8,11.52,12.2,13.88
2024-08-27,18.21,14.49,12.12,10.26,10.78,12.12,19.49,14.95,12.93,11.91,10.03,10.46,11.22,11.91,13.98
2024-08-28,21.1,16.74,13.61,11.23,11.91,13.61,21.84,16.52,14.09,12.92,10.54,11.18,12.09,12.92,14.41
2024-08-29,18.98,15.0,12.33,10.32,10.85,12.33,20.14,15.31,13.15,12.04,10.0,10.43,11.22,12.04,13.78
2024-08-30,18.15,14.15,11.77,10.07,10.45,11.77,19.48,14.64,12.51,11.59,9.83,10.16,10.9,11.59,13.6
2024-09-03,23.05,17.89,14.91,12.03,12.96,14.91,24.52,18.36,15.66,14.36,11.2,12.11,13.35,14.36,15.99
2024-09-04,23.8,19.33,16.1,12.4,13.78,16.1,25.08,19.38,16.64,15.2,11.49,12.69,14.1,15.2,16.82
2024-09-05,22.88,18.64,15.72,12.12,13.39,15.72,23.57,18.58,16.08,14.8,11.34,12.46,13.81,14.8,16.34
2024-09-06,27.11,22.3,18.91,14.51,16.24,18.91,25.91,20.81,18.25,16.89,12.76,14.16,15.72,16.89,17.8
2024-09-09,21.09,18.74,16.03,12.7,13.95,16.03,22.42,18.51,16.28,15.13,11.68,12.88,14.14,15.13,16.48
2024-09-10,21.46,18.73,16.39,12.98,14.19,16.39,21.99,18.18,16.07,14.91,11.47,12.69,13.95,14.91,16.39
2024-09-11,19.75,17.12,15.01,12.05,13.06,15.01,20.62,16.93,14.88,13.91,10.9,11.9,13.04,13.91,15.56
2024-09-12,18.46,15.75,13.71,11.81,12.58,13.71,19.96,16.27,14.34,13.3,10.74,11.51,12.46,13.3,15.36
2024-09-13,18.27,15.68,13.79,10.95,11.95,13.79,19.79,15.95,13.96,12.92,10.57,11.19,12.07,12.92,15.04
2024-09-16,16.85,15.8,15.04,12.8,13.51,15.04,19.58,15.8,13.89,12.96,10.68,11.3,12.21,12.96,15.32
2024-09-17,19.87,18.64,16.77,14.65,15.58,16.77,20.07,16.07,14.07,13.06,10.92,11.39,12.31,13.06,15.42
2024-09-18,18.14,17.09,15.7,14.17,14.87,15.7,20.16,16.43,14.43,13.4,11.35,11.81,12.58,13.4,15.57
2024-09-19,14.5,12.69,12.19,11.92,12.1,12.19,18.15,14.41,12.64,11.9,10.73,10.91,11.4,11.9,14.43
2024-09-20,11.04,10.42,9.91,9.37,9.58,9.91,18.64,14.56,12.6,11.77,10.61,10.71,11.22,11.77,14.39
2024-09-23,17.38,13.78,11.2,9.95,10.2,11.2,21.17,16.65,14.48,13.37,11.31,11.84,12.66,13.37,14.07
2024-09-24,16.86,13.33,10.93,9.67,9.92,10.93,20.88,16.48,14.29,13.24,11.09,11.67,12.51,13.24,14.11
2024-09-25,16.81,13.47,11.04,9.73,9.97,11.04,21.01,16.76,14.57,13.4,11.1,11.75,12.65,13.4,14.2
2024-09-26,16.73,13.39,11.21,10.11,10.28,11.21,21.08,16.84,14.72,13.65,11.47,12.07,12.92,13.65,14.52
2024-09-27,18.82,15.01,12.3,10.5,11.01,12.3,22.69,18.16,15.78,14.54,11.86,12.67,13.65,14.54,15.27
2024-09-30,17.57,14.21,11.98,10.07,10.65,11.98,22.03,17.64,15.32,14.21,11.47,12.31,13.35,14.21,14.64
2024-10-01,20.91,16.91,13.8,11.09,11.93,13.8,24.75,19.7,16.9,15.48,11.98,13.06,14.38,15.48,15.87
2024-10-02,20.3,16.6,13.73,10.94,11.88,13.73,24.12,19.36,16.72,15.37,11.86,13.0,14.3,15.37,15.72
2024-10-03,22.18,17.75,14.54,11.52,12.49,14.54,25.64,20.44,17.58,16.02,12.23,13.44,14.86,16.02,16.31
2024-10-04,19.47,15.4,12.73,10.28,11.15,12.73,24.3,19.18,16.47,15.12,11.91,12.92,14.12,15.12,15.38
2024-10-07,21.32,17.51,14.58,11.54,12.59,14.58,26.53,20.96,18.07,16.41,12.55,13.78,15.23,16.41,16.54
2024-10-08,19.18,15.58,13.3,10.91,11.69,13.3,25.11,19.69,16.93,15.57,12.08,13.17,14.48,15.57,15.74
2024-10-09,17.56,14.35,12.6,10.74,11.31,12.6,24.2,18.93,16.3,15.08,12.11,12.96,14.1,15.08,15.3
2024-10-10,16.71,13.66,11.89,9.95,10.63,11.89,24.19,19.02,16.45,15.15,12.17,13.07,14.15,15.15,15.6
2024-10-11,15.68,12.38,11.04,9.33,9.89,11.04,24.0,18.84,16.27,15.05,12.48,13.14,14.15,15.05,15.22
2024-10-14,12.92,10.72,9.66,8.86,9.12,9.66,22.26,17.55,15.37,14.27,12.14,12.68,13.52,14.27,14.56
2024-10-15,12.16,10.84,10.91,9.94,10.25,10.91,23.32,18.41,16.03,14.94,12.36,13.07,14.09,14.94,15.11
2024-10-16,10.71,9.46,9.68,9.2,9.57,9.68,22.16,17.72,15.53,14.5,12.1,12.75,13.69,14.5,14.97
2024-10-17,10.81,9.6,10.05,9.5,9.74,10.05,21.54,17.12,15.08,14.14,11.73,12.44,13.38,14.14,14.56
2024-10-18,8.64,8.05,7.77,7.49,7.74,7.77,20.65,16.57,14.66,13.76,11.49,12.17,13.05,13.76,14.29
2024-10-21,20.17,16.67,14.03,11.71,12.43,14.03,22.26,17.18,14.77,13.59,11.22,11.81,12.73,13.59,14.27
2024-10-22,20.2,16.83,14.35,11.93,12.7,14.35,22.22,17.22,14.82,13.64,11.17,11.79,12.77,13.64,14.45
2024-10-23,21.79,18.44,15.48,12.55,13.48,15.48,23.79,18.52,15.86,14.46,11.53,12.33,13.48,14.46,15.14
2024-10-24,22.24,18.63,15.55,12.35,13.39,15.55,23.86,18.54,15.85,14.42,11.33,12.17,13.38,14.42,15.14
2024-10-25,23.91,19.86,16.56,12.89,14.13,16.56,25.49,19.58,16.57,15.13,11.78,12.68,13.98,15.13,15.69
2024-10-28,22.72,19.14,16.08,12.98,14.03,16.08,24.06,18.7,16.01,14.58,11.71,12.41,13.58,14.58,15.09
2024-10-29,22.54,19.12,16.31,13.52,14.41,16.31,23.73,18.47,15.9,14.49,11.86,12.51,13.54,14.49,15.02
2024-10-30,23.62,20.22,17.07,14.01,15.13,17.07,24.4,19.08,16.47,14.78,12.17,12.83,13.96,14.78,15.44
2024-10-31,27.75,23.28,20.0,15.78,17.39,20.0,27.14,21.31,18.38,16.83,13.21,14.21,15.62,16.83,16.87
2024-11-01,27.07,23.0,19.7,15.24,17.07,19.7,26.52,20.87,18.07,16.59,13.01,14.0,15.41,16.59,16.54
2024-11-04,25.88,22.79,20.03,15.75,17.58,20.03,25.06,20.1,17.65,16.25,12.98,13.92,15.18,16.25,16.28
2024-11-05,25.3,21.82,19.12,14.97,16.66,19.12,23.46,18.73,16.31,15.09,12.32,13.05,14.16,15.09,15.15
2024-11-06,16.68,13.72,12.08,11.0,11.17,12.08,19.62,15.31,13.29,12.39,11.58,11.44,11.85,12.39,13.42
2024-11-07,13.95,11.59,10.23,9.52,9.73,10.23,18.58,14.42,12.69,11.9,11.14,11.16,11.49,11.9,13.07
2024-11-08,13.68,11.25,9.63,8.86,9.12,9.63,18.6,14.27,12.53,11.82,10.96,11.11,11.43,11.82,13.18
2024-11-11,11.31,10.24,9.54,8.84,9.09,9.54,17.88,13.97,12.32,11.73,10.85,11.03,11.35,11.73,13.09
2024-11-12,11.6,10.76,9.85,9.22,9.41,9.85,17.72,13.88,12.33,11.6,10.56,10.83,11.2,11.6,13.13
2024-11-13,10.33,9.36,7.82,7.58,7.63,7.82,17.06,13.54,12.03,11.33,10.28,10.53,10.92,11.33,12.94
2024-11-14,11.1,10.31,10.22,10.05,10.02,10.22,17.1,13.57,12.11,11.3,9.96,10.27,10.76,11.3,12.95
2024-11-15,12.78,11.96,10.38,9.55,9.72,10.38,19.86,15.67,13.66,12.67,10.93,11.27,11.98,12.67,13.99
2024-11-18,18.2,14.72,12.22,10.56,11.0,12.22,19.92,15.4,13.27,12.26,10.49,10.95,11.65,12.26,13.66
2024-11-19,19.22,15.35,12.6,10.99,11.4,12.6,20.78,15.94,13.72,12.59,10.83,11.23,11.92,12.59,13.78
2024-11-20,20.56,16.3,13.23,11.34,11.86,13.23,21.88,16.64,14.22,13.02,11.07,11.53,12.29,13.02,14.15
2024-11-21,20.18,15.8,12.84,11.12,11.51,12.84,21.79,16.33,13.89,12.73,10.97,11.34,12.04,12.73,13.86
2024-11-22,18.86,14.46,11.62,10.21,10.48,11.62,20.64,15.32,12.97,11.88,10.3,10.6,11.2,11.88,13.28
2024-11-25,16.86,13.09,10.76,9.81,9.91,10.76,19.13,14.23,12.16,11.18,9.93,10.1,10.62,11.18,12.78
2024-11-26,16.12,12.51,10.27,9.46,9.55,10.27,18.56,13.71,11.75,10.84,9.74,9.92,10.35,10.84,12.64
2024-11-27,16.41,12.6,10.34,9.18,9.44,10.34,18.67,13.8,11.78,10.88,9.5,9.77,10.32,10.88,12.59
2024-11-29,15.37,12.02,9.87,9.05,9.2,9.87,17.83,13.33,11.43,10.43,9.39,9.55,9.97,10.43,12.42
2024-12-02,14.09,11.28,9.62,8.74,9.03,9.62,17.14,12.96,11.23,10.41,9.38,9.58,9.95,10.41,12.39
2024-12-03,14.0,11.19,9.46,8.54,8.8,9.46,17.01,12.89,11.17,10.29,9.29,9.47,9.86,10.29,12.23
2024-12-04,13.94,10.87,9.3,8.62,8.8,9.3,16.99,12.72,11.04,10.23,9.37,9.55,9.87,10.23,12.28
2024-12-05,13.81,10.91,9.2,8.39,8.64,9.2,17.35,12.89,11.15,10.34,9.29,9.51,9.92,10.34,12.62
2024-12-06,12.47,9.98,8.63,8.02,8.18,8.63,16.91,12.62,10.94,10.12,9.26,9.36,9.74,10.12,12.48
2024-12-09,12.95,10.72,9.46,8.63,8.93,9.46,17.66,13.36,11.53,10.68,9.43,9.71,10.2,10.68,13.05
2024-12-10,13.31,11.0,9.6,8.92,9.0,9.6,17.8,13.42,11.55,10.57,9.33,9.57,10.03,10.57,13.11
2024-12-11,11.9,9.83,8.9,8.25,8.47,8.9,16.99,12.78,11.02,10.28,9.27,9.46,9.85,10.28,13.05
2024-12-12,12.65,10.35,9.12,8.55,8.6,9.12,17.96,13.47,11.48,10.48,9.35,9.57,10.01,10.48,13.45
2024-12-13,11.85,9.95,8.7,7.98,8.29,8.7,18.18,13.56,11.53,10.33,9.24,9.42,9.81,10.33,12.97
2024-12-16,12.14,10.2,9.05,8.32,8.51,9.05,17.87,13.46,11.53,10.6,9.58,9.74,10.15,10.6,13.39
2024-12-17,13.77,11.86,10.74,10.27,10.63,10.74,19.38,14.59,12.43,11.3,9.99,10.21,10.72,11.3,14.05
2024-12-18,43.94,28.55,22.96,19.74,23.06,22.96,34.3,23.75,20.11,18.54,13.96,15.27,16.91,18.54,17.46
2024-12-19,22.92,20.52,20.64,18.54,19.22,20.64,31.17,22.29,18.78,17.07,12.71,14.01,15.7,17.07,17.36
2024-12-20,18.04,17.1,13.81,11.44,11.76,13.81,23.37,17.92,15.33,13.92,10.68,11.65,12.9,13.92,15.55
2024-12-23,20.12,16.12,12.78,10.03,10.96,12.78,21.91,16.89,14.59,13.09,10.49,11.27,12.26,13.09,14.37
2024-12-24,16.88,13.14,10.13,8.67,8.91,10.13,19.71,14.9,12.77,11.42,9.53,9.99,10.72,11.42,12.99
2024-12-26,16.61,13.27,10.68,8.98,9.32,10.68,19.58,14.97,12.88,11.72,9.62,10.18,11.0,11.72,13.14
2024-12-27,18.05,14.95,12.21,9.61,10.44,12.21,20.71,16.1,13.92,12.58,9.98,10.73,11.74,12.58,13.71
2024-12-30,17.95,15.5,13.51,10.93,11.85,13.51,20.97,16.73,14.68,13.44,10.74,11.61,12.64,13.44,14.6
2024-12-31,17.83,15.44,13.37,11.06,11.94,13.37,21.12,16.83,14.82,13.34,10.66,11.52,12.51,13.34,14.36
2025-01-02,18.24,15.96,14.12,11.69,12.63,14.12,21.47,17.15,15.1,13.89,11.01,11.93,12.97,13.89,14.88
2025-01-03,16.0,13.96,12.11,10.01,10.79,12.11,19.88,15.91,14.11,12.72,10.38,11.11,12.02,12.72,14.09
2025-01-06,16.21,14.18,12.07,10.13,10.9,12.07,19.61,15.65,13.75,12.48,10.32,10.91,11.78,12.48,13.66
2025-01-07,18.23,16.2,14.45,12.11,12.97,14.45,21.5,17.24,15.19,13.85,11.19,12.0,13.05,13.85,14.92
2025-01-08,18.43,16.36,14.61,11.87,12.96,14.61,21.49,17.23,15.18,13.77,11.14,11.96,12.99,13.77,14.61
2025-01-10,18.73,17.27,16.24,14.07,15.17,16.24,23.72,18.89,16.61,15.23,12.11,13.13,14.28,15.23,16.06
2025-01-13,18.43,17.47,17.15,14.51,15.74,17.15,22.12,17.92,15.98,14.79,11.93,12.93,13.96,14.79,15.5
2025-01-14,19.88,19.12,17.36,15.09,16.18,17.36,21.66,17.66,15.8,14.64,11.91,12.81,13.79,14.64,15.18
2025-01-15,13.58,12.61,12.29,10.9,11.08,12.29,18.72,15.29,13.63,12.51,10.55,11.09,11.9,12.51,13.77
2025-01-16,13.9,12.94,12.63,12.45,12.92,12.63,18.85,15.34,13.75,12.67,10.48,11.13,12.0,12.67,13.81
2025-01-17,14.47,13.51,13.46,12.65,12.97,13.46,19.04,15.38,13.59,12.61,10.9,11.27,11.99,12.61,13.47
2025-01-21,16.54,13.54,11.38,10.07,10.43,11.38,18.73,14.59,12.77,11.66,10.11,10.47,11.09,11.66,12.82
2025-01-22,16.56,13.36,11.28,10.1,10.42,11.28,18.96,14.69,12.81,11.71,10.24,10.58,11.15,11.71,12.77
2025-01-23,16.64,13.33,11.17,9.92,10.28,11.17,18.9,14.58,12.74,11.63,10.17,10.53,11.08,11.63,12.77
2025-01-24,16.87,13.51,11.22,9.77,10.18,11.22,19.01,14.68,12.77,11.61,9.97,10.41,11.05,11.61,13.01
2025-01-27,20.15,16.21,13.48,11.11,11.84,13.48,21.1,16.51,14.36,13.23,10.76,11.42,12.38,13.23,14.13
2025-01-28,18.22,15.0,12.54,10.68,11.21,12.54,19.86,15.68,13.64,12.54,10.45,11.02,11.83,12.54,13.54
2025-01-29,18.54,15.51,12.78,11.14,11.51,12.78,20.25,15.96,14.14,12.63,10.64,10.98,11.96,12.63,13.53
2025-01-30,17.22,14.47,12.14,10.34,10.96,12.14,19.33,15.43,13.56,12.32,10.36,10.96,11.71,12.32,13.04
2025-01-31,18.62,15.67,13.19,10.95,11.67,13.19,20.16,16.12,14.23,12.81,10.53,11.19,12.1,12.81,13.52
2025-02-03,20.56,17.71,14.38,11.92,12.87,14.38,21.63,17.55,15.5,13.7,11.1,11.91,12.9,13.7,14.46
2025-02-04,18.6,15.93,13.44,10.94,11.83,13.44,20.22,16.37,14.44,13.12,10.64,11.42,12.35,13.12,14.01
2025-02-05,17.04,14.59,12.3,10.02,10.9,12.3,19.09,15.48,13.59,12.43,10.18,10.84,11.7,12.43,13.25
2025-02-06,16.51,13.8,11.77,9.59,10.37,11.77,18.83,15.17,13.34,12.26,10.08,10.7,11.54,12.26,13.46
2025-02-07,18.23,15.24,12.75,9.83,10.94,12.75,20.22,16.09,14.14,12.81,10.26,11.01,12.0,12.81,13.74
2025-02-10,15.42,12.99,11.13,8.72,9.58,11.13,18.65,15.01,13.21,12.0,9.79,10.42,11.28,12.0,13.23
2025-02-11,15.88,13.49,11.22,8.88,9.86,11.22,18.72,14.98,13.15,12.0,9.79,10.44,11.29,12.0,13.17
2025-02-12,16.31,14.0,11.69,9.3,10.09,11.69,19.08,15.41,13.58,12.22,9.94,10.62,11.5,12.22,13.65
2025-02-13,15.31,12.35,10.4,8.61,9.17,10.4,18.43,14.63,12.78,11.62,9.88,10.3,10.99,11.62,13.34
2025-02-14,14.38,11.91,9.67,7.89,8.43,9.67,18.26,14.44,12.58,11.39,9.64,10.1,10.79,11.39,13.09
2025-02-18,11.2,9.8,7.87,7.16,7.69,7.87,17.18,13.73,12.08,11.11,9.3,9.81,10.52,11.11,12.98
2025-02-19,11.14,9.44,8.33,7.65,7.93,8.33,17.13,13.64,11.94,10.98,9.25,9.73,10.42,10.98,12.87
2025-02-20,11.62,10.13,9.04,8.16,8.61,9.04,17.52,13.92,12.1,11.0,9.08,9.65,10.39,11.0,13.16
2025-02-21,17.82,16.42,15.04,13.04,13.63,15.04,21.74,17.16,14.93,13.51,10.32,11.29,12.51,13.51,14.49
2025-02-24,21.45,17.71,14.33,10.89,12.04,14.33,22.45,17.47,15.13,13.69,10.6,11.58,12.78,13.69,14.56
2025-02-25,21.95,18.3,14.97,11.29,12.59,14.97,22.75,17.88,15.56,14.05,10.78,11.87,13.08,14.05,14.87
2025-02-26,21.64,18.53,15.4,11.83,13.07,15.4,22.26,17.8,15.64,14.19,11.04,12.23,13.26,14.19,15.13
2025-02-27,23.98,20.49,17.67,13.78,15.32,17.67,24.17,19.59,17.34,16.08,12.55,13.84,15.14,16.08,16.34
2025-02-28,22.48,18.96,15.9,12.05,13.42,15.9,22.79,18.29,16.16,14.96,11.49,12.7,13.93,14.96,15.53
2025-03-03,25.5,21.75,18.59,14.25,15.86,18.59,25.34,20.6,18.23,16.71,12.8,14.2,15.7,16.71,17.01
2025-03-04,26.73,23.03,20.01,15.36,17.28,20.01,26.69,21.68,19.14,17.68,13.29,14.92,16.54,17.68,17.84
2025-03-05,25.33,22.35,19.53,14.55,16.75,19.53,25.07,20.51,18.23,16.87,12.8,14.31,15.8,16.87,16.81
2025-03-06,29.73,26.0,22.97,17.66,20.14,22.97,28.55,23.4,20.84,19.37,14.85,16.54,18.17,19.37,18.87
2025-03-07,28.0,24.66,21.35,16.23,18.53,21.35,27.18,22.34,19.88,18.27,13.84,15.54,17.13,18.27,18.06
2025-03-10,31.67,28.28,25.64,20.73,22.9,25.64,31.17,25.48,22.73,21.47,16.51,18.38,20.18,21.47,20.25
2025-03-11,30.37,27.95,25.79,20.41,23.21,25.79,30.39,25.54,23.06,21.64,16.61,18.57,20.38,21.64,20.4
2025-03-12,27.0,25.22,23.12,18.75,20.84,23.12,27.32,23.45,21.3,19.99,15.36,17.12,18.81,19.99,19.32
2025-03-13,27.74,25.85,23.79,19.74,21.88,23.79,28.32,24.3,22.12,20.72,16.32,18.0,19.6,20.72,19.87
2025-03-14,24.65,22.62,20.57,17.21,18.8,20.57,25.29,21.81,19.78,18.42,14.47,15.98,17.4,18.42,18.2
2025-03-17,20.24,19.75,18.61,15.51,17.27,18.61,23.51,20.22,18.31,17.25,13.67,15.04,16.33,17.25,17.43
2025-03-18,22.75,22.11,20.97,18.58,19.87,20.97,24.82,21.4,19.59,18.34,14.59,16.08,17.42,18.34,18.26
2025-03-19,19.91,18.88,17.8,15.96,16.75,17.8,23.0,19.81,17.96,16.86,13.55,14.79,16.0,16.86,17.12
2025-03-20,18.68,18.18,18.4,16.84,17.51,18.4,22.85,19.78,18.02,16.91,13.44,14.75,16.03,16.91,16.97
2025-03-21,17.03,16.46,15.77,14.47,15.15,15.77,22.42,19.35,17.74,16.69,13.11,14.56,15.84,16.69,16.9
2025-03-24,19.65,17.13,14.75,12.01,13.04,14.75,21.09,17.55,15.63,14.51,11.66,12.6,13.66,14.51,15.55
2025-03-25,19.23,16.77,14.34,11.77,12.73,14.34,21.14,17.45,15.5,14.31,11.51,12.41,13.51,14.31,15.33
2025-03-26,20.91,18.5,15.93,12.99,14.09,15.93,22.35,18.66,16.6,15.36,12.27,13.25,14.45,15.36,16.34
2025-03-27,21.28,19.05,16.42,13.03,14.39,16.42,22.58,19.04,17.04,15.62,12.27,13.42,14.67,15.62,16.7
2025-03-28,24.5,21.8,19.32,15.19,16.99,19.32,25.34,21.43,19.34,18.0,13.84,15.46,16.94,18.0,18.52
2025-03-31,25.07,22.03,19.24,14.93,16.73,19.24,25.56,21.46,19.11,17.75,13.52,15.04,16.6,17.75,18.25
2025-04-01,25.34,22.31,19.14,14.94,16.53,19.14,25.49,21.32,18.95,17.39,13.3,14.71,16.23,17.39,18.03
2025-04-02,25.69,22.48,19.24,14.81,16.51,19.24,25.26,20.98,18.6,17.19,13.25,14.58,16.06,17.19,17.75
2025-04-03,37.7,31.22,27.13,21.33,23.76,27.13,34.35,28.38,25.34,23.49,17.97,20.07,22.02,23.49,22.91
2025-04-04,67.39,54.89,44.36,34.16,37.78,44.36,51.93,41.33,36.05,33.46,25.97,28.55,31.21,33.46,30.1
2025-04-07,73.54,59.72,48.85,36.31,41.28,48.85,54.06,42.98,37.53,34.39,25.91,28.95,32.08,34.39,30.51
2025-04-08,79.46,65.22,54.63,41.44,46.69,54.63,60.5,47.98,41.62,38.31,28.07,31.84,35.62,38.31,32.81
2025-04-09,51.22,40.29,34.1,25.62,28.32,34.1,40.97,31.38,27.15,25.38,18.63,20.64,23.23,25.38,24.32
2025-04-10,66.94,54.1,46.04,34.49,38.92,46.04,50.67,40.84,35.25,32.49,22.77,26.24,29.91,32.49,29.29
2025-04-11,57.7,47.15,40.5,30.68,34.76,40.5,47.15,38.18,33.2,30.55,21.56,24.71,28.09,30.55,27.99
2025-04-14,35.18,32.08,26.66,24.25,24.29,26.66,37.62,31.05,27.27,24.93,17.71,20.28,23.03,24.93,24.36
2025-04-15,28.76,24.43,24.02,21.03,22.49,24.02,36.8,29.84,26.18,24.07,17.53,19.81,22.24,24.07,23.94
2025-04-16,36.0,34.12,32.41,29.21,30.67,32.41,39.91,32.72,29.28,27.17,20.61,22.94,25.4,27.17,25.95
2025-04-17,33.34,31.89,29.9,27.95,28.53,29.9,35.97,30.4,27.34,25.31,19.09,21.37,23.69,25.31,24.72
2025-04-21,38.19,33.0,28.85,23.24,25.52,28.85,37.55,31.34,28.45,26.59,20.9,23.1,25.28,26.59,26.53
2025-04-22,34.79,30.17,25.59,20.87,22.62,25.59,34.23,29.05,26.23,24.8,19.23,21.31,23.28,24.8,24.89
2025-04-23,32.8,28.48,24.61,19.7,21.41,24.61,32.39,27.86,25.07,23.48,18.02,20.12,22.02,23.48,23.89
2025-04-24,31.78,26.99,22.39,18.07,19.38,22.39,31.45,26.45,23.52,21.59,16.6,18.24,20.2,21.59,22.04
2025-04-25,30.05,25.38,21.25,16.86,18.35,21.25,29.97,25.48,22.47,20.74,15.81,17.48,19.42,20.74,21.58
2025-04-28,28.91,24.86,21.0,16.84,18.34,21.0,29.78,25.46,22.5,20.76,15.84,17.45,19.44,20.76,21.65
2025-04-29,27.8,23.75,20.25,16.11,17.53,20.25,29.18,24.8,21.87,20.29,15.31,16.83,18.7,20.29,21.18
2025-04-30,29.32,25.08,21.12,16.54,18.08,21.12,30.22,25.58,22.58,20.74,15.42,17.39,19.07,20.74,21.79
2025-05-01,28.96,24.7,20.99,16.8,18.26,20.99,30.4,25.56,22.38,20.78,15.7,17.2,19.15,20.78,21.77
2025-05-02,26.1,21.87,18.09,15.13,15.9,18.09,28.66,23.95,20.68,18.89,14.55,15.75,17.41,18.89,20.04
2025-05-05,24.24,21.07,18.5,15.22,16.49,18.5,28.78,24.03,21.17,19.45,14.88,16.17,17.9,19.45,20.61
2025-05-06,25.74,22.59,19.59,16.41,17.85,19.59,30.04,25.22,22.31,20.32,15.45,16.98,18.8,20.32,21.4
2025-05-07,24.86,21.94,19.22,15.9,17.06,19.22,29.22,24.43,21.47,19.61,15.05,16.46,18.2,19.61,20.8
2025-05-08,23.43,20.88,18.68,16.29,17.1,18.68,27.81,23.51,20.56,18.95,14.72,15.91,17.54,18.95,20.18
2025-05-09,22.37,21.31,19.48,17.24,18.36,19.48,27.16,23.14,20.61,18.96,14.75,15.97,17.62,18.96,20.05
2025-05-12,16.88,15.61,14.08,13.43,13.5,14.08,22.26,18.35,16.16,14.78,12.75,13.16,14.01,14.78,16.36
2025-05-13,15.93,14.66,13.04,12.29,12.49,13.04,22.31,17.99,15.65,14.55,12.86,13.17,13.79,14.55,16.17
2025-05-14,16.79,13.45,13.1,13.23,12.54,13.1,23.37,18.77,16.28,15.17,13.45,13.69,14.52,15.17,16.55
2025-05-15,15.84,14.24,13.2,12.66,12.86,13.2,22.45,17.91,15.74,14.49,12.7,13.14,13.83,14.49,16.31
2025-05-16,13.51,12.74,11.95,11.68,11.67,11.95,22.18,17.69,15.51,14.38,12.62,13.07,13.74,14.38,16.11
2025-05-19,22.51,18.14,14.74,12.72,13.31,14.74,24.74,19.42,16.61,15.17,12.59,13.35,14.31,15.17,16.47
2025-05-20,22.61,18.36,14.9,12.5,13.22,14.9,24.78,19.6,16.79,15.34,12.57,13.37,14.39,15.34,16.68
2025-05-21,26.84,21.69,17.16,13.86,14.91,17.16,27.78,22.09,18.8,17.08,13.55,14.59,15.94,17.08,18.23
2025-05-22,25.9,21.04,16.84,13.56,14.65,16.84,27.38,21.83,18.64,16.87,13.29,14.4,15.71,16.87,18.08
2025-05-23,29.15,23.53,18.96,14.69,15.96,18.96,29.86,23.84,20.31,18.55,14.24,15.46,17.1,18.55,19.37
2025-05-27,23.35,18.66,15.23,12.86,13.47,15.23,25.16,19.81,17.05,15.51,12.75,13.53,14.52,15.51,16.89
2025-05-28,22.91,18.76,15.52,13.02,13.78,15.52,25.43,20.22,17.48,15.97,13.02,13.84,14.96,15.97,17.25
2025-05-29,22.91,18.68,15.45,13.06,13.8,15.45,25.38,20.11,17.26,15.87,12.94,13.75,14.9,15.87,17.25
2025-05-30,22.77,19.02,15.52,12.84,13.58,15.52,25.28,20.13,17.24,15.78,12.55,13.49,14.72,15.78,17.32
2025-06-02,20.94,17.49,14.59,12.15,13.14,14.59,24.19,19.31,16.58,15.2,12.24,13.1,14.21,15.2,16.69
2025-06-03,19.77,16.42,14.0,12.01,12.79,14.0,23.56,18.7,16.18,14.8,12.15,12.89,13.91,14.8,16.48
2025-06-04,19.37,16.38,13.94,12.08,12.9,13.94,23.66,18.81,16.3,14.84,12.27,13.02,13.99,14.84,16.4
2025-06-05,21.23,17.55,14.88,12.69,13.37,14.88,24.58,19.37,16.59,15.27,12.44,13.22,14.27,15.27,16.75
2025-06-06,17.44,14.6,12.85,11.45,12.02,12.85,22.26,17.63,15.27,13.94,11.9,12.48,13.21,13.94,15.94
2025-06-09,17.07,14.9,12.82,11.46,11.97,12.82,22.15,17.5,15.21,13.99,11.88,12.51,13.29,13.99,15.88
2025-06-10,16.94,14.35,12.74,11.4,12.16,12.74,21.91,17.27,15.0,13.87,11.88,12.44,13.18,13.87,15.79
2025-06-11,19.4,15.64,13.17,11.07,12.13,13.17,23.08,17.86,15.42,14.14,11.71,12.39,13.31,14.14,15.93
2025-06-12,20.55,16.59,13.28,11.13,12.37,13.28,23.93,18.44,15.76,14.31,11.86,12.55,13.49,14.31,16.06
2025-06-13,26.32,21.14,17.83,13.44,15.07,17.83,27.82,21.24,18.13,16.3,12.96,13.93,15.19,16.3,17.55
2025-06-16,18.63,15.77,13.08,10.86,12.41,13.08,24.04,18.39,15.77,14.39,11.73,12.58,13.56,14.39,16.21
2025-06-17,28.0,24.49,19.51,17.09,18.05,19.51,27.37,21.3,18.21,16.6,13.02,14.12,15.45,16.6,17.48
2025-06-18,25.83,18.47,15.76,14.88,15.33,15.76,25.89,20.33,17.42,15.92,12.37,13.47,14.81,15.92,17.01
2025-06-20,19.2,17.61,15.73,13.7,14.49,15.73,25.95,20.41,17.55,16.0,12.49,13.57,14.88,16.0,17.17
2025-06-23,23.87,18.51,14.68,11.8,12.76,14.68,25.32,19.77,16.72,15.11,11.83,12.86,14.04,15.11,16.56
2025-06-24,20.56,16.17,13.31,11.06,11.88,13.31,22.58,17.65,15.15,13.82,11.25,12.03,12.98,13.82,15.37
2025-06-25,19.47,15.73,12.92,10.96,11.7,12.92,21.93,17.31,15.0,13.66,11.18,11.95,12.85,13.66,15.09
2025-06-26,18.83,15.36,12.74,10.98,11.53,12.74,21.72,17.14,14.72,13.6,11.26,12.02,12.79,13.6,15.03
2025-06-27,18.51,14.93,12.58,10.88,11.39,12.58,21.68,17.06,14.77,13.65,11.54,12.25,12.99,13.65,15.12
2025-06-30,17.31,14.44,12.4,10.92,11.45,12.4,20.91,16.65,14.5,13.42,11.45,12.05,12.82,13.42,15.05
2025-07-01,17.59,14.73,12.79,11.03,11.54,12.79,21.08,16.85,14.69,13.63,11.43,12.15,12.99,13.63,15.21
2025-07-02,17.56,14.82,12.37,10.7,11.26,12.37,21.02,16.77,14.62,13.53,11.44,12.11,12.86,13.53,14.97
2025-07-03,17.81,14.48,12.24,10.43,11.16,12.24,20.76,16.58,14.52,13.52,11.47,12.12,12.84,13.52,14.79
2025-07-07,16.88,14.48,12.58,10.76,11.41,12.58,21.11,17.15,15.09,14.02,11.81,12.54,13.34,14.02,15.52
2025-07-08,14.81,12.75,11.12,9.88,10.28,11.12,20.16,16.43,14.41,13.34,11.37,12.0,12.71,13.34,15.16
2025-07-09,13.3,11.57,10.34,9.25,9.67,10.34,18.87,15.42,13.66,12.73,11.15,11.6,12.22,12.73,14.78
2025-07-10,13.09,11.55,10.04,9.05,9.38,10.04,18.75,15.17,13.52,12.56,11.02,11.45,11.98,12.56,14.44
2025-07-11,14.11,12.0,10.78,9.36,9.79,10.78,19.74,15.94,13.9,13.02,11.15,11.71,12.39,13.02,14.86
2025-07-14,12.75,11.45,10.57,9.22,9.78,10.57,19.86,16.05,14.18,13.18,11.28,11.88,12.61,13.18,14.98
2025-07-15,12.91,11.57,11.34,10.2,10.72,11.34,20.21,16.43,14.56,13.62,11.59,12.21,12.96,13.62,15.36
2025-07-16,11.85,10.42,9.73,8.81,9.12,9.73,19.96,16.24,14.28,13.33,11.42,11.93,12.66,13.33,15.14
2025-07-17,11.09,9.65,9.26,7.98,8.48,9.26,19.32,15.67,13.63,12.67,10.95,11.46,12.1,12.67,14.81
2025-07-18,10.23,9.37,8.57,7.85,8.15,8.57,19.19,15.67,13.64,12.7,10.88,11.48,12.06,12.7,14.92
2025-07-21,18.29,14.93,12.47,10.64,11.16,12.47,21.94,17.11,14.68,13.35,11.15,11.74,12.58,13.35,14.6
2025-07-22,18.15,14.93,12.45,10.45,11.12,12.45,21.96,17.08,14.61,13.25,11.01,11.62,12.48,13.25,14.6
2025-07-23,16.68,13.7,11.48,9.93,10.5,11.48,20.67,16.1,13.84,12.68,10.74,11.23,11.93,12.68,14.07
2025-07-24,16.99,13.77,11.5,10.01,10.5,11.5,20.91,16.12,13.78,12.58,10.72,11.21,11.88,12.58,14.03
2025-07-25,16.36,13.18,11.01,9.53,9.97,11.01,20.62,15.82,13.47,12.29,10.48,10.97,11.62,12.29,13.79
2025-07-28,15.36,12.52,10.48,9.11,9.55,10.48,19.98,15.39,13.11,11.92,10.16,10.63,11.27,11.92,13.73
2025-07-29,17.11,13.71,11.16,9.25,9.86,11.16,21.27,16.28,13.68,12.47,10.29,10.87,11.65,12.47,14.05
2025-07-30,16.83,13.67,10.93,9.01,9.86,10.93,20.79,15.83,13.29,12.33,10.22,10.63,11.31,12.33,13.98
2025-07-31,18.33,14.95,12.07,10.03,10.6,12.07,21.97,16.98,14.32,12.89,10.42,11.08,12.0,12.89,14.6
2025-08-01,23.81,19.35,15.75,11.96,13.4,15.75,25.8,20.0,16.79,15.23,11.79,12.74,14.05,15.23,16.23
2025-08-04,17.86,14.73,11.42,9.46,10.09,11.42,22.22,17.25,14.64,12.88,10.56,11.17,12.06,12.88,14.43
2025-08-05,17.98,15.33,12.91,10.44,11.31,12.91,22.61,17.78,15.03,13.73,10.96,11.73,12.79,13.73,15.09
2025-08-06,16.42,13.69,11.62,9.87,10.38,11.62,21.78,16.83,14.28,13.0,10.64,11.22,12.14,13.0,14.42
2025-08-07,16.57,14.04,12.07,10.39,10.92,12.07,21.61,16.82,14.3,13.1,10.78,11.39,12.29,13.1,14.51
2025-08-08,14.26,12.15,10.46,9.06,9.53,10.46,20.16,15.58,13.29,12.11,10.17,10.68,11.41,12.11,14.05
2025-08-11,14.93,12.99,11.43,9.87,10.43,11.43,20.2,15.76,13.51,12.47,10.36,10.91,11.69,12.47,14.3
2025-08-12,10.99,9.72,8.09,7.29,7.53,8.09,18.6,14.51,12.47,11.53,9.94,10.32,10.94,11.53,13.5
2025-08-13,10.62,8.98,8.0,7.66,7.67,8.0,18.26,14.09,12.12,11.29,9.92,10.18,10.72,11.29,13.44
2025-08-14,11.79,10.27,9.23,8.78,8.9,9.23,18.82,14.61,12.44,11.43,9.96,10.25,10.85,11.43,13.7
2025-08-15,11.81,10.98,10.22,9.52,9.67,10.22,19.25,15.03,12.84,11.73,10.04,10.42,11.06,11.73,13.94
2025-08-18,18.12,14.3,11.3,9.65,10.04,11.3,20.62,15.76,13.29,12.1,10.03,10.55,11.33,12.1,13.53
2025-08-19,19.02,15.02,11.85,9.74,10.28,11.85,21.4,16.43,13.75,12.51,10.23,10.77,11.63,12.51,14.09
2025-08-20,19.54,15.69,12.38,10.04,10.62,12.38,21.84,16.86,14.14,12.8,10.3,10.99,11.92,12.8,14.2
2025-08-21,20.87,16.8,13.38,10.56,11.41,13.38,22.51,17.54,14.77,13.39,10.59,11.37,12.44,13.39,14.63
2025-08-22,17.81,13.98,11.17,9.42,9.92,11.17,20.02,15.28,12.9,11.81,9.77,10.29,11.03,11.81,13.47
2025-08-25,17.29,13.81,11.13,9.37,9.89,11.13,19.95,15.3,12.99,11.87,9.83,10.34,11.13,11.87,13.51
2025-08-26,17.56,13.81,11.08,9.32,9.86,11.08,19.98,15.2,12.84,11.74,9.76,10.23,11.05,11.74,13.63
2025-08-27,18.2,14.26,11.39,9.59,10.11,11.39,20.23,15.33,12.97,11.82,9.91,10.43,11.17,11.82,13.58
2025-08-28,16.9,13.36,10.8,9.11,9.69,10.8,19.61,14.97,12.69,11.61,9.75,10.25,10.9,11.61,13.34
2025-08-29,18.72,14.81,11.85,9.49,10.27,11.85,20.8,15.79,13.33,12.17,9.9,10.51,11.41,12.17,13.93
2025-09-02,20.04,16.32,12.89,10.04,10.97,12.89,21.85,16.86,14.29,12.85,10.06,10.8,11.87,12.85,14.34
2025-09-03,18.33,15.1,12.13,9.57,10.42,12.13,20.83,16.14,13.6,12.38,9.83,10.49,11.45,12.38,14.01
2025-09-04,17.03,13.53,11.12,9.07,9.77,11.12,19.86,15.23,12.89,11.83,9.64,10.24,11.02,11.83,13.82
2025-09-05,16.33,13.47,10.75,8.9,9.57,10.75,19.76,15.25,12.9,11.76,9.49,10.14,11.03,11.76,13.84
2025-09-08,14.95,12.59,10.38,8.73,9.37,10.38,18.9,14.67,12.49,11.49,9.34,9.93,10.79,11.49,13.6
2025-09-09,15.26,12.45,10.48,8.64,9.34,10.48,18.99,14.77,12.48,11.44,9.34,9.9,10.69,11.44,13.76
2025-09-10,15.98,13.06,10.77,9.04,9.66,10.77,19.24,14.79,12.57,11.44,9.54,10.03,10.73,11.44,13.61
2025-09-11,14.71,11.59,9.78,8.82,9.12,9.78,18.43,14.11,12.2,11.15,9.64,10.06,10.59,11.15,13.48
2025-09-12,15.02,12.0,9.94,8.51,9.08,9.94,18.5,14.14,12.17,11.28,9.74,10.15,10.69,11.28,13.55
2025-09-15,15.12,12.66,10.29,9.21,9.55,10.29,18.49,14.28,12.44,11.42,9.96,10.38,10.89,11.42,13.62
2025-09-16,17.19,14.63,12.08,11.08,11.55,12.08,19.26,14.92,12.94,12.01,10.39,10.81,11.44,12.01,14.28
2025-09-17,15.09,13.21,11.08,10.81,10.57,11.08,18.63,14.46,12.54,11.77,10.18,10.56,11.21,11.77,13.81
2025-09-18,14.47,11.72,10.88,10.0,10.21,10.88,18.69,14.6,12.59,11.69,10.15,10.57,11.18,11.69,13.92
2025-09-19,10.27,8.97,8.35,7.6,7.84,8.35,18.48,14.57,12.66,11.83,10.18,10.53,11.18,11.83,13.97
2025-09-22,18.12,14.5,11.89,10.41,10.8,11.89,21.37,16.47,14.18,13.02,11.19,11.57,12.38,13.02,14.31
2025-09-23,18.85,15.15,12.39,10.61,11.07,12.39,22.18,17.17,14.72,13.46,11.35,11.85,12.7,13.46,14.91
2025-09-24,18.38,14.84,12.22,10.37,10.9,12.22,21.9,16.96,14.57,13.35,11.19,11.75,12.6,13.35,14.88
2025-09-25,19.01,15.36,12.71,10.52,11.09,12.71,22.32,17.23,14.88,13.59,11.25,11.86,12.78,13.59,15.02
2025-09-26,17.33,13.96,11.44,9.56,10.18,11.44,21.03,16.26,13.95,12.74,10.59,11.22,12.0,12.74,14.38
2025-09-29,16.81,13.68,11.13,9.34,9.93,11.13,20.81,16.14,13.92,12.76,10.61,11.22,12.04,12.76,14.49
2025-09-30,17.37,13.9,11.34,9.4,9.93,11.34,20.96,16.16,13.92,12.8,10.57,11.22,12.07,12.8,14.35
2025-10-01,17.41,13.66,11.06,9.23,9.9,11.06,20.92,16.08,13.89,12.8,10.65,11.29,12.17,12.8,14.46
2025-10-02,17.83,14.06,11.18,9.11,9.8,11.18,21.4,16.58,14.13,13.04,10.83,11.48,12.32,13.04,14.57
2025-10-03,17.99,14.02,11.09,9.1,9.89,11.09,21.71,16.44,14.22,13.04,10.76,11.41,12.31,13.04,14.68
2025-10-06,15.13,12.24,10.14,8.55,9.13,10.14,20.49,15.86,13.73,12.81,10.79,11.35,12.08,12.81,14.69
2025-10-07,17.17,13.65,11.15,9.21,9.72,11.15,21.59,16.81,14.4,13.25,11.1,11.69,12.49,13.25,15.05
2025-10-08,15.05,12.07,9.74,7.8,8.5,9.74,20.69,15.89,13.73,12.77,10.68,11.27,12.05,12.77,14.66
2025-10-09,16.72,13.14,10.48,8.57,9.1,10.48,20.68,16.12,13.95,12.96,10.82,11.4,12.24,12.96,14.84
2025-10-10,26.14,21.84,18.5,14.99,16.3,18.5,27.27,21.44,18.42,16.89,12.92,14.18,15.64,16.89,17.78
2025-10-13,17.16,14.49,12.8,10.55,11.46,12.8,23.33,18.19,15.59,14.37,11.43,12.29,13.41,14.37,16.11
2025-10-14,19.59,16.68,14.48,11.54,12.26,14.48,24.63,19.25,16.52,15.15,11.82,12.84,14.07,15.15,16.52
2025-10-15,18.89,15.98,14.21,11.43,11.95,14.21,25.21,19.6,16.74,15.35,12.02,13.02,14.29,15.35,16.68
2025-10-16,24.31,21.66,19.91,16.74,17.93,19.91,30.33,23.55,19.84,18.05,13.32,14.84,16.67,18.05,18.35
2025-10-17,19.67,17.94,16.08,13.81,14.74,16.08,25.92,20.2,17.22,15.72,11.84,13.13,14.58,15.72,16.59
2025-10-20,21.9,17.09,13.49,10.92,11.75,13.49,23.99,18.2,15.36,14.03,11.59,12.2,13.23,14.03,15.44
2025-10-21,21.71,16.93,13.47,10.86,11.67,13.47,23.73,18.14,15.3,14.01,11.56,12.16,13.17,14.01,15.38
2025-10-22,22.52,17.79,13.98,10.81,11.81,13.98,24.25,18.74,15.74,14.37,11.44,12.27,13.38,14.37,15.62
2025-10-23,20.95,16.48,13.09,10.52,11.27,13.09,23.21,17.7,15.01,13.74,11.23,11.87,12.93,13.74,15.23
2025-10-24,19.94,15.48,12.44,10.35,10.91,12.44,22.48,17.06,14.52,13.37,11.06,11.63,12.52,13.37,14.73
2025-10-27,18.01,14.37,11.87,10.41,10.79,11.87,21.27,16.45,14.28,13.09,11.5,11.8,12.52,13.09,14.65
2025-10-28,18.58,15.09,12.85,11.39,11.68,12.85,21.91,17.03,14.94,13.86,12.3,12.59,13.27,13.86,15.32
2025-10-29,19.22,16.4,13.64,11.58,12.17,13.64,22.55,17.6,15.78,14.39,12.72,13.0,13.65,14.39,15.53
2025-10-30,19.62,16.25,13.55,11.47,12.06,13.55,22.9,18.13,15.89,14.52,12.52,12.93,13.76,14.52,16.06
2025-10-31,20.5,16.84,13.89,11.64,12.3,13.89,23.66,18.65,16.35,14.97,12.86,13.3,14.24,14.97,16.35
2025-11-03,18.88,15.93,12.54,10.76,11.28,12.54,22.56,18.01,15.86,14.16,12.26,12.68,13.53,14.16,16.44
2025-11-04,21.19,17.93,14.92,11.83,12.83,14.92,24.2,19.16,16.63,15.48,12.68,13.45,14.5,15.48,16.97
2025-11-05,19.5,16.35,13.6,11.23,11.9,13.6,22.99,18.17,15.95,14.61,12.27,12.86,13.75,14.61,16.3
2025-11-06,22.37,18.93,15.76,12.52,13.77,15.76,24.83,19.71,17.29,16.01,12.96,13.78,14.97,16.01,17.0
2025-11-07,21.74,18.27,15.76,12.26,13.37,15.76,24.6,19.4,17.04,15.81,12.9,13.66,14.81,15.81,16.8
2025-11-10,17.68,14.84,12.75,10.96,11.44,12.75,21.91,17.24,15.32,14.09,12.16,12.68,13.37,14.09,16.03
2025-11-11,16.69,14.03,12.24,10.58,11.27,12.24,21.39,17.14,14.93,13.96,12.11,12.54,13.27,13.96,15.83
2025-11-12,16.97,14.72,12.54,10.74,11.59,12.54,21.69,17.38,15.4,14.0,12.07,12.53,13.4,14.0,16.14
2025-11-13,22.33,19.18,16.36,13.27,14.46,16.36,25.04,19.83,17.32,16.12,13.08,13.89,15.01,16.12,17.14
2025-11-14,22.74,20.05,16.75,13.17,14.83,16.75,25.43,20.25,17.61,16.07,12.98,13.87,15.08,16.07,17.37
2025-11-17,24.16,21.92,18.89,15.99,16.9,18.89,27.52,21.79,18.92,17.5,13.85,14.97,16.3,17.5,17.95
2025-11-18,27.03,24.67,22.95,19.11,20.11,22.95,30.38,24.14,20.71,19.14,14.68,16.11,17.9,19.14,19.01
2025-11-19,26.43,25.69,22.82,19.87,21.06,22.82,29.78,23.56,20.38,18.71,14.35,15.63,17.29,18.71,18.64
2025-11-20,31.21,28.25,26.65,22.85,24.49,26.65,33.62,26.4,22.92,21.16,15.52,17.47,19.56,21.16,20.15
2025-11-21,23.87,22.56,20.65,18.21,19.18,20.65,30.09,23.68,20.62,18.84,14.0,15.65,17.51,18.84,18.81
2025-11-24,25.58,20.29,16.26,12.76,13.79,16.26,26.51,20.3,17.37,15.95,12.84,13.67,14.9,15.95,17.41
2025-11-25,22.98,18.09,14.61,12.21,12.85,14.61,24.46,18.87,16.13,14.89,12.52,13.04,14.02,14.89,16.5
2025-11-26,21.31,16.93,13.83,11.72,12.24,13.83,23.22,17.89,15.45,14.27,12.18,12.61,13.5,14.27,15.94
2025-11-28,19.87,16.35,13.39,11.14,11.78,13.39,22.01,17.23,14.96,13.89,11.81,12.28,13.12,13.89,15.53
2025-12-01,20.0,16.61,13.56,11.43,12.02,13.56,22.44,17.71,15.3,13.97,11.8,12.35,13.27,13.97,15.79
2025-12-02,18.6,15.85,13.22,10.92,11.72,13.22,21.76,17.3,15.12,13.79,11.54,12.18,13.02,13.79,15.46
2025-12-03,17.84,14.9,12.63,10.82,11.41,12.63,21.52,17.01,14.69,13.51,11.45,11.99,12.79,13.51,15.37
2025-12-04,17.87,14.73,12.46,10.61,11.29,12.46,21.24,16.77,14.45,13.25,11.16,11.75,12.53,13.25,15.21
2025-12-05,16.88,14.21,12.1,10.33,10.9,12.1,20.78,16.25,14.18,13.1,11.1,11.58,12.32,13.1,15.41
2025-12-08,17.1,14.83,12.94,11.01,11.67,12.94,21.25,16.93,14.78,13.46,11.29,11.87,12.7,13.46,15.56
2025-12-09,17.33,15.17,13.32,11.16,11.89,13.32,21.61,17.09,14.84,13.6,11.42,11.95,12.83,13.6,15.91
2025-12-10,16.71,14.57,12.05,10.37,10.93,12.05,20.62,16.05,14.06,12.77,10.88,11.39,12.09,12.77,14.9
2025-12-11,14.9,12.9,11.12,9.47,10.06,11.12,19.79,15.35,13.29,12.13,10.22,10.64,11.41,12.13,14.66
2025-12-12,16.28,13.95,12.57,10.16,10.83,12.57,20.89,16.1,13.96,12.64,10.19,10.82,11.8,12.64,15.23
2025-12-15,14.6,13.37,11.89,10.44,11.34,11.89,20.74,16.08,13.92,12.69,10.35,10.97,11.97,12.69,15.14
2025-12-16,14.07,12.89,11.51,10.74,11.13,11.51,20.91,16.26,14.08,12.85,10.32,11.0,11.97,12.85,15.25
2025-12-17,18.26,16.31,15.69,12.6,14.31,15.69,22.78,17.94,15.67,14.34,11.38,12.31,13.45,14.34,15.75
2025-12-18,16.3,14.91,15.45,12.95,13.82,15.45,21.48,16.84,14.42,13.55,10.76,11.57,12.61,13.55,15.19
2025-12-19,10.88,9.97,9.0,8.1,8.43,9.0,19.45,15.08,13.04,11.86,9.91,10.38,11.22,11.86,14.2
2025-12-22,17.28,13.35,10.66,9.02,9.43,10.66,20.69,15.68,13.45,12.18,10.13,10.65,11.51,12.18,13.71
2025-12-23,16.9,13.08,10.55,9.0,9.34,10.55,20.65,15.66,13.43,12.21,10.31,10.7,11.49,12.21,13.83
2025-12-24,16.32,12.76,10.37,9.16,9.42,10.37,20.63,15.63,13.42,12.21,10.54,10.88,11.55,12.21,13.82
2025-12-26,15.48,12.4,10.14,8.9,9.17,10.14,20.1,15.57,13.38,12.2,10.51,10.85,11.55,12.2,14.03
2025-12-29,14.84,12.31,10.4,8.81,9.27,10.4,19.44,15.21,13.29,12.21,10.43,10.78,11.54,12.21,14.07
2025-12-30,15.09,12.67,10.43,8.93,9.37,10.43,19.51,15.32,13.42,12.3,10.48,10.94,11.64,12.3,14.13
2025-12-31,17.2,13.53,11.26,9.3,9.94,11.26,20.33,15.93,13.98,12.66,10.5,11.05,11.97,12.66,14.21
2026-01-02,14.67,12.88,10.76,8.86,9.57,10.76,19.47,15.43,13.65,12.39,10.27,10.82,11.68,12.39,14.05
2026-01-05,13.32,11.58,10.03,8.38,8.99,10.03,19.13,15.21,13.28,12.16,10.32,10.79,11.53,12.16,14.03
2026-01-06,13.09,11.35,9.76,8.16,8.8,9.76,19.04,15.0,13.22,12.07,10.4,10.83,11.47,12.07,14.16
2026-01-07,13.89,12.03,10.68,8.55,9.33,10.68,20.15,15.6,13.55,12.45,10.49,11.04,11.77,12.45,14.23
2026-01-08,14.35,12.43,10.66,8.65,9.49,10.66,20.24,15.63,13.57,12.29,10.28,10.87,11.59,12.29,14.14
2026-01-09,12.21,10.38,9.11,7.54,8.25,9.11,19.29,14.87,12.88,11.83,10.04,10.52,11.16,11.83,13.67
2026-01-12,11.42,10.1,9.08,7.57,8.68,9.08,19.14,14.85,12.95,11.82,9.94,10.46,11.18,11.82,14.03
2026-01-13,12.02,11.25,9.27,7.84,8.61,9.27,20.46,15.81,13.58,12.32,9.89,10.62,11.59,12.32,14.41
2026-01-14,12.32,11.82,9.68,8.91,9.33,9.68,21.33,16.6,14.14,12.89,10.11,10.95,11.98,12.89,14.67
2026-01-15,11.56,10.41,9.62,8.46,8.91,9.62,20.42,15.83,13.61,12.23,9.85,10.5,11.46,12.23,14.42
2026-01-16,12.65,11.71,10.79,9.43,9.98,10.79,21.07,16.15,13.89,12.52,9.91,10.76,11.77,12.52,14.79
2026-01-20,24.97,19.78,15.47,11.62,12.91,15.47,25.88,20.12,17.18,15.47,11.72,12.88,14.31,15.47,16.54
2026-01-21,21.11,16.95,13.31,10.54,11.38,13.31,22.71,17.82,15.29,13.82,10.96,11.81,12.91,13.82,15.14
2026-01-22,19.54,15.69,12.55,10.16,11.0,12.55,21.68,17.03,14.75,13.36,10.8,11.53,12.48,13.36,14.52
2026-01-23,19.98,16.01,12.63,10.03,10.95,12.63,22.2,17.44,14.94,13.5,10.8,11.52,12.58,13.5,14.63
2026-01-26,19.05,15.14,12.06,9.86,10.43,12.06,21.69,16.9,14.52,13.13,10.65,11.32,12.3,13.13,14.56
2026-01-27,19.16,15.17,11.89,9.89,10.31,11.89,21.94,17.06,14.6,13.13,10.83,11.37,12.3,13.13,14.7
2026-01-28,20.18,15.98,12.71,10.29,10.89,12.71,22.64,17.65,15.04,13.65,11.1,11.69,12.75,13.65,15.03
2026-01-29,20.58,16.36,12.65,9.91,10.63,12.65,22.88,17.96,15.24,13.69,10.82,11.6,12.72,13.69,15.0
2026-01-30,21.92,17.27,13.55,10.14,11.49,13.55,23.88,18.65,15.86,14.22,11.02,11.92,13.12,14.22,15.62
2026-02-02,18.5,15.03,11.56,9.02,9.89,11.56,21.83,17.1,14.67,12.96,10.4,11.11,12.12,12.96,14.76
2026-02-03,20.99,17.06,13.69,10.12,11.47,13.69,23.28,18.45,15.84,14.16,10.93,11.95,13.19,14.16,15.31
2026-02-04,23.68,19.73,15.9,11.56,13.18,15.9,24.8,19.96,17.2,15.33,11.69,12.77,14.19,15.33,16.1
2026-02-05,27.57,23.07,19.43,14.13,16.15,19.43,27.53,22.21,19.26,17.6,12.99,14.51,16.27,17.6,17.66
2026-02-06,20.51,17.19,13.89,10.01,11.29,13.89,23.63,18.78,16.1,14.44,11.05,12.08,13.36,14.44,15.58
2026-02-09,18.75,15.37,12.36,9.22,10.25,12.36,22.48,17.71,15.14,13.64,10.58,11.54,12.7,13.64,15.22
2026-02-10,19.23,15.98,12.83,9.46,10.54,12.83,22.86,18.19,15.47,13.97,10.67,11.66,12.86,13.97,15.61
2026-02-11,19.71,16.15,12.62,9.41,10.56,12.62,23.05,18.39,15.66,13.98,10.6,11.63,12.86,13.98,15.37
2026-02-12,26.77,23.03,18.44,12.87,15.05,18.44,26.69,21.35,18.38,16.57,12.13,13.67,15.35,16.57,17.1
2026-02-13,25.49,21.7,17.66,11.69,14.08,17.66,27.09,21.49,18.35,16.53,12.03,13.51,15.29,16.53,17.12
2026-02-17,18.71,18.22,15.45,11.41,13.96,15.45,24.91,20.14,17.41,15.78,11.65,13.02,14.63,15.78,16.5
2026-02-18,17.48,16.37,14.63,11.17,12.2,14.63,24.53,19.72,17.03,15.37,11.21,12.59,14.13,15.37,16.45
2026-02-19,19.28,17.64,16.18,12.51,14.08,16.18,25.45,20.79,17.78,15.96,11.36,12.89,14.62,15.96,16.8
2026-02-20,18.09,16.04,13.99,11.12,12.35,13.99,24.26,19.49,16.52,14.81,10.58,12.01,13.57,14.81,16.24
2026-02-23,25.5,21.04,16.71,11.81,13.53,16.71,27.01,21.29,18.13,16.24,11.88,13.28,14.94,16.24,17.38
2026-02-24,23.53,19.35,15.11,10.86,12.32,15.11,25.61,20.07,17.04,15.23,11.34,12.56,14.03,15.23,16.44
2026-02-25,21.97,17.39,13.36,10.02,11.04,13.36,23.98,18.52,15.66,13.95,10.7,11.61,12.89,13.95,15.48
2026-02-26,22.9,18.32,14.07,10.1,11.4,14.07,24.85,19.13,16.19,14.48,10.74,11.94,13.31,14.48,15.82
2026-02-27,24.85,20.13,15.63,10.78,12.46,15.63,26.42,20.34,17.16,15.38,11.0,12.39,14.03,15.38,16.64
2026-03-02,25.65,20.86,16.22,11.07,12.85,16.22,26.93,20.92,17.7,15.81,11.26,12.72,14.45,15.81,17.08
2026-03-03,29.11,24.01,18.69,12.42,14.77,18.69,29.34,23.02,19.49,17.42,12.01,13.87,15.87,17.42,18.09
2026-03-04,26.17,21.29,16.47,11.11,13.06,16.47,27.34,21.32,17.98,16.1,11.22,12.86,14.65,16.1,17.1
2026-03-05,29.27,23.73,18.32,12.35,14.52,18.32,29.78,23.12,19.52,17.32,11.92,13.77,15.75,17.32,18.1
2026-03-06,38.47,30.57,24.28,15.93,19.13,24.28,37.06,28.41,23.99,21.54,14.19,16.77,19.52,21.54,20.84
2026-03-09,30.32,25.16,20.14,13.66,16.13,20.14,30.94,24.33,20.59,18.41,12.48,14.62,16.86,18.41,19.01
2026-03-10,30.03,25.49,20.48,13.85,16.43,20.48,31.58,25.42,21.18,18.97,12.87,15.23,17.21,18.97,19.55
2026-03-11,28.18,24.34,20.23,13.97,16.67,20.23,30.14,24.11,20.64,18.65,12.79,14.9,17.02,18.65,19.06
2026-03-12,34.47,30.45,25.85,18.48,22.3,25.85,33.5,27.02,23.47,21.34,14.78,17.24,19.83,21.34,20.96
2026-03-13,34.03,28.95,25.6,19.63,22.2,25.6,33.65,27.5,24.1,22.1,15.41,18.0,20.51,22.1,21.49
2026-03-16,30.8,27.41,23.54,17.84,19.48,23.54,29.72,24.38,21.2,19.18,13.24,15.43,17.73,19.18,19.43
2026-03-17,27.22,25.49,21.4,16.49,17.96,21.4,28.46,22.99,19.87,17.93,12.55,14.41,16.41,17.93,18.76
2026-03-18,22.92,22.84,19.94,17.77,18.41,19.94,30.99,25.25,22.2,20.31,14.23,16.44,18.75,20.31,20.54
2026-03-19,22.29,20.33,19.65,17.39,18.41,19.65,30.51,25.11,22.06,20.25,14.15,16.49,18.73,20.25,20.33
2026-03-20,28.16,27.22,26.94,24.92,25.98,26.94,33.69,27.61,24.61,23.18,16.58,19.15,21.55,23.18,22.1
2026-03-23,32.43,26.67,21.5,15.2,17.56,21.5,32.15,25.79,22.31,20.29,14.4,16.49,18.7,20.29,21.04
2026-03-24,33.31,27.16,21.87,15.2,17.77,21.87,32.67,26.05,22.61,20.5,14.43,16.57,18.84,20.5,21.02
2026-03-25,31.32,25.96,20.95,14.49,16.99,20.95,31.37,25.17,21.96,19.97,14.0,16.13,18.33,19.97,20.71
2026-03-26,34.94,29.2,24.49,17.38,20.36,24.49,34.63,27.91,24.55,22.53,15.77,18.28,20.82,22.53,22.49
2026-03-27,38.21,31.79,27.41,20.38,23.44,27.41,37.15,30.07,26.66,24.74,17.55,20.37,22.96,24.74,24.22
2026-03-30,35.01,29.45,25.76,19.74,22.43,25.76,35.4,28.86,25.81,23.87,17.29,19.89,22.28,23.87,23.86
2026-03-31,29.24,25.12,21.16,15.64,17.97,21.16,30.4,25.07,22.32,20.25,14.4,16.57,18.73,20.25,21.09
2026-04-01,29.19,24.96,20.46,14.72,16.94,20.46,29.71,24.66,21.56,19.65,13.92,15.87,18.01,19.65,20.47
2026-04-02,28.48,24.22,20.09,14.0,16.44,20.09,29.52,24.4,21.34,19.49,13.56,15.65,17.86,19.49,20.31
2026-04-06,26.45,22.55,19.03,13.9,15.87,19.03,28.17,23.25,20.36,18.61,13.17,15.08,17.11,18.61,19.45
2026-04-07,30.43,25.97,21.87,15.65,18.19,21.87,30.32,24.8,21.67,19.63,13.74,15.86,18.03,19.63,20.29
2026-04-08,22.16,19.36,15.71,12.45,13.52,15.71,25.7,20.74,17.87,16.05,12.15,13.27,14.8,16.05,17.39
2026-04-09,18.91,16.17,13.82,11.17,12.11,13.82,23.91,19.31,16.67,15.08,11.79,12.7,13.98,15.08,16.53
2026-04-10,19.32,16.59,13.78,11.02,12.07,13.78,23.83,19.33,16.74,15.03,11.61,12.61,13.93,15.03,16.69
2026-04-13,16.73,14.33,12.6,10.57,11.44,12.6,22.5,18.08,15.66,14.21,11.31,12.2,13.27,14.21,15.95
2026-04-14,16.22,14.14,11.34,9.84,10.2,11.34,21.69,17.48,15.19,13.91,11.53,12.15,13.09,13.91,15.66
2026-04-15,14.59,12.69,11.39,10.53,10.79,11.39,21.77,17.51,15.29,14.09,11.91,12.51,13.43,14.09,15.66
2026-04-16,13.2,11.18,10.58,9.79,10.12,10.58,21.26,17.15,15.05,14.01,11.8,12.47,13.25,14.01,15.72
2026-04-17,15.4,14.39,13.33,11.82,12.38,13.33,20.36,16.5,14.73,13.71,11.83,12.36,13.11,13.71,15.68
2026-04-20,21.22,17.39,14.28,12.06,12.78,14.28,24.42,18.95,16.39,14.93,12.24,13.03,14.02,14.93,16.17
2026-04-21,23.98,19.65,15.9,12.61,13.76,15.9,26.33,20.49,17.53,15.98,12.59,13.63,14.9,15.98,16.82
2026-04-22,21.51,17.5,14.41,11.61,12.61,14.41,24.85,19.29,16.55,15.09,12.18,13.0,14.11,15.09,16.3
2026-04-23,22.14,18.28,14.84,11.91,12.86,14.84,25.11,19.69,16.92,15.23,12.09,13.02,14.21,15.23,16.57
2026-04-24,21.59,17.89,14.85,11.9,12.89,14.85,25.07,19.62,16.9,15.4,12.53,13.28,14.47,15.4,16.5
2026-04-27,19.74,16.61,14.03,11.44,12.37,14.03,23.65,18.72,16.24,14.89,12.16,12.96,14.0,14.89,16.16
2026-04-28,19.88,16.83,13.95,11.43,12.44,13.95,23.37,18.68,16.22,14.73,12.07,12.87,13.89,14.73,16.28
2026-04-29,20.38,17.17,14.35,11.36,12.61,14.35,23.88,18.97,16.38,15.03,12.05,13.0,14.11,15.03,16.28
2026-04-30,18.58,15.36,12.62,10.54,11.27,12.62,22.75,17.89,15.56,14.17,11.67,12.39,13.35,14.17,15.77
2026-05-01,17.72,15.0,12.92,10.41,11.28,12.92,22.94,18.15,15.86,14.56,11.77,12.7,13.76,14.56,16.05
2026-05-04,18.5,15.86,13.19,10.63,11.53,13.19,23.67,18.84,16.24,14.77,11.75,12.72,13.87,14.77,16.35
2026-05-05,16.59,14.01,11.93,9.72,10.71,11.93,22.98,18.16,15.75,14.54,11.69,12.52,13.57,14.54,16.1
2026-05-06,16.43,13.88,12.15,10.56,10.87,12.15,22.39,17.87,15.72,14.49,12.44,12.93,13.68,14.49,15.89
2026-05-07,16.1,13.55,12.04,10.4,10.84,12.04,21.92,17.68,15.43,14.4,12.04,12.74,13.6,14.4,15.89
2026-05-08,14.93,12.82,11.3,10.08,10.56,11.3,22.07,17.76,15.57,14.42,12.51,12.98,13.76,14.42,15.79
2026-05-11,14.88,12.3,11.12,9.48,10.07,11.12,22.6,18.12,15.97,14.97,12.73,13.36,14.25,14.97,16.51
2026-05-12,14.61,11.91,10.7,9.54,9.97,10.7,22.37,17.89,15.82,14.61,12.55,13.12,13.92,14.61,16.35
2026-05-13,13.36,11.91,10.02,9.6,9.76,10.02,22.21,17.88,15.95,14.77,12.99,13.46,14.14,14.77,16.54
2026-05-14,12.09,10.75,10.77,9.93,10.16,10.77,21.27,17.18,15.42,14.59,12.74,13.34,14.03,14.59,16.1
2026-05-15,18.08,17.04,14.91,13.58,14.03,14.91,23.32,18.74,16.49,15.17,12.58,13.38,14.31,15.17,16.42
2026-05-18,21.66,17.67,14.59,12.15,12.91,14.59,24.2,18.68,16.21,15.03,12.46,13.26,14.2,15.03,16.05
2026-05-19,22.41,18.42,14.93,12.28,13.09,14.93,24.87,19.32,16.69,15.27,12.55,13.33,14.36,15.27,16.12
2026-05-20,21.59,17.46,14.59,12.36,13.08,14.59,24.09,18.64,16.2,15.04,12.73,13.42,14.26,15.04,16.06
2026-05-21,20.6,16.7,13.86,11.94,12.56,13.86,23.18,17.95,15.69,14.45,12.48,13.03,13.76,14.45,15.71
2026-05-22,20.65,16.88,13.89,12.14,12.65,13.89,23.22,18.08,15.82,14.64,12.67,13.21,13.94,14.64,15.67
2026-05-26,18.9,15.6,13.3,11.97,12.3,13.3,21.97,17.41,15.31,14.31,12.68,13.09,13.69,14.31,15.65
2026-05-27,18.07,14.89,12.83,11.44,11.94,12.83,21.37,16.9,14.92,13.92,12.31,12.73,13.35,13.92,15.38
2026-05-28,17.03,14.12,12.27,10.99,11.39,12.27,20.69,16.41,14.53,13.57,12.11,12.5,13.04,13.57,15.16
2026-05-29,17.29,14.09,11.89,10.17,10.77,11.89,20.57,16.08,14.19,13.11,11.34,11.88,12.55,13.11,14.94
2026-06-01,16.78,13.94,11.85,9.95,10.67,11.85,20.98,16.4,14.42,13.35,11.36,11.97,12.71,13.35,15.18
2026-06-02,16.61,13.69,11.59,9.68,10.41,11.59,20.87,16.39,14.35,13.23,11.21,11.84,12.58,13.23,15.34
2026-06-03,17.22,14.26,12.17,10.03,10.98,12.17,21.29,16.76,14.64,13.55,11.19,11.92,12.8,13.55,15.53
2026-06-04,16.12,13.41,11.71,9.7,10.4,11.71,20.33,16.15,14.16,13.11,11.01,11.71,12.44,13.11,15.33
2026-06-05,27.91,21.68,17.88,13.95,15.31,17.88,26.33,20.34,17.55,16.09,12.64,13.73,15.03,16.09,17.1
2026-06-08,20.83,17.78,15.13,12.27,13.49,15.13,23.3,18.54,16.37,14.95,12.02,12.96,14.09,14.95,16.38
2026-06-09,24.22,20.34,17.34,14.06,15.19,17.34,24.23,19.4,17.07,15.72,12.76,13.65,14.78,15.72,16.76
2026-06-10,28.27,24.22,21.25,17.24,18.92,21.25,27.09,21.65,19.21,17.74,14.28,15.41,16.7,17.74,18.0
2026-06-11,23.74,21.06,18.65,16.04,17.09,18.65,23.79,19.36,17.25,16.31,13.46,14.37,15.42,16.31,17.0
2026-06-12,20.37,17.99,15.46,12.78,13.81,15.46,22.26,17.9,15.97,14.89,12.18,13.06,14.12,14.89,16.34
2026-06-15,16.1,13.86,11.84,10.7,11.04,11.84,19.49,15.67,13.92,12.99,11.24,11.69,12.36,12.99,15.07
2026-06-16,17.41,15.72,13.56,12.9,12.9,13.56,20.54,16.54,14.49,13.26,10.9,11.66,12.56,13.26,15.38
2026-06-17,21.09,19.72,18.68,16.48,17.36,18.68,23.37,18.69,16.35,15.01,11.68,12.79,14.06,15.01,15.99
2026-06-18,16.95,15.5,13.65,12.59,12.85,13.65,20.8,16.76,14.72,13.47,11.11,11.86,12.71,13.47,15.38
2026-06-22,20.45,16.87,13.59,10.83,11.75,13.59,22.47,17.74,15.46,14.15,11.59,12.41,13.34,14.15,15.5
2026-06-23,23.6,19.29,15.81,12.33,13.6,15.81,24.75,19.39,16.97,15.45,12.34,13.36,14.5,15.45,16.65
2026-06-24,22.73,18.85,15.34,11.92,13.2,15.34,23.86,18.88,16.6,15.07,12.14,13.08,14.19,15.07,16.24
2026-06-25,22.87,18.98,15.38,12.08,13.37,15.38,23.74,18.93,16.67,15.13,12.35,13.28,14.28,15.13,16.23
2026-06-26,22.02,18.53,15.75,12.31,13.67,15.75,23.43,18.79,16.5,15.24,12.42,13.27,14.44,15.24,16.22
2026-06-29,19.22,16.21,13.63,11.0,11.92,13.63,21.77,17.42,15.36,14.18,11.84,12.57,13.42,14.18,15.58
2026-06-30,17.38,14.39,12.3,10.35,10.95,12.3,20.67,16.46,14.52,13.47,11.42,12.06,12.82,13.47,14.92
2026-07-01,17.7,14.57,12.02,10.06,10.67,12.02,21.11,16.8,14.77,13.49,11.36,12.03,12.81,13.49,15.21
2026-07-02,16.93,14.39,12.12,9.74,10.57,12.12,20.79,16.68,14.63,13.48,11.22,11.88,12.73,13.48,14.93
2026-07-06,13.24,11.39,9.71,8.31,8.84,9.71,19.09,15.28,13.61,12.49,10.67,11.21,11.92,12.49,14.51
2026-07-07,14.95,12.53,10.53,8.62,9.31,10.53,19.9,15.81,13.88,12.72,10.62,11.31,12.05,12.72,14.79
2026-07-08,16.12,13.66,11.9,9.32,10.26,11.9,20.61,16.37,14.26,13.24,10.72,11.48,12.44,13.24,14.97
2026-07-09,14.18,12.06,10.11,8.46,8.99,10.11,19.87,15.68,13.82,12.65,10.57,11.21,11.99,12.65,14.75
2026-07-10,12.32,10.42,9.0,7.65,8.23,9.0,19.02,15.23,13.38,12.27,10.3,10.91,11.64,12.27,14.57
2026-07-13,14.53,12.8,11.48,9.92,10.55,11.48,20.45,16.51,14.38,13.16,10.57,11.44,12.41,13.16,14.9
2026-07-14,12.0,10.56,9.64,8.47,8.74,9.64,19.97,15.96,13.94,12.69,10.24,11.02,11.94,12.69,14.89
2026-07-15,10.77,9.94,8.3,7.5,7.74,8.3,19.11,15.33,13.4,12.17,9.93,10.62,11.53,12.17,14.52
2026-07-16,13.7,12.59,12.03,10.23,11.12,12.03,20.62,16.3,14.03,12.83,10.24,11.03,12.01,12.83,14.87
2026-07-17,17.54,16.5,15.55,13.93,14.73,15.55,23.3,18.44,15.82,14.34,10.95,12.04,13.33,14.34,15.56
2026-07-20,22.07,17.76,13.94,10.72,11.81,13.94,24.07,18.51,15.96,14.33,11.28,12.24,13.41,14.33,15.53
2026-07-21,20.27,16.28,12.87,10.24,11.06,12.87,22.75,17.61,15.26,13.71,11.03,11.82,12.84,13.71,14.91
2026-07-22,20.51,16.37,12.75,10.02,10.88,12.75,23.0,17.82,15.27,13.68,10.91,11.75,12.81,13.68,15.09
2026-07-23,22.8,18.42,14.5,10.89,12.14,14.5,24.76,19.17,16.41,14.85,11.43,12.49,13.8,14.85,15.84
2026-07-24,22.61,18.23,14.38,10.87,12.02,14.38,24.65,19.03,16.29,14.74,11.38,12.39,13.7,14.74,15.91
2026-07-27,21.55,17.63,14.06,10.75,11.86,14.06,23.71,18.47,15.91,14.4,11.28,12.23,13.44,14.4,15.61
2026-07-28,21.22,17.32,13.72,10.62,11.68,13.72,23.46,18.32,15.92,14.1,11.2,12.07,13.2,14.1,15.51
2026-07-29,24.05,20.05,15.69,12.1,13.45,15.69,26.36,20.79,17.91,15.67,12.15,13.26,14.59,15.67,16.79
2026-07-30,19.09,15.64,12.67,10.06,10.9,12.67,22.42,17.58,15.21,13.82,11.21,11.91,12.93,13.82,14.99
2026-07-31,17.76,14.63,11.75,9.61,10.26,11.75,21.72,16.87,14.58,13.25,10.92,11.56,12.5,13.25,14.91
2026-08-03,15.48,12.97,10.54,9.53,9.84,10.54,20.3,15.88,13.92,12.69,11.3,11.55,12.12,12.69,14.33
2026-08-04,15.46,13.32,11.9,11.47,11.47,11.9,20.33,16.05,14.41,13.44,12.62,12.7,13.05,13.44,14.88
2026-08-05,14.98,13.03,11.92,10.86,11.22,11.92,20.06,15.76,14.0,13.4,11.91,12.27,12.83,13.4,14.75
2026-08-06,14.71,12.57,10.96,9.76,10.21,10.96,19.83,15.61,13.82,12.74,11.21,11.61,12.2,12.74,14.44
2026-08-07,13.85,11.96,10.53,9.73,10.03,10.53,19.36,15.31,13.68,12.65,11.51,11.75,12.23,12.65,14.6
2026-08-10,13.53,11.66,10.23,9.34,9.66,10.23,19.4,15.15,13.6,12.65,11.37,11.72,12.19,12.65,14.74
2026-08-11,13.47,11.46,10.07,9.34,9.55,10.07,19.4,15.27,13.55,12.48,11.2,11.52,12.07,12.48,14.75
2026-08-12,11.91,10.24,8.91,8.39,8.53,8.91,18.5,14.59,13.04,12.0,10.75,11.11,11.58,12.0,14.27
2026-08-13,11.55,9.87,8.65,8.14,8.3,8.65,18.57,14.48,13.06,12.15,10.99,11.27,11.71,12.15,14.49
2026-08-14,10.45,8.92,8.08,7.61,7.63,8.08,18.27,14.42,12.85,11.89,10.61,10.94,11.44,11.89,14.47
2026-08-17,10.06,8.81,7.97,7.43,7.38,7.97,18.61,14.51,12.84,11.99,10.2,10.77,11.45,11.99,14.61
2026-08-18,11.4,10.17,8.59,7.55,7.89,8.59,19.66,15.38,13.51,12.24,10.27,10.85,11.59,12.24,14.5
2026-08-19,10.59,9.09,8.33,7.44,7.66,8.33,18.27,14.34,12.63,11.72,9.99,10.53,11.18,11.72,14.11
2026-08-20,13.45,12.25,11.35,10.11,10.79,11.35,20.08,15.74,13.77,12.54,10.4,11.03,11.86,12.54,14.68
2026-08-21,9.92,9.32,8.9,8.61,8.72,8.9,18.8,14.94,13.04,12.04,10.2,10.86,11.52,12.04,14.47
2026-08-24,18.68,14.76,12.11,10.24,10.83,12.11,20.75,16.01,13.99,12.73,10.85,11.39,12.11,12.73,14.59
2026-08-25,18.19,14.58,11.93,10.25,10.77,11.93,20.3,15.71,13.68,12.66,10.92,11.39,12.08,12.66,14.37
2026-08-26,18.0,14.51,11.99,10.23,10.81,11.99,20.02,15.55,13.69,12.57,10.86,11.34,11.99,12.57,14.33
2026-08-27,16.97,13.49,11.31,9.97,10.36,11.31,19.24,14.95,13.2,12.18,10.7,11.11,11.66,12.18,13.87
