date,iv_30d_atm,iv_3m_atm,iv_1m_put_10d,iv_1m_put_25d,iv_1m_put_50d,iv_1m_call_10d,iv_1m_call_25d,iv_1m_call_50d,iv_2m_put_10d,iv_2m_put_25d,iv_2m_put_40d,iv_2m_put_50d,iv_2m_call_10d,iv_2m_call_25d,iv_2m_call_40d,iv_2m_call_50d,iv_3m_atm_put,vix,vix9d,vix3m,vix6m,skew
2005-01-03,12.1911,13.3453,14.66,13.68,11.89,11.48,11.64,11.88,14.15,13.51,12.84,12.4,11.55,11.88,12.19,12.4,13.41,14.08,,15.07,,118.38
2005-01-04,12.2949,13.4527,14.38,13.48,11.85,11.67,11.74,11.85,14.26,13.64,13.0,12.58,11.82,12.11,12.39,12.58,13.46,13.98,,15.05,,116.03
2005-01-05,12.5076,13.4918,14.56,13.65,12.03,11.66,11.8,12.04,14.22,13.7,13.15,12.79,11.9,12.24,12.58,12.8,13.47,14.09,,15.21,,114.72
2005-01-06,11.9965,12.9494,13.74,12.94,11.52,11.72,11.65,11.52,13.85,13.26,12.65,12.24,11.39,11.72,12.04,12.24,12.95,13.58,,14.59,,114.15
2005-01-07,11.87,12.8366,13.26,12.5,11.16,11.43,11.33,11.16,13.56,13.04,12.49,12.13,11.52,11.75,11.98,12.14,12.82,13.49,,14.52,,114.95
2005-01-10,11.595,12.6316,13.8,12.83,11.05,11.41,11.28,11.05,13.29,12.72,12.13,11.73,11.0,11.28,11.56,11.73,12.6,13.23,,14.31,,116.92
2005-01-11,11.5914,12.7326,14.23,13.13,11.1,11.73,11.5,11.09,13.27,12.72,12.14,11.77,11.1,11.35,11.61,11.77,12.71,13.19,,14.34,,115.29
2005-01-12,11.3967,12.4457,13.33,12.18,10.04,11.4,10.91,10.04,12.9,12.35,11.77,11.39,10.78,11.01,11.24,11.4,12.42,12.56,,13.94,,110.89
2005-01-13,11.6491,12.6766,13.44,12.21,9.88,12.29,11.44,9.87,13.13,12.58,12.01,11.64,10.91,11.19,11.46,11.64,12.58,12.84,,14.22,,112.57
2005-01-14,11.1263,12.3798,13.18,11.69,8.73,11.55,10.58,8.72,12.65,12.09,11.51,11.13,10.5,10.74,10.98,11.13,12.25,12.43,,13.93,,117.02
2005-01-18,11.0367,11.9257,17.3,15.02,10.25,15.21,13.56,10.23,12.52,11.97,11.41,11.03,10.35,10.61,10.86,11.03,11.85,12.47,,13.52,,117.55
2005-01-19,11.5557,12.5065,18.41,15.69,9.73,16.05,14.01,9.69,13.21,12.61,11.97,11.56,10.97,11.2,11.42,11.56,12.47,13.18,,14.24,,115.4
2005-01-20,12.1159,12.909,21.96,17.91,7.31,10.17,9.2,7.31,14.01,13.32,12.58,12.1,11.35,11.64,11.92,12.1,12.77,13.83,,14.63,,115.37
2005-01-21,12.3221,13.1571,14.35,13.59,12.26,11.33,11.69,12.26,14.46,13.86,13.23,12.83,11.92,12.27,12.61,12.83,13.14,14.36,,15.06,,123.58
2005-01-24,12.6115,13.2918,14.85,13.96,12.38,11.67,11.94,12.38,14.62,14.02,13.39,12.98,12.01,12.38,12.74,12.98,13.41,14.65,,15.71,,120.1
2005-01-25,12.0725,12.8792,14.16,13.3,11.77,11.1,11.35,11.77,14.48,13.79,13.06,12.58,11.48,11.9,12.32,12.58,12.95,14.06,,14.65,,121.29
2005-01-26,11.4493,12.3809,13.37,12.55,11.09,10.42,10.68,11.1,14.12,13.35,12.54,12.0,11.04,11.41,11.78,12.01,12.41,13.44,,14.21,,121.28
2005-01-27,11.12,12.0611,13.17,12.3,10.74,10.08,10.33,10.74,13.77,12.99,12.15,11.6,10.63,11.01,11.37,11.61,12.12,13.24,,13.85,,125.01
2005-01-28,11.2821,12.0421,13.52,12.6,10.92,10.36,10.57,10.92,13.7,12.91,12.06,11.5,10.58,10.94,11.28,11.5,12.14,13.24,,13.87,,119.22
2005-01-31,10.8264,11.49,12.95,12.06,10.44,9.87,10.08,10.44,12.25,11.81,11.35,11.04,9.99,10.4,10.79,11.05,11.58,12.82,,13.36,,119.87
2005-02-01,10.26,11.2305,12.64,11.65,9.8,9.4,9.55,9.8,12.05,11.5,10.93,10.55,9.74,10.06,10.36,10.56,11.26,12.03,,12.92,,119.92
2005-02-02,10.0074,10.8424,12.44,11.47,9.69,9.41,9.52,9.69,12.0,11.35,10.66,10.19,9.17,9.57,9.95,10.2,10.86,11.66,,12.35,,121.2
2005-02-03,10.1439,10.926,12.71,11.65,9.68,9.56,9.61,9.68,11.91,11.34,10.74,10.34,9.48,9.81,10.13,10.34,10.98,11.79,,12.5,,118.52
2005-02-04,9.4963,10.2987,12.0,10.89,8.79,9.13,9.0,8.79,11.37,10.76,10.13,9.7,8.75,9.12,9.48,9.71,10.34,11.21,,12.19,,123.18
2005-02-07,9.9922,10.6641,12.61,11.56,9.61,10.51,10.18,9.61,11.92,11.26,10.56,10.09,9.34,9.63,9.91,10.09,10.68,11.73,,12.54,,119.47
2005-02-08,9.8704,10.5697,13.14,11.79,9.17,10.44,9.98,9.17,11.68,11.06,10.41,9.97,9.15,9.47,9.78,9.98,10.54,11.6,,12.18,,120.75
2005-02-09,10.503,11.0133,13.5,12.19,9.7,11.39,10.79,9.69,12.11,11.52,10.89,10.47,9.4,9.82,10.22,10.48,11.03,12.0,,12.51,,118.59
2005-02-10,10.0636,10.6701,13.1,11.76,9.16,10.73,10.17,9.15,12.03,11.32,10.56,10.05,9.1,9.47,9.83,10.06,10.64,11.51,,12.27,,119.71
2005-02-11,9.7965,10.3915,13.86,12.09,8.42,10.69,9.9,8.42,11.77,11.05,10.28,9.76,8.98,9.28,9.58,9.77,10.44,11.43,,11.96,,123.73
2005-02-14,9.9883,10.5277,16.56,14.14,8.82,11.72,10.72,8.81,12.0,11.28,10.5,9.98,9.15,9.47,9.78,9.98,10.56,11.52,,12.01,,118.9
2005-02-15,9.5925,10.2011,15.66,13.38,8.39,14.6,12.63,8.38,11.26,10.65,10.01,9.58,8.97,9.2,9.43,9.58,10.26,11.27,,11.65,,121.3
2005-02-16,9.3947,10.193,16.56,13.8,7.19,8.9,8.3,7.19,11.19,10.54,9.85,9.38,8.77,9.0,9.23,9.38,10.23,11.1,,11.52,,122.1
2005-02-17,9.9198,10.5655,14.32,12.11,7.09,6.95,7.0,7.09,11.77,11.1,10.38,9.9,9.3,9.53,9.75,9.9,10.62,11.77,,12.18,,123.75
2005-02-18,9.2823,10.5003,11.28,10.54,9.22,8.59,8.84,9.22,11.09,10.65,10.2,9.89,8.96,9.32,9.67,9.9,10.54,11.18,,12.13,,127.87
2005-02-22,11.2614,11.5059,13.35,12.58,11.21,10.07,10.52,11.22,12.47,12.04,11.58,11.28,10.22,10.63,11.03,11.28,11.58,13.14,,13.18,,124.5
2005-02-23,10.5343,11.2292,12.44,11.66,10.27,9.43,9.75,10.27,12.52,11.91,11.26,10.83,9.87,10.24,10.6,10.83,11.34,12.39,,12.84,,126.82
2005-02-24,9.7486,10.738,11.93,11.07,9.49,8.86,9.1,9.49,11.66,11.1,10.51,10.11,9.02,9.44,9.85,10.12,10.81,11.57,,12.26,,125.33
2005-02-25,9.7096,10.4473,11.74,10.99,9.65,9.21,9.38,9.65,11.32,10.78,10.21,9.83,9.03,9.34,9.64,9.84,10.53,11.49,,11.88,,126.89
2005-02-28,10.5155,11.0589,13.55,12.48,10.52,10.1,10.26,10.52,12.29,11.65,10.98,10.53,9.66,9.99,10.32,10.53,11.16,12.08,,12.62,,119.82
2005-03-01,10.4437,11.0491,12.57,11.78,10.36,10.12,10.21,10.36,12.06,11.5,10.92,10.53,9.63,9.98,10.31,10.53,11.13,12.04,,12.62,,118.15
2005-03-02,10.9063,11.5352,13.26,12.37,10.78,10.42,10.56,10.78,12.71,12.09,11.43,11.0,10.07,10.43,10.78,11.0,11.62,12.5,,13.18,,116.6
2005-03-03,10.9701,11.5726,13.54,12.58,10.84,10.7,10.75,10.84,12.72,12.12,11.49,11.08,10.35,10.63,10.9,11.08,11.65,12.93,,13.21,,122.87
2005-03-04,10.2977,11.1233,12.98,11.82,9.62,9.03,9.26,9.62,12.4,11.69,10.94,10.43,9.81,10.05,10.28,10.43,11.21,11.94,,12.58,,121.98
2005-03-07,10.4131,11.3387,13.08,11.88,9.59,10.22,9.98,9.59,12.44,11.76,11.03,10.55,9.78,10.07,10.36,10.55,11.24,12.26,,12.75,,123.86
2005-03-08,10.585,11.373,14.06,12.57,9.63,10.76,10.35,9.63,12.7,11.96,11.17,10.64,9.87,10.17,10.46,10.65,11.44,12.4,,12.87,,127.25
2005-03-09,11.3316,11.8084,15.03,13.5,10.52,11.26,10.99,10.52,13.21,12.52,11.79,11.3,10.44,10.77,11.09,11.3,11.92,12.7,,13.45,,115.85
2005-03-10,11.0226,11.7456,14.31,12.75,9.67,10.49,10.19,9.67,13.12,12.34,11.51,10.95,10.1,10.43,10.75,10.96,11.85,12.49,,13.42,,118.5
2005-03-11,11.3642,12.0628,14.51,12.95,9.87,11.93,11.2,9.86,13.02,12.41,11.76,11.32,10.43,10.78,11.11,11.32,12.17,12.8,,13.77,,114.64
2005-03-14,11.1614,11.9273,17.5,15.11,9.97,13.07,12.0,9.97,12.99,12.3,11.57,11.09,10.24,10.56,10.88,11.09,12.06,12.39,,13.56,,113.03
2005-03-15,11.5267,12.3976,19.21,16.46,10.46,15.02,13.49,10.46,13.58,12.82,12.01,11.47,10.63,10.96,11.27,11.47,12.47,13.15,,14.03,,115.41
2005-03-16,11.9551,12.6535,19.66,16.54,9.29,16.95,14.56,9.31,13.97,13.22,12.41,11.88,11.0,11.34,11.66,11.88,12.75,13.49,,14.36,,112.82
2005-03-17,11.5225,12.8899,14.47,12.07,6.32,12.89,10.9,6.33,13.27,12.62,11.92,11.46,10.56,10.9,11.24,11.46,12.99,13.29,,14.73,,115.02
2005-03-18,11.2018,12.6843,13.38,12.57,11.11,10.49,10.73,11.11,13.56,13.08,12.58,12.25,11.36,11.71,12.04,12.26,12.73,13.14,,14.51,,121.75
2005-03-21,11.7053,12.9083,13.58,12.84,11.52,10.93,11.16,11.53,13.52,13.1,12.66,12.36,11.54,11.86,12.17,12.37,12.96,13.61,,14.82,,117.72
2005-03-22,12.3104,13.2703,14.17,13.42,12.11,11.48,11.72,12.11,14.63,13.98,13.29,12.85,12.03,12.35,12.66,12.86,13.32,14.27,,14.97,,117.15
2005-03-23,12.0443,13.4256,14.1,13.27,11.78,11.18,11.41,11.78,14.63,13.92,13.17,12.68,11.91,12.2,12.5,12.69,13.44,14.06,,15.06,,116.35
2005-03-24,11.4511,13.0809,13.31,12.48,10.98,10.33,10.58,10.98,14.01,13.36,12.67,12.22,11.42,11.73,12.03,12.23,13.12,13.42,,14.94,,119.08
2005-03-28,11.914,13.0991,14.21,13.21,11.4,10.95,11.12,11.4,14.23,13.56,12.84,12.38,11.41,11.78,12.15,12.38,13.09,13.75,,15.01,,114.21
2005-03-29,12.4831,13.5879,14.76,13.82,12.13,12.05,12.08,12.13,14.49,13.86,13.2,12.77,11.87,12.22,12.56,12.78,13.64,14.49,,15.19,,117.21
2005-03-30,11.5492,12.9393,13.85,12.97,11.4,11.04,11.18,11.4,13.23,12.73,12.2,11.86,11.12,11.4,11.68,11.86,12.91,13.64,,14.51,,117.36
2005-03-31,11.9423,13.0082,14.44,13.5,11.81,11.34,11.52,11.81,13.36,12.92,12.47,12.17,11.28,11.62,11.96,12.18,13.01,14.02,,14.62,,118.51
2005-04-01,12.1613,13.3298,14.45,13.43,11.57,11.4,11.46,11.57,14.43,13.71,12.96,12.46,11.52,11.88,12.23,12.46,13.35,14.09,,15.02,,116.28
2005-04-04,12.0643,13.3746,14.71,13.71,11.9,11.73,11.79,11.9,13.4,13.01,12.6,12.32,11.31,11.7,12.08,12.33,13.38,14.11,,15.0,,117.6
2005-04-05,11.637,12.9675,13.94,12.92,11.05,11.58,11.38,11.05,13.14,12.69,12.23,11.93,11.09,11.41,11.73,11.93,12.95,13.68,,14.47,,118.07
2005-04-06,11.6078,12.722,14.21,12.93,10.5,10.46,10.47,10.5,13.29,12.64,11.95,11.48,10.52,10.89,11.25,11.48,12.63,13.15,,14.08,,115.82
2005-04-07,11.0174,12.3224,13.28,12.1,9.86,11.21,10.72,9.87,12.45,11.9,11.33,10.94,10.09,10.42,10.74,10.95,12.25,12.33,,13.67,,115.81
2005-04-08,11.2593,12.435,13.54,12.39,10.23,12.13,11.45,10.22,12.84,12.26,11.64,11.24,10.36,10.7,11.03,11.24,12.31,12.62,,13.87,,114.01
2005-04-11,11.3565,12.5205,15.71,14.04,10.75,14.08,12.93,10.75,12.97,12.37,11.74,11.32,10.44,10.78,11.11,11.33,12.46,11.98,,13.95,,112.55
2005-04-12,10.841,12.1001,17.63,14.9,8.72,13.8,12.14,8.71,12.57,11.94,11.27,10.82,9.9,10.26,10.61,10.83,12.0,11.3,,13.57,,111.18
2005-04-13,11.8658,12.9426,19.17,16.1,8.97,14.79,12.92,8.96,13.84,13.12,12.36,11.85,10.92,11.28,11.63,11.85,12.89,13.31,,14.55,,121.01
2005-04-14,12.8249,13.7844,22.85,18.73,8.32,9.05,8.78,8.37,14.48,13.93,13.36,12.97,11.8,12.26,12.7,12.99,13.74,14.53,,15.53,,115.82
2005-04-15,15.0729,15.2565,17.31,16.49,15.03,13.57,14.14,15.04,17.34,16.51,15.63,15.06,13.68,14.22,14.74,15.07,15.3,17.74,,17.25,,120.41
2005-04-18,14.479,14.7987,16.66,15.86,14.45,13.03,13.58,14.46,16.65,15.92,15.17,14.67,13.35,13.86,14.36,14.68,14.85,16.56,,16.55,,117.85
2005-04-19,13.0758,13.6436,15.11,14.35,13.01,11.67,12.19,13.02,14.65,14.2,13.74,13.42,12.2,12.67,13.13,13.43,13.82,14.96,,15.38,,121.86
2005-04-20,14.747,14.8694,17.44,16.45,14.69,13.19,13.78,14.7,16.44,15.82,15.17,14.74,13.44,13.95,14.44,14.75,14.98,16.92,,16.72,,119.97
2005-04-21,12.3464,13.2957,15.07,14.08,12.3,10.93,11.46,12.3,14.39,13.82,13.23,12.83,11.63,12.1,12.55,12.84,13.4,14.41,,14.87,,122.8
2005-04-22,13.3606,13.6934,16.15,15.09,13.18,11.55,12.19,13.18,14.78,14.29,13.79,13.44,12.02,12.57,13.1,13.45,13.9,15.38,,15.52,,120.59
2005-04-25,12.5311,13.285,15.24,14.21,12.34,10.84,11.43,12.35,15.13,14.31,13.44,12.86,11.43,11.99,12.53,12.87,13.43,14.62,,15.26,,121.68
2005-04-26,12.9295,13.5086,15.56,14.57,12.8,11.31,11.89,12.81,14.8,14.19,13.56,13.13,11.74,12.28,12.8,13.14,13.64,14.91,,15.43,,118.98
2005-04-27,12.7631,13.4332,15.28,14.32,12.61,11.13,11.71,12.62,14.88,14.2,13.49,13.0,11.5,12.09,12.66,13.02,13.52,14.87,,15.32,,123.91
2005-04-28,14.7446,14.6405,17.52,16.55,14.81,13.16,13.81,14.83,16.59,15.87,15.12,14.62,13.07,13.68,14.26,14.63,14.76,16.86,,16.61,,117.28
2005-04-29,13.3857,13.9533,15.95,14.94,13.13,11.61,12.2,13.13,15.88,15.04,14.14,13.55,12.02,12.62,13.19,13.56,14.07,15.31,,15.71,,116.12
2005-05-02,13.0668,13.7317,15.73,14.68,12.79,11.16,11.8,12.79,15.56,14.71,13.8,13.2,11.7,12.29,12.85,13.21,13.85,15.12,,15.5,,119.44
2005-05-03,12.7618,13.5728,15.51,14.36,12.22,10.65,11.26,12.21,15.3,14.42,13.49,12.86,11.41,11.97,12.51,12.85,13.74,14.53,,15.15,,118.29
2005-05-04,11.8478,12.7844,14.37,13.34,11.47,10.25,10.72,11.47,14.17,13.42,12.62,12.08,10.56,11.16,11.73,12.09,12.88,13.85,,14.54,,120.47
2005-05-05,11.8903,12.6322,14.91,13.73,11.53,10.47,10.88,11.53,14.48,13.58,12.62,11.98,10.53,11.1,11.64,11.98,12.73,13.98,,14.31,,122.82
2005-05-06,12.0542,12.7911,14.66,13.5,11.35,10.58,10.88,11.35,14.61,13.76,12.86,12.26,10.75,11.35,11.91,12.27,12.85,14.05,,14.44,,119.54
2005-05-09,11.6329,12.3833,14.76,13.46,11.03,11.04,11.03,11.03,14.19,13.32,12.4,11.77,10.25,10.85,11.42,11.78,12.46,13.75,,13.98,,119.57
2005-05-10,12.8771,13.2941,16.53,15.18,12.65,12.32,12.44,12.65,15.42,14.52,13.55,12.9,11.34,11.95,12.54,12.91,13.39,14.91,,15.03,,117.85
2005-05-11,12.5476,13.1957,15.45,13.99,11.18,11.57,11.42,11.18,14.79,13.97,13.09,12.49,10.94,11.55,12.13,12.5,13.22,14.45,,14.86,,120.91
2005-05-12,14.1485,14.5282,18.24,16.61,13.53,13.49,13.5,13.53,16.68,15.76,14.78,14.12,12.39,13.07,13.72,14.13,14.56,16.12,,16.43,,117.85
2005-05-13,14.3904,14.8069,17.79,16.05,12.71,12.9,12.83,12.71,16.75,15.85,14.91,14.27,12.72,13.32,13.9,14.28,14.94,16.32,,16.82,,118.22
2005-05-16,13.2998,14.0039,18.14,16.12,12.12,14.79,13.85,12.12,15.98,14.99,13.94,13.23,11.42,12.13,12.8,13.23,14.07,15.68,,15.93,,125.22
2005-05-17,12.4907,13.4249,20.09,17.11,10.48,15.91,14.12,10.48,15.36,14.31,13.18,12.4,10.54,11.28,11.97,12.41,13.49,14.57,,15.25,,122.02
2005-05-18,11.386,12.4109,20.95,17.56,9.62,14.98,13.23,9.63,14.17,13.16,12.07,11.31,9.63,10.29,10.92,11.32,12.5,13.63,,14.24,,125.16
2005-05-19,10.8603,11.9887,20.09,16.22,5.5,9.99,8.58,5.49,13.85,12.79,11.62,10.81,9.22,9.85,10.44,10.82,12.05,13.32,,13.89,,127.39
2005-05-20,10.7199,11.9257,13.92,12.77,10.62,9.09,9.7,10.63,13.49,12.69,11.84,11.27,9.84,10.4,10.93,11.28,11.98,13.14,,14.12,,128.09
2005-05-23,10.4874,11.647,13.7,12.51,10.26,9.01,9.5,10.26,13.51,12.57,11.55,10.86,9.55,10.06,10.55,10.86,11.77,12.95,,13.53,,131.23
2005-05-24,10.3753,11.5711,13.29,12.16,10.03,8.98,9.39,10.03,13.33,12.5,11.62,11.03,9.56,10.14,10.69,11.04,11.68,12.69,,13.62,,130.79
2005-05-25,10.3686,11.7171,12.8,11.81,9.97,9.12,9.45,9.98,13.34,12.47,11.54,10.91,9.43,10.01,10.56,10.91,11.85,12.58,,13.67,,128.6
2005-05-26,9.9927,11.4545,12.66,11.63,9.72,9.09,9.33,9.72,12.83,11.99,11.08,10.47,9.19,9.69,10.17,10.47,11.55,12.24,,13.26,,129.17
2005-05-27,10.0028,11.5424,12.71,11.64,9.63,8.96,9.22,9.64,13.04,12.12,11.13,10.46,9.26,9.73,10.18,10.46,11.65,12.15,,13.42,,125.92
2005-05-31,11.1757,12.2456,13.81,12.66,10.48,9.78,10.05,10.48,13.7,12.85,11.93,11.31,10.03,10.53,11.0,11.31,12.43,13.29,,13.97,,120.56
2005-06-01,10.2921,11.7387,12.75,11.65,9.59,9.8,9.72,9.58,13.0,12.17,11.28,10.68,9.53,9.98,10.41,10.69,11.85,12.36,,13.64,,127.65
2005-06-02,9.908,11.5181,13.28,11.95,9.38,9.38,9.38,9.38,12.35,11.58,10.75,10.19,9.18,9.57,9.95,10.19,11.67,11.84,,13.39,,127.81
2005-06-03,10.351,11.8413,12.69,11.56,9.44,10.11,9.86,9.44,12.94,12.1,11.2,10.59,9.66,10.02,10.36,10.59,11.92,12.15,,13.67,,123.59
2005-06-06,10.4206,11.9523,13.38,12.08,9.57,10.47,10.14,9.56,12.91,12.09,11.21,10.61,9.61,10.0,10.37,10.62,12.04,12.28,,13.87,,122.68
2005-06-07,10.7838,11.9707,14.52,13.04,10.15,10.89,10.62,10.15,13.13,12.31,11.43,10.83,9.71,10.14,10.56,10.83,12.07,12.39,,13.79,,118.38
2005-06-08,11.0898,12.147,14.87,13.28,10.15,11.39,10.94,10.15,13.45,12.57,11.63,11.0,9.94,10.35,10.74,11.0,12.27,12.7,,14.03,,121.36
2005-06-09,10.6305,11.9095,13.76,12.24,9.22,11.3,10.57,9.22,12.7,11.94,11.13,10.58,9.53,9.94,10.33,10.58,12.03,12.08,,13.7,,118.89
2005-06-10,10.5627,12.0073,14.06,12.26,8.49,10.32,9.67,8.49,12.72,11.93,11.09,10.52,9.54,9.92,10.28,10.52,12.04,11.96,,13.84,,118.48
2005-06-13,10.2755,11.7885,16.81,14.44,9.28,11.76,10.9,9.28,12.47,11.65,10.78,10.18,9.35,9.67,9.98,10.18,11.91,11.65,,13.73,,117.06
2005-06-14,10.1946,11.7523,18.33,15.45,8.83,13.15,11.72,8.84,12.75,11.81,10.79,10.09,9.37,9.65,9.92,10.09,11.86,11.79,,13.49,,120.13
2005-06-15,9.9137,11.5657,19.47,16.0,7.28,14.54,12.33,7.28,12.04,11.27,10.43,9.87,9.11,9.41,9.69,9.87,11.66,11.46,,13.38,,118.55
2005-06-16,9.5299,11.1699,26.27,20.94,4.57,8.66,7.4,4.56,11.74,10.94,10.07,9.48,8.98,9.17,9.36,9.49,11.24,11.15,,12.97,,119.11
2005-06-17,9.5737,11.1988,11.88,11.04,9.53,9.03,9.22,9.53,11.91,11.37,10.8,10.42,9.57,9.9,10.23,10.43,11.29,11.48,,12.97,,119.51
2005-06-20,9.7313,11.3359,11.92,11.07,9.53,9.35,9.42,9.53,12.18,11.56,10.91,10.48,9.53,9.9,10.26,10.49,11.4,11.47,,12.99,,121.29
2005-06-21,9.4863,11.0149,12.03,11.04,9.17,8.44,8.72,9.17,11.83,11.19,10.51,10.05,9.13,9.49,9.83,10.06,11.15,11.08,,12.55,,123.75
2005-06-22,9.4287,10.9406,11.94,10.93,9.03,8.4,8.64,9.03,12.06,11.33,10.55,10.03,9.15,9.49,9.82,10.03,11.0,11.05,,12.48,,123.98
2005-06-23,10.3256,11.7462,12.74,11.79,10.03,9.61,9.77,10.03,12.76,12.1,11.4,10.93,9.99,10.36,10.71,10.94,11.79,12.13,,13.6,,118.55
2005-06-24,10.6183,12.0545,12.46,11.67,10.25,9.69,9.91,10.25,13.19,12.47,11.71,11.21,10.16,10.57,10.96,11.22,12.13,12.18,,13.88,,115.92
2005-06-27,10.7401,12.1468,12.97,11.98,10.17,9.9,10.0,10.17,13.27,12.52,11.73,11.2,10.14,10.55,10.94,11.2,12.21,12.52,,13.87,,118.02
2005-06-28,10.0121,11.6173,12.1,11.13,9.34,9.29,9.31,9.34,12.44,11.76,11.03,10.54,9.45,9.88,10.29,10.55,11.69,11.58,,13.29,,119.31
2005-06-29,10.0853,11.7378,12.37,11.37,9.5,9.38,9.43,9.5,12.69,11.95,11.16,10.64,9.77,10.11,10.44,10.65,11.72,11.77,,13.19,,118.46
2005-06-30,10.3852,12.0394,12.57,11.54,9.61,9.56,9.58,9.61,12.84,12.14,11.39,10.89,9.86,10.26,10.65,10.9,12.05,12.04,,13.54,,118.19
2005-07-01,9.6943,11.638,12.16,10.92,8.49,8.92,8.76,8.49,12.56,11.73,10.84,10.23,9.08,9.53,9.96,10.23,11.74,11.4,,13.18,,123.58
2005-07-05,10.0036,11.4941,13.68,12.23,9.37,10.38,10.01,9.37,12.44,11.67,10.85,10.29,9.28,9.68,10.06,10.3,11.49,11.68,,12.96,,123.74
2005-07-06,10.8912,12.1468,14.42,12.96,10.13,10.89,10.61,10.12,12.93,12.18,11.38,10.84,9.81,10.21,10.6,10.85,12.03,12.27,,13.47,,121.08
2005-07-07,10.9224,12.1314,14.98,13.42,10.36,10.91,10.71,10.36,12.93,12.17,11.36,10.82,9.74,10.16,10.56,10.82,12.01,12.49,,13.84,,121.98
2005-07-08,9.984,11.3165,14.54,12.68,8.83,11.18,10.36,8.83,12.05,11.29,10.46,9.9,8.81,9.23,9.64,9.91,11.24,11.45,,12.89,,125.02
2005-07-11,10.1446,11.3563,17.24,14.83,9.63,12.59,11.57,9.63,12.46,11.61,10.7,10.07,8.91,9.37,9.8,10.08,11.36,11.28,,12.91,,121.16
2005-07-12,10.165,11.4077,17.05,14.52,8.92,11.93,10.9,8.92,12.19,11.44,10.65,10.1,9.2,9.55,9.89,10.11,11.29,10.95,,12.89,,114.08
2005-07-13,9.9593,11.2998,20.07,16.61,8.09,10.94,9.97,8.09,12.13,11.31,10.43,9.83,8.86,9.23,9.6,9.83,11.21,10.84,,12.74,,117.08
2005-07-14,9.6917,11.0709,23.13,18.51,4.71,5.58,5.28,4.72,11.7,10.92,10.09,9.51,8.62,8.97,9.3,9.52,11.0,10.81,,12.41,,122.32
2005-07-15,9.2074,10.8337,11.39,10.6,9.15,8.2,8.57,9.15,11.53,10.99,10.43,10.05,9.03,9.43,9.81,10.06,10.74,10.33,,12.5,,122.48
2005-07-18,9.4596,11.1202,11.63,10.83,9.36,8.38,8.76,9.37,12.27,11.57,10.83,10.33,9.36,9.74,10.1,10.34,11.25,10.77,,12.68,,120.34
2005-07-19,8.9592,10.7163,11.15,10.36,8.91,8.3,8.53,8.91,11.49,10.93,10.34,9.95,9.03,9.39,9.73,9.96,10.87,10.45,,12.23,,122.06
2005-07-20,8.7477,10.5908,10.69,10.0,8.74,8.28,8.46,8.75,11.45,10.86,10.24,9.82,8.9,9.26,9.61,9.83,10.7,10.23,,12.05,,119.56
2005-07-21,9.4193,11.0897,11.35,10.65,9.39,8.77,9.01,9.39,11.67,11.18,10.67,10.33,9.37,9.74,10.11,10.34,11.24,10.97,,12.68,,118.17
2005-07-22,8.9072,10.7653,11.1,10.28,8.77,8.29,8.47,8.77,11.54,10.96,10.36,9.95,9.01,9.37,9.73,9.96,10.93,10.52,,12.39,,123.71
2005-07-25,9.382,11.1206,11.71,10.78,9.05,8.41,8.66,9.05,11.64,11.07,10.47,10.07,9.19,9.53,9.86,10.07,11.32,11.1,,12.72,,124.87
2005-07-26,9.2146,10.9708,11.15,10.32,8.8,8.48,8.61,8.8,11.62,11.04,10.42,10.0,8.99,9.38,9.76,10.0,11.12,10.99,,12.55,,128.46
2005-07-27,8.7113,10.797,10.83,9.92,8.21,8.04,8.1,8.21,11.47,10.78,10.05,9.55,8.62,8.98,9.33,9.56,10.93,10.36,,12.36,,123.21
2005-07-28,8.9012,10.6757,11.03,10.11,8.39,8.42,8.41,8.39,11.4,10.74,10.04,9.57,8.78,9.08,9.38,9.58,10.81,10.52,,12.02,,122.62
2005-07-29,9.88,11.4206,12.21,11.22,9.37,8.73,8.97,9.37,12.41,11.68,10.9,10.38,9.43,9.8,10.16,10.39,11.54,11.57,,12.92,,121.3
2005-08-01,10.3185,11.8152,12.45,11.54,9.89,9.49,9.64,9.89,12.44,11.8,11.13,10.68,9.78,10.13,10.46,10.68,11.9,12.08,,13.27,,122.04
2005-08-02,9.9091,11.405,12.15,11.17,9.36,9.12,9.21,9.36,12.12,11.46,10.76,10.29,9.43,9.76,10.09,10.3,11.51,11.75,,13.11,,124.73
2005-08-03,9.9381,11.5107,12.01,11.03,9.2,9.05,9.11,9.2,12.18,11.5,10.78,10.3,9.39,9.74,10.08,10.31,11.6,11.83,,13.19,,126.6
2005-08-04,10.4602,11.9785,12.55,11.56,9.72,9.78,9.76,9.72,12.8,12.08,11.3,10.79,9.76,10.16,10.54,10.79,12.08,12.52,,13.64,,123.18
2005-08-05,10.6387,12.2214,12.96,11.85,9.75,9.36,9.51,9.75,13.0,12.25,11.46,10.93,9.74,10.2,10.65,10.93,12.34,12.48,,13.92,,124.87
2005-08-08,11.17,12.6721,14.29,12.94,10.35,10.27,10.3,10.35,13.55,12.74,11.88,11.29,10.21,10.63,11.03,11.29,12.75,13.21,,14.25,,125.0
2005-08-09,10.4295,12.0757,13.64,12.19,9.32,9.79,9.62,9.32,12.65,11.92,11.15,10.62,9.49,9.93,10.35,10.62,12.14,12.4,,13.66,,129.16
2005-08-10,10.8445,12.1572,14.09,12.52,9.37,9.58,9.5,9.37,13.08,12.23,11.31,10.69,9.66,10.06,10.44,10.69,12.28,12.38,,13.92,,124.07
2005-08-11,10.5307,12.0263,13.22,11.81,9.04,10.16,9.76,9.04,12.68,11.9,11.07,10.51,9.41,9.84,10.25,10.51,12.08,12.42,,13.73,,126.87
2005-08-12,10.8463,12.3131,13.06,11.73,9.15,11.27,10.52,9.14,12.94,12.18,11.38,10.83,9.67,10.13,10.56,10.84,12.36,12.74,,14.1,,130.28
2005-08-15,10.6933,12.0604,16.66,14.26,8.96,10.16,9.73,8.96,12.93,12.09,11.18,10.56,9.4,9.85,10.28,10.56,12.17,12.26,,13.6,,121.1
2005-08-16,11.5875,12.6698,19.35,16.53,10.33,13.16,12.17,10.33,14.04,13.14,12.17,11.5,10.28,10.76,11.21,11.51,12.74,13.52,,14.33,,124.23
2005-08-17,11.2272,12.5834,17.32,14.61,8.44,14.79,12.78,8.42,13.68,12.78,11.82,11.16,9.86,10.37,10.85,11.17,12.65,13.3,,14.22,,126.12
2005-08-18,11.3056,12.6157,19.71,16.05,6.36,10.4,9.1,6.36,13.97,13.0,11.94,11.22,9.79,10.35,10.88,11.22,12.67,13.42,,14.21,,126.88
2005-08-19,10.9471,12.4596,14.14,12.95,10.73,9.33,9.88,10.73,13.9,13.11,12.27,11.7,10.48,10.96,11.41,11.71,12.55,13.42,,14.17,,131.42
2005-08-22,10.9297,12.3369,13.97,12.82,10.67,9.21,9.78,10.67,13.74,12.94,12.1,11.53,10.22,10.73,11.22,11.54,12.46,13.42,,14.09,,128.65
2005-08-23,11.0507,12.3279,14.13,12.93,10.67,9.21,9.78,10.66,13.71,12.94,12.13,11.59,10.34,10.82,11.29,11.59,12.49,13.34,,14.0,,128.47
2005-08-24,11.6746,12.6791,14.88,13.7,11.51,9.95,10.57,11.52,14.43,13.57,12.66,12.06,10.85,11.32,11.78,12.07,12.78,14.17,,14.53,,129.26
2005-08-25,11.2649,12.5385,14.31,13.12,10.9,9.42,10.0,10.91,13.83,13.09,12.3,11.77,10.48,10.99,11.47,11.78,12.7,13.73,,14.26,,133.49
2005-08-26,11.2965,12.7769,13.82,12.73,10.72,9.33,9.87,10.72,14.28,13.47,12.6,12.02,10.75,11.25,11.72,12.03,12.92,13.72,,14.61,,135.54
2005-08-29,11.1743,12.567,13.89,12.73,10.52,9.14,9.68,10.53,13.84,13.05,12.21,11.65,10.34,10.85,11.34,11.66,12.72,13.52,,14.32,,136.64
2005-08-30,11.391,12.7645,14.2,12.97,10.64,9.48,9.93,10.65,14.34,13.48,12.56,11.94,10.61,11.13,11.63,11.95,12.89,13.65,,14.52,,127.27
2005-08-31,10.6865,12.3143,13.45,12.28,10.05,8.6,9.17,10.05,13.33,12.55,11.71,11.15,9.89,10.38,10.85,11.15,12.42,12.6,,13.96,,122.61
2005-09-01,11.0997,12.5532,14.03,12.77,10.38,9.3,9.72,10.38,13.8,12.99,12.12,11.54,10.13,10.68,11.21,11.55,12.66,13.15,,14.27,,123.96
2005-09-02,11.4487,12.9032,14.23,12.91,10.37,9.45,9.81,10.37,14.42,13.51,12.53,11.87,10.57,11.08,11.56,11.88,13.02,13.57,,14.68,,124.85
2005-09-06,10.9953,12.4122,14.51,13.02,10.12,9.68,9.85,10.12,13.51,12.7,11.84,11.25,9.71,10.32,10.89,11.26,12.54,12.93,,14.18,,124.65
2005-09-07,10.9266,12.1036,13.81,12.28,9.27,11.29,10.57,9.26,13.16,12.35,11.49,10.9,9.44,10.02,10.56,10.91,12.18,12.52,,13.94,,122.84
2005-09-08,11.3838,12.537,13.97,12.36,9.09,9.69,9.47,9.09,13.41,12.66,11.86,11.32,9.78,10.39,10.96,11.33,12.59,12.93,,14.24,,121.89
2005-09-09,10.5024,11.945,13.17,11.5,8.03,10.94,9.95,8.03,12.68,11.87,11.0,10.41,8.79,9.43,10.03,10.41,12.02,11.98,,13.69,,124.37
2005-09-12,10.5774,12.1283,16.24,13.98,9.12,10.95,10.3,9.12,13.05,12.15,11.19,10.52,9.01,9.61,10.17,10.53,12.27,11.65,,13.91,,122.2
2005-09-13,11.3032,12.6809,17.51,14.94,9.25,14.55,12.82,9.25,13.33,12.56,11.73,11.17,9.6,10.22,10.8,11.17,12.77,12.39,,14.4,,120.11
2005-09-14,11.3152,12.8258,21.18,17.43,8.03,12.91,11.33,8.04,14.03,13.01,11.9,11.13,9.59,10.19,10.77,11.13,12.95,12.91,,14.58,,126.3
2005-09-15,11.0857,12.696,24.32,19.69,7.01,11.0,9.7,7.02,13.65,12.69,11.66,10.94,9.35,9.98,10.57,10.95,12.82,12.49,,14.47,,125.0
2005-09-16,9.8751,11.9644,12.37,11.47,9.82,8.21,8.85,9.83,13.29,12.5,11.66,11.1,9.81,10.32,10.8,11.11,12.06,11.22,,13.84,,122.94
2005-09-19,10.4944,12.4504,12.89,12.0,10.38,8.6,9.31,10.39,13.55,12.83,12.06,11.55,10.16,10.71,11.22,11.56,13.65,12.14,,14.17,,123.85
2005-09-20,11.0002,12.8535,13.61,12.65,10.88,8.95,9.72,10.88,14.3,13.45,12.55,11.95,10.64,11.15,11.64,11.96,13.92,12.64,,14.61,,121.28
2005-09-21,11.9823,13.5414,14.61,13.64,11.87,9.97,10.72,11.87,14.51,13.88,13.21,12.76,11.24,11.84,12.41,12.77,14.47,13.79,,15.25,,120.4
2005-09-22,11.4925,13.3295,14.24,13.24,11.39,9.51,10.26,11.4,14.26,13.62,12.94,12.49,11.1,11.65,12.17,12.5,14.24,13.33,,15.08,,121.85
2005-09-23,11.0952,12.9933,13.67,12.7,10.92,9.2,9.88,10.93,14.07,13.35,12.6,12.09,10.66,11.22,11.76,12.1,14.07,12.96,,14.71,,122.16
2005-09-26,11.2331,12.9125,13.68,12.69,10.87,9.08,9.79,10.87,13.93,13.21,12.46,11.95,10.42,11.02,11.59,11.96,13.94,13.04,,14.49,,123.44
2005-09-27,11.155,12.7885,13.5,12.53,10.74,8.98,9.68,10.74,13.74,13.05,12.32,11.83,10.28,10.89,11.47,11.84,13.81,12.76,,14.27,,121.38
2005-09-28,10.9835,12.5794,13.28,12.34,10.6,8.93,9.59,10.6,13.6,12.86,12.07,11.54,10.11,10.67,11.2,11.54,13.64,12.63,,14.03,,121.45
2005-09-29,10.5338,12.193,12.85,11.87,10.05,8.63,9.19,10.06,13.35,12.58,11.75,11.19,9.67,10.27,10.84,11.2,13.31,12.24,,13.66,,123.99
2005-09-30,10.4133,12.0976,12.75,11.74,9.86,8.22,8.87,9.86,13.19,12.4,11.54,10.96,9.55,10.11,10.63,10.97,13.26,11.92,,13.35,,115.23
2005-10-03,10.8004,12.2129,12.99,12.03,10.25,8.87,9.41,10.25,13.24,12.48,11.67,11.13,9.61,10.21,10.77,11.13,13.33,12.46,,13.61,,124.35
2005-10-04,11.6618,12.8631,14.33,13.27,11.3,9.68,10.32,11.31,13.8,13.13,12.43,11.95,10.4,11.01,11.59,11.96,13.81,13.2,,14.32,,116.57
2005-10-05,13.0845,13.7222,15.81,14.84,13.1,11.39,12.06,13.1,15.36,14.54,13.66,13.07,11.5,12.12,12.71,13.08,14.5,14.55,,15.17,,114.11
2005-10-06,13.4565,13.9976,16.49,15.42,13.47,11.8,12.45,13.47,15.46,14.71,13.91,13.37,11.82,12.43,13.01,13.38,14.79,14.96,,15.38,,115.19
2005-10-07,13.0201,13.6969,15.86,14.78,12.79,11.12,11.77,12.79,15.38,14.54,13.65,13.04,11.43,12.06,12.67,13.05,14.45,14.59,,15.18,,117.01
2005-10-10,13.8116,14.2041,17.41,16.22,14.05,12.63,13.18,14.05,16.08,15.25,14.37,13.78,12.14,12.78,13.4,13.79,14.81,15.55,,15.8,,117.14
2005-10-11,13.8553,14.2424,17.75,16.42,13.97,12.74,13.22,13.98,16.27,15.38,14.44,13.8,12.25,12.86,13.44,13.81,14.82,15.63,,15.73,,117.99
2005-10-12,14.3745,14.7558,17.23,15.95,13.61,13.15,13.32,13.61,16.67,15.84,14.96,14.37,12.7,13.36,13.99,14.4,15.18,16.22,,16.25,,117.83
2005-10-13,14.5078,14.8016,17.32,15.95,13.42,13.29,13.34,13.42,16.83,15.99,15.09,14.49,12.67,13.39,14.07,14.51,15.34,16.47,,16.43,,117.82
2005-10-14,13.1193,13.8841,15.86,14.14,10.72,11.97,11.52,10.72,15.31,14.5,13.63,13.05,11.28,11.98,12.64,13.06,14.59,14.87,,15.28,,121.73
2005-10-17,12.8382,13.7022,17.63,15.46,11.0,14.24,13.12,11.0,14.82,14.08,13.29,12.76,10.94,11.66,12.33,12.76,14.42,14.67,,15.15,,122.73
2005-10-18,13.5079,14.1324,19.82,17.16,11.52,12.74,12.3,11.52,15.89,15.01,14.08,13.44,11.81,12.45,13.06,13.45,14.8,15.33,,15.67,,120.57
2005-10-19,12.1903,13.3355,18.89,15.8,8.48,14.27,12.42,8.5,14.38,13.56,12.68,12.08,10.42,11.08,11.69,12.09,14.12,13.5,,14.67,,115.27
2005-10-20,13.9595,14.4873,19.09,16.19,9.63,12.61,11.58,9.63,16.67,15.68,14.63,13.92,12.23,12.89,13.52,13.93,15.12,16.11,,16.09,,122.32
2005-10-21,13.8613,14.3807,16.93,15.79,13.72,12.02,12.69,13.73,16.07,15.3,14.5,13.97,12.67,13.18,13.66,13.97,15.01,16.13,,15.94,,121.19
2005-10-24,12.545,13.3152,15.52,14.39,12.31,10.48,11.2,12.32,15.16,14.33,13.46,12.88,11.49,12.03,12.56,12.89,13.44,14.74,,14.84,,126.31
2005-10-25,12.4226,13.1084,14.96,13.96,12.15,10.27,11.02,12.16,14.97,14.17,13.31,12.74,11.17,11.79,12.38,12.75,13.24,14.53,,14.51,,124.62
2005-10-26,12.7404,13.2156,15.29,14.27,12.42,10.56,11.29,12.43,15.19,14.36,13.49,12.9,11.4,11.99,12.55,12.91,13.4,14.59,,14.59,,122.83
2005-10-27,14.0817,14.1091,16.65,15.69,13.95,12.05,12.8,13.95,16.22,15.4,14.55,13.98,12.42,13.03,13.61,13.99,14.3,16.02,,15.77,,121.33
2005-10-28,12.5801,13.1138,14.81,13.91,12.3,10.46,11.19,12.31,14.94,14.15,13.32,12.76,11.27,11.86,12.42,12.77,13.24,14.25,,14.62,,118.18
2005-10-31,12.6643,12.8708,15.69,14.53,12.39,10.7,11.37,12.4,14.93,14.1,13.22,12.62,11.1,11.7,12.27,12.63,13.07,15.32,,14.45,,122.5
2005-11-01,12.7239,12.9846,15.29,14.27,12.4,10.68,11.36,12.41,14.81,14.04,13.23,12.69,11.17,11.77,12.33,12.7,13.21,14.85,,14.63,,126.11
2005-11-02,11.7801,12.5632,14.86,13.58,11.16,9.37,10.08,11.16,14.21,13.39,12.51,11.91,10.41,11.0,11.56,11.92,12.72,13.48,,14.31,,121.02
2005-11-03,11.3541,12.148,14.36,13.02,10.45,9.02,9.58,10.46,13.87,13.02,12.1,11.48,10.09,10.63,11.15,11.48,12.31,13.0,,13.5,,122.41
2005-11-04,11.4256,12.2191,13.91,12.73,10.5,9.83,10.09,10.5,13.67,12.92,12.13,11.6,10.09,10.69,11.25,11.61,12.35,13.17,,13.65,,121.77
2005-11-07,11.4614,12.1651,14.54,13.21,10.7,10.25,10.42,10.7,13.79,12.99,12.14,11.56,10.04,10.64,11.21,11.58,12.26,13.1,,13.63,,120.03
2005-11-08,11.4244,12.1358,15.21,13.55,10.23,9.67,9.88,10.23,13.9,13.01,12.05,11.39,9.96,10.52,11.05,11.39,12.28,13.08,,13.51,,122.33
2005-11-09,11.2586,11.9847,14.61,12.99,9.78,10.83,10.45,9.78,13.44,12.63,11.75,11.15,9.57,10.2,10.78,11.16,12.14,12.8,,13.39,,122.56
2005-11-10,10.5441,11.3951,13.97,12.19,8.49,11.05,10.16,8.48,12.66,11.88,11.05,10.47,8.93,9.54,10.12,10.48,11.53,11.9,,12.78,,122.96
2005-11-11,10.1842,11.2399,14.34,12.35,8.08,9.18,8.79,8.08,12.51,11.65,10.71,10.07,8.79,9.29,9.77,10.07,11.38,11.63,,12.56,,123.85
2005-11-14,10.434,11.3587,17.06,14.54,8.95,12.62,11.38,8.95,12.8,11.92,10.97,10.31,9.01,9.52,10.0,10.31,11.48,12.18,,12.76,,125.85
2005-11-15,10.6675,11.5824,18.08,15.28,8.85,9.29,9.13,8.85,13.1,12.2,11.21,10.54,9.29,9.78,10.24,10.54,11.72,12.23,,12.89,,120.09
2005-11-16,10.4222,11.4888,19.76,16.26,7.44,8.39,8.05,7.44,12.89,11.98,10.99,10.3,9.01,9.52,10.0,10.31,11.63,12.26,,12.8,,125.41
2005-11-17,9.511,10.8756,20.87,16.76,4.89,5.5,5.28,4.89,12.02,11.11,10.12,9.43,8.24,8.71,9.15,9.43,11.0,11.25,,12.13,,123.13
2005-11-18,9.3503,10.814,11.76,10.88,9.25,8.07,8.53,9.26,11.97,11.26,10.51,10.0,8.97,9.38,9.76,10.01,10.91,11.12,,12.13,,129.47
2005-11-21,14.0724,10.7996,19.76,17.35,14.9,11.24,12.79,14.89,13.26,11.15,10.13,9.58,8.29,8.62,9.17,9.57,10.81,10.82,,11.92,,125.08
2005-11-22,8.7673,10.6549,8.51,8.51,8.51,8.74,8.51,8.51,13.23,11.08,10.07,9.54,8.54,8.71,9.17,9.53,10.69,10.6,,11.71,,122.0
2005-11-23,8.8854,10.8721,10.48,9.01,8.29,8.74,8.29,8.29,13.39,11.3,10.27,9.72,8.83,8.87,9.31,9.7,10.89,10.96,,11.89,,123.31
2005-11-25,8.9207,11.0792,10.34,8.86,8.11,8.51,8.11,8.11,13.49,11.39,10.37,9.84,9.0,9.02,9.44,9.82,11.09,10.88,,12.32,,114.92
2005-11-28,11.733,11.7709,17.64,15.05,13.11,10.26,12.02,13.1,14.21,12.03,10.98,10.43,9.33,9.52,10.01,10.41,11.75,11.84,,13.17,,120.22
2005-11-29,11.0375,11.9078,15.95,13.49,11.97,10.38,11.0,11.96,14.15,12.06,11.04,10.51,9.45,9.66,10.13,10.5,11.89,11.89,,13.34,,120.69
2005-11-30,15.9053,12.3043,23.31,23.31,23.31,23.31,23.31,23.31,14.8,12.42,11.36,10.82,9.55,9.88,10.42,10.81,12.21,12.06,,13.51,,114.81
2005-12-01,10.6433,11.452,16.44,14.01,12.42,9.92,10.35,12.42,13.43,11.46,10.49,9.98,9.07,9.18,9.62,9.97,11.42,11.24,,12.78,,123.16
2005-12-02,12.1686,11.3559,22.31,19.42,16.46,11.86,14.01,16.45,13.36,11.3,10.29,9.75,8.76,8.86,9.36,9.74,11.29,11.01,,12.73,,123.75
2005-12-05,12.3218,11.7403,24.43,21.49,18.46,13.71,15.92,18.45,13.75,11.69,10.67,10.13,9.08,9.25,9.75,10.12,11.68,11.6,,13.1,,122.8
2005-12-06,12.3126,11.6745,25.53,22.32,19.03,13.88,16.29,19.01,13.38,11.56,10.67,10.19,9.31,9.43,9.86,10.18,11.62,11.52,,12.84,,117.12
2005-12-07,10.7744,12.0059,26.0,23.21,20.33,15.75,17.86,20.33,14.16,12.16,11.18,10.66,9.53,9.8,10.29,10.65,12.0,12.18,,13.32,,121.98
2005-12-08,10.8212,12.0494,26.81,24.15,21.42,17.0,19.03,21.41,14.43,12.28,11.22,10.65,9.32,9.68,10.24,10.64,12.04,12.21,,13.32,,122.91
2005-12-09,10.3332,11.7917,35.54,35.54,35.54,35.54,35.54,35.54,13.73,11.8,10.8,10.25,8.96,9.29,9.86,10.25,11.78,11.69,,13.14,,121.45
2005-12-12,10.4824,11.9579,,,,,,,14.0,11.89,10.87,10.31,9.05,9.39,9.94,10.3,11.95,11.47,,13.32,,119.42
2005-12-13,9.9477,11.7578,,,,,,,13.37,11.22,10.27,9.75,8.75,8.96,9.43,9.73,11.75,11.11,,13.05,,128.59
2005-12-14,10.0316,11.7316,,,,,,,13.28,11.18,10.34,9.89,9.19,9.19,9.6,9.88,11.73,10.48,,13.24,,119.26
2005-12-15,9.8083,11.6775,,,,,,,13.81,11.39,10.3,9.67,8.77,8.81,9.33,9.66,11.68,10.73,,13.09,,124.63
2005-12-16,9.795,11.7653,13.47,11.19,9.61,8.75,8.82,9.61,14.63,12.36,11.25,10.69,9.15,9.67,10.26,10.67,11.77,10.68,,13.14,,120.8
2005-12-19,9.9536,12.0813,13.38,11.17,9.81,9.17,9.12,9.8,15.12,12.69,11.53,10.93,9.15,9.82,10.47,10.92,12.07,11.38,,13.49,,120.07
2005-12-20,9.861,12.053,13.32,11.07,9.67,8.62,8.79,9.66,14.88,12.5,11.37,10.79,9.08,9.72,10.34,10.77,12.03,11.19,,13.39,,122.6
2005-12-21,9.4588,11.8333,12.68,10.51,9.36,8.4,8.76,9.35,14.67,12.33,11.21,10.63,8.94,9.57,10.19,10.62,11.8,10.81,,13.19,,117.88
2005-12-22,9.0248,11.4725,11.85,9.97,8.88,7.86,8.22,8.88,13.97,11.76,10.7,10.15,8.71,9.18,9.75,10.13,11.43,10.29,,12.77,,118.81
2005-12-23,9.0306,11.4217,11.98,10.09,8.77,7.86,8.1,8.77,13.82,11.67,10.64,10.1,8.59,9.14,9.71,10.09,11.37,10.27,,12.68,,120.14
2005-12-27,10.2714,12.2075,12.93,10.96,9.77,8.94,9.18,9.76,14.83,12.59,11.5,10.93,9.29,9.88,10.5,10.91,12.13,11.57,,13.47,,115.3
2005-12-28,10.1017,12.0729,12.19,10.63,9.51,8.76,8.91,9.51,14.64,12.41,11.32,10.76,9.21,9.75,10.34,10.74,11.99,11.35,,13.3,,115.27
2005-12-29,10.1724,12.111,12.23,10.67,9.65,9.07,9.12,9.64,14.78,12.53,11.43,10.86,9.4,9.88,10.45,10.85,12.03,11.61,,13.42,,115.78
2005-12-30,10.4757,12.2804,12.25,10.75,9.78,9.27,9.3,9.77,14.98,12.72,11.6,11.02,9.4,9.98,10.59,11.01,12.19,12.07,,13.42,,113.0
2006-01-03,9.9802,11.655,12.21,10.51,9.34,9.0,9.03,9.34,13.68,11.8,10.82,10.28,8.86,9.36,9.91,10.28,11.54,11.14,,12.77,,114.0
2006-01-04,10.216,11.665,12.9,10.81,9.68,9.14,9.24,9.67,13.83,11.88,10.88,10.34,8.89,9.4,9.96,10.32,11.56,11.37,,12.84,,114.08
2006-01-05,10.273,11.6991,12.49,10.71,9.74,9.02,9.25,9.74,13.68,11.79,10.83,10.32,8.91,9.42,9.96,10.31,11.58,11.31,,12.79,,113.75
2006-01-06,9.7777,11.3043,11.54,10.02,8.96,8.8,8.65,8.96,13.35,11.44,10.47,9.93,8.6,9.03,9.57,9.92,11.19,11.0,,12.44,,117.3
2006-01-09,9.9178,11.3156,12.56,10.58,9.31,8.85,9.02,9.31,13.47,11.48,10.54,10.01,8.72,9.15,9.67,10.01,11.2,11.13,,12.5,,115.09
2006-01-10,9.7345,11.2627,11.26,10.09,8.87,8.3,8.52,8.87,13.14,11.18,10.28,9.77,8.45,8.92,9.43,9.76,11.13,10.86,,12.3,,116.79
2006-01-11,9.9965,11.2728,12.02,10.04,8.51,8.01,8.2,8.51,13.19,11.26,10.38,9.87,8.47,9.01,9.53,9.87,11.15,10.94,,12.61,,119.5
2006-01-12,10.2766,11.5502,11.26,9.96,8.46,8.14,8.26,8.46,13.56,11.51,10.55,10.01,8.9,9.17,9.67,10.0,11.41,11.2,,12.7,,118.62
2006-01-13,10.1807,11.5232,10.43,9.5,7.71,8.24,8.05,7.71,13.58,11.52,10.59,10.06,8.75,9.18,9.71,10.05,11.4,11.23,,12.74,,119.14
2006-01-17,10.8674,12.0182,14.52,12.86,9.48,10.43,10.09,9.48,14.37,12.19,11.21,10.65,9.3,9.74,10.29,10.64,11.89,11.91,,13.25,,115.04
2006-01-18,10.9912,12.1462,14.71,13.07,9.79,11.92,11.17,9.8,14.76,12.43,11.37,10.76,9.57,9.84,10.4,10.75,12.02,12.25,,13.34,,115.02
2006-01-19,10.3931,11.8245,18.3,15.23,7.87,9.37,8.83,7.87,14.07,11.79,10.86,10.3,9.54,9.57,10.02,10.3,11.69,11.98,,13.14,,117.55
2006-01-20,12.2731,13.0721,17.13,14.15,12.18,11.01,11.25,12.18,17.31,14.43,13.1,12.43,10.83,11.28,11.93,12.42,12.99,14.56,,14.57,,123.55
2006-01-23,11.8024,12.9652,16.3,13.26,11.42,10.35,10.5,11.41,16.75,14.02,12.77,12.14,10.48,11.02,11.66,12.12,12.96,13.93,,14.66,,126.59
2006-01-24,11.1771,12.3992,15.37,12.5,10.88,9.98,10.07,10.88,16.12,13.43,12.17,11.53,10.09,10.48,11.08,11.52,12.4,13.31,,14.1,,128.73
2006-01-25,11.0807,12.3314,14.73,12.0,10.55,9.75,9.81,10.54,15.83,13.2,12.0,11.39,10.0,10.37,10.95,11.37,12.32,12.87,,13.59,,123.06
2006-01-26,10.5251,11.8889,14.01,11.48,10.07,9.28,9.37,10.07,15.18,12.66,11.54,10.96,9.71,10.02,10.56,10.95,11.87,12.42,,13.24,,126.34
2006-01-27,10.2881,11.5602,13.03,10.99,9.68,9.02,9.04,9.68,14.64,12.23,11.14,10.58,9.34,9.67,10.2,10.57,11.55,11.97,,12.76,,127.59
2006-01-30,10.6387,11.7033,13.81,11.68,10.28,9.58,9.63,10.28,15.04,12.52,11.39,10.82,9.56,9.89,10.43,10.81,11.69,12.39,,12.91,,120.13
2006-01-31,11.0409,11.8614,14.46,12.33,10.91,10.04,10.15,10.91,15.34,12.84,11.69,11.1,9.8,10.13,10.69,11.09,11.84,12.95,,13.0,,120.99
2006-02-01,10.8201,11.7309,13.69,11.63,10.24,9.66,9.61,10.23,14.97,12.52,11.4,10.82,9.62,9.9,10.43,10.81,11.71,12.36,,12.83,,117.8
2006-02-02,11.5192,12.1728,14.44,12.38,11.09,10.62,10.55,11.09,15.89,13.37,12.23,11.64,10.31,10.69,11.24,11.64,12.18,13.23,,13.52,,116.98
2006-02-03,11.3847,12.0506,13.87,11.95,10.61,10.15,10.05,10.61,15.68,13.29,12.12,11.51,10.13,10.52,11.09,11.5,12.06,12.96,,13.34,,116.84
2006-02-06,11.4178,12.1712,13.6,11.52,10.25,10.02,9.85,10.25,15.63,13.18,12.01,11.4,10.05,10.4,10.98,11.39,12.16,13.04,,13.37,,119.37
2006-02-07,12.0067,12.6502,13.77,11.77,10.58,10.37,10.22,10.58,16.14,13.74,12.61,12.02,10.64,11.03,11.61,12.02,12.65,13.59,,13.91,,116.92
2006-02-08,11.402,12.1621,12.72,10.81,9.47,9.09,9.23,9.47,15.39,13.0,11.87,11.28,9.81,10.28,10.87,11.27,12.15,12.83,,13.36,,119.49
2006-02-09,11.4883,12.2641,12.91,11.06,9.56,9.27,9.38,9.56,15.63,13.2,12.02,11.39,9.97,10.36,10.97,11.38,12.25,13.12,,13.46,,119.31
2006-02-10,11.1726,12.0399,11.27,10.21,8.86,9.04,8.97,8.86,15.3,12.92,11.77,11.15,9.79,10.19,10.77,11.15,12.03,12.87,,13.28,,120.19
2006-02-13,11.7063,12.4116,12.5,11.61,9.98,10.24,10.14,9.98,15.68,13.34,12.17,11.52,10.01,10.45,11.09,11.51,12.4,13.35,,13.6,,120.7
2006-02-14,10.796,11.8183,12.88,11.64,9.24,10.75,10.21,9.25,14.48,12.19,11.2,10.63,9.33,9.72,10.27,10.63,11.78,12.25,,12.99,,119.3
2006-02-15,10.4758,11.6482,13.23,11.6,8.22,11.39,10.31,8.22,14.39,11.94,10.94,10.36,9.2,9.46,10.01,10.36,11.61,12.31,,12.85,,126.44
2006-02-16,9.6846,11.0302,13.78,11.54,6.26,16.8,13.83,6.31,13.6,11.0,10.11,9.53,8.59,8.73,9.22,9.53,10.99,11.48,,12.2,,128.99
2006-02-17,9.8291,11.1635,14.3,11.32,9.64,8.71,8.78,9.64,14.46,12.06,10.94,10.37,9.06,9.42,9.96,10.36,11.65,12.01,,12.43,,133.88
2006-02-21,10.3869,11.2695,14.96,11.77,10.09,9.22,9.23,10.08,14.74,12.3,11.16,10.57,9.23,9.6,10.15,10.55,11.28,12.41,,12.51,,128.57
2006-02-22,9.6508,10.9122,13.75,11.06,9.56,9.05,8.89,9.57,14.16,11.74,10.61,10.03,8.91,9.14,9.65,10.02,10.92,11.88,,12.11,,130.03
2006-02-23,9.9599,11.067,13.7,11.13,9.6,9.11,8.93,9.59,13.98,11.75,10.71,10.19,9.05,9.35,9.82,10.17,11.08,11.87,,12.14,,127.08
2006-02-24,9.8173,10.947,12.94,10.68,9.19,8.72,8.57,9.19,14.0,11.75,10.66,10.09,8.93,9.21,9.71,10.07,10.97,11.46,,12.07,,128.56
2006-02-27,9.7595,11.006,13.31,10.97,9.42,9.09,8.86,9.42,13.89,11.62,10.56,10.02,9.02,9.21,9.67,10.01,11.01,11.59,,12.21,,123.53
2006-02-28,10.7997,11.6229,14.17,11.91,10.35,9.81,9.69,10.35,14.93,12.53,11.42,10.85,9.57,9.94,10.46,10.83,11.63,12.34,,12.8,,124.61
2006-03-01,9.8857,11.147,12.83,10.78,9.35,9.05,8.82,9.35,14.2,11.83,10.72,10.15,9.22,9.35,9.8,10.14,11.15,11.54,,12.55,,124.25
2006-03-02,10.2191,11.3277,13.17,11.1,9.6,9.15,8.98,9.59,14.44,12.03,10.9,10.32,9.09,9.42,9.94,10.3,11.33,11.72,,12.64,,123.3
2006-03-03,10.2914,11.265,13.55,11.39,9.88,9.69,9.39,9.88,14.56,12.14,11.06,10.51,9.49,9.69,10.16,10.5,11.29,11.96,,12.64,,121.87
2006-03-06,11.2993,11.8937,15.21,12.74,11.0,10.51,10.35,11.0,15.42,12.91,11.75,11.15,10.14,10.29,10.77,11.14,11.9,12.74,,13.2,,116.6
2006-03-07,11.3334,12.0688,14.9,12.44,10.83,10.22,10.23,10.82,15.1,12.81,11.78,11.26,10.31,10.46,10.9,11.24,12.07,12.66,,13.33,,116.21
2006-03-08,11.2356,11.9495,13.45,11.54,10.17,9.69,9.8,10.16,15.01,12.72,11.6,11.01,9.93,10.12,10.62,10.99,11.95,12.32,,13.16,,117.21
2006-03-09,11.307,12.1068,13.58,11.84,10.62,10.42,10.38,10.62,15.47,13.06,11.86,11.23,10.13,10.3,10.83,11.22,12.12,12.68,,13.36,,114.2
2006-03-10,10.7641,11.6918,12.56,11.03,9.51,8.94,9.16,9.51,14.37,12.2,11.13,10.58,9.53,9.74,10.22,10.56,11.7,11.85,,12.9,,116.21
2006-03-13,10.7167,11.6338,12.84,11.88,10.1,10.16,10.13,10.1,13.89,11.89,10.92,10.39,9.33,9.59,10.05,10.37,11.64,11.37,,12.77,,116.54
2006-03-14,10.2281,11.1148,12.55,11.52,9.56,10.37,10.08,9.56,13.51,11.41,10.49,9.98,8.97,9.23,9.68,9.97,11.12,10.74,,12.31,,114.43
2006-03-15,10.194,11.0434,13.11,11.78,9.17,11.23,10.5,9.17,13.6,11.45,10.51,9.98,9.12,9.25,9.69,9.97,11.05,11.35,,12.28,,119.12
2006-03-16,10.2621,11.1683,13.45,11.48,7.09,8.26,7.84,7.09,13.64,11.4,10.5,10.01,9.11,9.32,9.73,10.0,11.17,11.98,,12.41,,142.02
2006-03-17,10.2746,11.2124,14.07,11.63,10.08,9.46,9.41,10.08,14.37,11.91,10.84,10.32,9.18,9.48,9.95,10.3,11.22,12.12,,12.63,,130.06
2006-03-20,10.21,11.3493,14.05,11.45,9.99,9.42,9.36,9.98,14.54,12.13,11.01,10.45,9.03,9.5,10.04,10.43,11.34,11.79,,12.65,,124.39
2006-03-21,10.1238,11.4558,13.95,11.37,9.9,9.24,9.23,9.89,14.48,12.1,11.01,10.46,9.29,9.59,10.08,10.45,11.44,11.62,,12.74,,120.69
2006-03-22,9.6988,11.1105,13.45,10.9,9.46,8.81,8.81,9.45,14.11,11.68,10.6,10.05,8.9,9.21,9.69,10.04,11.09,11.21,,12.41,,121.7
2006-03-23,9.808,11.1263,13.36,10.92,9.54,9.03,8.93,9.54,14.24,11.77,10.67,10.12,9.0,9.27,9.75,10.11,11.1,11.17,,12.43,,119.23
2006-03-24,9.6862,11.0176,12.99,10.73,9.39,8.81,8.76,9.39,13.98,11.59,10.51,9.97,8.95,9.15,9.61,9.95,10.98,11.19,,12.27,,124.34
2006-03-27,10.0582,11.164,13.11,10.97,9.79,9.44,9.28,9.79,14.24,11.83,10.74,10.18,9.13,9.34,9.82,10.17,11.12,11.46,,12.48,,118.23
2006-03-28,10.1785,11.2394,12.91,11.06,9.85,9.41,9.27,9.84,14.49,12.01,10.88,10.31,9.28,9.46,9.94,10.29,11.21,11.58,,12.54,,118.71
2006-03-29,9.5993,10.7202,12.2,10.45,9.25,8.94,8.79,9.25,13.67,11.4,10.36,9.83,8.92,9.07,9.5,9.82,10.69,10.95,,12.05,,117.94
2006-03-30,10.1803,11.1248,12.72,11.15,10.03,9.58,9.47,10.02,14.22,11.85,10.79,10.26,9.34,9.49,9.92,10.25,11.08,11.57,,12.35,,116.77
2006-03-31,10.4064,11.296,13.44,11.51,10.29,10.06,9.79,10.28,14.3,11.98,10.91,10.36,9.39,9.54,10.0,10.35,11.25,11.39,,12.22,,115.72
2006-04-03,10.2553,11.156,13.21,11.41,10.11,9.73,9.53,10.1,13.99,11.77,10.73,10.2,9.26,9.42,9.86,10.19,11.1,11.57,,12.25,,115.48
2006-04-04,9.8759,10.8615,12.7,10.85,9.67,9.36,9.21,9.66,13.36,11.29,10.31,9.79,8.87,9.05,9.48,9.78,10.8,11.14,,11.97,,117.06
2006-04-05,9.8213,10.8159,12.8,10.93,9.66,9.35,9.22,9.66,13.23,11.25,10.31,9.81,8.95,9.1,9.51,9.8,10.76,11.13,,11.9,,117.1
2006-04-06,10.1898,10.8349,13.03,11.23,9.93,9.49,9.42,9.92,13.5,11.47,10.51,10.01,9.16,9.3,9.71,10.0,10.8,11.45,,11.93,,118.03
2006-04-07,10.9936,11.4008,13.41,11.66,10.59,10.31,10.16,10.59,14.61,12.38,11.34,10.8,9.89,10.01,10.45,10.78,11.38,12.26,,12.53,,115.7
2006-04-10,11.0655,11.476,13.77,11.96,10.72,10.37,10.3,10.71,14.35,12.29,11.31,10.8,9.56,9.97,10.46,10.79,11.44,12.19,,12.57,,116.51
2006-04-11,11.835,12.0355,14.26,12.48,11.44,11.28,11.11,11.44,15.62,13.31,12.22,11.65,10.46,10.74,11.27,11.64,12.04,13.0,,13.21,,113.56
2006-04-12,11.4842,11.9284,13.77,11.92,10.56,10.35,10.33,10.56,14.98,12.89,11.86,11.32,10.0,10.41,10.94,11.31,11.9,12.76,,13.01,,115.71
2006-04-13,11.0605,11.7925,13.03,11.26,9.88,9.78,9.82,9.88,14.54,12.5,11.52,11.0,9.86,10.18,10.67,11.0,11.75,12.38,,12.97,,117.99
2006-04-17,11.503,12.0725,15.04,13.97,12.05,12.05,12.05,12.05,14.97,12.81,11.8,11.26,9.97,10.38,10.9,11.25,12.02,12.58,,13.17,,113.56
2006-04-18,10.2074,11.1351,14.71,13.48,11.15,12.63,12.1,11.15,13.5,11.41,10.57,10.07,8.99,9.3,9.76,10.06,11.06,11.4,,12.25,,116.74
2006-04-19,9.8372,10.9559,14.88,13.28,10.09,11.13,10.75,10.09,13.27,11.07,10.25,9.73,8.67,8.98,9.44,9.73,10.86,11.32,,12.11,,121.7
2006-04-20,9.8241,10.919,18.62,15.33,7.06,10.52,9.37,7.06,13.53,11.13,10.24,9.67,8.79,8.9,9.37,9.67,10.83,11.64,,12.06,,130.0
2006-04-21,9.8557,11.0191,13.89,11.21,9.66,8.8,8.88,9.65,14.28,11.9,10.76,10.18,8.98,9.27,9.79,10.16,10.92,11.59,,12.19,,122.05
2006-04-24,9.9684,10.8956,13.65,11.05,9.63,8.76,8.87,9.63,14.23,11.81,10.72,10.16,8.96,9.27,9.78,10.14,10.9,11.75,,11.86,,128.77
2006-04-25,10.0199,10.9626,13.64,11.05,9.58,8.64,8.8,9.57,14.47,11.91,10.74,10.14,8.96,9.23,9.75,10.12,10.96,11.75,,11.89,,129.66
2006-04-26,9.8953,10.8701,13.71,11.1,9.59,8.66,8.8,9.59,14.34,11.85,10.73,10.15,8.99,9.26,9.78,10.15,10.88,11.76,,12.01,,126.14
2006-04-27,9.9697,10.8598,13.76,11.11,9.52,8.64,8.73,9.52,14.66,11.94,10.73,10.11,8.9,9.18,9.71,10.09,10.87,11.84,,12.26,,129.21
2006-04-28,9.8313,10.843,13.42,10.91,9.43,8.78,8.75,9.42,14.18,11.69,10.56,9.97,8.79,9.08,9.6,9.96,10.85,11.59,,11.86,,125.2
2006-05-01,10.6064,11.2314,14.12,11.83,10.37,9.66,9.67,10.37,14.86,12.37,11.23,10.63,9.39,9.7,10.24,10.62,11.24,12.54,,12.52,,129.67
2006-05-02,10.3254,11.047,13.62,11.37,9.81,8.95,9.06,9.81,14.63,12.07,10.9,10.3,9.09,9.39,9.92,10.29,11.05,11.99,,12.29,,124.01
2006-05-03,10.3194,11.1094,13.54,11.3,9.85,8.95,9.14,9.85,14.52,12.1,10.93,10.31,9.03,9.37,9.92,10.3,11.11,11.99,,12.38,,127.46
2006-05-04,10.2863,10.9435,12.88,10.9,9.54,8.82,8.96,9.54,14.27,11.93,10.85,10.28,9.07,9.4,9.91,10.27,10.95,11.86,,12.18,,125.86
2006-05-05,9.8155,10.6464,12.59,10.57,9.07,8.59,8.61,9.07,13.84,11.52,10.46,9.91,9.04,9.18,9.61,9.91,10.65,11.62,,12.02,,128.06
2006-05-08,10.3551,10.9552,13.38,11.22,9.82,9.33,9.38,9.83,14.16,11.91,10.88,10.33,9.26,9.53,10.0,10.32,10.96,12.0,,12.33,,125.25
2006-05-09,10.3185,10.925,13.27,11.2,9.9,9.2,9.45,9.9,14.03,11.71,10.72,10.19,9.31,9.47,9.9,10.19,10.92,11.99,,12.1,,123.02
2006-05-10,10.3439,10.8938,12.76,10.92,9.47,9.03,9.2,9.47,13.85,11.66,10.67,10.13,9.25,9.39,9.83,10.12,10.89,11.78,,12.11,,119.62
2006-05-11,10.8918,11.3803,13.89,11.58,9.84,9.34,9.53,9.83,14.61,12.22,11.17,10.61,9.71,9.84,10.29,10.6,11.37,12.49,,12.55,,120.68
2006-05-12,12.0585,12.2577,17.29,13.93,11.97,11.51,11.46,11.97,16.97,13.89,12.57,11.89,10.59,10.86,11.45,11.88,12.27,14.19,,13.69,,123.21
2006-05-15,11.417,11.939,16.71,14.11,11.97,11.51,11.69,11.97,16.06,13.17,11.93,11.28,9.88,10.26,10.87,11.27,11.94,13.57,,13.29,,121.86
2006-05-16,11.355,11.8356,15.47,13.89,11.38,11.31,11.34,11.38,15.73,13.07,11.85,11.19,9.84,10.17,10.78,11.19,11.84,13.35,,13.15,,130.15
2006-05-17,13.6716,13.4045,19.1,16.81,14.23,14.57,14.45,14.23,19.71,16.17,14.55,13.72,11.93,12.41,13.18,13.73,13.45,16.26,,14.98,,121.87
2006-05-18,14.2812,13.8902,16.27,14.13,9.61,13.16,11.94,9.59,21.05,16.95,15.1,14.14,11.98,12.59,13.5,14.14,13.93,16.99,,15.55,,123.09
2006-05-19,13.7218,13.7212,21.69,16.64,13.41,10.96,11.72,13.39,20.06,16.0,14.13,13.2,10.58,11.49,12.45,13.16,13.73,17.18,,15.44,,136.93
2006-05-22,14.5078,14.0987,23.42,18.19,14.62,11.7,12.67,14.62,21.22,16.86,14.85,13.89,11.08,12.1,13.12,13.87,14.1,17.72,,15.96,,126.15
2006-05-23,14.9454,14.1893,24.23,18.96,15.43,12.53,13.47,15.45,21.75,17.34,15.28,14.3,11.44,12.48,13.53,14.3,14.2,18.26,,16.19,,125.15
2006-05-24,14.312,14.1973,22.82,17.61,13.94,11.22,12.02,13.93,21.76,17.11,14.98,13.93,10.83,11.97,13.09,13.9,14.2,17.36,,16.33,,127.4
2006-05-25,12.6885,13.2787,19.39,15.25,12.27,10.02,10.7,12.26,19.68,15.41,13.52,12.56,10.01,10.86,11.83,12.53,13.27,15.5,,15.08,,132.35
2006-05-26,11.7308,12.7032,17.67,13.86,11.24,9.34,9.85,11.24,18.82,14.74,12.9,11.96,9.21,10.24,11.24,11.93,12.71,14.26,,14.55,,128.5
2006-05-30,15.7285,15.1496,24.79,20.02,16.41,13.14,14.27,16.42,23.35,18.5,16.18,15.05,11.61,12.89,14.13,15.02,15.16,18.66,,17.26,,122.67
2006-05-31,13.8618,14.2457,20.79,16.63,13.49,10.34,11.63,13.48,21.13,16.69,14.63,13.57,10.42,11.6,12.74,13.53,14.24,16.44,,16.03,,121.97
2006-06-01,12.1677,13.1516,17.59,13.79,11.47,9.91,10.27,11.46,18.74,14.9,13.08,12.13,9.28,10.36,11.4,12.09,13.14,14.52,,14.91,,128.02
2006-06-02,11.8368,13.0673,16.99,13.6,11.08,9.37,9.8,11.08,18.57,14.82,13.0,12.04,9.65,10.43,11.37,12.03,13.07,14.32,,14.9,,127.02
2006-06-05,14.6027,14.7017,21.57,17.59,14.56,12.21,12.85,14.54,21.14,16.98,14.96,13.9,11.05,12.01,13.08,13.86,14.7,16.65,,16.4,,120.42
2006-06-06,15.0768,15.2034,21.51,17.79,14.87,12.59,13.19,14.86,22.01,17.9,15.75,14.62,11.29,12.49,13.71,14.58,15.2,17.34,,17.03,,121.79
2006-06-07,15.3807,15.6607,20.12,17.47,15.16,12.92,13.63,15.16,22.84,18.56,16.31,15.15,11.63,12.93,14.21,15.12,15.66,17.8,,17.5,,120.81
2006-06-08,15.5058,15.7828,20.35,17.55,15.23,13.66,13.91,15.24,23.59,19.15,16.77,15.53,11.97,13.23,14.55,15.51,15.79,18.35,,17.72,,120.19
2006-06-09,15.5668,15.7517,19.07,16.78,14.87,13.75,13.87,14.87,23.28,18.94,16.7,15.52,12.02,13.3,14.59,15.51,15.75,18.12,,17.58,,118.74
2006-06-12,17.6177,17.059,23.57,21.14,19.22,17.66,17.97,19.23,26.14,21.28,18.73,17.43,13.49,14.93,16.36,17.41,17.06,20.96,,18.92,,121.27
2006-06-13,19.5341,18.3301,23.34,21.79,20.76,20.73,20.25,20.76,29.46,23.97,20.96,19.46,14.91,16.53,18.2,19.43,18.32,23.81,,21.01,,121.55
2006-06-14,17.9046,17.3363,13.97,12.87,10.83,12.63,11.99,10.83,27.63,21.9,18.93,17.44,13.19,14.67,16.24,17.4,17.33,21.46,,19.53,,124.24
2006-06-15,13.5606,13.9731,15.16,13.24,9.22,14.03,12.45,9.24,20.93,16.24,14.0,12.82,9.87,10.84,12.01,12.79,13.97,15.9,,15.88,,131.6
2006-06-16,13.8203,14.6284,22.46,17.37,13.59,10.7,11.53,13.57,22.06,17.59,15.26,14.11,10.67,11.92,13.16,14.08,14.62,17.25,,16.79,,128.32
2006-06-19,14.8502,15.5479,22.85,18.15,14.6,11.45,12.47,14.58,23.21,18.58,16.15,14.95,11.34,12.65,13.96,14.92,15.54,17.83,,17.84,,125.31
2006-06-20,14.1178,15.0786,21.49,17.03,13.55,10.64,11.55,13.51,22.17,17.68,15.4,14.26,10.93,12.09,13.3,14.2,15.07,16.69,,17.1,,126.54
2006-06-21,12.9793,13.8547,19.83,15.78,12.6,9.99,10.78,12.58,20.41,16.16,14.1,13.05,10.05,11.14,12.23,13.02,13.84,15.52,,16.07,,127.36
2006-06-22,13.4159,14.1972,19.98,16.14,13.02,10.48,11.24,13.0,20.57,16.62,14.58,13.55,10.53,11.61,12.71,13.51,14.19,15.88,,16.15,,125.08
2006-06-23,13.6705,14.3974,20.42,16.4,13.22,10.66,11.42,13.2,20.44,16.55,14.61,13.63,10.73,11.79,12.84,13.6,14.37,15.89,,16.44,,122.55
2006-06-26,13.3737,13.8214,19.81,15.94,12.87,10.47,11.17,12.85,19.95,16.17,14.28,13.28,10.3,11.41,12.49,13.25,13.82,15.62,,15.88,,124.87
2006-06-27,14.5266,14.6354,20.51,17.02,14.04,11.37,12.21,14.02,20.79,17.13,15.14,14.09,11.07,12.11,13.23,14.05,14.63,16.4,,16.68,,120.3
2006-06-28,13.9593,14.4475,19.59,16.16,13.28,11.03,11.63,13.26,20.2,16.67,14.77,13.75,10.87,11.86,12.92,13.7,14.43,15.79,,16.39,,118.99
2006-06-29,11.2035,12.3872,15.73,12.59,10.47,9.16,9.37,10.46,16.79,13.71,12.13,11.31,9.4,9.94,10.73,11.29,12.33,13.03,,14.09,,124.11
2006-06-30,11.691,12.9115,15.87,12.92,10.9,9.46,9.77,10.89,17.47,14.42,12.82,11.98,9.59,10.46,11.35,11.96,12.87,13.08,,14.47,,118.28
2006-07-03,11.3813,12.6296,15.16,12.47,10.59,9.37,9.53,10.58,16.85,13.91,12.38,11.57,9.42,10.15,10.99,11.56,12.56,13.05,,14.52,,120.93
2006-07-05,12.3916,13.5815,16.13,13.33,11.44,10.13,10.35,11.43,17.86,14.82,13.26,12.44,10.21,10.97,11.83,12.42,13.5,14.15,,15.17,,120.22
2006-07-06,12.0651,13.4598,15.06,12.83,11.16,10.17,10.24,11.16,17.22,14.37,12.9,12.13,10.24,10.81,11.57,12.11,13.34,13.65,,14.85,,116.81
2006-07-07,12.3899,13.9753,15.08,12.87,11.18,10.39,10.35,11.17,17.51,14.73,13.26,12.49,10.46,11.14,11.92,12.47,13.85,13.97,,15.34,,114.97
2006-07-10,12.5238,13.9943,15.59,13.1,11.29,10.53,10.49,11.28,17.22,14.58,13.19,12.46,10.43,11.13,11.91,12.44,13.86,14.02,,15.33,,115.89
2006-07-11,11.5949,13.4406,14.78,12.39,10.53,9.35,9.71,10.52,16.24,13.62,12.26,11.54,9.73,10.31,11.03,11.52,13.26,13.14,,14.69,,119.17
2006-07-12,13.1867,14.3557,17.49,14.73,12.53,11.49,11.6,12.52,17.86,15.11,13.62,12.82,10.78,11.43,12.24,12.8,14.23,14.49,,15.57,,115.97
2006-07-13,15.8949,15.9165,24.88,20.58,17.58,15.07,15.77,17.59,22.03,18.67,16.79,15.76,12.82,13.85,14.96,15.75,15.93,17.79,,17.62,,115.4
2006-07-14,16.0164,16.1108,23.66,19.0,15.74,13.59,14.09,15.75,22.66,18.97,16.94,15.83,12.79,13.81,14.98,15.82,16.11,18.05,,17.87,,117.48
2006-07-17,16.44,16.2185,26.25,21.43,17.48,15.0,15.63,17.47,23.48,19.55,17.37,16.2,13.07,14.11,15.32,16.19,16.25,18.64,,18.08,,118.56
2006-07-18,15.5863,15.6699,27.39,21.68,17.56,15.32,16.06,17.54,22.39,18.34,16.15,14.99,12.26,13.04,14.15,14.95,15.63,17.74,,17.35,,122.9
2006-07-19,13.2465,13.9079,15.24,13.98,11.62,12.97,12.47,11.61,19.63,16.04,14.26,13.33,10.77,11.69,12.69,13.34,13.88,15.55,,15.93,,121.58
2006-07-20,14.1411,14.6435,13.81,12.23,9.05,12.44,11.28,9.04,20.79,17.0,15.01,13.96,11.49,12.24,13.25,13.95,14.58,16.21,,16.49,,118.55
2006-07-21,15.1758,15.2036,22.05,18.26,14.99,12.15,13.01,14.98,21.85,17.95,15.78,14.71,11.9,12.8,13.87,14.69,15.2,17.4,,17.07,,118.33
2006-07-24,12.9148,13.9107,18.47,15.21,12.64,10.51,11.16,12.63,19.49,15.64,13.79,12.86,10.5,11.26,12.16,12.83,13.9,14.98,,15.64,,122.03
2006-07-25,12.4287,13.4553,18.07,14.8,12.29,10.34,10.83,12.3,18.91,15.34,13.6,12.71,10.41,11.15,12.05,12.7,13.45,14.85,,14.96,,120.53
2006-07-26,12.5236,13.4935,17.77,14.56,12.19,10.37,10.83,12.18,18.84,15.28,13.55,12.67,10.43,11.15,12.02,12.65,13.48,14.62,,14.9,,120.86
2006-07-27,13.1608,13.9949,17.72,14.72,12.51,10.84,11.25,12.5,19.09,15.63,13.91,13.03,10.65,11.44,12.34,12.98,13.98,14.94,,15.25,,119.78
2006-07-28,12.4243,13.6041,16.89,13.86,11.79,10.23,10.6,11.79,18.54,15.08,13.47,12.64,10.45,11.17,12.02,12.62,13.59,14.33,,14.99,,121.4
2006-07-31,13.0314,13.9522,17.9,14.75,12.51,10.72,11.18,12.5,19.12,15.61,13.91,13.03,10.62,11.45,12.37,13.01,13.93,14.95,,15.39,,121.64
2006-08-01,13.0958,14.1446,17.72,14.58,12.41,10.66,11.11,12.41,19.15,15.63,13.96,13.1,10.86,11.6,12.46,13.08,14.11,15.05,,15.61,,119.49
2006-08-02,12.6049,13.723,16.64,13.87,11.94,10.48,10.79,11.94,18.09,14.93,13.39,12.59,10.45,11.18,12.0,12.57,13.69,14.34,,15.09,,117.98
2006-08-03,12.9461,13.8323,16.6,14.11,12.25,10.88,11.13,12.24,18.0,15.02,13.53,12.75,10.56,11.31,12.15,12.72,13.8,14.46,,15.08,,116.79
2006-08-04,12.6398,13.7444,15.74,13.4,11.67,10.93,10.84,11.67,17.97,14.9,13.38,12.6,10.55,11.22,12.02,12.57,13.71,14.34,,15.14,,117.54
2006-08-07,13.4551,14.2451,16.99,14.83,13.04,11.98,12.02,13.03,18.84,15.59,14.0,13.18,11.01,11.74,12.58,13.16,14.21,15.23,,15.55,,117.02
2006-08-08,13.3915,14.3562,16.5,14.24,12.54,11.88,11.75,12.54,18.9,15.74,14.1,13.25,11.13,11.8,12.64,13.23,14.31,15.23,,15.73,,118.18
2006-08-09,13.7103,14.5447,15.57,13.66,12.19,11.29,11.37,12.19,18.92,15.87,14.22,13.36,11.23,11.91,12.74,13.33,14.5,15.2,,15.91,,116.27
2006-08-10,12.7547,14.0171,15.38,13.14,11.39,10.48,10.69,11.39,17.98,14.88,13.34,12.55,10.73,11.28,12.02,12.54,13.96,14.46,,15.43,,118.31
2006-08-11,12.8054,14.0827,14.77,12.68,10.93,9.86,10.27,10.93,17.64,14.69,13.26,12.53,10.74,11.31,12.02,12.51,14.02,14.3,,15.43,,118.09
2006-08-14,12.8167,14.0906,16.57,14.14,11.72,11.18,11.38,11.72,17.79,14.78,13.27,12.47,10.62,11.2,11.95,12.45,14.02,14.26,,15.44,,118.24
2006-08-15,11.7298,13.3309,14.91,13.63,11.19,11.63,11.47,11.19,16.49,13.7,12.38,11.68,9.89,10.53,11.23,11.68,13.27,13.42,,14.82,,118.88
2006-08-16,10.9391,12.7498,13.12,11.62,8.59,10.44,9.79,8.6,14.99,12.51,11.38,10.74,9.26,9.67,10.32,10.73,12.67,12.41,,14.05,,120.17
2006-08-17,10.5545,12.3508,27.95,22.47,6.79,7.44,7.2,6.79,14.7,12.04,10.97,10.35,9.14,9.38,9.97,10.34,12.26,12.24,,13.6,,121.42
2006-08-18,9.9647,11.9399,13.54,11.09,9.64,8.7,8.8,9.63,15.45,12.8,11.51,10.83,8.96,9.57,10.29,10.79,11.85,11.64,,13.16,,125.35
2006-08-21,10.4978,12.1486,13.89,11.39,9.96,8.98,9.15,9.95,15.76,13.12,11.84,11.17,9.21,9.91,10.64,11.14,12.15,12.22,,13.66,,125.66
2006-08-22,10.4781,12.1726,13.9,11.35,9.94,9.13,9.13,9.93,15.77,13.11,11.81,11.13,9.18,9.86,10.59,11.1,12.17,12.19,,13.67,,124.0
2006-08-23,10.7203,12.3268,14.16,11.46,9.95,9.19,9.19,9.94,16.2,13.35,11.98,11.26,9.21,9.93,10.7,11.23,12.33,12.4,,13.88,,124.2
2006-08-24,10.6023,12.2151,13.97,11.54,10.08,9.08,9.24,10.08,15.97,13.33,11.99,11.29,9.31,10.0,10.75,11.27,12.22,12.4,,13.91,,123.75
2006-08-25,10.5626,12.1657,13.5,11.21,9.75,8.82,8.96,9.74,15.87,13.18,11.85,11.16,9.29,9.92,10.64,11.14,12.16,12.31,,13.79,,125.01
2006-08-28,10.5546,11.9724,13.44,11.21,9.63,8.57,8.75,9.63,15.67,12.96,11.63,10.93,9.03,9.65,10.4,10.9,11.97,12.18,,13.57,,122.64
2006-08-29,10.4224,11.9131,13.29,11.09,9.55,8.55,8.73,9.55,15.73,12.92,11.55,10.84,8.96,9.58,10.32,10.82,11.92,12.28,,13.6,,126.53
2006-08-30,10.4296,11.9061,13.33,11.14,9.56,8.53,8.74,9.56,15.62,12.83,11.48,10.78,8.93,9.53,10.26,10.76,11.9,12.22,,13.5,,125.52
2006-08-31,10.6237,12.0306,13.55,11.2,9.6,8.74,8.97,9.59,15.75,12.97,11.61,10.89,8.96,9.61,10.36,10.87,12.02,12.31,,13.47,,123.22
2006-09-01,10.1977,11.7975,12.93,10.6,9.0,8.44,8.51,9.0,15.52,12.65,11.27,10.54,8.6,9.25,10.01,10.52,11.8,11.96,,13.3,,124.59
2006-09-05,10.9431,12.0589,13.95,11.58,9.81,8.67,9.11,9.8,16.03,13.13,11.71,10.94,8.93,9.59,10.39,10.92,12.07,12.63,,13.57,,124.31
2006-09-06,12.2294,12.9744,14.49,12.36,10.73,9.66,10.05,10.73,17.32,14.17,12.65,11.86,9.77,10.45,11.27,11.83,12.96,13.74,,14.5,,123.09
2006-09-07,12.4014,13.2354,14.35,11.97,10.09,9.21,9.55,10.08,17.68,14.43,12.83,12.01,9.9,10.57,11.4,11.98,13.22,13.88,,14.73,,121.66
2006-09-08,11.5705,12.7082,12.45,10.71,8.95,8.9,8.92,8.95,16.91,13.73,12.18,11.37,9.31,9.97,10.79,11.35,12.69,13.16,,14.29,,124.34
2006-09-11,11.6217,12.7486,13.13,11.96,9.73,9.73,9.73,9.73,16.96,13.66,12.12,11.3,9.18,9.9,10.74,11.28,12.73,12.99,,14.32,,125.99
2006-09-12,10.7999,12.2085,12.82,11.69,9.54,10.03,9.85,9.54,15.67,12.72,11.29,10.5,8.32,9.1,9.95,10.49,12.2,11.92,,13.81,,126.42
2006-09-13,10.4137,11.9099,12.81,12.02,10.61,10.61,10.61,10.61,15.06,12.33,10.98,10.21,8.07,8.86,9.69,10.2,11.9,11.18,,13.53,,120.44
2006-09-14,11.0578,12.3002,14.43,13.48,11.75,11.75,11.75,11.75,15.47,12.66,11.22,10.4,8.18,8.92,9.81,10.37,12.29,11.55,,13.86,,119.47
2006-09-15,10.2338,12.0458,14.97,12.03,9.88,8.27,8.65,9.86,16.49,13.21,11.67,10.87,8.49,9.34,10.23,10.83,12.04,11.76,,13.64,,135.25
2006-09-18,10.2232,12.1789,14.98,11.98,9.78,8.04,8.5,9.76,16.45,13.29,11.76,10.95,8.65,9.47,10.33,10.91,12.16,11.78,,13.62,,127.35
2006-09-19,10.4044,12.3463,15.12,12.25,10.05,8.44,8.78,10.03,16.99,13.7,12.12,11.28,8.89,9.74,10.63,11.24,12.33,11.98,,13.86,,125.03
2006-09-20,9.9077,11.9773,14.23,11.57,9.56,8.13,8.4,9.55,16.29,13.1,11.52,10.69,8.43,9.21,10.07,10.66,11.94,11.39,,13.43,,122.71
2006-09-21,10.8248,12.538,15.29,12.56,10.44,8.61,9.09,10.42,16.77,13.68,12.14,11.33,9.02,9.83,10.69,11.29,12.5,12.25,,13.95,,119.68
2006-09-22,11.1577,12.7174,15.32,12.76,10.81,8.95,9.53,10.8,17.11,14.01,12.44,11.6,9.21,10.06,10.96,11.57,12.67,12.59,,14.14,,118.86
2006-09-25,10.508,12.3551,14.48,11.98,9.99,8.46,8.81,9.98,16.37,13.42,11.88,11.06,8.79,9.59,10.45,11.03,12.28,12.12,,13.72,,120.75
2006-09-26,9.9242,11.8623,13.48,11.14,9.32,8.08,8.36,9.31,15.54,12.67,11.19,10.4,8.49,9.08,9.85,10.38,11.78,11.53,,13.15,,121.64
2006-09-27,10.1098,12.1049,13.84,11.25,9.31,8.2,8.4,9.3,15.75,12.83,11.35,10.56,8.39,9.16,9.99,10.53,12.01,11.58,,13.34,,118.43
2006-09-28,10.0596,12.1046,13.81,11.28,9.36,8.2,8.44,9.35,15.77,12.87,11.43,10.68,8.6,9.34,10.14,10.66,12.01,11.72,,13.46,,118.21
2006-09-29,10.4258,12.4185,13.83,11.51,9.68,8.51,8.77,9.68,16.07,13.13,11.63,10.82,8.82,9.45,10.25,10.8,12.3,11.98,,13.71,,120.09
2006-10-02,10.8016,12.6108,13.98,11.74,9.84,8.77,8.93,9.83,16.47,13.36,11.88,11.1,9.03,9.76,10.55,11.08,12.49,12.57,,13.92,,119.8
2006-10-03,10.7656,12.4795,13.62,11.43,9.36,8.29,8.52,9.35,16.19,13.31,11.84,11.05,8.88,9.64,10.48,11.02,12.37,12.24,,13.78,,116.93
2006-10-04,10.1437,12.1844,13.18,11.0,9.35,8.68,8.78,9.35,15.47,12.66,11.23,10.46,8.71,9.24,9.96,10.44,12.04,11.86,,13.37,,118.15
2006-10-05,10.3957,12.2255,13.02,11.03,9.59,9.27,9.07,9.58,15.34,12.7,11.37,10.65,9.03,9.5,10.18,10.64,12.09,11.98,,13.44,,115.48
2006-10-06,9.9,11.9602,12.38,10.25,8.74,8.27,8.34,8.74,14.88,12.23,10.88,10.12,8.5,8.94,9.65,10.11,11.81,11.56,,13.12,,117.34
2006-10-09,10.2918,11.983,12.5,10.52,9.03,8.32,8.6,9.03,14.83,12.38,11.07,10.33,8.56,9.12,9.85,10.31,11.85,11.68,,13.09,,116.19
2006-10-10,9.9479,11.8791,11.85,9.88,8.34,8.26,8.29,8.34,14.36,12.01,10.79,10.09,8.43,8.95,9.64,10.08,11.73,11.52,,13.08,,118.43
2006-10-11,10.5692,12.0643,12.34,10.31,8.55,8.09,8.26,8.55,14.55,12.22,10.96,10.24,8.66,9.07,9.77,10.22,11.9,11.62,,13.15,,117.16
2006-10-12,9.7959,11.5499,11.53,9.91,8.16,8.48,8.36,8.16,13.86,11.37,10.23,9.58,8.38,8.66,9.22,9.57,11.38,11.09,,12.66,,117.44
2006-10-13,9.6625,11.2579,10.25,9.24,7.26,7.98,7.72,7.26,13.4,11.09,10.04,9.41,8.15,8.47,9.04,9.4,11.1,10.75,,12.32,,118.74
2006-10-16,9.8806,11.4044,12.03,11.04,9.18,9.62,9.46,9.18,13.66,11.29,10.32,9.74,8.56,8.92,9.42,9.74,11.26,11.09,,12.55,,116.54
2006-10-17,10.388,11.8327,13.37,12.14,9.77,10.36,10.15,9.78,14.37,11.9,10.8,10.16,8.83,9.2,9.78,10.15,11.69,11.73,,12.98,,117.7
2006-10-18,10.0883,11.729,11.87,10.55,7.9,10.45,9.57,7.9,13.68,11.48,10.51,9.91,8.83,9.03,9.57,9.91,11.56,11.34,,12.74,,114.96
2006-10-19,9.4518,11.5259,5.66,5.66,5.66,5.66,5.66,5.66,13.17,10.65,9.81,9.23,8.46,8.54,8.95,9.22,11.33,10.9,,12.48,,116.8
2006-10-20,9.1785,11.157,12.43,10.26,8.93,8.28,8.3,8.92,14.04,11.79,10.69,10.12,8.67,9.12,9.7,10.1,10.96,10.63,,12.09,,117.06
2006-10-23,9.703,10.8816,12.56,10.68,9.38,8.87,8.79,9.38,13.98,11.88,10.83,10.26,8.68,9.18,9.82,10.25,10.91,11.08,,12.33,,115.28
2006-10-24,9.5914,10.7239,12.01,10.33,9.08,8.71,8.54,9.08,13.79,11.56,10.5,9.94,8.44,8.91,9.52,9.92,10.76,10.78,,11.79,,114.68
2006-10-25,9.5669,10.5249,11.64,10.09,9.06,8.65,8.62,9.05,13.25,11.34,10.37,9.84,8.49,8.89,9.45,9.83,10.56,10.66,,11.57,,113.72
2006-10-26,9.3587,10.1344,11.48,9.99,8.99,8.87,8.66,8.99,12.87,11.07,10.16,9.67,8.59,8.84,9.32,9.66,10.18,10.56,,11.36,,112.97
2006-10-27,9.8316,10.6517,11.8,10.23,9.18,8.98,8.8,9.18,13.44,11.51,10.53,10.01,8.7,9.07,9.62,9.99,10.69,10.8,,11.58,,111.46
2006-10-30,10.1057,10.7415,12.03,10.59,9.5,9.18,9.04,9.5,13.41,11.61,10.67,10.16,8.88,9.27,9.79,10.15,10.78,11.2,,12.07,,114.11
2006-10-31,9.9452,10.7185,11.82,10.32,9.24,9.04,8.85,9.24,13.29,11.46,10.51,10.0,8.68,9.1,9.63,9.98,10.75,11.1,,11.63,,111.48
2006-11-01,10.3704,11.1568,12.51,10.71,9.6,9.36,9.2,9.6,13.82,11.94,10.97,10.45,9.09,9.51,10.07,10.44,11.19,11.51,,12.12,,112.36
2006-11-02,10.2689,11.1766,12.25,10.52,9.33,8.96,8.88,9.33,13.79,11.9,10.93,10.41,9.18,9.52,10.04,10.4,11.2,11.42,,12.18,,113.08
2006-11-03,10.0653,11.0804,11.57,9.9,8.74,8.64,8.49,8.74,13.59,11.74,10.78,10.25,9.09,9.39,9.9,10.25,11.11,11.16,,12.13,,112.37
2006-11-06,9.9875,10.7311,11.63,9.97,8.99,9.1,8.94,8.99,13.34,11.43,10.48,9.94,8.66,9.01,9.57,9.93,10.76,11.16,,11.62,,116.76
2006-11-07,10.1115,10.8021,11.97,10.4,9.34,8.98,9.11,9.34,13.2,11.35,10.43,9.9,8.68,9.02,9.55,9.89,10.81,11.09,,11.54,,115.72
2006-11-08,9.8464,10.5456,10.63,9.67,8.77,8.65,8.69,8.77,12.92,11.04,10.15,9.62,8.35,8.69,9.25,9.6,10.55,10.75,,11.3,,115.86
2006-11-09,10.1767,10.7938,10.74,9.83,8.75,8.66,8.69,8.75,13.18,11.34,10.47,9.97,8.85,9.13,9.64,9.96,10.8,11.01,,11.58,,113.19
2006-11-10,9.8983,10.689,9.87,9.22,8.01,8.08,8.06,8.01,12.89,11.08,10.25,9.75,8.69,8.93,9.43,9.75,10.7,10.79,,11.76,,113.87
2006-11-13,9.9676,10.726,11.39,10.56,9.04,9.44,9.29,9.04,12.78,11.09,10.31,9.83,8.66,8.98,9.49,9.82,10.72,10.86,,11.6,,113.32
2006-11-14,9.5687,10.5433,11.54,10.58,8.77,9.61,9.3,8.77,12.34,10.6,9.86,9.38,8.51,8.66,9.09,9.37,10.51,10.5,,11.27,,113.75
2006-11-15,9.3259,10.3261,11.75,10.52,8.1,10.05,9.37,8.1,11.89,10.23,9.57,9.11,8.29,8.42,8.84,9.1,10.28,10.31,,11.19,,111.63
2006-11-16,9.1232,10.2516,13.7,11.51,6.34,7.25,6.93,6.35,11.68,10.07,9.37,8.87,8.1,8.19,8.6,8.86,10.2,10.16,,11.05,,110.87
2006-11-17,8.7564,10.1771,11.26,9.68,8.54,7.99,7.96,8.54,12.82,10.72,9.73,9.23,7.97,8.39,8.87,9.21,10.11,10.05,,11.1,,117.73
2006-11-20,8.8418,10.2192,11.16,9.57,8.51,7.96,7.97,8.5,12.68,10.7,9.73,9.23,7.82,8.32,8.85,9.21,10.22,9.97,,11.28,,119.02
2006-11-21,8.7083,10.4328,10.82,9.28,8.27,7.78,7.75,8.26,12.87,10.91,9.93,9.41,7.99,8.49,9.03,9.4,10.43,9.9,,11.29,,118.53
2006-11-22,8.8334,10.8091,11.17,9.4,8.25,7.62,7.68,8.24,13.22,11.17,10.16,9.63,8.09,8.66,9.24,9.62,10.82,10.14,,11.81,,120.86
2006-11-24,9.4344,11.359,11.54,9.89,8.78,8.1,8.19,8.78,13.96,11.77,10.7,10.15,8.55,9.14,9.74,10.13,11.34,10.73,,12.43,,118.47
2006-11-27,10.8165,12.2919,13.85,11.71,10.25,9.43,9.54,10.25,15.37,13.03,11.81,11.15,9.38,9.97,10.65,11.13,12.27,12.3,,13.42,,117.96
2006-11-28,10.0533,11.8901,13.09,10.83,9.33,8.49,8.67,9.33,14.71,12.32,11.11,10.45,8.47,9.19,9.95,10.43,11.87,11.62,,12.98,,121.89
2006-11-29,9.2822,11.1839,12.36,10.04,8.52,7.74,7.95,8.52,13.76,11.35,10.2,9.59,8.02,8.55,9.16,9.57,11.14,10.83,,12.31,,125.38
2006-11-30,9.4221,11.2811,12.49,10.23,8.66,7.66,8.0,8.65,13.95,11.51,10.34,9.71,7.96,8.61,9.27,9.69,11.24,10.91,,12.49,,124.0
2006-12-01,9.9543,11.6855,13.18,10.81,9.23,8.29,8.54,9.22,14.94,12.11,10.72,9.98,8.36,8.82,9.49,9.96,11.65,11.66,,12.92,,126.2
2006-12-04,9.5408,11.3501,13.2,10.68,9.09,8.17,8.53,9.09,14.09,11.45,10.29,9.67,8.17,8.67,9.27,9.66,11.32,11.23,,12.62,,124.81
2006-12-05,9.5482,11.3938,13.23,10.64,8.75,7.97,8.27,8.75,13.84,11.41,10.27,9.65,8.59,8.59,9.21,9.63,11.36,11.27,,12.68,,127.14
2006-12-06,10.0629,11.5045,13.27,10.86,8.97,7.8,8.26,8.97,14.18,11.62,10.44,9.8,8.62,8.68,9.33,9.78,11.49,11.33,,12.79,,125.61
2006-12-07,10.9029,12.2961,14.68,12.03,9.95,9.0,9.37,9.95,15.94,12.85,11.37,10.59,8.82,9.35,10.08,10.57,12.27,12.67,,13.75,,122.86
2006-12-08,10.4761,12.064,12.06,10.48,8.75,8.53,8.61,8.75,15.09,12.35,10.98,10.23,8.54,9.03,9.74,10.21,12.04,12.07,,13.49,,124.71
2006-12-11,10.4464,11.972,12.42,11.27,9.02,9.19,9.13,9.02,14.81,12.09,10.79,10.07,8.25,8.88,9.6,10.05,11.97,10.71,,13.39,,120.65
2006-12-12,9.9866,11.8755,12.44,11.13,8.52,8.52,8.52,8.52,14.06,11.51,10.31,9.62,7.98,8.51,9.18,9.6,11.87,10.65,,13.26,,124.46
2006-12-13,9.5166,11.6263,11.86,10.23,6.73,7.1,6.96,6.73,13.59,10.98,9.83,9.15,7.6,8.09,8.73,9.14,11.63,10.18,,13.1,,125.76
2006-12-14,8.9012,11.2556,13.26,11.38,7.28,8.88,8.32,7.28,13.13,10.28,9.2,8.52,7.45,7.67,8.18,8.51,11.28,9.97,,13.02,,132.31
2006-12-15,9.0816,11.5529,12.98,10.4,8.88,7.62,8.04,8.87,15.58,12.59,11.14,10.39,8.47,9.1,9.84,10.36,11.58,10.05,,13.2,,129.81
2006-12-18,9.1756,11.6235,13.22,10.51,8.91,7.75,8.05,8.9,15.49,12.55,11.14,10.4,8.57,9.15,9.87,10.38,11.6,10.6,,13.3,,128.93
2006-12-19,8.7906,11.416,12.97,10.18,8.53,7.39,7.67,8.52,15.38,12.44,11.0,10.25,8.44,9.0,9.72,10.23,11.43,10.3,,12.98,,129.55
2006-12-20,8.776,11.4103,12.67,10.09,8.49,7.42,7.68,8.49,15.07,12.25,10.9,10.19,8.44,8.99,9.68,10.16,11.41,10.26,,12.83,,126.28
2006-12-21,8.9306,11.6349,12.98,10.29,8.61,7.51,7.75,8.6,15.18,12.44,11.11,10.41,8.67,9.22,9.9,10.38,11.64,10.53,,13.15,,122.05
2006-12-22,9.6869,11.858,13.91,11.18,9.38,8.16,8.42,9.37,15.74,12.94,11.54,10.81,8.78,9.48,10.26,10.79,11.86,11.36,,13.47,,121.5
2006-12-26,9.8026,11.8331,13.1,10.64,9.01,7.69,8.05,9.0,15.31,12.58,11.23,10.51,8.34,9.15,9.96,10.49,11.8,11.26,,13.21,,123.4
2006-12-27,9.1527,11.5987,11.96,9.98,8.25,7.22,7.48,8.25,14.63,11.99,10.69,9.98,8.08,8.75,9.48,9.96,11.52,10.64,,12.92,,123.48
2006-12-28,9.3767,11.8462,12.34,10.14,8.44,7.6,7.73,8.44,14.88,12.23,10.91,10.2,8.33,8.97,9.7,10.19,11.77,10.99,,13.15,,121.7
2006-12-29,10.0707,12.1452,12.81,10.72,9.09,8.06,8.26,9.08,15.49,12.74,11.36,10.62,8.74,9.35,10.1,10.6,12.07,11.56,,13.46,,121.25
2007-01-03,10.5383,12.2136,13.22,11.13,9.57,8.24,8.7,9.57,15.42,12.85,11.52,10.79,8.83,9.51,10.28,10.78,12.14,12.04,,13.59,,118.77
2007-01-04,10.1779,11.9454,12.59,10.41,8.76,7.82,8.1,8.76,14.67,12.33,11.09,10.4,8.32,9.11,9.89,10.38,11.85,11.51,,13.21,,118.78
2007-01-05,10.6961,12.2884,13.19,11.44,10.16,8.87,9.36,10.16,15.32,12.91,11.63,10.92,8.83,9.61,10.4,10.91,12.2,12.14,,13.64,,117.27
2007-01-08,10.7577,12.2785,13.55,11.42,9.81,8.54,9.03,9.8,15.05,12.68,11.39,10.66,8.48,9.31,10.13,10.64,12.16,12.0,,13.43,,119.44
2007-01-09,10.7324,12.2429,13.8,11.49,9.79,8.64,9.09,9.79,14.89,12.65,11.41,10.71,8.62,9.41,10.2,10.7,12.13,11.91,,13.4,,116.28
2007-01-10,10.5662,11.9275,12.71,10.4,8.62,7.86,8.16,8.62,14.52,12.22,10.95,10.22,8.22,8.92,9.71,10.2,11.8,11.47,,13.03,,117.79
2007-01-11,9.7887,11.4982,11.57,10.1,8.48,7.64,7.96,8.48,13.55,11.39,10.29,9.62,7.78,8.46,9.17,9.61,11.35,10.87,,12.59,,119.13
2007-01-12,9.4284,11.1914,10.3,9.25,7.2,6.39,6.7,7.19,12.86,10.65,9.65,9.02,7.24,7.93,8.59,9.0,10.99,10.15,,12.11,,119.7
2007-01-16,9.5639,11.2845,13.41,12.06,9.41,8.46,8.83,9.41,13.39,11.04,10.02,9.36,7.88,8.33,8.95,9.35,11.11,10.74,,12.35,,120.78
2007-01-17,9.4172,11.1713,14.45,12.86,9.65,9.08,9.3,9.65,13.21,10.83,9.82,9.15,7.83,8.18,8.77,9.14,11.0,10.59,,12.13,,120.95
2007-01-18,9.387,11.194,13.73,13.73,13.73,13.73,13.73,13.73,13.13,10.78,9.83,9.17,7.66,8.15,8.78,9.17,11.01,10.85,,12.15,,127.7
2007-01-19,8.9452,10.8686,12.6,10.29,8.69,7.38,7.73,8.68,14.2,11.58,10.34,9.67,7.63,8.4,9.16,9.65,10.67,10.4,,11.96,,127.24
2007-01-22,9.5043,11.0801,12.9,10.65,9.01,7.53,8.0,9.0,14.36,11.82,10.55,9.86,8.1,8.66,9.37,9.84,11.08,10.77,,12.26,,121.13
2007-01-23,9.0784,10.5525,12.38,10.16,8.49,7.07,7.55,8.49,13.88,11.38,10.11,9.42,7.73,8.24,8.94,9.4,10.55,10.34,,11.84,,122.77
2007-01-24,8.6367,10.1458,11.64,9.64,8.05,6.65,7.16,8.04,13.2,10.9,9.67,8.97,7.15,7.76,8.5,8.95,10.15,9.89,,11.36,,124.34
2007-01-25,9.8625,10.9198,13.41,11.11,9.42,8.13,8.45,9.42,14.49,12.0,10.74,10.05,8.01,8.78,9.55,10.04,10.92,11.22,,12.18,,119.49
2007-01-26,9.8084,10.9258,13.0,10.88,9.22,7.79,8.24,9.22,14.33,11.89,10.69,10.03,8.01,8.78,9.54,10.01,10.92,11.13,,12.14,,120.26
2007-01-29,10.2636,11.0897,13.32,11.31,9.68,8.29,8.72,9.68,14.71,12.2,10.94,10.25,8.19,8.98,9.75,10.23,11.09,11.45,,12.27,,117.83
2007-01-30,9.708,10.7789,12.92,10.79,9.15,7.89,8.27,9.15,14.14,11.7,10.44,9.73,7.63,8.45,9.23,9.71,10.77,10.96,,11.94,,119.53
2007-01-31,9.2346,10.4402,12.04,10.13,8.49,7.19,7.7,8.49,13.36,11.18,10.0,9.32,7.34,8.11,8.85,9.31,10.43,10.42,,11.52,,118.58
2007-02-01,9.1094,10.4022,11.97,9.93,8.35,7.28,7.69,8.35,13.27,10.98,9.82,9.16,7.44,8.01,8.71,9.15,10.38,10.31,,11.46,,119.57
2007-02-02,8.7392,10.344,11.61,9.42,7.88,7.01,7.35,7.88,12.86,10.62,9.54,8.9,7.29,7.81,8.47,8.89,10.31,10.08,,11.38,,121.7
2007-02-05,9.287,10.645,12.21,10.0,8.42,7.63,7.93,8.42,13.41,10.92,9.8,9.15,7.53,8.06,8.72,9.13,10.6,10.55,,11.66,,122.48
2007-02-06,9.1426,10.597,11.78,9.75,8.08,7.26,7.58,8.08,13.18,10.76,9.7,9.08,7.38,7.98,8.65,9.07,10.55,10.65,,11.62,,122.78
2007-02-07,9.1684,10.4734,11.25,9.51,7.65,6.94,7.21,7.64,12.98,10.59,9.53,8.88,7.27,7.8,8.45,8.86,10.42,10.32,,11.49,,122.94
2007-02-08,9.3502,10.6215,11.12,9.54,7.55,7.05,7.24,7.55,13.22,10.78,9.72,9.08,7.4,7.99,8.65,9.07,10.57,10.44,,11.65,,122.69
2007-02-09,9.8297,11.0592,12.5,10.49,8.23,7.71,7.91,8.23,14.28,11.49,10.27,9.57,7.87,8.49,9.14,9.55,11.0,11.1,,12.23,,121.02
2007-02-12,10.2895,11.4064,15.04,12.81,9.97,9.19,9.49,9.97,14.91,12.12,10.79,10.0,8.16,8.8,9.53,9.99,11.35,11.61,,12.58,,119.81
2007-02-13,9.0688,10.6439,11.82,10.39,7.42,8.62,8.19,7.42,12.94,10.45,9.44,8.75,7.17,7.74,8.35,8.74,10.55,10.34,,11.7,,125.32
2007-02-14,8.9406,10.4519,12.63,10.86,7.0,8.62,8.05,7.0,12.84,10.4,9.4,8.69,7.21,7.69,8.3,8.68,10.38,10.23,,11.4,,123.09
2007-02-15,8.715,10.4475,11.58,9.75,5.49,5.58,5.55,5.49,12.57,10.11,9.18,8.51,7.5,7.67,8.18,8.5,10.37,10.22,,11.4,,120.55
2007-02-16,8.7135,10.3854,11.89,9.81,8.47,7.4,7.74,8.47,13.42,11.05,9.91,9.32,7.83,8.31,8.9,9.29,10.3,10.02,,11.32,,121.01
2007-02-20,8.9315,10.4718,11.63,9.93,8.69,7.48,7.89,8.68,13.14,10.96,9.87,9.28,7.83,8.3,8.87,9.26,10.48,10.24,,11.57,,120.99
2007-02-21,8.9073,10.562,11.79,9.96,8.58,7.64,7.83,8.57,13.19,10.96,9.84,9.25,7.67,8.22,8.83,9.23,10.56,10.2,,11.59,,119.1
2007-02-22,9.0018,10.6256,11.85,10.02,8.64,7.46,7.88,8.64,13.09,10.99,9.91,9.32,7.8,8.31,8.9,9.3,10.62,10.18,,11.53,,119.58
2007-02-23,9.254,10.957,12.12,10.14,8.76,7.94,8.08,8.76,13.61,11.35,10.25,9.67,8.35,8.73,9.28,9.65,10.94,10.58,,12.0,,117.71
2007-02-26,9.801,11.2768,12.9,10.89,9.47,8.37,8.75,9.46,14.27,11.82,10.57,9.9,8.35,8.82,9.45,9.88,11.25,11.15,,12.28,,117.81
2007-02-27,16.0056,15.3595,24.8,20.75,17.26,15.08,15.54,17.28,22.16,18.45,16.41,15.38,12.94,13.58,14.58,15.38,15.36,18.31,,17.1,,112.5
2007-02-28,13.8021,13.607,20.62,16.68,14.04,12.11,12.59,14.03,19.15,15.79,14.11,13.22,10.39,11.48,12.49,13.18,13.61,15.42,,14.74,,121.36
2007-03-01,13.7701,13.5237,21.89,17.57,14.24,11.63,12.4,14.23,19.54,15.95,14.07,13.04,9.86,11.03,12.19,13.0,13.51,15.82,,14.9,,120.99
2007-03-02,16.2117,14.9939,27.55,22.08,17.71,14.06,15.21,17.72,23.29,18.73,16.47,15.3,11.39,12.91,14.31,15.28,15.02,18.61,,16.74,,118.76
2007-03-05,16.7441,15.7369,28.65,23.5,19.44,15.8,17.01,19.46,24.9,19.88,17.29,16.0,12.2,13.55,14.94,15.97,15.73,19.63,,17.56,,118.07
2007-03-06,13.536,13.6976,21.12,17.0,13.84,11.66,12.26,13.83,20.54,16.38,14.35,13.26,10.29,11.3,12.44,13.24,13.68,15.96,,15.53,,121.14
2007-03-07,13.1748,13.4705,18.54,16.02,13.77,12.23,12.68,13.76,19.68,15.91,13.94,12.87,9.94,10.92,12.05,12.84,13.46,15.24,,15.05,,119.49
2007-03-08,12.5226,12.9861,17.91,15.29,13.08,10.69,11.51,13.07,18.32,14.81,13.01,12.03,9.08,10.19,11.28,12.0,12.97,14.29,,14.47,,121.08
2007-03-09,12.2673,12.7839,16.91,14.15,12.18,10.96,11.41,12.18,18.13,14.63,12.83,11.86,9.08,10.06,11.13,11.83,12.77,14.09,,14.41,,121.96
2007-03-12,11.7189,12.5446,16.66,14.53,12.66,11.82,12.14,12.66,17.9,14.31,12.43,11.4,8.9,9.69,10.71,11.38,12.53,13.99,,14.23,,126.35
2007-03-13,15.1036,14.8555,20.0,17.69,14.56,13.7,14.03,14.56,22.51,18.04,15.79,14.58,11.25,12.39,13.66,14.54,14.84,18.13,,16.59,,130.04
2007-03-14,14.2923,14.4674,15.95,14.62,12.12,13.4,12.94,12.13,21.48,16.96,14.76,13.59,10.46,11.5,12.72,13.55,14.44,17.27,,16.25,,134.25
2007-03-15,12.9322,14.1273,15.96,14.18,10.59,8.59,9.39,10.59,20.52,16.12,13.91,12.73,9.81,10.76,11.92,12.71,14.11,16.43,,16.03,,136.15
2007-03-16,13.9081,14.6129,21.53,17.03,13.51,10.53,11.46,13.48,21.96,17.61,15.36,14.23,10.66,11.98,13.26,14.18,14.59,16.79,,16.86,,128.3
2007-03-19,12.5323,13.5088,19.13,15.19,12.04,9.4,10.19,12.01,19.92,16.01,14.02,12.96,9.46,10.85,12.07,12.91,13.5,14.59,,15.21,,122.84
2007-03-20,11.2345,12.7871,17.63,13.8,10.7,8.35,9.03,10.68,18.84,14.95,13.06,12.05,8.83,10.1,11.24,12.01,12.77,13.27,,14.46,,127.35
2007-03-21,10.1087,11.4676,15.61,12.31,9.89,7.78,8.54,9.89,16.56,13.17,11.49,10.6,8.97,9.14,9.97,10.58,11.45,12.19,,13.17,,130.07
2007-03-22,10.742,11.8504,16.61,13.05,10.41,8.68,9.12,10.4,17.51,13.82,12.08,11.17,9.55,9.71,10.52,11.15,11.84,12.93,,13.57,,124.99
2007-03-23,10.847,12.0012,16.4,12.91,10.44,8.76,9.21,10.42,17.46,13.93,12.25,11.36,8.83,9.73,10.69,11.33,11.99,12.95,,13.71,,125.64
2007-03-26,11.0861,12.0306,16.5,13.09,10.71,9.02,9.47,10.7,17.7,14.15,12.42,11.5,8.76,9.76,10.81,11.49,12.03,13.16,,13.9,,126.45
2007-03-27,11.8154,12.5234,16.75,13.51,11.05,9.21,9.73,11.04,18.22,14.66,12.87,11.92,8.99,10.07,11.16,11.88,12.52,13.48,,14.19,,122.89
2007-03-28,13.3613,13.5428,18.82,15.4,12.58,10.15,10.93,12.55,20.02,16.09,14.17,13.14,10.11,11.2,12.32,13.1,13.55,14.98,,15.21,,121.28
2007-03-29,13.1678,13.5522,18.66,15.33,12.66,10.49,11.13,12.65,20.1,16.16,14.23,13.2,10.15,11.26,12.39,13.17,13.56,15.14,,15.37,,121.4
2007-03-30,12.9411,13.4295,18.19,14.77,12.04,9.87,10.52,12.03,19.72,15.87,13.96,12.93,9.7,10.94,12.12,12.9,13.42,14.64,,15.16,,120.89
2007-04-02,12.7764,13.3103,17.63,14.35,11.83,9.74,10.39,11.82,19.53,15.7,13.79,12.76,9.58,10.79,11.97,12.74,13.29,14.53,,15.07,,122.62
2007-04-03,11.8689,12.6952,15.63,12.59,10.4,8.94,9.31,10.39,18.28,14.74,12.94,11.97,9.06,10.15,11.24,11.95,12.66,13.46,,14.37,,124.18
2007-04-04,11.5425,12.7444,14.68,11.86,9.67,8.63,8.79,9.67,18.16,14.6,12.77,11.78,8.72,9.9,11.04,11.76,12.68,13.24,,14.39,,123.94
2007-04-05,11.0785,12.5378,14.35,11.46,9.42,8.62,8.69,9.42,17.49,14.01,12.24,11.29,8.43,9.52,10.59,11.26,12.44,13.23,,14.09,,125.4
2007-04-09,11.5762,12.5727,15.3,12.14,9.92,8.64,9.12,9.91,17.48,14.05,12.33,11.39,8.45,9.61,10.7,11.37,12.48,13.14,,14.04,,125.32
2007-04-10,10.9019,12.2631,14.26,11.41,9.27,8.27,8.66,9.27,16.97,13.51,11.83,10.9,8.23,9.25,10.27,10.89,12.14,12.68,,13.78,,125.94
2007-04-11,11.8611,12.7799,15.22,12.12,9.73,8.53,9.0,9.73,17.71,14.15,12.43,11.49,8.83,9.83,10.84,11.47,12.67,13.49,,14.29,,127.03
2007-04-12,11.1511,12.2493,13.98,11.05,8.6,8.08,8.28,8.6,16.88,13.47,11.84,10.95,8.33,9.37,10.34,10.94,12.14,12.71,,13.84,,126.92
2007-04-13,10.6162,11.9934,13.21,10.52,7.64,7.81,7.75,7.64,16.12,12.81,11.22,10.32,8.37,8.82,9.74,10.3,11.84,12.2,,13.48,,128.62
2007-04-16,10.4355,11.761,12.42,11.04,8.24,8.9,8.66,8.24,15.78,12.59,11.1,10.23,8.37,8.94,9.73,10.22,11.63,11.98,,13.27,,125.49
2007-04-17,10.3213,11.7008,13.22,11.6,8.26,10.06,9.43,8.27,15.59,12.41,10.91,10.02,8.5,8.82,9.55,10.01,11.55,12.14,,13.14,,130.62
2007-04-18,10.5403,11.9119,13.5,11.49,7.0,10.21,9.14,7.01,15.79,12.59,11.12,10.25,8.74,9.11,9.8,10.24,11.77,12.42,,13.28,,130.35
2007-04-19,10.9584,12.0843,14.47,12.01,5.96,10.54,9.1,5.99,16.09,12.88,11.38,10.5,8.78,9.26,10.01,10.48,11.94,12.54,,13.47,,126.11
2007-04-20,10.2042,11.5989,15.38,11.93,9.74,8.72,8.87,9.73,16.29,12.97,11.39,10.58,8.56,9.22,10.01,10.55,11.44,12.07,,12.91,,128.37
2007-04-23,11.2264,12.0385,16.53,12.96,10.84,9.66,9.89,10.84,17.27,13.76,12.14,11.31,9.13,9.86,10.7,11.29,12.03,13.04,,13.12,,123.55
2007-04-24,11.3141,12.0765,16.48,13.05,10.81,9.57,9.79,10.79,17.17,13.7,12.09,11.26,9.24,9.84,10.65,11.23,12.13,13.12,,13.16,,124.17
2007-04-25,11.3636,11.9624,16.39,13.07,11.13,10.1,10.28,11.13,17.07,13.68,12.09,11.27,9.36,9.91,10.69,11.25,11.99,13.21,,13.08,,122.68
2007-04-26,11.1609,11.9404,15.85,12.41,10.6,9.49,9.72,10.59,16.75,13.47,11.91,11.09,9.17,9.74,10.52,11.07,11.97,12.79,,12.94,,123.25
2007-04-27,10.8155,11.8023,15.41,11.98,10.07,8.97,9.2,10.06,16.43,13.2,11.67,10.88,8.97,9.54,10.32,10.85,11.83,12.45,,12.76,,124.73
2007-04-30,12.4081,12.7992,18.81,14.7,12.24,10.51,11.0,12.23,18.42,14.75,13.03,12.14,9.81,10.61,11.5,12.12,12.84,14.22,,14.02,,123.37
2007-05-01,11.7038,12.3873,17.33,13.38,11.08,9.77,10.06,11.07,17.69,14.18,12.46,11.56,9.23,10.02,10.92,11.54,12.41,13.51,,13.61,,125.45
2007-05-02,11.3241,12.1176,16.16,12.74,10.68,9.48,9.83,10.68,17.1,13.76,12.15,11.3,9.19,9.87,10.71,11.29,12.16,13.08,,13.39,,123.14
2007-05-03,11.333,12.1527,15.58,12.67,10.84,9.68,10.06,10.84,16.99,13.6,12.04,11.24,9.44,9.96,10.71,11.22,12.15,13.09,,13.35,,123.03
2007-05-04,11.498,12.3341,15.26,12.33,10.34,9.31,9.44,10.33,16.85,13.6,12.06,11.25,9.19,9.87,10.68,11.22,12.34,12.91,,13.4,,123.11
2007-05-07,11.5219,12.2558,16.02,12.98,10.89,9.53,10.03,10.88,16.87,13.67,12.18,11.39,9.33,10.06,10.86,11.38,12.33,13.15,,13.51,,123.3
2007-05-08,11.6972,12.3903,16.49,13.43,11.32,9.85,10.4,11.32,17.02,13.83,12.32,11.52,9.51,10.18,10.98,11.5,12.42,13.21,,13.65,,120.74
2007-05-09,11.2991,12.1025,15.78,12.85,10.81,9.64,10.1,10.81,16.55,13.4,11.96,11.19,9.3,9.93,10.69,11.18,12.15,12.88,,13.37,,121.24
2007-05-10,12.381,12.9136,16.96,13.77,11.27,10.54,10.8,11.27,17.5,14.32,12.76,11.93,9.77,10.5,11.34,11.9,12.95,13.6,,14.14,,119.5
2007-05-11,11.617,12.5515,15.61,12.47,10.1,9.31,9.61,10.1,16.75,13.57,12.08,11.27,9.17,9.92,10.74,11.25,12.53,12.95,,13.68,,121.66
2007-05-14,12.5,13.0509,19.76,15.74,12.61,11.9,12.17,12.61,18.1,14.68,13.05,12.18,9.98,10.74,11.6,12.17,13.12,13.96,,14.37,,119.78
2007-05-15,12.5609,13.1618,17.29,15.45,11.78,11.15,11.39,11.77,17.97,14.56,12.96,12.11,10.05,10.72,11.55,12.09,13.25,14.01,,14.37,,121.17
2007-05-16,11.8356,12.7546,15.98,14.4,11.3,11.3,11.3,11.3,17.28,13.97,12.41,11.56,9.51,10.19,11.02,11.55,12.8,13.5,,14.07,,123.4
2007-05-17,11.7583,12.778,23.46,19.79,11.32,11.32,11.32,11.32,17.19,13.91,12.36,11.51,9.58,10.17,10.99,11.51,12.81,13.51,,14.26,,123.34
2007-05-18,10.9889,12.3845,16.29,12.82,10.61,8.73,9.39,10.6,17.6,13.82,12.17,11.33,9.18,9.78,10.67,11.29,12.39,12.76,,13.78,,126.75
2007-05-21,11.3824,12.5542,17.06,13.4,10.94,9.11,9.66,10.93,17.85,14.13,12.46,11.6,9.39,10.02,10.93,11.57,12.62,13.3,,13.95,,126.22
2007-05-22,11.1554,12.517,16.72,13.1,10.74,9.03,9.5,10.73,17.53,13.97,12.37,11.54,9.31,10.0,10.9,11.51,12.54,13.06,,13.82,,124.74
2007-05-23,11.4632,12.7038,16.77,13.25,11.07,9.48,9.92,11.06,17.45,13.96,12.4,11.6,9.55,10.15,10.99,11.57,12.73,13.24,,13.94,,123.17
2007-05-24,12.3079,13.439,17.82,14.25,11.9,10.11,10.64,11.89,18.63,14.86,13.18,12.32,10.03,10.78,11.66,12.29,13.59,14.08,,14.58,,121.71
2007-05-25,11.4567,12.9315,16.44,12.93,10.9,9.45,9.82,10.9,17.99,14.36,12.71,11.86,9.55,10.32,11.22,11.84,12.98,13.34,,14.22,,124.0
2007-05-29,11.8789,12.9613,16.73,13.25,11.12,9.56,10.02,11.11,17.77,14.29,12.67,11.83,9.56,10.29,11.19,11.79,13.02,13.53,,14.12,,124.05
2007-05-30,11.1806,12.5689,15.4,12.43,10.37,9.11,9.43,10.37,16.86,13.63,12.07,11.25,9.02,9.74,10.63,11.22,12.61,12.83,,13.7,,124.69
2007-05-31,11.2294,12.6155,15.63,12.65,10.53,9.07,9.56,10.53,16.96,13.7,12.13,11.31,9.16,9.84,10.71,11.29,12.65,13.05,,13.73,,123.84
2007-06-01,11.0968,12.6126,14.9,11.96,9.99,9.13,9.28,9.99,16.84,13.52,11.97,11.17,9.35,9.84,10.6,11.15,12.65,12.78,,13.76,,124.23
2007-06-04,11.5649,12.8609,15.98,12.92,10.85,9.84,10.08,10.85,17.2,13.93,12.4,11.6,9.71,10.23,11.02,11.58,12.9,13.29,,14.12,,122.26
2007-06-05,12.2383,13.2441,16.57,13.38,11.07,9.85,10.23,11.07,17.59,14.25,12.66,11.83,9.7,10.35,11.21,11.79,13.3,13.63,,14.41,,122.93
2007-06-06,13.1352,13.9438,19.07,15.44,12.91,11.51,11.84,12.91,19.19,15.55,13.83,12.94,10.48,11.32,12.27,12.92,14.02,14.87,,15.4,,119.29
2007-06-07,14.8558,15.1123,22.76,18.72,15.88,14.11,14.47,15.88,22.08,17.73,15.73,14.72,11.84,12.91,13.96,14.7,15.23,17.06,,16.7,,117.52
2007-06-08,13.2489,13.8354,17.34,14.54,12.29,11.12,11.57,12.29,19.23,15.58,13.83,12.92,10.3,11.27,12.24,12.89,13.93,14.84,,15.2,,122.08
2007-06-11,13.5771,13.8278,19.2,16.33,13.82,12.7,13.13,13.82,19.37,15.79,13.97,13.02,10.34,11.3,12.31,12.98,13.96,14.71,,15.15,,119.71
2007-06-12,14.4422,14.6148,22.71,19.47,16.77,15.49,15.98,16.77,21.52,17.26,15.31,14.32,11.5,12.54,13.58,14.29,14.79,16.67,,16.03,,119.51
2007-06-13,13.1919,13.7648,19.2,17.68,14.81,14.14,14.4,14.81,19.22,15.66,13.86,12.91,10.14,11.16,12.21,12.89,13.88,14.73,,15.12,,121.59
2007-06-14,13.0223,13.2722,19.87,17.36,12.09,12.05,12.06,12.09,18.19,14.72,12.97,12.04,9.44,10.39,11.38,12.02,13.36,13.64,,14.72,,122.42
2007-06-15,12.535,13.441,18.23,14.8,12.21,9.7,10.59,12.18,18.95,15.43,13.67,12.76,10.68,11.04,12.0,12.72,13.54,13.94,,15.01,,121.63
2007-06-18,12.0827,13.3271,17.55,14.2,11.75,9.49,10.29,11.73,18.93,15.21,13.48,12.58,10.44,10.89,11.85,12.55,13.42,13.42,,14.88,,120.46
2007-06-19,11.5921,13.0204,16.24,13.41,11.24,9.21,9.91,11.22,18.11,14.64,13.0,12.14,10.07,10.53,11.43,12.1,13.11,12.85,,14.46,,123.38
2007-06-20,13.328,14.2448,18.71,15.47,12.98,10.64,11.47,12.95,20.03,16.38,14.54,13.6,10.89,11.73,12.81,13.56,14.38,14.67,,15.74,,117.56
2007-06-21,12.9395,14.0566,17.97,14.99,12.56,10.12,11.02,12.54,19.61,16.12,14.32,13.37,10.82,11.5,12.59,13.34,14.18,14.21,,15.45,,117.97
2007-06-22,14.6476,15.0413,20.1,16.76,14.01,11.27,12.26,13.97,21.03,17.46,15.48,14.46,11.38,12.42,13.58,14.4,15.2,15.75,,16.4,,116.52
2007-06-25,15.5116,15.3903,21.24,17.75,14.76,11.88,12.9,14.72,21.59,18.13,16.11,15.05,11.62,12.91,14.13,15.0,15.55,16.65,,16.75,,116.87
2007-06-26,17.0634,16.2227,24.36,20.56,17.28,13.88,15.17,17.3,24.07,20.09,17.81,16.65,13.03,14.35,15.68,16.65,16.4,18.89,,18.09,,116.03
2007-06-27,14.2531,14.6817,19.24,16.23,13.58,10.98,11.93,13.57,20.75,17.24,15.27,14.23,11.04,12.2,13.38,14.2,14.83,15.53,,16.07,,118.01
2007-06-28,14.2338,14.6286,19.04,16.13,13.53,11.04,11.93,13.52,20.7,17.2,15.26,14.23,10.99,12.21,13.39,14.2,14.8,15.54,,16.02,,117.47
2007-06-29,15.0351,15.3126,20.06,16.95,14.09,11.05,12.24,14.07,21.83,18.16,16.06,14.96,11.49,12.79,14.05,14.92,15.47,16.23,,16.62,,115.72
2007-07-02,14.0727,14.7192,18.68,15.41,12.89,10.42,11.34,12.88,20.63,17.0,15.1,14.08,11.02,12.03,13.24,14.05,14.85,15.4,,16.15,,119.68
2007-07-03,13.5353,14.5349,17.3,14.29,12.07,9.85,10.62,12.07,20.18,16.59,14.7,13.68,10.68,11.65,12.86,13.65,14.68,14.92,,15.96,,119.87
2007-07-05,13.808,14.5979,18.29,14.84,12.5,10.55,11.11,12.5,20.68,16.91,14.97,13.93,10.9,11.89,13.1,13.91,14.71,15.48,,16.17,,120.59
2007-07-06,13.2651,14.3515,16.25,13.5,11.36,10.03,10.2,11.36,19.73,16.12,14.26,13.26,10.22,11.24,12.45,13.23,14.42,14.72,,15.83,,120.85
2007-07-09,13.6739,14.579,17.59,14.61,12.18,10.23,10.77,12.17,19.93,16.41,14.55,13.54,10.52,11.54,12.74,13.52,14.66,15.16,,16.12,,120.63
2007-07-10,15.8955,15.9172,22.63,18.48,15.55,13.24,13.94,15.55,23.13,19.02,16.8,15.6,11.89,13.27,14.64,15.57,16.06,17.57,,17.59,,117.48
2007-07-11,15.1119,15.5557,21.01,17.43,14.43,11.8,12.63,14.42,21.68,17.8,15.74,14.65,11.28,12.49,13.78,14.62,15.66,16.64,,17.06,,121.69
2007-07-12,13.8988,14.8871,19.16,15.37,12.57,10.61,11.37,12.57,20.5,16.83,14.85,13.77,11.05,11.76,12.91,13.75,14.94,15.54,,16.55,,119.99
2007-07-13,13.5802,14.955,17.16,13.94,11.54,10.54,10.93,11.55,19.83,16.34,14.47,13.44,11.07,11.59,12.64,13.43,14.98,15.15,,16.5,,119.59
2007-07-16,14.3515,15.2888,19.83,16.22,13.15,11.95,12.42,13.15,20.43,16.99,15.06,13.98,11.44,12.02,13.13,13.96,15.32,15.59,,16.71,,117.88
2007-07-17,14.242,15.3668,17.23,15.66,12.63,12.41,12.49,12.63,20.29,16.83,14.99,13.98,11.52,12.13,13.19,13.97,15.38,15.63,,16.78,,117.99
2007-07-18,14.458,15.6813,19.16,17.16,13.19,14.29,13.89,13.19,20.42,17.08,15.23,14.2,11.5,12.26,13.39,14.18,15.69,16.0,,17.08,,120.35
2007-07-19,13.6338,15.1919,20.73,17.98,12.15,17.78,15.9,12.13,19.6,16.21,14.39,13.38,10.83,11.48,12.6,13.37,15.16,15.23,,16.63,,119.24
2007-07-20,15.629,16.3855,21.99,18.29,15.15,11.73,12.93,15.11,22.37,18.6,16.58,15.57,12.16,13.46,14.66,15.52,16.44,16.95,,17.69,,117.4
2007-07-23,15.1123,16.2211,21.64,17.85,14.75,11.53,12.65,14.73,21.84,18.15,16.19,15.2,11.87,13.14,14.33,15.16,16.27,16.81,,17.29,,118.84
2007-07-24,17.0886,17.6387,23.08,19.72,16.8,13.15,14.6,16.77,23.56,19.8,17.71,16.67,13.05,14.46,15.72,16.62,17.64,18.55,,18.51,,116.13
2007-07-25,16.46,17.1204,22.88,19.49,16.44,12.86,14.26,16.43,22.88,19.24,17.21,16.19,12.66,14.04,15.28,16.15,17.16,18.1,,18.11,,116.39
2007-07-26,18.7148,18.0802,26.49,22.97,19.46,15.72,17.11,19.47,24.71,21.03,18.8,17.67,13.84,15.32,16.67,17.64,18.09,20.74,,19.01,,116.27
2007-07-27,22.119,20.1624,31.93,27.72,23.74,19.11,20.82,23.79,28.78,24.72,22.01,20.63,15.99,17.78,19.43,20.64,20.24,24.17,,21.23,,113.23
2007-07-30,19.1017,18.6213,27.48,23.45,19.46,15.62,16.96,19.44,26.21,22.19,19.61,18.32,14.15,15.72,17.19,18.28,18.64,20.87,,19.51,,115.42
2007-07-31,21.3257,20.709,31.22,26.65,22.34,17.57,19.32,22.32,29.31,24.56,21.66,20.24,15.7,17.37,18.97,20.18,20.74,23.52,,21.55,,115.53
2007-08-01,20.9765,20.731,30.13,25.97,21.49,17.26,18.62,21.5,29.92,25.0,22.01,20.51,15.55,17.43,19.19,20.49,20.79,23.67,,21.94,,119.94
2007-08-02,19.1573,19.6655,26.57,22.45,18.23,14.55,15.75,18.19,27.85,22.98,20.1,18.67,14.0,15.76,17.4,18.6,19.68,21.22,,20.75,,119.05
2007-08-03,23.0753,22.1395,31.82,27.39,23.1,18.39,19.98,23.05,32.5,27.03,23.58,21.85,16.42,18.36,20.28,21.75,22.29,25.16,,22.97,,117.3
2007-08-06,19.5458,20.0295,28.28,24.45,20.37,16.81,17.84,20.4,29.83,24.51,21.2,19.59,14.92,16.57,18.28,19.6,20.05,22.94,,21.5,,118.81
2007-08-07,18.9833,19.5965,26.46,22.81,19.41,16.55,17.37,19.4,28.3,23.12,20.05,18.58,14.14,15.74,17.33,18.53,19.58,21.56,,20.95,,116.92
2007-08-08,18.8189,19.0945,26.73,22.45,19.08,16.04,17.06,19.07,28.1,22.85,19.92,18.5,13.87,15.66,17.28,18.46,19.09,21.45,,20.61,,120.92
2007-08-09,23.0907,22.4245,35.96,31.56,26.74,21.81,23.43,26.75,33.94,28.34,24.65,22.81,17.09,19.19,21.22,22.78,22.55,26.48,,24.68,,115.3
2007-08-10,24.1094,23.0068,35.12,31.33,26.99,22.56,23.93,27.05,37.15,30.66,26.49,24.42,17.95,20.35,22.68,24.45,23.23,28.3,,25.63,,116.04
2007-08-13,22.2653,21.7705,31.38,28.17,25.62,23.15,23.86,25.63,33.31,27.82,24.12,22.28,16.92,18.78,20.72,22.26,21.88,26.57,,23.84,,119.5
2007-08-14,24.9069,22.9476,32.59,29.01,25.82,23.68,23.89,25.8,34.89,29.54,25.78,23.82,18.05,19.98,22.06,23.73,23.18,27.68,,24.85,,115.01
2007-08-15,27.3182,24.6435,34.31,32.13,30.16,29.1,28.77,30.15,37.78,32.1,28.16,26.09,19.83,21.94,24.22,26.0,24.98,30.67,,26.75,,118.3
2007-08-16,29.8527,25.0689,36.68,33.38,31.09,32.68,31.08,31.09,39.1,32.94,28.68,26.45,19.63,21.93,24.38,26.28,25.02,30.83,,27.09,,116.58
2007-08-17,24.8921,23.8008,37.55,31.03,24.35,18.46,20.34,24.3,35.74,29.69,25.87,23.93,17.68,19.93,22.18,23.84,23.9,29.99,,26.25,,126.7
2007-08-20,23.0535,22.6432,34.13,28.48,22.59,17.24,19.02,22.55,33.94,28.39,24.84,23.03,17.0,19.24,21.38,22.95,22.73,26.33,,23.36,,117.87
2007-08-21,22.3079,22.1327,32.73,27.35,21.87,16.71,18.47,21.84,33.07,27.61,24.16,22.42,16.57,18.76,20.83,22.35,22.18,25.25,,22.94,,117.76
2007-08-22,19.9855,20.3812,29.63,24.33,19.63,15.04,16.7,19.61,30.19,24.96,21.78,20.21,15.22,17.04,18.81,20.14,20.39,22.89,,21.38,,120.53
2007-08-23,19.5991,20.1988,29.77,24.3,19.07,14.36,16.0,19.04,29.9,24.62,21.32,19.69,14.83,16.52,18.26,19.63,20.22,22.62,,21.27,,121.35
2007-08-24,17.2124,19.2354,27.86,21.38,16.52,13.35,14.17,16.5,28.42,23.3,19.97,18.34,13.49,15.18,16.91,18.27,19.27,20.72,,20.46,,122.79
2007-08-27,19.6263,20.3581,29.79,24.08,18.88,14.5,15.93,18.86,30.23,24.9,21.5,19.79,14.76,16.5,18.3,19.73,20.33,22.72,,21.65,,121.53
2007-08-28,23.3317,23.069,33.68,28.07,22.33,17.27,18.86,22.28,34.34,28.46,24.79,22.94,16.97,19.11,21.24,22.84,23.15,26.3,,25.04,,118.95
2007-08-29,20.7691,21.3531,30.38,24.92,20.07,15.73,17.2,20.05,30.84,25.87,22.51,20.78,15.45,17.34,19.25,20.74,21.31,23.81,,23.26,,121.02
2007-08-30,22.0188,21.9113,31.7,26.54,21.39,16.99,18.36,21.35,32.46,26.89,23.25,21.45,16.0,17.91,19.86,21.38,21.9,25.06,,23.64,,120.1
2007-08-31,20.948,21.049,29.64,24.94,20.42,15.9,17.55,20.39,30.84,25.54,22.16,20.48,14.99,17.07,18.97,20.41,21.01,23.38,,22.68,,117.26
2007-09-04,19.9936,20.2477,28.51,23.84,19.63,15.42,16.98,19.63,29.87,24.6,21.34,19.73,14.65,16.53,18.34,19.69,20.21,22.78,,22.02,,119.62
2007-09-05,22.236,21.7136,30.13,25.5,21.17,16.9,18.44,21.14,32.39,26.86,23.36,21.6,15.82,18.01,20.01,21.52,21.69,24.58,,23.36,,118.07
2007-09-06,21.4119,21.4218,28.73,24.42,20.36,16.3,17.8,20.35,31.99,26.44,22.95,21.22,15.59,17.72,19.69,21.17,21.39,23.99,,23.2,,117.34
2007-09-07,24.1409,23.2898,30.65,26.58,22.29,18.05,19.51,22.25,34.5,29.08,25.29,23.39,17.46,19.57,21.66,23.27,23.3,26.23,,24.81,,116.72
2007-09-10,25.116,23.743,32.04,28.43,24.16,19.79,21.27,24.13,35.61,30.16,26.31,24.34,18.26,20.41,22.58,24.25,23.83,27.38,,25.4,,115.42
2007-09-11,22.9493,22.2547,29.38,25.74,21.81,18.02,19.36,21.81,33.12,27.84,24.29,22.49,16.55,18.83,20.9,22.44,22.26,25.27,,23.94,,116.45
2007-09-12,22.7505,22.1994,29.05,25.26,21.39,18.2,19.17,21.36,32.77,27.28,23.74,21.97,16.44,18.46,20.41,21.89,22.17,24.96,,23.74,,116.62
2007-09-13,22.3095,21.8403,30.17,25.93,22.15,18.64,19.87,22.14,32.4,27.0,23.54,21.8,16.09,18.27,20.28,21.75,21.84,24.76,,23.66,,117.36
2007-09-14,22.1894,21.8481,28.49,24.48,21.41,19.23,19.78,21.41,32.63,27.04,23.48,21.71,16.18,18.23,20.2,21.66,21.86,24.92,,23.75,,117.96
2007-09-17,23.6345,22.5569,36.28,31.43,26.95,24.54,24.76,26.94,34.35,28.68,24.95,23.09,17.39,19.46,21.5,23.04,22.63,26.48,,24.5,,117.87
2007-09-18,18.5872,19.1827,25.24,21.31,17.9,16.1,16.79,17.89,26.68,22.33,19.6,18.13,13.42,15.21,16.92,18.09,19.12,20.35,,20.99,,116.4
2007-09-19,17.7796,18.4815,20.3,19.15,17.07,16.58,16.77,17.07,26.43,21.32,18.75,17.37,13.14,14.69,16.26,17.34,18.54,20.03,,20.44,,120.85
2007-09-20,18.2122,18.8819,20.16,18.52,15.45,19.71,18.23,15.45,26.88,21.8,19.16,17.76,13.54,15.08,16.64,17.73,18.96,20.45,,20.8,,119.87
2007-09-21,16.6204,17.9929,24.46,19.96,16.25,12.39,13.78,16.24,26.14,21.36,18.65,17.31,12.7,14.53,16.13,17.28,17.97,19.0,,20.01,,121.15
2007-09-24,17.0979,18.1385,24.42,19.95,16.37,12.87,14.06,16.34,25.57,21.05,18.47,17.18,12.7,14.46,16.02,17.12,18.3,19.37,,19.92,,122.82
2007-09-25,16.6725,17.7983,23.34,19.38,16.05,12.5,13.81,16.03,25.27,20.73,18.17,16.91,12.74,14.34,15.82,16.88,17.99,18.6,,19.71,,118.58
2007-09-26,15.8026,17.1823,22.22,18.32,15.08,11.77,12.94,15.06,23.92,19.61,17.29,16.13,12.22,13.73,15.12,16.1,17.29,17.63,,19.02,,118.57
2007-09-27,15.3872,16.7121,21.27,17.66,14.65,11.58,12.64,14.63,23.03,18.83,16.63,15.51,11.9,13.26,14.56,15.47,16.78,17.0,,18.36,,118.0
2007-09-28,16.3024,17.321,22.55,18.72,15.57,12.24,13.46,15.55,24.23,19.85,17.53,16.35,12.35,13.91,15.33,16.31,17.45,18.0,,18.98,,119.97
2007-10-01,15.8648,17.0662,21.3,17.75,14.69,11.91,12.72,14.67,24.0,19.45,17.11,15.9,11.93,13.45,14.87,15.86,17.12,17.84,,18.95,,120.83
2007-10-02,16.1416,17.2924,22.25,18.32,15.02,11.97,12.96,15.02,24.68,20.04,17.64,16.42,12.31,13.92,15.38,16.4,17.43,18.49,,19.34,,121.78
2007-10-03,16.5594,17.8111,22.15,18.23,15.01,11.97,12.96,15.0,25.07,20.31,17.87,16.63,12.5,14.1,15.57,16.6,17.89,18.8,,19.83,,121.79
2007-10-04,16.3778,17.5317,21.64,18.02,14.97,12.03,12.99,14.97,24.54,20.0,17.66,16.46,12.44,14.0,15.44,16.43,17.65,18.44,,19.67,,120.21
2007-10-05,15.2357,16.6946,19.34,15.72,13.29,11.13,11.81,13.27,22.52,18.35,16.26,15.13,11.51,12.87,14.18,15.08,16.76,16.91,,18.53,,119.73
2007-10-08,15.4876,17.0161,20.08,16.83,14.4,12.24,12.89,14.39,22.87,18.61,16.55,15.45,12.21,13.35,14.56,15.42,17.14,17.46,,18.93,,118.48
2007-10-09,14.6527,16.3198,18.08,15.21,13.06,11.99,12.07,13.06,20.97,17.24,15.31,14.26,11.33,12.33,13.45,14.23,16.3,16.12,,17.99,,119.13
2007-10-10,15.1133,16.814,18.37,15.6,13.65,12.64,12.71,13.65,21.64,17.76,15.81,14.75,11.76,12.79,13.93,14.73,16.78,16.67,,18.5,,118.64
2007-10-11,17.2308,17.9693,21.05,18.35,16.42,15.77,15.58,16.42,24.09,20.06,17.99,16.87,13.24,14.62,15.93,16.84,18.05,18.88,,19.91,,117.44
2007-10-12,16.3023,17.5558,18.32,15.46,13.72,13.01,13.02,13.71,22.86,18.86,16.85,15.76,12.53,13.67,14.87,15.72,17.63,17.73,,19.24,,119.54
2007-10-15,17.6899,18.6028,23.48,19.59,17.29,17.69,16.82,17.29,25.01,20.54,18.41,17.26,13.59,15.0,16.32,17.23,18.68,19.25,,20.61,,117.45
2007-10-16,18.2776,19.2282,25.75,21.25,18.27,17.25,17.61,18.27,25.42,21.22,19.11,17.97,14.32,15.68,17.02,17.95,19.34,20.02,,21.32,,116.64
2007-10-17,16.9213,18.5905,20.71,19.28,16.64,16.82,16.75,16.64,23.83,19.7,17.62,16.49,12.96,14.29,15.58,16.46,18.58,18.54,,20.56,,118.48
2007-10-18,16.6923,18.3812,23.8,20.66,14.04,19.84,17.88,14.03,22.88,19.39,17.47,16.42,12.96,14.29,15.56,16.41,18.37,18.5,,20.36,,117.28
2007-10-19,20.7186,20.8638,28.76,24.22,20.59,16.51,18.1,20.59,30.08,24.82,21.93,20.5,15.9,17.59,19.23,20.46,20.98,22.96,,23.35,,114.99
2007-10-22,19.7542,20.0555,26.87,22.66,19.23,15.31,16.82,19.21,28.15,23.83,21.19,19.83,15.34,17.0,18.6,19.79,20.29,21.64,,21.81,,115.7
2007-10-23,18.3837,19.165,25.3,21.27,17.88,14.19,15.55,17.88,26.95,22.58,20.03,18.73,14.44,16.04,17.56,18.7,19.37,20.41,,21.01,,116.42
2007-10-24,19.1459,19.6303,25.87,22.16,18.64,14.69,16.14,18.63,27.73,23.2,20.56,19.2,14.72,16.38,17.97,19.16,19.83,20.8,,21.46,,116.48
2007-10-25,19.6913,19.8322,26.32,22.52,19.08,14.84,16.51,19.04,27.86,23.42,20.67,19.26,14.78,16.38,17.97,19.19,20.03,21.17,,21.59,,115.67
2007-10-26,17.9827,18.8376,23.78,20.53,17.39,13.56,15.02,17.38,26.0,21.86,19.32,18.01,13.46,15.25,16.83,17.97,18.99,19.56,,20.61,,116.34
2007-10-29,18.118,18.8268,23.93,20.83,17.86,14.28,15.59,17.86,25.79,21.75,19.28,18.0,13.7,15.36,16.87,17.97,18.98,19.87,,20.62,,115.19
2007-10-30,19.3179,19.5398,26.22,22.69,19.4,15.42,16.92,19.39,27.04,22.87,20.28,18.93,14.19,16.06,17.71,18.9,19.71,21.07,,21.46,,114.46
2007-10-31,16.8155,17.9644,22.47,19.45,16.4,12.89,14.16,16.4,24.45,20.46,18.1,16.87,12.64,14.3,15.79,16.84,18.06,18.53,,19.81,,116.88
2007-11-01,21.4664,21.0874,29.14,24.96,21.15,17.0,18.5,21.13,29.56,25.03,22.27,20.82,15.76,17.68,19.46,20.76,21.3,23.21,,22.99,,114.67
2007-11-02,21.1527,21.2456,26.71,23.1,19.81,15.83,17.37,19.79,29.82,25.17,22.35,20.86,15.41,17.57,19.46,20.8,21.46,23.01,,23.22,,116.52
2007-11-05,22.1125,21.815,28.4,25.0,21.65,17.83,19.27,21.66,31.29,26.42,23.4,21.8,16.3,18.4,20.35,21.77,22.07,24.31,,24.05,,115.38
2007-11-06,19.6082,20.2791,24.7,21.67,18.74,15.18,16.55,18.75,27.78,23.4,20.8,19.45,14.33,16.47,18.22,19.43,20.43,21.39,,22.27,,115.46
2007-11-07,24.2062,23.3531,32.84,28.97,25.0,21.02,22.42,24.98,33.51,28.44,25.27,23.58,17.57,19.88,21.99,23.51,23.64,26.49,,25.38,,115.58
2007-11-08,23.5888,23.3601,30.03,26.68,23.01,19.68,20.74,23.03,33.45,28.44,25.26,23.54,17.45,19.78,21.96,23.52,23.65,26.16,,25.56,,115.03
2007-11-09,25.8818,24.7894,32.12,28.47,24.56,20.85,21.9,24.57,36.45,30.86,27.46,25.66,19.25,21.73,24.02,25.65,25.14,28.5,,27.04,,115.77
2007-11-12,26.5245,25.1463,38.29,33.62,29.44,25.46,26.55,29.46,38.33,32.11,28.41,26.5,19.7,22.34,24.77,26.49,25.54,31.09,,27.54,,117.92
2007-11-13,21.5913,21.9682,32.57,28.98,25.08,22.86,23.09,25.08,31.69,26.26,23.07,21.42,15.91,18.01,19.97,21.4,22.16,24.1,,24.66,,121.09
2007-11-14,24.3265,23.0109,33.31,29.26,25.74,24.37,24.43,25.72,33.65,28.16,24.8,23.01,16.77,19.15,21.33,22.93,23.31,25.94,,25.65,,119.7
2007-11-15,26.0634,24.6105,29.41,26.05,19.26,25.6,23.43,19.29,36.23,30.28,26.72,24.85,18.3,20.79,23.11,24.79,24.94,28.06,,27.44,,118.31
2007-11-16,23.2082,23.5396,33.39,28.03,22.9,16.84,19.12,22.89,34.02,28.11,24.61,22.85,16.71,19.11,21.26,22.81,23.76,25.49,,26.44,,119.3
2007-11-19,24.4661,24.8393,33.03,28.62,24.03,18.25,20.42,23.99,34.7,29.15,25.56,23.7,17.41,19.78,22.01,23.62,25.07,26.01,,25.66,,115.61
2007-11-20,23.6407,24.0139,30.89,27.2,23.07,17.6,19.65,23.0,32.55,27.73,24.54,22.88,17.05,19.27,21.32,22.78,24.25,24.88,,26.09,,114.1
2007-11-21,25.6167,25.2097,31.81,28.76,25.38,20.39,22.4,25.37,33.91,29.29,26.17,24.5,18.64,20.87,22.96,24.46,25.46,26.84,,27.42,,111.49
2007-11-23,24.6269,23.8986,30.66,27.89,24.58,19.38,21.55,24.57,32.0,27.64,24.73,23.2,17.6,19.81,21.77,23.15,24.13,25.61,,25.97,,111.32
2007-11-26,27.8283,26.5205,33.61,31.17,28.09,22.94,25.11,28.07,35.42,31.01,27.96,26.28,19.96,22.46,24.69,26.22,26.78,28.91,,28.44,,109.94
2007-11-27,25.1765,24.6239,30.33,28.33,25.62,20.82,22.89,25.63,31.87,28.3,25.7,24.26,18.65,20.94,22.91,24.25,24.86,26.28,,26.59,,109.31
2007-11-28,22.8594,22.484,28.69,26.13,23.16,18.66,20.48,23.15,29.52,25.85,23.31,21.92,16.71,18.81,20.62,21.88,22.7,24.11,,24.25,,111.28
2007-11-29,22.6339,22.7121,28.04,25.77,23.02,18.77,20.47,23.02,29.57,25.87,23.34,21.96,16.76,18.85,20.66,21.92,22.92,23.97,,24.5,,110.79
2007-11-30,21.7082,22.4515,26.85,24.53,21.68,17.28,19.1,21.67,28.75,25.17,22.72,21.39,16.42,18.4,20.13,21.34,22.65,22.87,,23.93,,111.85
2007-12-03,22.2411,22.6892,26.81,24.81,22.34,18.19,19.91,22.32,29.19,25.62,23.14,21.78,16.61,18.69,20.49,21.73,22.91,23.61,,24.3,,111.57
2007-12-04,22.3811,22.9719,26.74,25.04,22.81,18.98,20.54,22.81,28.83,25.66,23.38,22.11,17.22,19.21,20.91,22.08,23.2,23.79,,24.65,,110.37
2007-12-05,20.9926,21.7446,26.02,23.84,21.3,17.61,19.05,21.29,27.48,24.19,21.91,20.66,15.81,17.79,19.47,20.62,21.94,22.53,,23.33,,112.08
2007-12-06,19.2992,20.4166,24.81,22.41,19.83,16.49,17.8,19.83,25.77,22.5,20.33,19.16,14.71,16.52,18.07,19.13,20.56,20.96,,22.1,,112.79
2007-12-07,19.3206,20.6752,24.93,22.41,19.65,16.21,17.51,19.64,25.55,22.38,20.28,19.13,14.77,16.54,18.06,19.09,20.82,20.85,,22.18,,112.79
2007-12-10,19.2265,20.359,25.68,22.71,19.91,16.65,17.89,19.9,25.41,22.22,20.12,18.97,14.65,16.4,17.91,18.94,20.53,20.74,,21.93,,113.39
2007-12-11,21.8602,22.4808,28.57,25.9,22.95,19.54,20.68,22.95,28.46,25.26,22.96,21.69,17.09,18.89,20.53,21.67,22.69,23.59,,24.12,,111.27
2007-12-12,21.031,21.763,27.78,24.67,21.58,18.38,19.45,21.57,27.48,24.06,21.79,20.56,15.93,17.81,19.41,20.51,21.94,22.47,,23.29,,113.03
2007-12-13,21.0435,21.9711,25.82,23.34,20.96,18.4,19.2,20.97,27.48,24.31,22.1,20.87,16.12,18.09,19.74,20.85,22.18,22.56,,23.52,,111.45
2007-12-14,21.574,22.4951,25.42,23.61,21.55,19.09,19.76,21.55,28.0,24.78,22.54,21.31,16.9,18.62,20.18,21.28,22.73,23.27,,24.21,,111.31
2007-12-17,23.3496,23.8595,29.01,27.61,26.03,23.74,24.32,26.03,28.71,26.21,24.24,23.07,18.52,20.37,21.97,23.05,24.1,24.52,,25.53,,109.75
2007-12-18,21.379,23.0124,26.13,24.44,23.17,22.34,22.11,23.16,26.59,24.02,22.12,21.03,17.1,18.62,20.02,21.0,23.21,22.64,,24.67,,110.38
2007-12-19,20.2154,22.2318,24.15,22.3,20.94,20.67,20.77,20.94,25.26,22.69,20.91,19.87,16.27,17.64,18.94,19.85,22.44,21.68,,23.81,,111.22
2007-12-20,19.1461,21.4454,27.28,24.7,19.7,24.12,22.58,19.73,24.3,21.55,19.76,18.73,15.13,16.51,17.8,18.69,21.6,20.58,,22.87,,111.81
2007-12-21,16.6773,19.8212,22.04,18.95,16.15,13.15,14.24,16.12,25.13,21.6,19.38,18.21,13.78,15.59,17.1,18.15,20.0,18.47,,21.5,,115.12
2007-12-24,16.6772,19.5244,21.77,18.68,15.87,12.94,13.99,15.86,24.46,21.39,19.15,17.97,13.59,15.38,16.89,17.94,19.72,18.6,,21.14,,115.86
2007-12-26,16.9593,19.5246,21.5,18.61,15.93,12.96,14.07,15.91,24.48,21.15,18.91,17.75,13.47,15.21,16.68,17.7,19.69,18.66,,20.93,,115.2
2007-12-27,18.5313,20.795,23.36,20.29,17.21,14.05,15.15,17.18,26.19,22.78,20.43,19.19,14.52,16.42,18.02,19.13,20.99,20.26,,22.05,,114.12
2007-12-28,18.8895,21.242,23.46,20.61,17.65,14.38,15.57,17.64,26.58,23.38,21.02,19.78,15.15,17.03,18.63,19.76,21.42,20.74,,22.56,,112.9
2007-12-31,20.6392,22.2307,24.65,22.09,19.45,15.94,17.36,19.43,27.46,24.57,22.16,20.88,16.03,18.0,19.68,20.84,22.4,22.5,,23.31,,111.65
2008-01-02,21.6681,22.9839,24.87,22.68,20.3,17.4,18.39,20.28,28.37,25.18,22.93,21.69,16.68,18.76,20.48,21.63,23.16,23.17,,23.6,24.36,110.61
2008-01-03,21.1826,22.2744,23.29,21.64,19.74,17.02,18.06,19.71,27.39,24.3,22.24,21.09,16.3,18.33,19.96,21.03,22.46,22.49,,22.81,23.75,111.38
2008-01-04,23.0083,23.582,25.05,23.62,21.82,18.97,20.04,21.8,28.93,25.98,23.92,22.75,17.7,19.86,21.58,22.7,23.79,23.94,,23.69,24.5,109.53
2008-01-07,22.3134,22.9973,24.15,22.73,21.1,18.91,19.64,21.1,28.33,25.46,23.45,22.32,17.61,19.62,21.24,22.31,23.14,23.79,,23.22,24.22,110.19
2008-01-08,24.295,24.4976,25.02,23.54,22.06,20.3,20.85,22.06,30.16,27.38,25.31,24.12,18.96,21.18,22.95,24.09,24.66,25.43,,25.49,25.18,109.17
2008-01-09,22.664,23.3227,24.26,22.28,20.75,18.9,19.57,20.76,28.42,25.73,23.76,22.63,17.87,19.92,21.56,22.63,23.49,24.12,,24.5,24.48,110.76
2008-01-10,22.0536,22.7112,23.54,21.63,20.06,18.23,18.84,20.08,27.81,25.22,23.26,22.12,17.46,19.43,21.06,22.13,22.85,23.45,,23.95,24.57,110.25
2008-01-11,22.8522,23.4255,20.57,19.16,18.2,18.02,17.69,18.2,27.67,25.35,23.59,22.56,18.17,20.03,21.54,22.53,23.6,23.68,,24.5,24.96,108.79
2008-01-14,21.6838,22.5657,22.68,21.23,20.16,19.35,19.44,20.16,26.65,24.24,22.52,21.52,17.38,19.15,20.58,21.51,22.68,22.9,,23.67,24.41,111.38
2008-01-15,22.6468,23.4823,25.11,23.09,22.03,22.86,21.95,22.03,26.68,24.74,23.22,22.3,18.29,20.01,21.39,22.27,23.64,23.34,,24.39,24.9,108.15
2008-01-16,23.3385,23.4445,25.3,23.04,22.62,26.24,23.55,22.62,27.41,25.57,24.1,23.21,19.22,20.96,22.33,23.2,23.63,24.38,,24.36,24.64,108.49
2008-01-17,27.1663,25.8618,19.59,19.06,18.15,20.32,19.54,18.17,32.35,29.83,27.93,26.82,22.08,24.09,25.72,26.78,26.09,28.46,,26.44,26.52,110.0
2008-01-18,25.5268,25.1319,31.22,28.47,25.49,21.04,22.92,25.5,30.72,28.59,26.24,24.94,19.93,21.93,23.74,24.95,25.3,27.18,,25.99,26.11,110.62
2008-01-22,28.6209,26.0938,36.81,33.53,29.31,23.0,25.63,29.34,33.49,30.92,28.01,26.42,20.26,22.77,24.97,26.45,26.15,31.01,,27.39,26.87,114.61
2008-01-23,26.8454,25.149,35.49,31.59,27.22,21.1,23.63,27.2,32.02,29.31,26.55,25.04,19.06,21.52,23.62,25.02,25.23,29.02,,26.25,25.73,113.07
2008-01-24,25.6173,24.5394,34.06,30.29,26.12,20.39,22.76,26.13,31.16,28.67,25.89,24.38,18.49,20.93,22.99,24.38,24.67,27.78,,26.0,25.74,113.37
2008-01-25,27.1539,25.6555,35.21,31.5,27.55,21.99,24.3,27.53,32.68,30.06,27.27,25.76,19.84,22.24,24.33,25.74,25.78,29.08,,26.86,26.48,112.64
2008-01-28,25.4325,24.4743,33.26,29.89,26.15,21.02,23.1,26.16,31.25,28.71,25.97,24.51,18.83,21.2,23.17,24.51,24.62,27.78,,25.97,25.73,114.15
2008-01-29,25.1123,24.0428,33.87,30.1,26.26,21.18,23.21,26.27,30.8,28.19,25.56,24.15,18.56,20.91,22.84,24.15,24.2,27.32,,25.65,25.43,113.82
2008-01-30,25.2764,24.3809,33.96,30.54,26.78,21.82,23.78,26.83,31.13,28.76,26.09,24.65,18.93,21.35,23.35,24.7,24.55,27.62,,26.08,25.68,112.33
2008-01-31,23.9415,23.5778,31.34,27.84,24.33,19.81,21.57,24.32,30.21,27.28,24.67,23.28,17.79,20.08,21.97,23.25,23.65,26.2,,25.21,22.83,106.43
2008-02-01,21.8948,22.5281,28.11,24.68,21.38,17.58,18.95,21.37,28.8,25.63,23.19,21.88,16.81,18.9,20.66,21.87,22.49,24.02,,24.11,24.18,114.86
2008-02-04,23.7759,23.5792,30.67,27.5,24.23,20.33,21.76,24.25,30.3,27.48,24.97,23.61,18.35,20.55,22.38,23.63,23.57,25.99,,25.36,25.13,112.88
2008-02-05,26.5136,25.7639,33.13,30.16,26.99,22.8,24.39,26.95,33.1,29.79,27.12,25.68,19.92,22.32,24.3,25.63,25.72,28.24,,26.99,26.58,112.01
2008-02-06,27.024,26.3595,33.22,30.27,27.16,23.17,24.67,27.14,33.92,30.76,28.01,26.5,20.4,22.96,25.06,26.46,26.34,28.97,,27.61,27.23,111.93
2008-02-07,25.7743,25.4295,30.82,28.03,25.16,21.75,22.96,25.14,32.54,29.31,26.74,25.32,19.52,21.98,23.97,25.3,25.4,27.66,,26.74,26.47,112.71
2008-02-08,25.8974,25.5673,30.14,27.47,24.8,21.96,22.87,24.81,33.15,29.9,27.21,25.75,19.96,22.4,24.41,25.76,25.55,28.01,,27.06,26.77,111.71
2008-02-11,25.2685,25.0147,30.15,27.42,24.92,22.54,23.07,24.93,32.23,29.22,26.67,25.24,19.43,21.9,23.92,25.26,25.0,27.6,,26.67,26.38,114.57
2008-02-12,24.5637,24.3719,28.39,25.58,23.13,21.74,21.71,23.13,31.36,28.16,25.67,24.29,18.81,21.09,23.0,24.29,24.36,26.33,,26.11,26.1,113.97
2008-02-13,22.5984,23.3186,23.68,20.49,18.18,17.81,17.78,18.19,29.78,26.55,24.19,22.89,17.86,19.95,21.71,22.92,23.32,24.88,,25.29,25.53,116.25
2008-02-14,24.0836,23.7989,19.55,17.88,14.7,16.65,15.95,14.71,30.21,27.06,24.87,23.64,18.61,20.73,22.47,23.63,23.8,25.54,,25.47,25.67,114.19
2008-02-15,23.6301,23.7559,29.77,26.73,23.44,18.55,20.63,23.43,31.33,27.43,24.89,23.52,18.43,20.46,22.26,23.51,23.75,25.02,,25.44,25.65,112.03
2008-02-19,23.8008,23.7897,29.77,26.65,23.38,18.58,20.6,23.33,30.77,27.07,24.65,23.34,18.35,20.34,22.08,23.28,23.78,25.59,,25.47,25.5,113.57
2008-02-20,22.4147,22.9006,28.2,25.39,22.34,17.9,19.78,22.35,29.67,26.13,23.76,22.49,17.92,19.72,21.35,22.5,22.9,24.4,,24.67,24.95,112.24
2008-02-21,23.2368,23.5649,29.12,26.1,22.92,18.49,20.3,22.89,30.56,26.87,24.37,23.04,18.28,20.12,21.81,23.0,23.55,25.12,,25.09,25.33,112.44
2008-02-22,21.9645,22.6594,27.55,24.7,21.69,17.33,19.16,21.68,29.72,26.0,23.55,22.24,17.5,19.38,21.05,22.22,22.66,24.06,,24.4,24.79,113.58
2008-02-25,20.9942,22.12,25.9,23.29,20.64,16.96,18.44,20.64,28.55,25.07,22.8,21.56,16.9,18.8,20.43,21.56,22.1,23.03,,23.93,24.3,113.42
2008-02-26,19.9586,21.3941,24.67,22.1,19.53,16.18,17.5,19.53,27.15,23.79,21.62,20.46,16.26,17.92,19.4,20.45,21.36,21.9,,23.11,23.78,112.39
2008-02-27,20.7437,22.0613,25.13,22.69,20.22,16.76,18.17,20.22,28.03,24.7,22.53,21.34,16.82,18.67,20.25,21.34,22.04,22.69,,23.69,24.17,111.61
2008-02-28,21.4684,22.4768,25.72,23.48,21.0,17.43,18.87,21.01,29.0,25.51,23.2,21.95,17.48,19.26,20.84,21.96,22.46,23.53,,24.29,24.61,111.33
2008-02-29,24.7544,24.7865,29.41,26.97,24.28,20.07,21.88,24.28,32.26,28.65,26.12,24.74,19.75,21.7,23.48,24.73,24.78,26.54,,26.39,26.33,110.19
2008-03-03,24.3511,24.326,28.78,26.48,23.96,20.12,21.72,23.96,31.24,27.9,25.53,24.21,19.59,21.34,23.0,24.2,24.32,26.28,,26.08,25.91,110.4
2008-03-04,23.7559,24.1138,27.57,25.54,23.36,20.03,21.41,23.35,30.16,27.14,24.95,23.69,19.09,20.87,22.52,23.69,24.08,25.52,,25.76,25.52,110.07
2008-03-05,22.8735,23.3856,26.32,24.24,22.09,19.05,20.27,22.08,29.37,26.24,24.08,22.85,18.45,20.13,21.71,22.83,23.36,24.6,,24.91,24.8,110.24
2008-03-06,25.8693,25.3296,29.9,27.66,25.21,21.63,23.07,25.19,32.36,29.09,26.71,25.37,20.57,22.35,24.09,25.33,25.32,27.55,,27.0,26.44,110.46
2008-03-07,25.7112,25.4114,29.01,26.84,24.39,21.0,22.3,24.39,32.38,29.27,26.94,25.58,20.61,22.46,24.29,25.58,25.41,27.49,,27.11,26.51,110.28
2008-03-10,27.7525,26.5908,31.18,29.1,26.83,23.67,24.85,26.82,34.05,30.99,28.69,27.33,21.95,24.08,26.01,27.31,26.61,29.38,,28.33,27.51,109.89
2008-03-11,24.6978,24.5011,26.17,24.22,22.22,19.66,20.6,22.21,31.25,27.89,25.62,24.33,19.38,21.36,23.1,24.3,24.47,26.36,,26.09,25.77,112.71
2008-03-12,25.4833,25.4223,26.86,24.96,22.85,20.23,21.13,22.85,32.13,28.87,26.55,25.22,20.23,22.19,23.97,25.21,25.4,27.22,,27.37,26.91,111.47
2008-03-13,25.3282,25.4002,27.87,25.49,23.33,20.97,21.79,23.34,32.22,28.86,26.55,25.24,20.14,22.22,24.03,25.25,25.38,27.29,,27.18,27.03,112.58
2008-03-14,29.2492,27.6059,46.87,39.67,33.81,28.5,30.12,33.79,37.03,32.97,30.31,28.82,23.31,25.4,27.4,28.8,27.6,31.16,,29.36,28.48,110.59
2008-03-17,29.9507,27.5568,41.47,36.88,32.45,28.95,29.72,32.43,37.4,33.73,31.06,29.53,23.64,25.94,28.06,29.51,27.57,32.24,,29.58,28.41,113.51
2008-03-18,24.2634,24.031,26.05,22.53,20.22,19.79,19.34,20.21,31.39,27.62,25.21,23.85,18.83,20.78,22.58,23.83,24.01,25.79,,26.01,25.61,112.4
2008-03-19,27.426,26.5236,18.67,16.85,14.76,15.01,14.92,14.76,35.27,31.43,28.74,27.19,22.05,23.85,25.77,27.19,26.52,29.84,,28.78,27.83,113.11
2008-03-20,23.7814,24.9656,31.76,27.86,23.91,19.36,20.96,23.96,32.96,28.6,25.92,24.55,19.59,21.59,23.37,24.61,24.95,26.62,,27.29,26.56,113.71
2008-03-24,23.2847,24.1596,30.68,26.76,22.78,18.46,19.97,22.77,31.92,27.61,25.02,23.68,18.44,20.62,22.44,23.67,24.16,25.73,,25.96,25.91,114.56
2008-03-25,23.209,24.1956,30.42,26.8,22.91,18.56,20.09,22.92,31.75,27.47,24.93,23.6,18.44,20.6,22.4,23.63,24.19,25.72,,26.18,26.14,114.87
2008-03-26,23.7287,24.6624,29.85,26.96,23.71,19.28,20.99,23.77,31.95,28.05,25.59,24.3,19.31,21.42,23.18,24.37,24.66,26.08,,26.61,26.49,112.08
2008-03-27,24.087,24.777,29.68,26.85,23.52,19.01,20.69,23.49,31.32,27.6,25.25,24.02,19.22,21.2,22.86,23.99,24.77,25.88,,26.28,26.27,111.78
2008-03-28,24.0708,24.8559,29.07,26.52,23.52,19.14,20.85,23.49,30.69,27.39,25.19,24.03,19.54,21.39,22.95,24.01,24.84,25.71,,26.24,26.24,110.78
2008-03-31,23.7318,24.1842,28.86,26.34,23.54,19.2,21.02,23.53,30.35,26.92,24.73,23.57,18.95,20.9,22.49,23.56,24.17,25.61,,25.64,25.75,110.36
2008-04-01,21.0083,22.0908,25.52,22.91,20.24,16.64,18.06,20.24,27.3,24.32,22.37,21.29,16.88,18.71,20.27,21.3,22.09,22.68,,23.61,24.2,111.31
2008-04-02,21.8706,22.9281,26.0,23.34,20.66,16.98,18.41,20.65,28.19,25.14,23.17,22.07,17.5,19.41,21.01,22.05,22.91,23.43,,24.3,24.66,112.08
2008-04-03,21.7695,22.8487,25.66,23.01,20.36,16.9,18.2,20.34,27.72,24.87,22.97,21.9,17.47,19.3,20.86,21.88,22.83,23.21,,24.12,24.64,111.88
2008-04-04,20.9354,22.1899,23.39,21.17,18.85,15.99,16.99,18.85,26.87,24.18,22.36,21.33,17.13,18.86,20.36,21.33,22.18,22.45,,23.52,24.06,111.48
2008-04-07,20.9078,21.801,24.13,21.69,19.41,16.61,17.67,19.42,26.65,23.93,22.12,21.09,16.83,18.62,20.12,21.1,21.79,22.42,,23.2,23.7,111.57
2008-04-08,21.1527,21.862,23.57,21.1,18.79,15.94,16.98,18.77,26.72,23.9,22.02,20.96,16.59,18.41,19.93,20.93,21.85,22.36,,23.07,23.66,112.13
2008-04-09,21.9576,22.4026,23.24,20.95,18.72,16.2,16.98,18.7,26.65,24.3,22.56,21.55,17.21,19.05,20.55,21.52,22.39,22.81,,23.55,24.11,110.96
2008-04-10,20.9088,21.7911,22.57,20.12,17.95,15.57,16.3,17.94,25.68,23.41,21.69,20.7,16.54,18.28,19.74,20.69,21.78,21.98,,23.06,23.68,110.82
2008-04-11,22.1703,22.9046,23.98,21.71,19.76,17.69,18.32,19.76,26.96,24.6,22.93,21.98,17.98,19.69,21.08,21.97,22.89,23.46,,24.19,24.55,109.9
2008-04-14,22.1686,23.062,25.12,22.61,20.81,19.68,19.77,20.8,26.83,24.58,22.92,21.98,18.29,19.82,21.12,21.98,23.05,23.82,,24.41,24.72,109.62
2008-04-15,21.2559,22.4377,23.77,21.93,20.57,19.28,19.57,20.57,26.27,23.72,22.07,21.15,17.48,19.03,20.32,21.16,22.43,22.78,,23.7,24.26,109.9
2008-04-16,19.4152,20.8381,21.52,19.11,17.34,16.93,17.08,17.34,24.64,21.76,19.96,18.9,15.0,16.44,17.88,18.86,20.84,20.53,,21.82,22.72,112.47
2008-04-17,18.9174,20.6163,17.36,16.12,13.81,14.97,14.55,13.82,24.44,21.32,19.59,18.59,15.14,16.39,17.67,18.56,20.62,20.37,,21.75,22.63,113.52
2008-04-18,17.8274,19.7869,24.15,20.82,17.85,14.62,15.78,17.87,25.33,22.18,20.21,19.14,15.23,16.79,18.19,19.17,19.8,20.13,,21.37,22.29,115.35
2008-04-21,18.3505,20.0704,24.26,20.9,18.01,14.81,16.02,18.02,25.75,22.49,20.46,19.36,15.33,16.93,18.36,19.37,20.07,20.5,,21.46,22.25,115.31
2008-04-22,18.9855,20.5524,24.22,21.2,18.36,15.15,16.29,18.34,26.04,22.78,20.77,19.69,15.66,17.27,18.68,19.67,20.55,20.87,,21.8,22.67,114.42
2008-04-23,18.3882,20.1894,23.44,20.57,17.9,14.93,16.01,17.91,25.3,22.32,20.48,19.47,15.73,17.22,18.56,19.49,20.19,20.26,,21.58,22.65,113.33
2008-04-24,18.0637,19.7284,22.95,20.06,17.72,14.94,16.0,17.74,24.78,21.82,19.98,18.98,15.42,16.82,18.1,19.01,19.72,20.06,,21.18,22.27,114.27
2008-04-25,17.6818,19.1758,22.3,19.58,17.27,14.4,15.52,17.29,24.12,21.17,19.36,18.39,14.86,16.26,17.51,18.4,19.17,19.59,,20.58,21.68,114.49
2008-04-28,17.8355,19.0857,22.38,19.66,17.31,14.48,15.59,17.31,23.76,20.9,19.16,18.23,14.89,16.19,17.39,18.23,19.07,19.64,,20.41,21.45,114.61
2008-04-29,18.2839,19.4384,22.93,20.15,17.77,15.18,16.12,17.77,24.72,21.55,19.67,18.67,15.19,16.53,17.78,18.67,19.43,20.24,,20.82,21.72,114.58
2008-04-30,19.0229,19.803,23.72,21.12,18.72,15.71,16.94,18.73,25.46,22.16,20.2,19.17,15.44,16.92,18.24,19.17,19.79,20.79,,21.25,21.93,112.48
2008-05-01,16.9615,18.4558,20.58,18.09,15.8,13.63,14.32,15.79,23.07,20.1,18.34,17.39,14.16,15.39,16.56,17.39,18.43,18.88,,19.78,20.77,116.0
2008-05-02,16.2337,18.1416,18.6,16.24,14.38,12.86,13.22,14.38,22.61,19.6,17.83,16.89,13.63,14.9,16.06,16.88,18.12,18.18,,19.53,20.59,117.49
2008-05-05,16.8839,18.5232,19.98,17.46,15.59,13.84,14.4,15.59,22.93,20.0,18.27,17.33,13.98,15.31,16.5,17.33,18.51,18.9,,20.02,21.05,115.32
2008-05-06,16.3015,18.3296,18.53,16.33,14.51,13.24,13.43,14.51,22.13,19.3,17.61,16.69,13.53,14.75,15.88,16.68,18.29,18.21,,19.75,20.91,117.63
2008-05-07,18.1492,19.4972,21.5,18.49,16.39,14.71,15.1,16.38,23.78,20.74,18.88,17.88,14.61,15.8,17.01,17.87,19.47,19.73,,20.96,21.9,116.24
2008-05-08,17.406,19.157,19.99,17.57,15.6,14.58,14.61,15.62,23.39,20.42,18.66,17.7,14.52,15.74,16.91,17.74,19.14,19.4,,20.88,21.83,114.99
2008-05-09,17.7076,19.341,19.67,17.0,15.06,13.91,14.08,15.06,23.4,20.38,18.57,17.6,14.44,15.6,16.77,17.6,19.32,19.41,,20.87,21.91,117.77
2008-05-12,16.8899,18.6596,18.97,16.27,14.24,13.24,13.62,14.24,22.53,19.41,17.72,16.79,13.78,14.9,16.01,16.79,18.66,17.79,,20.24,21.33,117.42
2008-05-13,16.8448,18.5872,19.27,16.32,14.04,13.26,13.56,14.04,22.56,19.42,17.63,16.64,13.5,14.64,15.81,16.63,18.59,17.98,,20.15,21.29,117.93
2008-05-14,16.0832,18.232,18.96,16.54,13.46,13.57,13.53,13.46,22.37,18.9,17.05,16.06,13.15,14.18,15.28,16.06,18.24,17.66,,20.0,21.18,118.92
2008-05-15,15.279,17.5304,14.0,12.54,9.63,12.21,11.31,9.64,20.7,17.63,15.92,14.99,12.29,13.23,14.26,14.98,17.55,16.3,,19.28,20.79,121.05
2008-05-16,14.9001,17.7535,20.78,17.49,14.8,12.35,13.15,14.8,23.24,19.67,17.65,16.61,13.32,14.48,15.7,16.61,17.78,16.47,,19.57,21.2,119.49
2008-05-19,15.4274,18.062,20.9,17.91,15.19,12.45,13.4,15.18,23.34,19.8,17.79,16.75,13.43,14.61,15.84,16.74,18.07,17.01,,19.84,21.37,117.96
2008-05-20,15.9599,18.9148,21.42,18.33,15.69,12.95,13.9,15.67,24.45,20.82,18.76,17.68,13.91,15.37,16.71,17.66,18.92,17.58,,20.81,22.11,117.44
2008-05-21,16.9032,20.1481,21.89,19.15,16.76,14.13,15.09,16.76,25.92,22.17,20.02,18.91,15.07,16.53,17.91,18.9,20.15,18.59,,22.11,23.34,114.51
2008-05-22,16.1326,19.6087,21.21,18.4,16.09,13.52,14.48,16.09,24.93,21.39,19.33,18.26,14.57,15.98,17.31,18.26,19.61,18.05,,21.52,22.92,114.41
2008-05-23,17.6109,20.3985,22.76,19.93,17.51,14.9,15.85,17.52,26.14,22.43,20.3,19.2,15.5,16.89,18.24,19.22,20.39,19.55,,22.51,23.69,113.11
2008-05-27,17.8092,20.1792,22.05,19.46,17.19,14.54,15.53,17.19,25.65,22.11,20.04,18.95,14.89,16.54,17.97,18.95,20.16,19.64,,22.16,23.22,113.38
2008-05-28,17.3274,19.6912,21.12,18.73,16.69,14.31,15.19,16.69,24.68,21.29,19.33,18.29,14.47,16.02,17.36,18.29,19.67,19.07,,21.66,22.96,113.93
2008-05-29,16.463,18.9354,20.0,17.72,15.7,13.43,14.24,15.7,23.28,20.18,18.36,17.38,13.76,15.22,16.51,17.39,18.91,18.14,,20.8,22.44,114.83
2008-05-30,16.1613,18.6809,19.8,17.37,15.24,12.88,13.77,15.24,22.88,19.76,17.96,16.99,13.31,14.82,16.11,16.98,18.65,17.83,,20.53,22.04,113.53
2008-06-02,18.0359,19.6879,21.7,19.37,17.03,14.67,15.44,17.04,24.95,21.54,19.56,18.5,14.58,16.18,17.56,18.5,19.67,19.83,,21.72,22.99,114.39
2008-06-03,18.4252,20.1158,22.18,19.7,17.37,15.0,15.78,17.37,25.44,21.95,19.91,18.83,14.84,16.45,17.85,18.82,20.1,20.24,,22.11,23.36,114.6
2008-06-04,18.8659,20.394,22.95,20.28,17.76,15.14,16.03,17.76,26.25,22.45,20.29,19.17,15.15,16.75,18.18,19.17,20.38,20.8,,22.59,23.73,114.37
2008-06-05,16.9776,19.0403,20.05,17.64,15.42,13.13,13.89,15.42,23.8,20.4,18.43,17.38,13.93,15.16,16.46,17.37,19.02,18.63,,21.08,22.47,114.76
2008-06-06,21.5026,21.9865,26.53,23.57,20.59,17.36,18.46,20.6,29.6,25.33,22.87,21.59,17.05,18.84,20.45,21.6,22.0,23.56,,24.2,24.82,113.55
2008-06-09,21.2572,21.7415,26.45,23.29,20.38,17.27,18.37,20.38,28.8,24.8,22.39,21.12,16.44,18.34,19.98,21.11,21.75,23.12,,23.85,24.52,114.98
2008-06-10,21.0874,21.701,25.56,22.67,19.91,17.17,18.04,19.92,28.79,24.83,22.41,21.15,16.87,18.5,20.06,21.16,21.7,23.18,,23.84,24.45,114.3
2008-06-11,22.4176,22.4455,26.16,23.56,21.3,19.05,19.77,21.3,29.66,25.81,23.45,22.21,17.84,19.56,21.1,22.2,22.45,24.12,,24.32,24.83,113.2
2008-06-12,21.5832,21.8498,25.28,22.67,20.3,18.05,18.67,20.3,28.58,24.8,22.54,21.36,17.35,18.88,20.32,21.35,21.86,23.33,,23.7,24.34,113.97
2008-06-13,19.6414,20.5913,21.16,18.58,16.82,15.54,15.79,16.83,26.38,23.09,20.88,19.69,15.8,17.26,18.7,19.71,20.59,21.22,,22.6,23.27,113.77
2008-06-16,19.2537,20.4785,22.86,19.92,17.91,16.9,16.9,17.91,25.5,22.2,20.27,19.23,15.76,17.09,18.36,19.24,20.47,20.95,,22.43,22.91,114.71
2008-06-17,19.4732,20.586,22.54,19.5,17.22,16.32,16.36,17.21,25.77,22.27,20.34,19.3,16.01,17.22,18.44,19.3,20.58,21.13,,22.48,23.07,115.71
2008-06-18,20.5442,21.4479,20.29,18.53,16.79,16.02,16.31,16.79,26.84,23.55,21.55,20.47,17.11,18.33,19.58,20.48,21.45,22.24,,23.55,23.93,112.74
2008-06-19,19.6804,20.7338,14.84,13.46,10.8,10.56,10.65,10.8,26.2,22.74,20.74,19.66,16.44,17.59,18.81,19.68,20.74,21.58,,22.84,23.3,113.44
2008-06-20,21.0065,21.6564,27.72,24.08,20.77,17.5,18.58,20.77,28.3,24.93,22.56,21.32,16.6,18.54,20.19,21.32,21.66,22.87,,23.57,23.78,113.13
2008-06-23,20.8625,21.4064,26.67,23.56,20.67,17.37,18.54,20.68,27.94,24.59,22.29,21.07,16.5,18.36,19.97,21.08,21.42,22.64,,23.3,23.71,113.59
2008-06-24,20.9726,21.4319,26.39,23.49,20.72,17.25,18.53,20.72,27.82,24.51,22.25,21.04,16.48,18.35,19.95,21.05,21.44,22.42,,23.21,23.67,112.2
2008-06-25,19.7279,20.6361,24.47,21.97,19.33,16.4,17.39,19.34,26.59,23.27,21.2,20.1,15.87,17.62,19.09,20.11,20.65,21.14,,22.32,22.88,110.7
2008-06-26,22.5897,22.7371,27.4,24.72,22.11,18.95,20.08,22.11,29.49,26.09,23.87,22.67,17.94,19.92,21.56,22.67,22.74,23.93,,24.31,24.47,109.67
2008-06-27,22.1194,22.4914,26.45,23.87,21.44,18.57,19.61,21.44,29.17,25.6,23.42,22.24,17.55,19.52,21.15,22.24,22.5,23.44,,23.93,24.29,110.52
2008-06-30,22.4414,22.3819,27.31,24.44,21.94,18.93,20.08,21.93,29.5,25.78,23.51,22.29,17.59,19.53,21.16,22.29,22.39,23.95,,23.77,24.17,112.0
2008-07-01,22.0297,22.2288,26.33,23.67,21.33,18.52,19.53,21.33,29.14,25.48,23.22,22.0,17.36,19.26,20.89,22.0,22.24,23.65,,23.67,24.07,112.69
2008-07-02,24.3179,23.6956,29.6,26.62,24.0,21.22,22.18,24.0,31.54,27.68,25.28,23.99,19.03,21.07,22.8,23.99,23.7,25.92,,25.02,25.1,110.96
2008-07-03,23.1761,23.0953,27.22,24.47,22.1,19.9,20.55,22.1,30.35,26.57,24.28,23.05,18.34,20.27,21.91,23.04,23.1,24.78,,24.42,24.67,111.72
2008-07-07,23.9865,23.5578,28.55,26.09,23.79,21.91,22.37,23.79,30.84,27.23,25.0,23.8,19.15,21.07,22.7,23.81,23.56,25.78,,24.75,25.01,111.75
2008-07-08,21.2633,21.7368,24.28,22.25,20.6,18.96,19.46,20.6,28.06,24.45,22.29,21.14,17.07,18.66,20.12,21.15,21.73,23.15,,23.06,23.64,112.21
2008-07-09,23.7061,23.4681,27.3,25.23,23.42,22.06,22.32,23.41,29.85,26.55,24.48,23.36,19.13,20.83,22.32,23.34,23.46,25.23,,24.36,24.71,110.25
2008-07-10,23.8432,23.3788,27.54,25.51,24.2,22.38,23.06,24.2,30.19,26.91,24.81,23.67,19.23,21.06,22.61,23.67,23.38,25.59,,24.39,24.69,110.91
2008-07-11,25.5905,24.6517,31.5,28.56,26.59,25.25,25.48,26.6,32.31,28.83,26.63,25.43,20.72,22.68,24.32,25.44,24.65,27.49,,25.52,25.5,110.87
2008-07-14,26.3383,25.1153,34.59,31.76,29.88,29.12,28.81,29.88,33.83,29.86,27.46,26.17,21.2,23.25,24.99,26.17,25.11,28.48,,25.88,25.93,111.11
2008-07-15,26.109,25.3425,33.69,31.52,30.25,30.84,29.83,30.26,33.81,29.88,27.49,26.22,21.66,23.47,25.11,26.26,25.34,28.54,,25.97,26.2,110.81
2008-07-16,22.673,23.0955,31.71,29.32,28.32,29.57,28.48,28.31,29.74,26.24,24.07,22.91,19.07,20.49,21.93,22.95,23.09,25.1,,24.56,24.57,111.93
2008-07-17,22.2601,22.6593,27.79,27.58,27.29,31.06,29.59,27.23,29.97,26.05,23.72,22.5,18.6,20.02,21.5,22.57,22.66,25.01,,24.37,24.33,113.93
2008-07-18,21.792,22.3608,28.72,25.01,21.67,17.84,19.24,21.68,28.39,25.57,23.22,21.98,17.25,19.2,20.86,21.99,22.36,24.05,,23.8,23.97,113.85
2008-07-21,21.0476,21.8274,27.08,23.72,20.7,16.96,18.4,20.69,27.74,24.73,22.53,21.37,16.85,18.73,20.3,21.37,21.83,23.05,,23.18,23.57,114.1
2008-07-22,19.0226,20.497,24.62,21.65,18.81,15.47,16.74,18.84,25.97,22.97,20.93,19.86,15.88,17.52,18.92,19.89,20.5,21.18,,22.06,22.71,113.2
2008-07-23,19.3424,20.7935,24.43,21.46,18.87,15.76,16.93,18.87,25.48,22.84,21.03,20.04,16.03,17.73,19.12,20.05,20.79,21.31,,22.2,22.91,115.06
2008-07-24,21.5349,22.3876,27.08,24.02,21.17,17.49,18.93,21.17,28.15,25.07,22.94,21.81,17.5,19.27,20.78,21.81,22.38,23.44,,23.76,24.06,113.19
2008-07-25,20.7214,21.948,25.59,22.9,20.41,17.28,18.51,20.44,27.2,24.49,22.49,21.4,17.09,18.93,20.43,21.44,21.94,22.91,,23.29,23.89,113.9
2008-07-28,22.5234,23.0033,27.06,24.52,22.15,19.24,20.34,22.16,28.49,25.66,23.69,22.6,18.23,20.07,21.59,22.61,22.99,24.23,,23.99,24.47,111.49
2008-07-29,20.268,21.1606,24.42,22.03,19.92,17.35,18.33,19.92,25.96,23.28,21.5,20.53,16.77,18.34,19.65,20.54,21.15,22.03,,22.22,23.06,112.18
2008-07-30,19.5518,20.3442,23.72,21.32,19.11,16.75,17.56,19.11,24.99,22.36,20.65,19.72,16.11,17.58,18.85,19.72,20.34,21.21,,21.44,22.36,112.11
2008-07-31,21.2478,21.7227,26.12,23.41,20.92,17.87,19.07,20.92,27.03,24.21,22.32,21.29,17.25,18.94,20.35,21.3,21.71,22.94,,22.67,23.22,110.66
2008-08-01,21.0228,21.8491,24.36,22.01,19.76,17.31,18.15,19.77,26.73,24.11,22.36,21.4,17.5,19.15,20.51,21.41,21.84,22.57,,22.75,23.38,111.38
2008-08-04,21.938,22.3688,26.1,23.77,21.48,18.83,19.78,21.48,27.39,24.76,22.94,21.93,18.02,19.62,20.99,21.93,22.35,23.49,,23.09,23.65,111.2
2008-08-05,19.4311,20.4812,23.47,21.11,19.07,16.32,17.49,19.08,24.77,22.22,20.57,19.67,16.2,17.64,18.85,19.68,20.46,21.14,,21.5,22.34,109.69
2008-08-06,18.9683,20.1739,21.48,18.97,17.1,15.39,15.82,17.11,23.84,21.42,19.83,18.95,15.52,16.95,18.15,18.96,20.15,20.23,,21.18,22.18,113.22
2008-08-07,20.0517,21.0202,22.67,19.92,17.73,15.7,16.25,17.72,24.61,22.3,20.74,19.87,16.38,17.84,19.06,19.87,20.99,21.15,,21.86,22.78,111.97
2008-08-08,19.1716,20.6432,20.73,18.21,16.38,15.2,15.35,16.39,24.36,21.78,20.16,19.27,15.93,17.31,18.49,19.29,20.6,20.66,,21.65,22.56,113.33
2008-08-11,19.3886,20.5304,23.01,19.79,17.62,16.64,16.66,17.61,23.92,21.58,20.07,19.24,16.1,17.38,18.49,19.24,20.51,20.12,,21.44,22.46,111.55
2008-08-12,20.2724,21.3045,23.92,20.63,18.45,17.76,17.65,18.44,25.03,22.48,20.89,20.02,16.77,18.08,19.23,20.01,21.29,21.17,,22.2,23.08,111.26
2008-08-13,20.2673,21.6004,24.19,20.65,18.1,17.51,17.65,18.1,25.69,22.83,21.17,20.28,16.99,18.34,19.5,20.29,21.58,21.55,,22.54,23.43,111.76
2008-08-14,19.1599,20.6492,15.95,14.31,11.09,12.59,12.05,11.09,24.04,21.43,19.88,19.04,15.92,17.19,18.29,19.03,20.63,20.34,,21.66,22.82,113.07
2008-08-15,18.4217,20.4012,23.47,20.64,18.31,15.45,16.58,18.31,24.88,22.32,20.56,19.61,15.86,17.44,18.73,19.61,20.37,19.58,,21.38,22.57,113.21
2008-08-18,19.5837,21.3814,24.5,21.77,19.39,16.5,17.61,19.39,26.22,23.38,21.57,20.58,16.72,18.34,19.68,20.6,21.35,20.98,,22.11,23.11,112.29
2008-08-19,19.9151,21.7279,24.63,22.1,19.78,16.88,18.01,19.79,26.22,23.63,21.9,20.94,17.15,18.75,20.07,20.97,21.71,21.28,,22.42,23.37,111.4
2008-08-20,18.8964,21.127,23.5,21.07,18.84,16.12,17.16,18.86,25.28,22.81,21.14,20.22,16.55,18.11,19.4,20.26,21.11,20.42,,22.46,23.01,111.95
2008-08-21,18.1507,20.7366,22.48,20.24,18.16,15.75,16.65,18.18,24.78,22.28,20.65,19.75,16.22,17.71,18.95,19.79,20.73,19.82,,22.08,22.89,111.9
2008-08-22,17.2452,20.2475,21.25,19.04,17.03,14.69,15.56,17.04,23.99,21.5,19.89,19.01,15.59,17.01,18.21,19.03,20.25,18.81,,21.48,22.54,111.8
2008-08-25,19.4695,21.4326,23.16,21.07,19.07,16.55,17.53,19.09,25.58,23.03,21.38,20.48,16.96,18.43,19.67,20.51,21.44,20.97,,22.81,23.35,110.34
2008-08-26,19.0092,21.2253,22.31,20.3,18.38,15.92,16.88,18.39,25.16,22.69,21.06,20.15,16.56,18.06,19.32,20.17,21.23,20.49,,22.52,23.23,110.8
2008-08-27,18.3464,20.6902,21.53,19.45,17.55,15.24,16.11,17.56,24.36,21.93,20.33,19.45,16.01,17.43,18.65,19.47,20.69,19.76,,21.94,22.85,110.51
2008-08-28,17.8195,20.1436,21.35,19.15,17.14,15.02,15.74,17.16,23.75,21.29,19.72,18.86,15.6,16.94,18.1,18.89,20.15,19.43,,21.54,22.48,111.21
2008-08-29,19.1638,21.1297,22.54,20.3,18.25,15.93,16.76,18.26,25.03,22.5,20.89,20.01,16.64,18.02,19.21,20.03,21.13,20.65,,22.52,23.18,110.58
2008-09-02,20.4823,21.6877,24.33,22.04,19.96,17.5,18.42,19.97,25.77,23.28,21.66,20.77,17.31,18.74,19.97,20.8,21.69,21.99,,23.11,23.54,110.38
2008-09-03,20.0504,21.4536,22.85,20.82,18.99,16.87,17.65,19.0,25.1,22.81,21.29,20.44,17.09,18.48,19.66,20.46,21.45,21.43,,22.8,23.32,110.5
2008-09-04,22.4536,23.013,26.35,24.09,22.14,20.18,20.79,22.15,27.32,24.92,23.37,22.5,19.06,20.51,21.71,22.52,23.0,24.03,,24.35,24.27,110.48
2008-09-05,21.4996,22.4041,24.66,22.67,20.97,19.27,19.81,20.98,26.42,24.1,22.57,21.72,18.4,19.77,20.95,21.75,22.4,23.06,,23.73,23.97,109.46
2008-09-08,21.2789,21.8587,25.23,23.19,21.45,19.93,20.32,21.46,25.73,23.55,22.09,21.28,18.09,19.41,20.54,21.3,21.86,22.64,,23.15,23.43,109.1
2008-09-09,24.1333,23.8509,29.69,27.11,24.98,22.93,23.53,24.98,28.91,26.37,24.7,23.76,20.04,21.58,22.89,23.76,23.84,25.47,,25.15,24.78,108.57
2008-09-10,23.222,23.305,26.96,24.85,23.02,21.35,21.79,23.02,27.81,25.44,23.87,22.99,19.52,20.95,22.18,23.0,23.3,24.52,,24.54,24.3,109.49
2008-09-11,23.8779,23.7108,28.42,26.08,23.95,22.0,22.51,23.95,29.0,26.37,24.65,23.69,19.94,21.48,22.81,23.71,23.7,24.39,,24.36,24.09,110.5
2008-09-12,24.1689,23.7268,30.25,27.52,25.47,24.22,24.38,25.47,29.5,26.79,24.98,23.98,20.12,21.69,23.05,23.99,23.73,25.66,,25.02,24.57,110.15
2008-09-15,28.4793,26.0566,44.1,39.2,35.42,33.33,33.49,35.43,34.55,31.41,29.39,28.27,23.89,25.69,27.24,28.29,26.06,31.7,,27.93,26.46,110.74
2008-09-16,28.5594,25.8368,42.95,38.86,35.64,33.14,33.72,35.65,35.3,31.8,29.6,28.38,23.55,25.58,27.27,28.41,25.84,30.3,,26.88,25.56,112.29
2008-09-17,32.0343,27.9293,43.81,39.86,36.78,35.59,35.29,36.78,41.14,36.34,33.27,31.67,25.97,28.19,30.24,31.68,27.92,36.22,,30.24,27.84,112.97
2008-09-18,31.4193,27.1007,40.19,36.88,36.33,36.34,36.66,36.33,41.2,35.79,32.55,30.86,24.36,27.06,29.31,30.84,27.08,33.1,,28.58,26.12,117.42
2008-09-19,28.8024,25.7715,37.93,33.27,28.72,23.41,25.5,28.76,33.25,30.89,27.88,26.32,20.83,22.97,24.99,26.4,25.75,32.07,,28.04,26.14,114.48
2008-09-22,30.4403,27.4595,40.12,35.04,30.7,25.88,27.7,30.74,35.52,32.84,29.82,28.25,22.52,24.83,26.89,28.32,27.44,33.85,,29.73,27.44,114.32
2008-09-23,31.5061,28.3075,40.14,35.9,31.97,26.95,28.99,32.01,36.35,33.72,30.73,29.17,23.65,25.82,27.84,29.25,28.29,35.72,,31.26,28.57,111.63
2008-09-24,32.9094,28.9332,42.1,37.54,33.5,28.26,30.36,33.49,37.35,34.23,31.39,29.88,24.43,26.51,28.52,29.91,28.81,35.19,,30.56,28.37,111.58
2008-09-25,30.7377,27.4677,38.91,34.99,31.41,26.77,28.66,31.43,35.04,32.44,29.79,28.39,23.12,25.26,27.14,28.43,27.3,32.82,,29.1,27.31,112.53
2008-09-26,32.9811,28.3281,42.81,38.44,34.39,28.84,31.15,34.4,36.81,33.94,31.16,29.68,24.41,26.41,28.38,29.72,28.34,34.74,,29.74,27.7,110.56
2008-09-29,45.2431,35.5351,61.85,56.36,50.6,44.09,46.3,50.64,48.78,44.55,40.91,39.08,33.55,35.3,37.54,39.15,35.58,46.72,,36.27,32.03,111.33
2008-09-30,36.8096,31.1822,48.65,44.19,39.8,33.68,36.22,39.8,40.85,38.11,34.95,33.26,27.59,29.43,31.74,33.29,31.2,39.39,,33.03,29.77,111.43
2008-10-01,37.5818,32.0977,50.6,45.67,40.91,34.87,37.27,40.92,41.73,39.2,36.0,34.24,28.42,30.25,32.66,34.29,32.12,39.81,,33.44,30.36,112.14
2008-10-02,42.8266,35.3389,59.21,53.34,47.84,40.56,43.51,47.83,47.06,44.09,40.44,38.44,31.89,33.89,36.63,38.48,35.37,45.26,,36.49,32.2,112.24
2008-10-03,40.6599,34.7272,54.92,49.17,43.74,36.25,39.35,43.71,46.62,43.35,39.43,37.35,30.19,32.67,35.44,37.35,34.75,45.14,,37.3,32.66,114.17
2008-10-06,49.6357,38.5912,78.1,69.28,61.92,52.18,56.28,61.99,55.8,51.5,46.82,44.3,35.74,38.74,42.06,44.36,38.68,52.05,,39.13,33.64,112.09
2008-10-07,48.8799,39.0269,69.4,62.73,56.89,49.98,52.6,56.9,56.62,51.39,47.07,44.76,36.27,39.59,42.7,44.82,39.1,53.68,,40.55,34.45,110.2
2008-10-08,48.8786,41.2405,75.43,68.48,61.84,53.83,56.86,61.83,57.96,54.78,50.28,47.84,40.27,42.26,45.62,47.88,41.28,57.53,,42.22,38.13,111.04
2008-10-09,55.1975,45.2236,81.77,74.87,69.0,61.9,64.61,68.97,64.09,61.25,56.49,53.9,46.67,47.86,51.51,53.92,45.29,63.92,,48.01,42.33,109.58
2008-10-10,63.1339,50.1648,106.92,96.96,86.76,80.66,82.24,87.22,75.47,72.66,66.43,63.16,55.81,56.96,60.82,63.74,49.26,69.95,,50.91,45.22,107.23
2008-10-13,49.2308,40.9308,87.44,76.0,69.11,65.41,65.87,68.99,59.51,55.06,49.84,47.29,41.13,42.1,45.01,47.16,46.73,54.99,,42.38,37.85,109.73
2008-10-14,48.3275,41.0251,77.72,72.34,67.94,65.58,65.45,67.92,57.39,53.91,49.63,47.42,40.39,42.39,45.47,47.5,43.35,55.13,,42.99,38.65,113.55
2008-10-15,56.8623,47.7959,86.38,79.41,74.7,74.62,72.83,74.77,70.99,66.4,60.0,56.71,47.15,49.92,54.05,56.99,48.85,69.25,,49.45,44.59,118.94
2008-10-16,55.7999,46.2763,71.81,65.4,62.91,67.76,63.43,62.91,70.47,67.25,60.1,56.45,46.23,48.97,53.57,56.83,50.81,67.61,,48.74,43.53,113.18
2008-10-17,58.6102,48.5282,73.06,69.29,57.52,46.42,49.51,57.95,63.61,62.65,55.3,51.6,43.11,44.16,48.82,52.12,49.89,70.33,,51.13,45.79,118.81
2008-10-20,45.2785,40.7674,59.61,53.15,44.2,33.91,37.74,44.06,54.35,50.93,44.99,42.01,33.95,35.53,39.27,41.88,40.71,52.97,,43.62,40.17,124.83
2008-10-21,47.098,41.3414,60.4,54.48,46.03,35.01,39.39,45.91,54.71,51.45,45.89,42.89,34.23,36.11,40.04,42.74,41.31,53.11,,43.79,40.68,120.38
2008-10-22,60.8419,48.5076,76.16,70.32,59.28,48.83,51.4,59.21,65.19,62.03,55.11,51.49,42.99,43.68,48.25,51.46,48.48,69.65,,49.83,45.28,119.34
2008-10-23,59.8346,48.6245,75.43,69.52,57.97,45.16,48.97,57.8,64.93,61.75,54.8,51.12,41.99,42.89,47.73,51.04,48.6,67.8,,49.76,45.47,120.69
2008-10-24,69.7515,55.0996,84.96,81.51,69.36,54.25,59.32,69.94,73.49,71.81,63.54,59.21,49.26,50.32,55.86,59.77,55.09,79.13,,55.3,50.85,116.67
2008-10-27,69.1327,55.7034,89.39,84.34,70.37,55.37,60.94,71.11,76.04,74.02,65.65,61.31,51.07,52.6,58.18,62.12,55.74,80.06,,62.84,52.29,116.94
2008-10-28,57.1229,47.8024,76.46,69.62,57.7,44.46,49.28,57.74,65.79,62.86,55.26,51.41,41.83,43.34,48.11,51.47,47.9,66.96,,54.38,47.54,125.95
2008-10-29,61.3002,50.7143,79.8,73.84,62.15,49.36,53.57,62.16,69.09,66.47,58.7,54.71,45.0,46.18,51.29,54.83,50.78,69.96,,57.82,50.06,120.15
2008-10-30,55.3046,47.7084,72.66,65.43,55.4,43.12,47.71,55.22,64.44,61.05,54.05,50.43,41.3,42.51,47.13,50.34,47.75,62.9,,53.75,47.82,124.02
2008-10-31,51.4375,46.6905,68.67,61.28,51.42,39.77,44.48,51.56,62.84,59.87,52.76,49.13,39.27,41.55,46.15,49.39,46.77,59.89,,53.57,48.44,122.19
2008-11-03,47.5002,44.3287,64.1,55.2,46.68,36.38,40.46,46.62,59.12,55.24,48.89,45.66,35.84,38.72,42.81,45.68,44.35,53.68,,51.2,46.54,117.13
2008-11-04,41.281,39.7178,57.98,49.39,41.75,33.48,36.61,41.81,52.49,48.55,42.91,40.04,29.84,33.98,37.62,40.19,39.64,47.73,,46.26,43.28,117.78
2008-11-05,47.117,43.6028,63.96,54.77,46.87,37.75,41.2,46.74,58.83,54.12,47.84,44.61,34.24,37.55,41.65,44.51,43.52,54.56,,49.72,45.86,129.35
2008-11-06,55.8469,49.4323,75.6,66.89,58.02,47.32,51.58,58.03,66.77,63.21,56.35,52.76,42.57,45.04,49.64,52.86,49.41,63.68,,56.14,50.44,122.15
2008-11-07,49.2936,45.8192,65.27,56.45,48.76,39.6,43.08,48.61,60.98,56.73,50.3,46.99,36.27,39.67,43.91,46.85,45.77,56.1,,52.61,47.26,122.85
2008-11-10,51.9068,46.9366,71.45,61.82,53.47,43.67,47.4,53.41,64.75,59.77,53.08,49.64,38.64,42.16,46.57,49.64,46.91,59.98,,54.05,48.94,126.27
2008-11-11,53.9108,48.4094,72.9,64.4,56.65,47.85,51.08,56.78,66.74,62.46,55.82,52.34,41.13,44.96,49.47,52.61,48.37,61.44,,55.63,50.22,120.67
2008-11-12,58.3232,52.1662,75.73,68.88,62.36,54.13,57.32,62.34,71.31,67.1,60.47,56.92,45.76,48.96,53.72,56.96,52.16,66.46,,59.1,52.95,121.11
2008-11-13,51.2096,46.99,66.09,60.1,54.6,47.94,50.4,54.65,63.56,59.41,53.64,50.56,39.72,43.78,47.89,50.71,47.03,59.83,,54.1,49.21,124.98
2008-11-14,57.8831,52.3048,74.46,68.19,62.64,57.48,59.0,62.84,70.49,67.1,61.06,57.76,47.1,50.69,55.12,58.16,52.36,66.31,,59.29,53.93,118.59
2008-11-17,62.5977,54.8963,86.43,79.8,73.52,67.88,69.27,73.47,75.43,70.94,64.6,61.17,50.62,53.47,58.04,61.17,53.59,69.15,,62.51,55.16,113.4
2008-11-18,61.4811,54.2082,73.95,68.52,64.66,61.16,62.17,64.57,73.52,68.39,62.77,59.72,50.17,52.41,56.66,59.47,54.19,67.64,,61.39,52.88,116.05
2008-11-19,67.8971,59.1585,85.13,75.18,69.6,67.05,66.97,69.51,81.03,75.66,69.43,66.09,56.12,58.32,62.86,65.9,57.94,74.26,,66.49,58.59,115.86
2008-11-20,73.1135,63.4509,74.92,66.69,62.13,63.4,61.06,62.15,87.61,81.87,75.4,71.91,61.5,64.33,68.91,72.08,61.57,80.86,,69.24,61.47,114.93
2008-11-21,65.2019,58.4652,78.37,73.5,64.86,54.94,58.3,65.21,74.1,71.41,64.71,61.2,52.75,53.66,58.38,61.61,58.37,72.67,,64.35,57.71,118.88
2008-11-24,56.512,52.1013,72.62,64.17,55.93,46.96,49.6,55.97,67.64,63.64,57.19,53.86,43.82,46.75,51.0,53.96,52.03,64.7,,59.5,52.22,116.16
2008-11-25,55.629,51.8481,71.17,62.87,55.12,46.09,49.15,55.17,67.96,62.56,56.57,53.46,43.96,46.77,50.77,53.55,51.78,60.9,,57.99,51.57,114.1
2008-11-26,49.6142,48.0086,64.57,56.36,49.09,41.84,43.51,49.14,61.1,56.66,51.24,48.39,39.16,42.15,45.9,48.49,47.95,54.92,,53.73,48.55,113.3
2008-11-28,50.2316,48.0948,64.66,56.99,49.93,43.32,44.23,49.95,61.04,56.83,51.44,48.62,39.73,42.48,46.15,48.69,48.06,55.84,,54.18,49.05,113.12
2008-12-01,59.9826,54.0622,76.59,69.18,61.77,52.19,56.12,61.82,71.25,65.51,59.81,56.76,47.26,50.05,54.09,56.85,54.03,68.51,,62.39,55.4,112.75
2008-12-02,58.5219,53.7592,76.06,68.08,60.45,50.17,54.31,60.5,70.17,64.4,58.74,55.7,46.08,48.94,53.03,55.8,53.71,62.98,,59.65,53.49,112.2
2008-12-03,56.8498,53.0691,73.17,65.21,58.08,48.81,52.51,58.12,67.3,62.99,57.56,54.68,45.08,48.35,52.16,54.77,53.01,60.72,,58.5,52.63,112.55
2008-12-04,59.1937,55.1218,75.7,67.95,60.77,51.48,55.21,60.79,70.54,65.29,59.89,57.0,47.66,50.59,54.45,57.08,55.06,63.64,,61.29,55.88,111.77
2008-12-05,54.1061,52.4841,67.86,60.71,54.24,45.97,49.06,54.25,64.62,60.78,55.65,52.89,44.46,46.71,50.42,52.95,52.4,59.93,,58.06,53.5,116.45
2008-12-08,51.224,49.9842,66.84,59.19,52.58,46.96,47.5,52.58,64.77,57.57,52.73,50.1,44.21,44.43,47.72,50.15,49.91,58.49,,56.6,52.31,120.77
2008-12-09,52.9233,51.5378,65.82,58.7,52.71,45.34,48.17,52.72,64.69,59.38,54.59,51.99,44.42,46.05,49.63,52.03,51.47,58.91,,57.77,53.67,118.58
2008-12-10,50.5474,50.2494,59.32,52.79,47.7,42.09,44.11,47.7,63.48,57.13,52.34,49.76,42.33,43.9,47.41,49.78,50.17,55.73,,56.16,52.74,119.51
2008-12-11,49.8117,50.1188,57.72,51.59,47.53,43.75,45.03,47.53,60.97,55.9,51.48,49.14,41.07,43.89,47.03,49.16,50.01,55.78,,56.09,52.68,121.83
2008-12-12,49.8513,49.7699,56.93,50.64,46.4,43.81,44.11,46.4,61.62,56.08,51.5,49.12,41.2,43.94,47.01,49.14,49.68,54.28,,55.14,51.92,116.24
2008-12-15,52.6422,51.4814,64.96,58.87,54.66,52.39,52.49,54.66,64.1,58.8,54.31,51.97,44.2,46.85,49.9,52.01,51.39,56.76,,56.41,51.87,115.86
2008-12-16,46.8465,47.1081,51.44,46.88,44.13,42.78,42.93,44.13,59.98,52.61,48.45,46.24,39.67,41.25,44.23,46.25,47.04,52.37,,52.91,49.48,119.25
2008-12-17,45.1909,46.6093,48.31,43.73,41.28,43.63,41.26,41.28,57.05,50.53,46.74,44.71,38.3,40.15,42.87,44.73,46.54,49.84,,51.57,48.86,115.07
2008-12-18,43.0128,45.0154,47.13,42.11,39.87,43.19,39.87,39.87,54.93,48.2,44.55,42.67,36.0,38.67,41.04,42.71,44.97,47.34,,49.8,47.6,116.55
2008-12-19,39.8099,41.7669,50.83,44.42,39.5,33.84,36.07,39.53,53.94,46.67,42.55,40.4,32.8,35.84,38.58,40.5,41.76,44.93,,43.4,45.67,118.73
2008-12-22,41.0263,42.2613,52.3,46.05,40.91,34.99,37.28,40.97,50.77,47.01,42.84,40.66,33.69,36.06,38.85,40.8,42.21,44.56,,43.71,45.27,115.16
2008-12-23,40.4539,41.9131,51.28,45.35,40.36,34.28,36.71,40.43,50.41,46.77,42.56,40.35,32.81,35.59,38.49,40.49,41.85,45.02,,44.48,45.47,112.01
2008-12-24,40.3962,41.6417,50.58,44.66,39.84,33.87,36.22,39.82,50.69,46.53,42.42,40.27,33.09,35.51,38.35,40.3,41.43,44.21,,43.96,45.06,112.31
2008-12-26,39.0602,40.8251,50.08,43.55,38.49,32.78,34.96,38.52,49.55,45.55,41.47,39.33,31.68,34.66,37.48,39.42,40.77,43.38,,46.11,44.48,112.56
2008-12-29,39.6858,41.1678,50.21,43.83,38.64,32.77,34.93,38.57,50.41,45.77,41.61,39.41,31.59,34.53,37.4,39.39,41.51,43.9,,46.54,44.27,113.77
2008-12-30,36.9377,39.2623,46.48,40.64,36.05,31.13,32.89,36.06,47.44,43.2,39.36,37.34,29.62,32.84,35.55,37.4,39.87,41.63,,44.41,42.82,116.08
2008-12-31,34.6381,37.5112,43.31,37.79,33.48,29.02,30.62,33.5,45.68,41.11,37.36,35.39,27.95,31.06,33.67,35.48,37.2,40.0,,43.18,41.61,116.5
2009-01-02,33.0976,35.2785,43.55,36.95,32.58,29.35,30.19,32.62,43.8,39.28,35.57,33.67,26.87,29.65,32.08,33.79,34.83,39.19,,40.56,39.21,124.21
2009-01-05,34.3598,35.5443,44.51,38.31,34.12,31.42,31.89,34.11,45.08,39.76,36.0,34.09,27.28,30.01,32.4,34.1,35.96,39.08,,40.82,39.3,116.12
2009-01-06,33.5063,34.8543,43.03,36.97,33.2,31.03,31.33,33.22,44.78,39.3,35.55,33.67,27.09,29.75,32.09,33.75,34.76,38.56,,40.31,38.69,115.49
2009-01-07,37.9892,38.2748,48.61,41.63,36.89,33.78,34.3,36.88,49.73,44.1,39.66,37.43,29.57,32.72,35.49,37.46,38.04,43.39,,43.81,41.21,118.21
2009-01-08,37.1647,38.0152,45.67,38.79,34.29,31.5,31.88,34.29,49.0,43.18,38.88,36.72,29.06,32.14,34.85,36.78,38.42,42.56,,43.17,41.65,118.24
2009-01-09,37.3707,38.5983,45.3,38.35,33.67,30.53,31.19,33.7,49.14,43.58,39.3,37.15,29.64,32.65,35.33,37.25,38.12,42.82,,44.88,42.35,118.82
2009-01-12,41.2196,41.2528,52.45,44.77,39.57,36.34,36.86,39.55,53.79,47.61,42.8,40.37,31.83,35.23,38.24,40.4,41.36,45.84,,47.35,44.5,118.36
2009-01-13,39.4994,40.6315,48.87,42.13,36.66,33.25,33.7,36.64,52.59,45.82,41.08,38.72,30.65,33.82,36.69,38.76,40.57,43.27,,47.14,44.45,118.22
2009-01-14,43.0624,44.0351,51.14,44.67,40.02,37.16,37.61,40.01,57.31,50.04,44.86,42.31,33.63,37.04,40.12,42.36,43.96,49.14,,50.68,47.6,119.99
2009-01-15,42.4279,43.7368,32.97,25.89,21.98,25.62,22.86,21.98,58.69,50.36,44.63,41.9,33.11,36.47,39.63,41.99,43.6,51.0,,51.71,48.23,124.7
2009-01-16,39.3579,42.1237,55.2,46.27,38.77,30.45,33.71,38.76,54.15,49.53,44.02,41.23,32.47,35.36,38.83,41.29,42.13,46.11,,48.95,47.03,126.05
2009-01-20,48.9051,48.0505,65.18,56.57,47.94,38.13,41.96,47.86,61.67,57.2,50.99,47.86,38.74,41.21,45.09,47.84,47.24,56.65,,54.87,51.3,119.17
2009-01-21,40.881,43.4947,57.26,47.93,40.5,32.22,35.45,40.56,56.4,51.47,45.78,42.89,33.39,36.85,40.48,43.04,43.47,46.42,,49.96,47.27,120.58
2009-01-22,41.1157,43.2038,58.0,48.42,40.77,32.28,35.6,40.84,56.68,51.5,45.58,42.61,33.07,36.54,40.15,42.75,43.17,47.29,,50.13,47.96,117.76
2009-01-23,40.3744,42.2473,57.02,47.44,39.88,31.43,34.73,39.95,54.9,49.82,44.42,41.67,31.95,35.82,39.35,41.81,42.22,47.27,,49.36,47.06,121.31
2009-01-26,38.5873,40.6476,53.52,44.66,37.72,30.11,33.01,37.77,52.72,47.51,42.28,39.65,30.49,34.17,37.44,39.77,40.58,45.69,,47.47,45.65,120.65
2009-01-27,36.1141,38.861,49.9,41.62,35.08,28.22,30.74,35.11,50.96,44.99,39.89,37.33,28.66,32.07,35.16,37.41,38.78,42.25,,45.18,44.11,119.68
2009-01-28,34.6615,36.2452,47.41,39.5,33.67,27.96,29.93,33.71,47.42,42.02,37.72,35.52,27.53,30.81,33.63,35.62,36.21,39.66,,42.2,41.68,122.39
2009-01-29,36.5607,37.482,49.24,41.39,35.55,29.58,31.73,35.58,49.32,43.55,39.2,37.01,29.06,32.33,35.13,37.09,37.44,42.63,,43.53,42.61,119.92
2009-01-30,39.5524,39.0994,53.2,44.87,38.78,32.63,34.83,38.81,51.86,46.07,41.65,39.38,31.01,34.48,37.43,39.48,39.08,44.84,,44.6,43.78,115.88
2009-02-02,39.2815,38.6598,53.05,45.3,39.15,32.55,34.95,39.22,51.85,45.85,41.22,38.86,30.61,33.91,36.86,38.98,38.61,45.52,,43.91,43.28,123.95
2009-02-03,36.0408,36.5517,48.21,40.72,34.91,29.42,31.18,34.94,49.14,42.85,38.4,36.14,28.23,31.39,34.21,36.23,36.49,43.06,,42.24,42.17,125.25
2009-02-04,37.3052,36.9609,49.45,41.72,35.99,30.88,32.43,36.03,50.5,43.76,39.36,37.15,29.45,32.55,35.29,37.25,36.91,43.85,,42.13,41.97,127.68
2009-02-05,36.6801,36.5376,48.21,40.97,35.37,30.03,31.79,35.4,49.52,43.02,38.76,36.62,29.24,32.17,34.81,36.71,36.5,43.73,,42.6,41.92,122.63
2009-02-06,36.5568,35.8758,46.68,40.05,35.42,31.85,32.77,35.47,48.83,42.66,38.6,36.58,29.69,32.4,34.89,36.68,35.9,43.37,,43.38,41.46,122.27
2009-02-09,37.1145,36.3639,48.07,41.54,36.86,33.3,34.17,36.88,49.43,42.94,38.78,36.72,29.91,32.51,34.98,36.78,36.32,43.64,,43.43,41.3,122.62
2009-02-10,41.5357,39.6014,55.32,47.51,41.81,37.59,38.54,41.84,54.0,47.38,43.02,40.84,33.47,36.35,38.99,40.92,39.54,46.67,,46.06,43.88,118.94
2009-02-11,38.5422,37.9048,48.87,41.91,36.8,33.23,33.87,36.81,51.72,44.32,40.21,38.17,31.3,33.95,36.42,38.21,37.86,44.53,,45.07,42.82,122.57
2009-02-12,38.7809,38.4617,47.33,40.57,35.53,32.05,32.63,35.55,52.44,44.73,40.51,38.44,31.43,34.16,36.67,38.49,38.41,41.25,,42.66,42.03,114.51
2009-02-13,36.3045,36.5277,43.81,37.47,32.65,29.27,29.92,32.66,49.42,42.12,38.08,36.05,29.48,31.95,34.36,36.12,36.5,42.93,,42.47,41.8,120.58
2009-02-17,41.0876,39.5254,58.98,52.02,47.03,43.74,44.34,47.04,55.57,47.39,42.96,40.75,33.52,36.25,38.88,40.81,39.5,48.66,,46.0,44.13,118.1
2009-02-18,41.2482,39.6911,49.58,44.1,40.94,42.97,40.64,40.94,55.51,47.15,42.98,40.92,33.87,36.64,39.16,40.97,39.67,48.46,,46.97,44.57,127.01
2009-02-19,40.5269,39.6456,35.89,30.8,28.07,31.34,28.15,28.07,55.23,46.54,42.26,40.16,33.34,35.9,38.37,40.19,39.61,47.08,,45.63,44.14,119.41
2009-02-20,42.5682,40.843,58.23,48.97,42.34,35.38,38.01,42.4,54.02,47.91,43.09,40.7,32.59,35.8,38.7,40.78,40.8,49.3,,47.03,45.23,119.93
2009-02-23,46.5564,43.5999,61.47,53.34,46.71,38.75,41.94,46.77,57.79,51.68,46.75,44.25,35.7,39.02,42.14,44.35,43.57,52.62,,50.43,47.19,116.63
2009-02-24,39.8824,39.0137,51.19,45.12,39.86,33.45,35.95,39.89,51.29,45.15,41.05,38.94,31.29,34.42,37.13,39.02,38.99,45.49,,45.11,43.65,114.2
2009-02-25,38.5904,38.612,49.02,43.33,38.23,31.94,34.41,38.25,50.49,44.42,40.38,38.29,30.73,33.81,36.48,38.35,38.59,44.67,,44.4,43.65,114.97
2009-02-26,40.6361,39.9569,51.56,45.81,40.67,34.34,36.78,40.66,52.06,45.72,41.73,39.67,32.21,35.21,37.85,39.7,39.92,44.66,,44.18,43.51,113.96
2009-02-27,41.0489,39.6774,52.64,46.66,41.56,35.52,37.84,41.6,52.45,45.85,41.92,39.86,32.2,35.37,38.06,39.93,39.67,46.35,,45.21,44.05,114.25
2009-03-02,47.1836,43.9565,63.0,55.12,48.86,41.72,44.46,48.89,60.03,52.21,47.6,45.22,36.64,40.13,43.17,45.3,43.97,52.65,,48.67,46.9,115.42
2009-03-03,44.5307,42.1813,57.76,50.65,45.24,39.93,41.74,45.27,57.47,49.78,45.5,43.29,35.31,38.56,41.38,43.35,42.19,50.93,,48.51,46.16,113.77
2009-03-04,40.0297,38.2975,52.87,45.96,40.93,36.07,37.71,40.95,52.06,44.94,41.02,39.0,31.84,34.72,37.26,39.06,38.31,47.56,,44.72,43.35,118.16
2009-03-05,45.2772,41.7478,59.59,52.44,46.98,41.72,43.45,47.0,57.55,49.92,45.84,43.74,36.37,39.31,41.94,43.8,41.8,50.17,,46.7,44.65,113.73
2009-03-06,46.2668,43.0963,61.08,53.79,48.53,44.01,45.34,48.54,58.33,50.93,46.88,44.78,37.29,40.3,42.96,44.83,43.1,49.33,,46.48,44.11,115.45
2009-03-09,44.9408,41.7684,57.78,51.49,47.03,43.12,44.22,47.02,56.19,49.35,45.66,43.75,36.81,39.63,42.07,43.78,41.78,49.68,,46.53,43.96,113.11
2009-03-10,40.1792,38.0494,49.33,44.61,41.24,39.13,39.37,41.24,49.86,44.21,41.04,39.41,33.63,35.91,37.97,39.43,38.06,44.37,,42.41,40.84,115.59
2009-03-11,39.3587,38.3002,47.03,42.77,39.98,38.32,38.53,39.98,48.0,43.12,40.41,39.01,33.97,35.96,37.76,39.02,38.27,43.61,,42.5,41.05,112.71
2009-03-12,37.5609,37.0331,43.49,39.01,36.33,34.83,34.92,36.33,45.99,41.31,38.67,37.29,32.54,34.35,36.08,37.32,36.99,41.18,,40.7,39.78,112.96
2009-03-13,38.4031,37.7583,43.24,38.86,35.98,34.85,34.61,35.98,47.51,42.33,39.53,38.11,33.39,35.14,36.87,38.13,37.72,42.36,,41.83,40.83,113.94
2009-03-16,38.8746,38.1638,50.73,44.62,41.08,39.61,39.56,41.08,49.28,43.2,40.1,38.56,33.64,35.43,37.24,38.58,38.13,43.74,,42.24,41.15,114.28
2009-03-17,36.6941,37.0383,44.81,39.88,37.0,37.66,36.4,37.0,46.65,40.87,37.9,36.45,31.92,33.52,35.21,36.47,37.0,40.8,,39.98,39.58,118.32
2009-03-18,36.408,36.5854,45.63,41.58,39.93,42.8,40.35,39.93,46.87,40.81,37.68,36.16,31.38,33.08,34.86,36.18,36.56,40.06,,39.9,39.75,117.3
2009-03-19,38.6433,38.8128,36.52,31.11,28.82,32.43,29.38,28.82,49.81,43.25,39.98,38.39,33.42,35.22,37.05,38.42,38.79,43.68,,43.15,42.13,116.53
2009-03-20,40.5555,41.1702,53.95,45.89,40.2,34.41,36.53,40.23,52.49,46.97,42.85,40.81,34.19,36.67,39.12,40.9,41.14,45.89,,46.28,44.27,117.06
2009-03-23,37.1897,37.6019,49.45,42.14,36.88,31.55,33.48,36.89,49.42,42.47,38.83,37.01,31.37,33.25,35.47,37.08,37.59,43.23,,42.33,41.41,117.95
2009-03-24,38.0832,38.1762,47.72,41.96,37.73,33.75,35.09,37.75,49.97,43.13,39.65,37.93,32.92,34.43,36.48,37.99,38.16,42.93,,43.64,41.78,112.12
2009-03-25,39.0233,38.5992,48.97,43.11,38.68,34.41,35.84,38.68,50.37,43.71,40.34,38.69,33.39,35.32,37.32,38.76,38.58,42.25,,41.9,40.63,114.22
2009-03-26,36.4202,36.8062,45.65,40.03,36.01,32.43,33.56,36.01,47.58,41.21,37.95,36.33,31.82,32.99,34.96,36.38,36.78,40.36,,40.68,40.34,113.75
2009-03-27,37.1521,37.8218,45.25,40.02,36.28,32.81,33.96,36.29,48.68,42.34,39.07,37.44,32.46,34.01,36.04,37.49,37.81,41.04,,42.09,41.54,111.09
2009-03-30,41.0173,40.9109,51.4,44.7,40.01,36.14,37.23,40.02,51.82,46.28,42.74,40.96,34.98,37.31,39.47,41.04,40.88,45.54,,44.99,43.82,113.71
2009-03-31,38.6781,39.5128,47.32,41.73,37.66,33.97,35.12,37.65,50.35,43.8,40.44,38.77,33.24,35.27,37.33,38.8,39.47,44.14,,44.59,42.96,112.87
2009-04-01,38.3432,39.5473,46.27,40.82,37.09,33.95,34.89,37.1,49.98,43.55,40.25,38.6,33.06,35.16,37.2,38.66,39.5,42.28,,43.03,42.35,114.49
2009-04-02,38.3158,38.5223,45.43,40.4,37.21,34.68,35.45,37.22,48.21,42.77,39.82,38.32,34.45,35.15,37.02,38.36,38.51,42.04,,42.24,41.76,111.9
2009-04-03,36.7465,38.1588,41.84,37.42,34.54,32.15,32.88,34.55,46.7,41.5,38.62,37.16,33.09,34.07,35.89,37.2,38.13,39.7,,41.07,41.31,112.04
2009-04-06,37.48,38.422,42.07,37.48,34.39,32.1,32.64,34.39,47.21,41.92,39.14,37.74,33.64,34.81,36.54,37.79,38.41,40.93,,41.17,41.61,114.39
2009-04-07,37.0848,38.7587,41.34,36.78,33.67,31.39,31.84,33.67,46.76,41.45,38.76,37.4,32.66,34.49,36.22,37.44,38.72,40.39,,41.67,41.84,111.16
2009-04-08,36.4313,37.5914,37.64,33.78,31.17,29.77,29.83,31.16,44.99,40.08,37.47,36.15,31.69,33.36,35.0,36.18,37.57,38.85,,40.2,41.12,111.49
2009-04-09,34.8955,36.2753,34.46,30.99,28.88,28.1,27.98,28.88,41.35,37.56,35.64,34.72,32.47,32.91,33.97,34.75,36.26,36.53,,38.53,40.26,108.18
2009-04-13,34.8452,35.8873,41.09,37.09,34.64,34.03,33.85,34.64,42.12,38.0,35.81,34.69,31.9,32.33,33.72,34.72,35.88,37.81,,38.55,39.96,110.39
2009-04-14,34.9342,36.0312,40.15,36.18,33.92,34.36,33.37,33.91,41.7,37.74,35.76,34.79,31.73,32.69,33.94,34.81,36.03,37.67,,38.69,40.2,109.23
2009-04-15,33.984,35.7829,35.59,31.98,30.3,31.11,29.95,30.3,41.4,37.08,34.92,33.87,30.73,31.72,32.97,33.89,35.78,36.17,,37.97,39.38,108.62
2009-04-16,31.6299,34.0139,26.42,22.58,20.2,21.22,20.72,20.21,39.38,34.72,32.57,31.58,29.12,29.62,30.76,31.61,34.02,35.79,,36.96,38.61,114.45
2009-04-17,30.4378,32.913,37.81,33.25,30.27,28.1,28.47,30.3,40.63,36.11,33.59,32.26,29.19,29.42,31.11,32.33,32.92,33.94,,36.59,37.49,111.75
2009-04-20,35.4669,35.6902,44.13,38.91,35.13,31.34,32.65,35.15,44.88,39.85,37.09,35.65,31.36,32.56,34.42,35.72,35.69,39.18,,39.41,39.37,113.99
2009-04-21,33.5678,34.1267,42.03,36.95,33.14,28.78,30.46,33.16,43.15,38.2,35.38,33.9,29.47,30.68,32.62,33.97,34.14,37.14,,37.78,38.3,114.63
2009-04-22,33.3046,33.8266,41.61,36.57,32.83,28.82,30.23,32.85,43.01,37.94,35.13,33.65,29.55,30.45,32.39,33.73,33.84,38.1,,38.5,38.95,112.72
2009-04-23,34.0741,34.5458,42.49,37.4,33.59,29.13,30.9,33.62,43.95,38.7,35.82,34.32,29.79,31.1,33.04,34.4,34.56,37.15,,37.98,38.55,113.4
2009-04-24,32.9513,33.8316,41.13,35.96,32.15,28.61,29.58,32.18,43.29,37.96,35.01,33.49,29.81,30.24,32.18,33.56,33.84,36.82,,37.81,38.33,114.6
2009-04-27,34.8467,35.03,43.92,38.56,34.54,30.22,31.78,34.57,45.01,39.32,36.28,34.73,30.51,31.43,33.4,34.8,35.03,38.32,,38.63,38.88,114.12
2009-04-28,34.0825,34.4513,43.25,37.92,33.87,29.49,31.11,33.9,44.3,38.64,35.57,34.0,29.52,30.65,32.66,34.08,34.45,37.95,,38.4,38.74,114.13
2009-04-29,32.6225,33.0957,40.79,35.73,32.1,28.46,29.71,32.12,42.65,37.15,34.18,32.65,28.67,29.37,31.34,32.72,33.1,36.08,,36.49,37.36,114.6
2009-04-30,32.64,33.1963,40.23,34.97,31.55,28.62,29.53,31.58,42.8,37.41,34.42,32.87,28.9,29.5,31.53,32.95,33.21,36.5,,36.73,36.84,114.86
2009-05-01,32.2216,33.0711,39.28,34.45,31.01,27.68,28.81,31.03,42.31,36.98,34.03,32.49,28.33,29.16,31.17,32.57,33.06,35.3,,35.84,36.38,115.21
2009-05-04,31.056,31.6151,39.77,34.34,31.0,28.91,29.05,31.02,40.85,35.42,32.52,31.05,28.38,28.4,29.78,31.11,31.6,34.53,,34.8,35.44,115.4
2009-05-05,30.5949,31.4826,36.74,32.76,30.04,28.19,28.4,30.05,39.91,34.81,32.1,30.71,28.15,28.16,29.51,30.77,31.47,33.36,,34.18,35.37,113.65
2009-05-06,29.8875,30.4795,35.68,31.77,29.2,27.87,27.96,29.21,38.51,33.73,31.12,29.78,27.7,27.7,28.61,29.84,30.47,32.45,,33.36,34.34,113.34
2009-05-07,31.2757,31.4184,36.75,32.98,30.56,28.99,29.22,30.57,39.98,35.16,32.5,31.12,28.62,28.62,29.92,31.18,31.4,33.44,,34.04,34.74,112.7
2009-05-08,28.9289,29.4886,33.44,29.85,27.76,27.36,27.36,27.76,36.96,32.51,30.09,28.84,27.47,27.47,27.85,28.89,29.47,32.05,,32.82,33.71,114.96
2009-05-11,29.7742,30.1653,38.3,33.57,30.5,28.73,28.99,30.5,37.88,33.37,30.91,29.65,27.49,27.49,28.52,29.68,30.15,32.87,,33.39,34.16,113.99
2009-05-12,28.8515,29.6143,33.78,29.12,26.8,25.43,25.65,26.8,36.69,32.32,29.95,28.74,26.61,26.61,27.66,28.77,29.58,31.8,,32.77,33.9,115.66
2009-05-13,30.4236,30.884,35.78,30.77,28.18,28.05,27.37,28.19,38.5,33.95,31.53,30.32,27.1,27.71,29.26,30.35,30.86,33.65,,33.83,34.56,116.32
2009-05-14,28.3378,29.3182,28.57,23.32,20.33,22.39,21.11,20.33,36.16,31.74,29.44,28.28,25.34,25.79,27.27,28.31,29.29,31.37,,32.25,33.14,116.5
2009-05-15,29.3938,29.9687,37.83,32.87,29.28,26.18,26.89,29.31,38.54,33.56,30.85,29.45,25.54,26.42,28.24,29.51,29.95,33.12,,33.22,33.85,119.06
2009-05-18,26.9622,28.2254,34.79,30.13,26.86,24.54,24.76,26.88,36.18,31.27,28.68,27.37,24.29,24.58,26.24,27.42,28.2,30.24,,31.23,32.22,119.21
2009-05-19,25.1785,27.0473,32.25,28.05,25.14,23.36,23.48,25.16,34.47,29.82,27.34,26.08,23.37,23.56,25.0,26.13,27.03,28.8,,30.42,31.5,117.92
2009-05-20,25.6689,27.2893,32.63,28.46,25.62,23.67,23.93,25.63,34.97,30.12,27.65,26.43,23.52,23.88,25.39,26.47,27.27,29.03,,30.74,31.75,113.96
2009-05-21,28.4021,29.3002,37.65,32.05,28.33,25.27,26.1,28.36,38.95,33.12,30.17,28.7,24.47,25.6,27.45,28.76,29.29,31.35,,32.39,33.01,117.1
2009-05-22,27.4827,28.9669,37.77,31.56,27.33,23.67,24.65,27.35,38.23,32.47,29.57,28.12,24.12,25.04,26.88,28.17,28.96,32.63,,33.04,33.72,118.81
2009-05-26,26.5358,27.8694,36.86,30.63,26.35,23.15,23.7,26.37,37.04,31.29,28.34,26.87,23.3,23.82,25.61,26.92,27.86,30.62,,31.53,32.31,120.89
2009-05-27,27.5819,28.5486,37.95,31.87,27.52,23.43,24.68,27.54,37.92,32.12,29.14,27.65,23.29,24.45,26.37,27.71,28.54,32.36,,32.47,33.11,120.04
2009-05-28,27.3036,28.4464,37.63,31.44,27.11,23.65,24.39,27.13,38.07,32.01,28.96,27.45,23.63,24.29,26.16,27.5,28.43,31.67,,32.05,32.93,122.33
2009-05-29,26.0189,27.6757,36.08,29.81,25.67,22.51,23.11,25.69,36.57,30.84,27.91,26.47,22.9,23.46,25.23,26.51,27.66,28.92,,30.43,31.8,122.99
2009-06-01,25.3184,26.5147,33.49,28.13,25.26,24.76,24.76,25.27,34.9,29.58,26.84,25.48,23.85,23.85,24.38,25.52,26.51,30.04,,30.6,31.72,122.09
2009-06-02,25.462,26.6397,32.52,27.77,25.17,24.68,24.68,25.18,34.84,29.66,26.98,25.66,24.1,24.1,24.61,25.69,26.63,29.63,,30.58,31.66,120.94
2009-06-03,27.3898,28.5806,34.43,29.34,26.47,25.11,25.15,26.48,37.42,31.98,29.14,27.73,25.1,25.1,26.51,27.77,28.56,31.02,,32.19,32.88,121.19
2009-06-04,26.1776,27.7177,32.15,27.94,25.44,24.74,24.74,25.44,35.53,30.45,27.82,26.53,24.77,24.77,25.44,26.56,27.7,30.18,,31.58,32.55,119.37
2009-06-05,25.7145,27.6284,30.54,26.68,24.23,23.42,23.42,24.23,35.14,30.19,27.56,26.25,24.36,24.36,25.12,26.28,27.6,29.62,,31.6,32.65,118.83
2009-06-08,25.5355,27.5397,30.02,26.28,24.08,23.56,23.56,24.08,34.44,29.67,27.16,25.91,24.3,24.3,24.88,25.93,27.52,29.77,,31.77,32.73,119.44
2009-06-09,24.4458,26.691,27.55,24.41,22.45,21.92,21.92,22.45,32.93,28.38,26.01,24.83,23.15,23.15,23.83,24.85,26.68,28.27,,30.67,32.1,119.24
2009-06-10,25.6517,27.2165,28.58,25.14,22.78,21.67,21.75,22.79,34.21,29.27,26.76,25.51,23.29,23.37,24.44,25.53,27.21,28.46,,30.61,32.04,121.61
2009-06-11,24.543,25.7949,28.16,24.38,22.35,21.99,21.99,22.35,32.71,27.91,25.56,24.4,23.01,23.01,23.45,24.42,25.79,28.11,,29.93,31.35,117.88
2009-06-12,24.1099,25.632,26.69,22.65,20.79,20.5,20.5,20.79,33.11,27.63,25.15,24.0,22.74,22.74,23.08,24.02,25.63,28.15,,29.5,31.0,120.98
2009-06-15,26.9,27.4242,35.5,29.95,27.23,26.28,26.33,27.23,37.07,31.04,28.17,26.8,24.06,24.29,25.64,26.82,27.43,30.81,,31.34,32.51,118.2
2009-06-16,27.382,27.9014,37.19,30.79,27.82,27.39,26.81,27.82,38.17,31.72,28.71,27.27,23.97,24.41,26.05,27.3,27.9,32.68,,32.79,33.25,125.05
2009-06-17,26.7515,27.9853,31.97,26.96,24.38,25.42,24.13,24.38,37.22,30.95,28.03,26.65,23.2,23.92,25.49,26.67,27.98,31.54,,32.89,33.09,123.17
2009-06-18,25.0777,27.0592,22.79,20.13,17.05,18.82,18.18,17.05,35.06,29.07,26.31,25.01,21.96,22.5,23.92,25.03,27.06,30.03,,31.51,32.46,123.72
2009-06-19,23.5999,26.2714,32.86,27.32,23.41,20.44,20.97,23.43,36.02,30.05,27.01,25.5,20.51,22.35,24.23,25.57,26.28,27.99,,30.64,32.2,123.78
2009-06-22,27.1149,28.248,35.82,30.69,26.85,22.82,24.3,26.86,38.51,32.34,29.18,27.61,22.2,24.34,26.28,27.67,28.25,31.17,,33.01,33.35,116.79
2009-06-23,26.956,27.9298,34.83,30.2,26.64,22.78,24.23,26.66,37.79,32.01,28.96,27.42,22.04,24.19,26.12,27.49,27.93,30.58,,32.42,32.99,116.01
2009-06-24,25.8773,27.2444,33.6,28.92,25.4,21.94,23.14,25.41,36.69,31.07,28.08,26.58,21.3,23.41,25.3,26.63,27.25,29.05,,31.07,32.17,116.97
2009-06-25,23.647,25.6257,30.59,26.21,23.02,20.07,20.95,23.03,33.93,28.78,26.01,24.64,19.84,21.73,23.46,24.69,25.63,26.36,,29.41,30.93,115.51
2009-06-26,22.7739,25.1706,29.22,24.95,21.9,18.97,19.91,21.91,33.0,27.94,25.27,23.97,19.44,21.24,22.86,24.02,25.17,25.93,,29.28,30.77,115.72
2009-06-29,22.0342,24.1961,28.62,24.24,21.24,18.83,19.46,21.25,31.57,26.7,24.14,22.85,18.36,20.15,21.76,22.9,24.19,25.35,,28.2,29.77,117.16
2009-06-30,22.9751,24.9972,29.45,25.03,21.97,19.27,20.14,21.98,32.78,27.71,25.06,23.74,19.1,20.97,22.62,23.79,24.99,26.35,,28.76,30.08,117.03
2009-07-01,22.7794,24.8674,28.84,24.6,21.74,19.37,20.05,21.74,32.15,27.36,24.79,23.51,19.02,20.8,22.4,23.55,24.85,26.22,,28.96,30.13,116.68
2009-07-02,24.6077,26.5522,30.63,26.64,23.74,21.3,22.07,23.75,34.23,29.3,26.59,25.25,20.7,22.45,24.11,25.3,26.52,27.95,,30.53,31.21,115.08
2009-07-06,26.1411,27.1483,33.45,29.24,26.28,24.39,24.75,26.29,35.62,30.38,27.62,26.26,21.59,23.42,25.11,26.31,27.14,29.0,,30.79,31.41,118.41
2009-07-07,26.7448,27.7331,33.69,29.58,26.75,24.97,25.29,26.76,35.99,30.91,28.18,26.83,22.26,24.04,25.69,26.88,27.72,30.85,,32.09,32.27,116.35
2009-07-08,28.7619,28.8723,35.72,31.76,28.86,27.17,27.36,28.86,37.89,32.69,29.93,28.55,23.74,25.66,27.38,28.6,28.88,31.3,,32.42,32.98,114.25
2009-07-09,26.8701,27.8436,31.02,27.57,25.14,24.02,24.03,25.14,35.22,30.56,28.0,26.71,22.27,24.0,25.61,26.75,27.84,29.78,,31.67,32.19,115.2
2009-07-10,26.4742,28.0121,28.97,25.72,23.65,22.85,22.75,23.65,34.7,30.07,27.58,26.34,22.14,23.75,25.27,26.37,27.99,29.02,,31.71,32.19,113.2
2009-07-13,24.9389,26.5769,30.63,27.09,25.2,24.61,24.4,25.2,32.63,28.33,26.0,24.81,20.76,22.32,23.78,24.84,26.58,26.31,,30.1,31.13,113.3
2009-07-14,24.2889,26.1541,28.3,25.38,23.5,23.49,22.86,23.5,31.88,27.57,25.32,24.19,20.27,21.81,23.21,24.21,26.16,25.02,,29.58,30.8,115.44
2009-07-15,23.6201,25.4312,25.95,22.17,20.24,23.0,20.53,20.24,31.23,26.82,24.58,23.5,20.23,21.39,22.6,23.53,25.44,25.89,,29.11,30.3,115.75
2009-07-16,22.6262,24.7714,19.11,18.19,16.59,18.92,18.08,16.59,29.88,25.64,23.55,22.56,19.62,20.65,21.74,22.58,24.78,25.42,,28.61,30.04,116.89
2009-07-17,22.1364,24.8879,29.05,25.07,22.11,19.37,20.28,22.13,32.31,27.57,25.07,23.85,19.82,21.32,22.82,23.9,24.91,24.34,,28.65,29.75,116.43
2009-07-20,21.8913,24.3517,28.25,24.57,21.88,19.4,20.23,21.9,31.35,26.83,24.46,23.31,19.65,20.95,22.34,23.35,24.36,24.4,,27.59,29.11,116.31
2009-07-21,21.681,24.4985,27.14,23.96,21.69,19.73,20.34,21.71,30.94,26.63,24.41,23.33,19.97,21.12,22.43,23.38,24.5,23.87,,27.44,28.81,116.79
2009-07-22,21.1809,23.9912,26.1,23.23,21.19,19.41,19.94,21.2,30.0,25.97,23.88,22.85,19.67,20.74,21.98,22.89,23.99,23.47,,27.22,28.63,112.41
2009-07-23,21.0949,23.341,25.76,22.95,21.09,19.73,19.95,21.11,28.91,25.17,23.26,22.31,19.9,20.31,21.49,22.34,23.34,23.43,,26.96,28.38,112.07
2009-07-24,20.6896,23.4176,25.17,22.38,20.61,19.31,19.54,20.62,28.49,24.85,23.01,22.1,19.74,20.18,21.31,22.13,23.4,23.09,,26.37,27.93,114.04
2009-07-27,21.7604,23.8741,26.06,23.3,21.53,20.3,20.49,21.54,29.44,25.48,23.54,22.6,20.31,20.67,21.8,22.63,23.84,24.28,,26.99,28.29,114.05
2009-07-28,22.171,24.643,26.88,23.68,21.78,20.62,20.81,21.79,30.75,26.32,24.21,23.21,20.78,21.2,22.37,23.24,24.6,25.01,,27.96,29.14,116.18
2009-07-29,22.7046,25.314,28.03,24.48,22.3,20.71,21.07,22.31,31.77,27.02,24.76,23.68,20.94,21.53,22.79,23.72,25.24,25.61,,28.42,29.46,116.74
2009-07-30,21.9498,24.352,26.27,23.32,21.47,20.58,20.64,21.48,30.16,25.84,23.81,22.83,21.25,21.27,22.01,22.86,24.3,25.4,,28.19,29.24,115.41
2009-07-31,22.2909,24.4792,26.69,23.71,21.87,20.93,21.0,21.88,30.32,25.98,23.97,23.02,21.13,21.23,22.24,23.05,24.42,25.92,,28.4,29.06,108.94
2009-08-03,22.716,24.4572,27.37,24.43,22.53,21.63,21.66,22.53,30.23,26.02,24.02,23.05,21.41,21.45,22.24,23.08,24.39,25.56,,27.71,28.78,114.03
2009-08-04,22.3602,24.0802,26.45,23.73,22.02,21.26,21.3,22.02,29.73,25.55,23.63,22.73,21.22,21.27,22.0,22.76,24.02,24.89,,27.22,28.48,114.94
2009-08-05,21.7647,23.7623,25.83,22.91,21.21,20.63,20.65,21.21,29.09,25.04,23.13,22.22,20.7,20.73,21.46,22.24,23.7,24.9,,27.17,28.64,117.11
2009-08-06,22.6983,24.5644,26.66,23.71,21.89,20.95,21.05,21.89,30.17,26.04,24.07,23.12,21.33,21.43,22.32,23.14,24.5,25.67,,27.98,29.05,115.22
2009-08-07,21.7979,23.4915,25.27,22.57,20.85,20.34,20.34,20.85,28.77,24.91,23.05,22.15,20.86,20.86,21.39,22.16,23.45,24.76,,27.11,28.36,113.77
2009-08-10,22.157,23.9814,26.19,23.07,21.08,20.26,20.27,21.09,29.32,25.29,23.4,22.51,21.02,21.04,21.77,22.53,23.95,24.99,,27.06,28.31,117.02
2009-08-11,22.4881,24.5558,26.21,22.89,20.88,19.95,20.08,20.89,30.23,25.89,23.83,22.86,20.96,21.13,22.06,22.88,24.51,25.99,,28.1,29.19,117.61
2009-08-12,22.164,24.0715,25.35,21.46,19.56,19.08,19.08,19.56,29.52,25.11,23.06,22.09,20.67,20.67,21.29,22.11,24.02,25.45,,27.74,28.86,119.64
2009-08-13,21.9569,24.1059,25.1,21.18,19.31,18.81,18.81,19.31,29.12,24.85,22.87,21.92,20.46,20.46,21.14,21.94,24.05,24.71,,27.28,28.73,121.85
2009-08-14,22.1063,24.2929,25.87,21.8,19.77,18.62,18.82,19.77,29.56,25.13,23.07,22.09,20.05,20.28,21.28,22.11,24.24,24.27,,27.11,28.54,118.75
2009-08-17,24.3911,26.047,31.71,26.86,24.3,23.01,23.08,24.3,32.49,27.66,25.39,24.32,21.66,22.27,23.43,24.34,26.0,27.89,,29.93,30.75,116.58
2009-08-18,22.9371,25.1767,26.61,22.67,20.24,19.78,19.52,20.24,30.93,26.12,23.92,22.89,20.47,20.96,22.05,22.91,25.15,26.18,,28.9,30.09,118.11
2009-08-19,22.6634,24.9712,25.55,21.43,18.97,18.75,18.65,18.97,31.07,26.01,23.71,22.62,20.14,20.57,21.74,22.64,24.96,26.26,,28.48,29.97,121.73
2009-08-20,20.8343,24.0918,17.39,15.59,12.04,12.52,12.35,12.04,29.13,23.99,21.81,20.79,18.97,19.03,20.0,20.8,24.09,25.09,,28.29,29.73,121.53
2009-08-21,21.018,23.7673,28.75,23.89,20.85,18.75,19.22,20.85,31.3,26.18,23.64,22.47,18.83,20.16,21.49,22.49,23.67,25.01,,27.77,29.3,122.9
2009-08-24,21.4548,24.1924,28.32,23.76,20.86,18.85,19.3,20.87,31.82,26.7,24.15,22.95,19.2,20.57,21.94,22.97,24.23,25.14,,28.16,29.7,121.16
2009-08-25,21.4514,24.2622,27.16,23.18,20.78,19.39,19.61,20.79,31.39,26.46,24.08,22.95,19.44,20.74,22.02,22.98,24.18,24.92,,28.16,29.65,119.05
2009-08-26,21.5337,24.4227,26.75,22.98,20.56,19.11,19.34,20.57,31.33,26.51,24.17,23.07,19.65,20.91,22.16,23.1,24.64,24.95,,28.36,29.87,118.71
2009-08-27,21.2252,24.4378,26.04,22.31,20.03,18.73,18.94,20.04,31.2,26.29,23.97,22.88,19.49,20.72,21.97,22.9,24.5,24.68,,28.41,29.77,117.71
2009-08-28,21.3755,24.5173,25.47,22.1,19.97,18.64,18.92,19.97,31.25,26.37,24.05,22.96,19.78,20.87,22.06,22.98,24.47,24.76,,28.5,29.49,117.67
2009-08-31,22.4542,25.1843,26.59,22.82,20.48,19.09,19.36,20.48,32.23,27.19,24.79,23.65,20.1,21.4,22.7,23.67,25.32,26.01,,29.17,30.13,120.14
2009-09-01,25.1008,26.8487,32.63,27.15,24.04,22.08,22.49,24.05,35.0,29.56,26.92,25.69,21.93,23.28,24.67,25.72,26.68,29.15,,30.88,31.53,118.26
2009-09-02,24.9393,27.1184,31.51,26.36,23.2,20.98,21.55,23.2,35.1,29.59,26.97,25.73,21.96,23.3,24.7,25.76,26.79,28.9,,31.04,31.62,118.41
2009-09-03,23.2164,25.6983,28.23,23.92,21.11,19.32,19.7,21.11,32.65,27.63,25.25,24.1,20.53,21.83,23.14,24.12,25.89,27.1,,29.6,30.5,119.38
2009-09-04,21.4076,24.6295,25.16,21.39,18.84,17.37,17.6,18.85,30.75,25.93,23.62,22.52,19.24,20.4,21.62,22.55,24.59,25.26,,28.48,29.67,119.73
2009-09-08,21.668,24.3167,24.92,21.01,18.66,17.57,17.64,18.66,30.57,25.68,23.34,22.24,18.99,20.12,21.32,22.25,24.46,25.62,,28.21,29.32,120.55
2009-09-09,21.0787,23.4538,23.29,19.59,17.56,16.71,16.64,17.57,29.1,24.34,22.1,21.04,18.02,19.05,20.18,21.06,23.62,24.32,,27.29,28.58,120.83
2009-09-10,20.355,22.7014,22.05,18.44,16.56,16.21,15.83,16.57,28.0,23.5,21.42,20.43,17.64,18.59,19.65,20.46,22.81,23.55,,26.51,27.83,121.26
2009-09-11,20.9437,23.0388,21.68,18.56,16.75,16.61,16.08,16.75,28.57,24.05,21.93,20.94,18.27,19.13,20.16,20.96,22.94,24.15,,26.56,27.83,120.23
2009-09-14,20.5829,22.7944,23.11,19.45,17.59,17.81,17.12,17.59,28.22,23.59,21.58,20.64,18.24,18.98,19.93,20.66,22.86,23.86,,26.41,27.56,121.0
2009-09-15,20.2906,22.5235,22.13,18.97,17.1,17.29,16.72,17.1,27.55,23.31,21.33,20.38,17.92,18.69,19.66,20.41,22.39,23.42,,26.33,27.55,118.46
2009-09-16,20.5573,22.2725,23.87,20.94,18.48,18.07,18.22,18.48,27.47,23.32,21.44,20.55,18.34,19.0,19.87,20.56,22.28,23.69,,25.87,27.54,113.62
2009-09-17,20.512,22.434,17.94,16.21,12.82,15.37,14.47,12.84,27.07,23.04,21.27,20.42,18.58,19.0,19.78,20.42,22.49,23.65,,25.94,27.2,118.95
2009-09-18,20.7314,22.7801,27.1,23.23,20.72,18.91,19.33,20.75,29.6,25.66,23.34,22.24,18.86,20.07,21.35,22.3,22.62,23.92,,26.54,27.63,117.02
2009-09-21,20.9324,22.9572,26.92,23.0,20.45,18.41,18.96,20.46,29.99,25.72,23.41,22.31,18.86,20.12,21.4,22.34,22.83,24.06,,26.23,27.54,119.14
2009-09-22,20.0662,22.4734,25.53,21.87,19.47,17.73,18.18,19.47,28.98,24.79,22.59,21.55,18.34,19.49,20.68,21.58,22.47,23.08,,25.69,27.32,118.16
2009-09-23,20.6075,22.8002,25.73,22.18,19.79,17.88,18.43,19.78,29.5,25.11,22.89,21.83,18.55,19.73,20.94,21.84,22.25,23.49,,26.09,27.6,117.44
2009-09-24,21.7515,23.6263,27.74,23.87,21.16,18.82,19.53,21.18,30.92,26.48,24.05,22.89,19.22,20.59,21.94,22.95,23.66,24.95,,27.13,28.5,116.65
2009-09-25,21.7683,23.4877,28.1,23.94,21.17,18.79,19.55,21.18,30.83,26.26,23.79,22.62,18.94,20.29,21.65,22.66,23.47,25.61,,27.21,28.47,118.01
2009-09-28,21.4626,22.8314,27.96,23.82,20.83,18.23,19.05,20.83,30.55,25.7,23.2,22.01,18.34,19.67,21.02,22.04,22.82,24.88,,26.27,27.84,119.1
2009-09-29,21.446,22.7014,28.08,23.8,20.74,18.3,19.01,20.75,30.63,25.66,23.17,21.98,18.3,19.66,21.0,22.02,22.7,25.19,,26.48,28.0,119.84
2009-09-30,22.418,23.1417,29.38,25.03,21.93,19.42,20.18,21.94,31.43,26.5,23.93,22.7,18.78,20.24,21.67,22.73,23.14,25.61,,26.66,27.77,120.86
2009-10-01,24.326,24.3529,32.27,27.36,24.0,21.17,22.05,24.01,33.52,28.37,25.64,24.33,20.08,21.69,23.24,24.37,24.37,28.27,,28.33,29.28,117.81
2009-10-02,24.8675,24.8867,32.89,27.85,24.43,21.49,22.43,24.44,34.14,29.03,26.21,24.88,20.6,22.2,23.76,24.91,24.9,28.68,,28.8,29.66,118.55
2009-10-05,23.1946,23.7267,29.7,25.36,22.19,19.74,20.41,22.19,32.36,27.25,24.66,23.4,19.4,20.88,22.34,23.43,23.74,26.84,,27.61,28.73,118.5
2009-10-06,21.9719,22.846,27.2,23.48,20.8,18.94,19.4,20.8,30.75,25.86,23.44,22.27,18.61,19.95,21.29,22.3,22.86,25.7,,26.73,28.06,117.82
2009-10-07,21.9002,22.744,25.89,22.27,19.84,18.3,18.62,19.84,29.73,25.23,22.93,21.82,18.42,19.63,20.89,21.85,22.75,24.68,,26.12,27.59,117.65
2009-10-08,21.6838,22.4861,24.81,21.15,19.1,18.14,18.14,19.1,28.92,24.69,22.56,21.54,18.5,19.56,20.69,21.56,22.49,24.18,,25.74,27.32,119.92
2009-10-09,20.5912,21.7639,21.13,18.2,16.24,15.7,15.41,16.24,27.71,23.54,21.49,20.51,17.64,18.63,19.7,20.53,21.77,23.12,,25.08,26.75,120.87
2009-10-12,20.8562,21.8426,26.37,22.27,19.87,19.63,19.07,19.87,28.18,23.82,21.77,20.81,18.11,19.03,20.04,20.83,21.85,23.01,,25.17,26.75,119.55
2009-10-13,20.4273,21.6378,27.06,21.94,19.18,19.83,18.89,19.18,27.6,23.34,21.32,20.36,17.87,18.64,19.61,20.38,21.65,22.99,,25.09,26.79,120.77
2009-10-14,20.1394,21.3185,24.33,20.58,18.74,20.67,19.31,18.74,27.22,22.95,21.0,20.08,17.69,18.43,19.36,20.1,21.34,22.86,,24.58,26.58,121.31
2009-10-15,19.3454,20.9294,19.78,18.77,16.99,18.53,17.97,16.99,26.36,22.12,20.2,19.3,17.17,17.74,18.61,19.31,20.95,21.72,,24.22,26.16,120.03
2009-10-16,18.869,20.8239,25.64,21.56,18.87,16.99,17.42,18.88,28.03,23.49,21.24,20.2,17.27,18.25,19.36,20.23,20.84,21.43,,24.4,26.32,119.05
2009-10-19,18.5644,20.5554,25.22,21.2,18.56,16.46,17.06,18.57,27.88,23.12,20.89,19.85,16.95,17.91,19.01,19.88,20.57,21.49,,24.15,25.94,117.25
2009-10-20,18.6829,20.7077,24.76,21.08,18.71,16.96,17.39,18.72,27.74,23.18,21.04,20.03,17.18,18.14,19.22,20.06,20.72,20.9,,23.72,25.86,116.9
2009-10-21,18.3178,20.4391,24.32,20.7,18.34,16.57,17.03,18.35,27.47,22.95,20.8,19.8,16.94,17.91,18.98,19.83,20.46,22.22,,24.55,26.41,118.6
2009-10-22,17.9284,20.1138,23.34,20.13,17.94,16.13,16.68,17.95,26.67,22.49,20.41,19.41,16.56,17.52,18.59,19.44,20.14,20.69,,23.35,25.59,118.09
2009-10-23,19.4534,21.0729,25.68,21.88,19.39,17.36,17.96,19.41,27.96,23.66,21.53,20.51,17.45,18.53,19.67,20.54,21.09,22.27,,24.31,26.28,117.51
2009-10-26,21.5876,22.1071,28.87,24.45,21.48,19.11,19.8,21.5,30.05,25.3,22.97,21.86,18.62,19.74,20.95,21.89,22.14,24.31,,25.37,27.07,118.33
2009-10-27,21.3095,21.9493,29.0,24.3,21.17,18.56,19.36,21.19,30.09,25.12,22.75,21.62,18.27,19.44,20.69,21.65,21.97,24.83,,25.46,27.11,118.9
2009-10-28,23.4378,23.4168,32.51,27.11,23.4,20.35,21.27,23.42,32.73,27.37,24.65,23.38,19.47,20.9,22.34,23.42,23.45,27.91,,27.42,28.29,118.37
2009-10-29,21.398,22.2159,29.51,24.43,20.99,17.96,18.95,21.0,30.7,25.53,23.02,21.82,18.1,19.45,20.81,21.85,22.24,24.76,,25.66,27.12,120.82
2009-10-30,26.3348,25.1475,41.04,32.49,26.78,22.1,23.58,26.8,36.56,30.6,27.16,25.59,20.85,22.53,24.29,25.63,25.18,30.69,,29.07,29.49,122.75
2009-11-02,25.5089,25.109,38.98,30.99,25.73,21.23,22.76,25.77,36.79,30.41,26.94,25.34,20.41,22.21,24.03,25.39,25.15,29.78,,28.82,29.36,121.9
2009-11-03,24.5258,24.9424,35.89,29.04,24.27,19.95,21.44,24.3,35.43,29.4,26.19,24.69,19.89,21.69,23.43,24.73,24.97,28.81,,28.87,29.32,118.53
2009-11-04,23.4126,24.1978,32.01,26.6,22.8,19.51,20.61,22.82,33.49,27.89,25.05,23.7,19.47,21.02,22.56,23.73,24.2,27.72,,28.18,29.04,119.75
2009-11-05,22.0272,23.259,29.21,24.66,21.23,18.14,19.17,21.25,31.68,26.29,23.65,22.39,18.47,19.9,21.33,22.41,23.26,25.43,,26.61,27.92,119.83
2009-11-06,20.8754,22.5773,26.65,22.6,19.54,17.06,17.8,19.55,30.12,25.05,22.58,21.39,17.73,19.06,20.4,21.42,22.58,24.19,,25.88,27.47,120.14
2009-11-09,19.9059,21.4489,24.92,21.45,18.9,17.33,17.61,18.9,27.88,23.41,21.21,20.15,17.14,18.16,19.3,20.18,21.45,23.15,,24.41,26.77,114.4
2009-11-10,19.7155,21.5566,23.79,20.18,18.06,17.01,17.08,18.06,27.56,23.08,21.01,20.05,17.53,18.32,19.29,20.07,21.55,22.84,,24.71,26.74,119.65
2009-11-11,20.0131,21.7127,22.86,19.39,17.48,16.82,16.66,17.48,27.29,22.93,20.93,20.0,17.73,18.38,19.28,20.02,21.71,23.04,,24.97,27.02,119.21
2009-11-12,21.2156,22.8168,24.21,20.63,18.59,17.89,17.7,18.59,28.86,24.3,22.16,21.19,18.81,19.48,20.42,21.2,22.82,24.24,,26.07,27.8,118.38
2009-11-13,20.5141,22.4882,22.84,18.87,16.58,15.98,15.67,16.58,28.04,23.53,21.45,20.48,18.15,18.8,19.74,20.5,22.48,23.36,,25.6,27.56,120.72
2009-11-16,20.2294,22.1112,23.26,19.69,17.42,17.4,16.75,17.42,27.28,23.05,21.12,20.21,18.04,18.62,19.51,20.22,22.11,22.89,,25.15,27.19,114.53
2009-11-17,19.5296,21.9084,21.01,17.5,15.32,15.23,15.16,15.32,26.61,22.31,20.43,19.52,17.39,17.96,18.84,19.53,21.91,22.41,,25.04,27.2,119.32
2009-11-18,19.2771,21.7542,19.22,17.01,14.84,15.37,15.18,14.84,25.99,21.95,20.15,19.26,17.09,17.72,18.6,19.28,21.76,21.63,,24.72,27.19,114.75
2009-11-19,19.7174,22.0738,17.45,15.52,11.68,14.57,13.56,11.68,27.23,22.76,20.71,19.7,17.27,17.94,18.93,19.71,22.09,22.63,,25.11,27.58,119.35
2009-11-20,18.522,21.4545,26.39,21.39,18.45,16.44,16.95,18.46,28.6,23.43,21.1,20.0,16.65,17.89,19.1,20.03,21.48,22.19,,24.66,27.19,120.59
2009-11-23,17.5914,20.6793,24.07,19.9,17.21,15.47,15.87,17.22,26.74,22.13,19.96,18.94,16.07,17.05,18.11,18.96,20.71,21.16,,24.11,26.61,122.85
2009-11-24,17.1351,20.4323,23.05,19.08,16.57,15.13,15.39,16.58,25.88,21.62,19.54,18.57,15.86,16.76,17.78,18.59,20.46,20.47,,23.74,26.52,122.47
2009-11-25,17.2506,20.4073,22.98,19.03,16.68,15.51,15.66,16.69,25.65,21.45,19.44,18.5,15.93,16.79,17.75,18.52,20.43,20.48,,23.66,26.17,121.98
2009-11-27,20.9293,22.3958,30.05,24.4,21.0,18.62,19.27,21.02,29.79,24.73,22.34,21.22,18.08,19.15,20.33,21.26,22.42,24.85,,26.04,27.99,120.82
2009-11-30,20.6692,22.5991,29.27,23.74,20.32,17.95,18.58,20.33,29.98,24.6,22.16,21.04,17.9,18.96,20.12,21.06,22.61,24.51,,26.24,27.73,122.91
2009-12-01,18.6761,21.4195,24.66,20.42,17.82,16.26,16.6,17.83,27.24,22.62,20.42,19.39,16.59,17.51,18.57,19.41,21.42,21.92,,24.94,26.99,122.96
2009-12-02,18.2411,21.3353,23.2,19.44,16.92,15.51,15.75,16.92,26.19,22.03,20.01,19.06,16.45,17.31,18.3,19.08,21.34,21.12,,24.8,26.98,119.0
2009-12-03,18.6712,21.5598,22.94,19.55,17.29,16.34,16.35,17.29,26.82,22.45,20.36,19.38,16.75,17.6,18.6,19.4,21.56,22.46,,25.51,27.46,117.04
2009-12-04,18.7597,21.5507,23.29,19.48,17.13,16.38,16.25,17.13,26.84,22.45,20.39,19.42,16.86,17.67,18.66,19.44,21.56,21.25,,24.76,26.94,118.01
2009-12-07,19.2114,21.8508,23.72,19.67,17.38,16.68,16.52,17.38,26.81,22.59,20.6,19.68,17.33,18.03,18.95,19.69,21.85,22.1,,25.3,27.1,117.17
2009-12-08,20.1563,22.4904,26.6,21.82,18.82,17.35,17.51,18.82,28.61,23.78,21.51,20.46,17.73,18.57,19.62,20.47,22.49,23.69,,26.13,27.75,117.89
2009-12-09,19.9032,22.2553,24.95,20.21,17.59,16.33,16.43,17.59,28.09,23.21,20.91,19.84,17.01,17.89,18.99,19.85,22.25,22.66,,25.8,27.53,118.75
2009-12-10,19.2002,21.9296,23.61,18.86,16.51,15.72,15.56,16.51,27.44,22.5,20.22,19.14,16.43,17.25,18.32,19.16,21.92,22.32,,25.34,27.2,121.35
2009-12-11,18.3741,21.5199,21.08,17.28,14.93,14.24,14.06,14.93,26.17,21.51,19.35,18.31,15.63,16.47,17.52,18.32,21.51,21.59,,25.12,26.96,121.59
2009-12-14,17.8996,21.3249,21.25,17.5,15.21,15.26,14.86,15.21,25.29,20.83,18.86,17.86,15.31,16.12,17.12,17.87,21.32,21.15,,24.56,26.73,125.3
2009-12-15,18.2426,21.5507,22.43,18.08,15.48,15.69,15.37,15.48,26.16,21.35,19.25,18.21,15.68,16.43,17.44,18.22,21.55,21.49,,24.73,26.72,123.84
2009-12-16,17.7627,20.9279,21.85,17.82,14.28,14.09,14.16,14.28,25.52,20.83,18.76,17.73,15.32,16.01,16.99,17.74,20.94,20.54,,24.25,26.07,117.13
2009-12-17,18.6613,21.4074,18.99,16.58,11.56,13.51,12.81,11.56,27.37,22.04,19.75,18.63,15.94,16.75,17.81,18.63,21.42,22.51,,24.78,26.37,121.83
2009-12-18,18.3117,21.3819,27.0,21.59,18.18,15.67,16.37,18.19,28.72,24.02,21.47,20.26,16.49,17.89,19.27,20.3,21.4,21.68,,24.52,26.18,122.29
2009-12-21,16.823,20.3788,24.02,19.41,16.26,14.22,14.68,16.27,27.3,22.44,20.05,18.91,15.51,16.72,17.98,18.95,20.39,20.49,,23.53,25.51,124.33
2009-12-22,16.003,19.7846,22.86,18.26,15.29,13.48,13.85,15.3,26.14,21.52,19.21,18.1,14.8,15.98,17.19,18.13,19.78,19.54,,22.76,24.82,127.89
2009-12-23,16.0702,19.6299,22.72,18.13,15.24,13.49,13.86,15.24,25.93,21.26,19.03,17.97,14.87,15.96,17.1,17.99,19.62,19.71,,22.68,24.78,127.15
2009-12-24,15.8703,19.3599,22.06,17.54,14.88,13.56,13.73,14.89,25.42,20.94,18.75,17.72,14.8,15.79,16.88,17.74,19.35,19.47,,22.41,24.56,128.16
2009-12-28,16.5926,19.5301,22.68,18.18,15.39,14.03,14.18,15.39,25.6,21.06,18.89,17.87,15.06,15.99,17.06,17.89,19.5,19.93,,22.49,24.55,125.79
2009-12-29,16.3273,19.4331,21.66,17.64,15.05,13.79,13.92,15.05,25.03,20.66,18.56,17.57,14.87,15.74,16.78,17.59,19.4,20.01,,22.63,24.53,125.71
2009-12-30,16.6529,19.7895,22.18,17.91,15.19,13.89,14.0,15.19,25.55,21.06,18.88,17.85,15.03,15.95,17.03,17.87,19.75,19.96,,22.66,24.66,125.65
2009-12-31,17.0322,20.2009,23.53,18.51,15.56,14.11,14.25,15.56,26.5,21.56,19.25,18.18,15.2,16.2,17.32,18.2,20.15,21.68,,23.89,25.66,
2010-01-04,16.6042,19.7216,22.48,17.76,15.31,14.43,14.29,15.31,25.43,20.71,18.5,17.47,14.71,15.6,16.67,17.49,19.67,20.04,,22.77,24.61,123.84
2010-01-05,16.0735,19.3086,20.26,16.38,14.37,14.11,13.62,14.37,24.66,20.06,17.96,16.96,14.37,15.2,16.21,16.99,19.26,19.35,,22.39,24.22,122.99
2010-01-06,16.4293,18.625,19.01,15.84,13.99,14.19,13.48,13.99,23.57,19.21,17.31,16.41,14.31,14.89,15.75,16.42,18.62,19.16,,21.8,23.8,121.63
2010-01-07,16.2087,18.3174,19.56,16.35,14.44,14.33,13.83,14.44,23.34,18.96,17.09,16.19,14.11,14.69,15.54,16.21,18.31,19.06,,21.6,23.44,120.17
2010-01-08,15.919,18.0653,18.06,14.89,12.97,13.06,12.53,12.97,22.14,18.3,16.69,15.91,14.23,14.63,15.35,15.92,18.06,18.13,,21.0,22.92,120.15
2010-01-11,16.0781,18.0385,19.82,16.12,13.86,13.27,13.48,13.86,22.38,18.48,16.87,16.08,14.45,14.83,15.53,16.09,18.04,17.55,,21.27,22.89,119.1
2010-01-12,16.785,18.8812,20.96,17.02,14.41,13.86,14.07,14.41,23.71,19.46,17.67,16.81,14.94,15.41,16.19,16.82,18.89,18.25,,21.79,23.12,120.66
2010-01-13,15.5903,17.8144,19.18,16.22,12.55,12.9,12.77,12.55,22.9,18.27,16.42,15.51,13.52,14.08,14.89,15.53,17.82,17.85,,21.29,22.76,125.89
2010-01-14,15.0744,17.651,17.92,16.06,12.4,13.77,13.27,12.4,22.2,17.68,15.93,15.09,13.49,13.85,14.55,15.11,17.66,17.63,,20.71,22.41,125.06
2010-01-15,15.5939,18.3446,23.6,18.58,15.62,13.54,14.1,15.63,25.68,20.82,18.53,17.49,14.7,15.61,16.66,17.52,18.35,17.91,,21.48,23.02,124.32
2010-01-19,14.4278,17.5819,21.24,17.11,14.47,12.68,13.13,14.48,24.5,19.71,17.54,16.55,13.92,14.77,15.78,16.58,17.58,17.58,,20.89,22.45,124.28
2010-01-20,15.536,18.1771,23.05,18.5,15.62,13.62,14.15,15.63,25.48,20.59,18.33,17.29,14.45,15.41,16.48,17.32,18.17,18.68,,21.4,22.66,124.1
2010-01-21,18.0002,19.7141,27.94,21.88,18.06,15.03,15.97,18.08,28.69,23.03,20.27,18.98,15.3,16.57,17.93,19.02,19.69,22.27,,23.15,24.15,121.99
2010-01-22,22.6684,22.3224,36.44,28.41,22.63,17.7,19.35,22.65,33.33,27.41,23.85,22.23,17.32,19.11,20.91,22.28,22.32,27.31,,26.29,26.18,122.88
2010-01-25,20.3421,21.1078,32.54,25.16,20.3,16.38,17.65,20.33,31.31,25.29,22.17,20.69,16.12,17.82,19.47,20.74,21.08,25.41,,25.19,25.5,122.54
2010-01-26,20.0468,21.3488,28.65,23.48,19.9,16.69,17.75,19.92,30.1,24.53,21.91,20.66,16.85,18.23,19.63,20.7,21.3,24.55,,25.17,25.52,118.41
2010-01-27,19.8533,21.1149,28.11,23.11,19.58,16.58,17.53,19.61,29.96,24.46,21.84,20.58,16.76,18.13,19.55,20.63,21.09,23.14,,24.13,24.88,118.98
2010-01-28,19.788,21.1533,27.63,22.95,19.52,16.39,17.43,19.53,29.76,24.34,21.64,20.33,16.43,17.82,19.26,20.37,21.11,23.73,,24.67,25.38,117.98
2010-01-29,21.6833,22.4115,29.78,24.91,21.56,18.59,19.56,21.58,31.23,26.0,23.3,21.97,17.64,19.27,20.85,22.01,22.37,24.62,,25.38,25.69,117.5
2010-02-01,19.5305,20.6591,26.66,22.45,19.1,16.21,17.12,19.12,28.81,23.79,21.24,20.0,16.21,17.57,18.97,20.04,20.63,22.59,,23.64,24.78,119.22
2010-02-02,18.0236,19.7666,24.57,20.3,17.31,14.96,15.66,17.33,26.5,22.06,19.76,18.63,15.31,16.47,17.72,18.66,19.71,21.48,,22.93,24.12,120.46
2010-02-03,18.5317,20.2827,24.75,20.73,17.78,15.43,16.12,17.79,26.61,22.42,20.19,19.09,16.16,17.04,18.21,19.13,20.2,21.6,,23.0,24.12,119.95
2010-02-04,22.4875,22.8038,30.52,25.88,22.18,18.98,19.98,22.2,31.43,26.52,23.92,22.63,18.57,20.05,21.55,22.67,22.76,26.08,,25.98,26.37,116.02
2010-02-05,22.5193,23.0798,31.0,25.77,21.82,18.54,19.55,21.83,32.79,27.03,24.12,22.7,18.37,19.92,21.52,22.74,23.04,26.11,,26.0,26.65,118.75
2010-02-08,22.5816,23.1114,29.73,25.2,21.61,18.78,19.54,21.63,32.08,26.86,24.12,22.78,18.79,20.19,21.68,22.83,23.08,26.51,,26.43,26.88,117.68
2010-02-09,21.5788,22.5438,27.01,22.85,19.87,17.56,18.21,19.88,31.51,25.96,23.17,21.81,17.65,19.15,20.68,21.84,22.5,26.0,,26.04,26.65,120.43
2010-02-10,21.9363,22.6787,26.05,22.33,19.73,17.84,18.33,19.74,30.98,25.94,23.24,21.9,17.72,19.24,20.77,21.93,22.59,25.4,,25.87,26.46,118.51
2010-02-11,20.9738,21.8938,24.13,20.44,18.1,16.62,16.84,18.1,29.4,24.72,22.22,20.96,17.1,18.49,19.93,20.99,21.85,23.96,,24.57,25.67,120.13
2010-02-12,21.1777,22.1659,22.69,19.8,17.64,16.29,16.41,17.64,29.55,24.92,22.38,21.12,17.4,18.66,20.07,21.14,22.09,22.73,,24.46,25.58,113.71
2010-02-16,19.1453,20.8657,23.27,19.73,17.13,16.69,16.38,17.13,26.86,22.57,20.34,19.19,15.98,17.04,18.29,19.21,20.81,22.25,,23.57,24.88,120.89
2010-02-17,18.4697,20.4334,20.15,17.36,14.8,14.94,14.89,14.8,26.73,21.89,19.64,18.5,15.6,16.49,17.64,18.51,20.4,21.72,,23.29,24.55,119.63
2010-02-18,17.2758,19.6501,14.97,13.03,8.92,12.68,11.42,8.92,25.34,20.45,18.34,17.31,15.1,15.66,16.59,17.32,19.63,20.63,,22.78,23.96,122.56
2010-02-19,16.8481,19.1176,24.59,19.95,16.79,14.62,15.14,16.8,26.37,21.39,19.05,17.95,14.81,15.89,17.06,17.98,19.12,20.02,,22.31,23.53,118.53
2010-02-22,16.4167,18.564,23.49,19.19,16.24,14.36,14.77,16.25,24.94,20.48,18.31,17.29,14.41,15.39,16.48,17.31,18.57,19.94,,21.73,23.03,121.33
2010-02-23,18.1089,19.64,25.8,21.12,17.98,15.72,16.3,17.99,26.86,22.09,19.77,18.67,15.5,16.59,17.77,18.7,19.63,21.37,,22.62,23.71,120.82
2010-02-24,17.377,19.2007,24.49,20.18,17.14,14.99,15.54,17.15,25.8,21.3,19.09,18.03,14.94,16.03,17.18,18.06,19.2,20.27,,22.08,23.15,120.61
2010-02-25,17.2351,19.2261,24.63,20.16,16.97,14.58,15.25,16.98,25.88,21.31,19.0,17.89,14.68,15.8,17.0,17.92,19.22,20.1,,22.07,23.4,121.28
2010-02-26,16.2473,18.578,22.96,18.7,15.74,13.78,14.24,15.74,24.85,20.37,18.16,17.09,14.1,15.11,16.25,17.11,18.57,19.5,,21.65,23.01,120.13
2010-03-01,16.2763,18.4565,22.69,18.49,15.65,13.93,14.3,15.65,24.59,20.19,18.03,16.98,14.05,15.04,16.16,17.0,18.44,19.26,,21.44,22.71,120.8
2010-03-02,16.1039,18.19,21.59,17.91,15.33,13.97,14.17,15.34,23.78,19.65,17.68,16.73,14.31,15.05,16.01,16.75,18.18,19.06,,21.18,22.48,120.28
2010-03-03,15.9744,17.9895,21.2,17.61,15.13,13.84,13.99,15.14,23.47,19.43,17.5,16.56,14.13,14.89,15.84,16.57,17.98,18.83,,20.97,22.46,119.03
2010-03-04,15.6433,18.1079,20.56,16.83,14.71,13.68,13.76,14.72,23.5,19.3,17.33,16.38,14.16,14.75,15.67,16.4,18.08,18.72,,21.03,22.49,120.75
2010-03-05,14.6777,17.1881,18.17,15.09,13.52,13.43,12.95,13.52,21.8,17.91,16.19,15.33,13.3,13.89,14.71,15.35,17.17,17.42,,20.23,22.15,118.03
2010-03-08,15.0146,17.1652,17.33,15.07,13.81,13.95,13.47,13.81,21.6,17.92,16.29,15.47,13.58,14.12,14.89,15.48,17.16,17.79,,20.26,21.89,117.56
2010-03-09,15.4904,17.4218,17.32,15.03,13.73,14.0,13.4,13.73,22.16,18.36,16.7,15.88,14.07,14.54,15.29,15.89,17.42,17.92,,20.16,21.74,116.64
2010-03-10,15.9153,17.5228,17.51,14.89,13.49,14.11,13.37,13.49,22.06,18.29,16.7,15.92,14.36,14.71,15.38,15.93,17.52,18.57,,20.51,22.15,117.98
2010-03-11,16.0388,18.0099,16.75,14.09,12.73,13.49,12.68,12.73,21.99,18.39,16.81,16.02,14.3,14.74,15.46,16.03,18.0,18.06,,20.7,22.76,117.48
2010-03-12,15.7307,17.8467,16.73,13.9,12.43,13.16,12.38,12.43,21.37,17.99,16.47,15.72,13.96,14.47,15.18,15.73,17.84,17.58,,20.27,22.32,118.96
2010-03-15,15.7118,17.928,19.21,15.72,13.58,13.25,13.37,13.58,21.66,18.11,16.5,15.71,13.8,14.38,15.14,15.71,17.93,18.0,,20.72,22.25,120.63
2010-03-16,14.9566,17.3889,18.98,15.64,12.92,13.59,13.34,12.92,20.78,17.3,15.73,14.96,13.36,13.74,14.44,14.96,17.39,17.69,,20.16,21.94,123.51
2010-03-17,14.5569,17.0506,16.07,14.66,11.97,13.27,12.8,11.97,20.06,16.78,15.29,14.55,13.15,13.44,14.07,14.56,17.06,16.91,,19.72,21.45,119.66
2010-03-18,14.1231,16.8411,16.41,14.12,9.15,12.46,11.33,9.15,19.55,16.36,14.87,14.13,12.55,12.96,13.64,14.13,16.85,16.62,,19.48,21.37,120.27
2010-03-19,14.4388,17.2347,20.07,16.64,14.33,12.86,13.19,14.34,23.17,19.26,17.33,16.42,13.79,14.7,15.68,16.44,17.25,16.97,,19.95,21.84,121.97
2010-03-22,14.1514,16.979,19.13,15.89,13.62,12.08,12.47,13.63,22.99,18.87,16.91,15.98,13.44,14.28,15.25,16.0,16.99,16.87,,20.11,21.65,123.63
2010-03-23,13.6859,16.5136,17.7,14.99,13.02,11.66,12.01,13.02,21.94,18.13,16.32,15.45,13.04,13.85,14.77,15.47,16.52,16.35,,19.68,21.39,121.18
2010-03-24,14.739,17.1231,19.09,16.09,14.13,13.0,13.23,14.14,23.03,18.95,17.05,16.15,13.68,14.51,15.45,16.18,17.12,17.55,,20.08,21.84,122.67
2010-03-25,14.9547,17.0736,19.58,16.45,14.38,13.14,13.4,14.38,22.85,18.85,16.98,16.09,13.66,14.46,15.39,16.11,17.07,18.4,,20.58,22.06,122.14
2010-03-26,15.1548,17.3714,19.92,16.52,14.27,12.83,13.18,14.27,23.76,19.43,17.4,16.45,13.77,14.68,15.69,16.47,17.37,17.77,,20.06,21.73,123.14
2010-03-29,14.8159,16.9326,19.28,15.85,13.67,12.25,12.57,13.67,22.9,18.7,16.76,15.83,13.31,14.15,15.12,15.85,16.93,17.59,,19.85,21.61,123.2
2010-03-30,14.4298,16.69,18.52,15.15,13.15,11.83,12.13,13.16,22.13,18.24,16.39,15.48,12.98,13.83,14.79,15.5,16.68,17.13,,19.54,21.4,124.03
2010-03-31,14.7227,16.9693,19.21,15.62,13.56,12.2,12.51,13.56,22.65,18.48,16.56,15.64,13.08,13.95,14.93,15.66,16.95,17.59,,19.92,21.58,123.7
2010-04-01,14.8068,17.1514,18.9,15.43,13.46,12.3,12.48,13.46,22.8,18.59,16.66,15.72,13.12,14.02,15.01,15.74,17.13,17.47,,19.9,21.7,123.93
2010-04-05,14.164,16.5541,17.85,14.7,12.81,12.1,12.04,12.81,21.62,17.55,15.76,14.86,12.47,13.28,14.2,14.88,16.53,17.02,,19.35,21.2,123.78
2010-04-06,13.5309,16.0347,16.9,13.92,11.97,11.3,11.22,11.97,20.65,16.78,15.08,14.22,11.94,12.7,13.58,14.23,16.02,16.23,,18.84,20.94,123.29
2010-04-07,14.7393,16.3981,17.75,14.81,12.83,11.86,11.96,12.83,21.27,17.31,15.59,14.72,12.41,13.18,14.07,14.73,16.4,16.62,,19.19,21.26,123.27
2010-04-08,14.1282,15.9237,16.7,13.63,11.63,10.81,10.95,11.63,20.57,16.71,15.0,14.12,11.79,12.6,13.49,14.14,15.93,16.48,,19.08,21.2,122.67
2010-04-09,13.9499,15.8052,16.83,13.47,11.29,10.37,10.72,11.29,20.42,16.52,14.81,13.95,11.72,12.46,13.33,13.96,15.81,16.14,,18.62,20.9,124.36
2010-04-12,14.0666,16.0377,18.48,15.17,12.71,11.87,12.19,12.71,20.45,16.63,14.93,14.07,11.98,12.62,13.47,14.08,16.04,15.58,,18.96,21.0,123.16
2010-04-13,13.8468,15.8901,16.99,14.35,11.46,11.29,11.35,11.46,20.45,16.47,14.73,13.86,11.74,12.41,13.26,13.87,15.9,16.2,,18.99,21.19,125.54
2010-04-14,13.5253,15.7283,14.93,13.27,9.94,11.39,10.87,9.94,20.31,16.19,14.43,13.56,11.68,12.21,13.0,13.57,15.75,15.59,,18.77,21.02,125.77
2010-04-15,13.6267,16.01,16.4,14.06,8.95,12.77,11.49,8.95,20.09,16.18,14.49,13.67,11.97,12.41,13.14,13.68,16.03,15.89,,18.9,21.22,126.29
2010-04-16,15.008,17.1373,23.23,18.17,15.03,12.64,13.34,15.04,23.96,19.32,17.13,16.11,13.22,14.22,15.3,16.13,17.16,18.36,,20.23,22.3,131.33
2010-04-19,14.0983,16.9042,22.71,17.39,14.15,11.73,12.48,14.17,23.56,18.79,16.59,15.57,12.67,13.68,14.77,15.6,16.92,17.34,,19.79,22.13,131.14
2010-04-20,12.7162,15.9737,19.97,15.51,12.77,10.83,11.38,12.78,21.72,17.42,15.5,14.59,12.11,12.95,13.9,14.61,15.99,15.73,,18.99,21.58,134.19
2010-04-21,13.2529,16.4004,20.12,15.93,13.3,11.52,11.99,13.31,22.27,17.93,16.02,15.13,12.82,13.56,14.46,15.16,16.41,16.32,,19.3,21.9,129.84
2010-04-22,12.8005,16.196,19.61,15.45,12.87,11.27,11.67,12.88,22.31,17.67,15.66,14.72,12.36,13.09,14.02,14.74,16.19,16.47,,19.59,22.06,127.48
2010-04-23,13.1559,16.2404,19.32,15.45,13.11,11.94,12.09,13.12,21.74,17.52,15.66,14.79,12.53,13.25,14.13,14.81,16.24,16.62,,19.39,22.08,126.13
2010-04-26,14.3232,16.7864,20.55,16.59,14.1,12.6,12.92,14.11,22.06,18.05,16.24,15.39,13.33,13.93,14.76,15.42,16.77,17.47,,19.86,22.38,124.25
2010-04-27,17.2785,18.5999,26.41,20.63,17.27,14.95,15.6,17.28,26.38,21.11,18.69,17.6,14.83,15.68,16.76,17.63,18.58,22.81,,22.72,24.36,124.98
2010-04-28,16.6919,18.5732,26.16,20.13,16.39,13.69,14.49,16.4,26.95,21.26,18.64,17.46,14.39,15.37,16.55,17.49,18.56,21.08,,22.31,24.2,128.4
2010-04-29,14.8173,17.4114,22.41,17.53,14.45,12.29,12.93,14.46,24.58,19.21,16.87,15.79,13.13,13.93,14.99,15.81,17.38,18.44,,20.96,23.31,129.28
2010-04-30,17.3007,19.1693,26.31,20.77,17.14,14.43,15.25,17.15,27.47,21.76,19.06,17.83,14.56,15.62,16.88,17.86,19.14,22.05,,23.67,25.26,125.41
2010-05-03,16.2059,18.6292,23.31,18.86,15.57,12.92,13.74,15.58,26.42,20.69,18.1,16.9,13.7,14.75,15.98,16.92,18.58,20.19,,22.58,24.58,125.35
2010-05-04,19.949,21.1281,31.94,24.97,20.38,16.48,17.81,20.4,31.15,24.8,21.54,20.03,15.62,17.19,18.81,20.07,21.11,23.84,,25.07,26.57,124.86
2010-05-05,21.0113,22.182,33.73,26.54,21.57,17.17,18.67,21.59,32.45,25.99,22.64,21.06,16.32,18.03,19.76,21.1,22.16,24.91,,26.37,27.74,122.82
2010-05-06,29.0523,28.2122,52.39,39.92,31.52,24.99,27.08,31.59,39.89,34.65,30.37,28.31,21.06,24.0,26.58,28.4,28.16,32.8,,26.37,31.02,122.16
2010-05-07,32.7146,30.426,58.19,44.59,35.17,26.9,29.74,35.2,45.67,40.04,34.14,31.42,22.87,26.1,29.18,31.48,30.44,40.95,,36.62,35.3,123.86
2010-05-10,24.128,24.3341,40.47,31.54,25.44,20.62,22.1,25.46,36.57,30.06,25.87,23.88,17.94,20.09,22.24,23.93,24.32,28.84,,28.98,29.98,128.64
2010-05-11,23.5753,23.8468,34.24,28.09,23.57,20.36,21.18,23.57,34.95,28.71,25.14,23.4,17.91,19.94,21.93,23.43,23.83,28.32,,28.87,30.61,127.09
2010-05-12,20.9981,21.9878,28.81,23.61,19.79,17.18,17.81,19.8,32.01,25.86,22.55,20.95,16.36,17.94,19.66,20.98,21.98,25.52,,26.65,27.9,124.26
2010-05-13,21.867,22.7789,29.57,24.17,20.47,17.98,18.56,20.48,33.74,26.8,23.4,21.8,17.14,18.77,20.5,21.83,22.75,26.68,,27.61,28.33,126.2
2010-05-14,26.5204,26.2612,41.74,33.1,27.07,22.78,23.96,27.08,40.59,33.1,28.48,26.36,20.1,22.33,24.63,26.41,26.26,31.24,,30.8,30.8,128.47
2010-05-17,25.598,25.8304,33.25,27.09,23.56,21.61,21.82,23.57,40.22,32.13,27.68,25.59,19.45,21.66,23.89,25.64,25.83,30.84,,30.51,30.72,128.87
2010-05-18,27.8155,27.3588,39.72,32.03,28.22,26.77,26.68,28.22,42.74,34.68,29.86,27.63,20.8,23.31,25.77,27.67,27.33,33.55,,32.81,32.69,123.88
2010-05-19,28.434,28.0112,34.99,28.35,24.35,24.08,23.08,24.35,43.94,35.67,30.59,28.26,21.17,23.76,26.33,28.3,27.99,35.32,,34.18,33.81,126.33
2010-05-20,34.4124,32.0031,34.33,28.37,25.59,28.93,26.18,25.59,51.49,43.57,37.08,34.08,24.75,28.24,31.61,34.14,32.0,45.79,,40.83,38.83,123.36
2010-05-21,35.9283,33.2658,52.52,45.0,35.56,25.66,29.38,35.58,46.96,43.1,36.79,33.67,23.04,27.21,30.98,33.72,33.24,40.1,,37.4,36.87,125.56
2010-05-24,29.9643,29.8636,47.12,37.61,29.84,22.63,25.16,29.88,42.94,37.92,32.26,29.56,20.84,24.2,27.33,29.63,29.85,38.32,,36.91,36.38,125.0
2010-05-25,29.5534,29.6881,45.19,36.36,29.43,22.63,25.04,29.47,42.06,37.17,31.79,29.24,21.06,24.2,27.14,29.31,29.67,34.61,,34.9,35.64,123.28
2010-05-26,29.1521,28.5709,44.38,35.97,29.25,22.73,25.01,29.27,40.35,35.34,30.71,28.42,20.79,23.75,26.49,28.47,28.56,35.02,,33.95,34.89,121.48
2010-05-27,24.8382,25.5812,37.16,29.93,24.66,20.03,21.52,24.67,36.85,31.05,26.84,24.86,18.29,20.84,23.19,24.91,25.58,29.68,,30.64,32.16,125.73
2010-05-28,25.1043,25.5422,38.7,30.71,25.04,20.08,21.71,25.06,37.46,31.46,27.04,24.98,18.26,20.85,23.25,25.02,25.54,32.07,,32.0,32.16,123.13
2010-06-01,28.4812,27.418,42.88,35.34,29.44,23.69,25.7,29.47,40.62,34.87,30.04,27.76,20.41,23.2,25.86,27.81,27.42,35.54,,34.02,33.56,119.63
2010-06-02,24.9774,25.4286,36.12,29.72,25.08,20.85,22.26,25.1,37.58,31.12,26.92,24.95,18.69,21.05,23.3,25.0,25.42,30.17,,30.59,31.97,123.69
2010-06-03,24.532,24.8894,35.03,29.1,24.54,20.23,21.66,24.54,36.63,30.4,26.34,24.42,18.35,20.63,22.81,24.46,24.89,29.46,,30.24,31.29,123.83
2010-06-04,29.8311,28.4528,43.3,36.02,30.49,25.13,27.0,30.51,42.55,36.3,31.54,29.25,21.72,24.62,27.33,29.3,28.46,35.48,,34.37,34.26,121.11
2010-06-07,30.8929,29.213,45.23,37.79,31.99,26.65,28.41,32.0,43.93,37.46,32.59,30.26,22.65,25.54,28.29,30.3,29.22,36.57,,35.3,35.03,119.21
2010-06-08,28.9188,28.4189,39.19,33.44,29.03,24.76,26.21,29.04,41.37,35.13,30.78,28.68,21.67,24.4,26.91,28.74,28.42,33.7,,33.65,34.03,120.74
2010-06-09,28.357,27.9938,37.39,32.77,28.93,25.53,26.55,28.93,41.18,34.35,30.12,28.08,21.28,23.89,26.32,28.1,28.0,33.73,,33.8,34.3,119.97
2010-06-10,25.6688,25.9973,33.36,29.03,25.67,22.93,23.7,25.68,37.83,31.05,27.3,25.48,19.54,21.79,23.92,25.5,26.0,30.57,,31.47,32.54,122.34
2010-06-11,25.0714,25.7644,29.82,26.16,23.11,20.75,21.39,23.11,37.04,30.26,26.68,24.91,19.2,21.36,23.41,24.94,25.76,28.79,,30.95,31.97,122.81
2010-06-14,24.2401,25.0185,30.27,26.21,23.4,21.79,21.92,23.4,35.7,29.18,25.77,24.08,18.66,20.7,22.64,24.1,25.02,28.58,,30.68,31.86,121.69
2010-06-15,21.8068,23.1941,25.86,21.79,18.85,18.97,18.12,18.85,32.28,26.3,23.25,21.76,17.19,18.86,20.55,21.79,23.2,25.87,,28.45,30.11,124.8
2010-06-16,22.4218,23.4146,23.95,20.52,17.95,19.34,18.23,17.95,32.53,26.73,23.8,22.36,18.03,19.58,21.19,22.39,23.42,25.92,,28.78,30.24,121.48
2010-06-17,22.1996,23.2569,19.81,17.75,13.7,15.51,14.86,13.7,32.94,26.8,23.65,22.12,17.72,19.23,20.89,22.13,23.26,25.05,,28.21,29.79,122.13
2010-06-18,19.5858,21.6933,29.96,23.85,19.49,15.66,16.93,19.51,31.6,26.19,22.64,20.99,15.77,17.74,19.63,21.05,21.71,23.95,,27.96,28.94,122.98
2010-06-21,21.4375,22.5012,31.11,25.57,21.2,16.93,18.44,21.21,33.18,27.43,23.69,21.96,16.51,18.55,20.53,22.01,22.52,24.88,,27.54,28.97,121.73
2010-06-22,22.5712,23.637,32.46,26.87,22.39,17.99,19.54,22.4,33.63,28.35,24.64,22.9,17.27,19.41,21.44,22.95,23.64,27.05,,29.09,30.28,120.42
2010-06-23,23.4003,24.2373,33.04,27.58,23.25,18.8,20.41,23.26,34.55,29.24,25.39,23.57,17.59,19.89,22.04,23.62,24.24,26.91,,29.26,30.72,119.84
2010-06-24,25.5244,25.9092,36.3,30.31,25.45,20.37,22.27,25.47,36.78,31.61,27.41,25.39,18.66,21.26,23.69,25.44,25.91,29.74,,31.36,32.82,119.56
2010-06-25,24.0825,25.1272,34.35,28.32,23.74,19.2,20.84,23.76,36.05,30.48,26.4,24.45,18.05,20.51,22.82,24.51,25.13,28.53,,30.7,32.46,119.37
2010-06-28,24.2052,25.2789,34.21,28.55,23.98,19.42,21.03,24.0,36.16,30.4,26.35,24.43,18.17,20.56,22.83,24.5,25.27,29.0,,30.96,32.33,120.3
2010-06-29,30.3911,29.319,44.19,37.04,31.1,24.63,27.05,31.12,41.62,36.27,31.7,29.45,21.75,24.8,27.55,29.52,29.33,34.13,,34.38,35.05,118.13
2010-06-30,29.0758,29.081,39.23,34.01,29.27,23.88,25.87,29.29,40.0,35.01,30.86,28.74,21.32,24.27,26.92,28.81,29.07,34.54,,35.23,35.69,116.87
2010-07-01,28.9145,29.4314,37.5,32.77,28.68,24.49,25.93,28.72,40.23,35.19,31.17,29.12,21.94,24.83,27.41,29.24,29.42,32.86,,34.49,35.69,116.76
2010-07-02,26.3038,28.3264,32.08,28.24,24.92,21.64,22.7,24.93,37.33,32.2,28.69,26.91,20.53,23.08,25.36,26.96,28.28,30.12,,33.29,35.16,114.65
2010-07-06,27.0575,28.0938,34.68,30.72,27.33,24.11,25.12,27.34,37.52,32.33,28.89,27.14,20.91,23.39,25.63,27.2,28.07,29.65,,32.01,34.14,116.01
2010-07-07,23.8738,25.3898,30.24,25.91,22.7,20.66,21.05,22.7,33.66,28.29,25.22,23.67,18.48,20.45,22.33,23.7,25.37,26.84,,29.72,32.24,117.77
2010-07-08,23.1537,24.6961,28.27,24.27,21.15,19.13,19.48,21.15,32.93,27.5,24.51,23.0,18.03,19.91,21.71,23.04,24.69,25.71,,28.83,31.54,117.22
2010-07-09,22.2496,24.0891,24.7,20.77,18.55,17.75,17.52,18.55,30.92,26.31,23.53,22.09,17.36,19.13,20.84,22.12,24.07,24.98,,28.17,30.91,117.97
2010-07-12,22.6155,24.2668,27.8,24.02,21.55,21.46,20.66,21.55,31.55,26.85,23.96,22.49,17.82,19.52,21.23,22.52,24.26,24.43,,28.39,31.15,118.72
2010-07-13,21.5701,23.4397,24.15,21.02,19.04,20.1,18.82,19.04,30.66,25.69,22.86,21.45,17.06,18.65,20.26,21.48,23.44,24.56,,28.32,30.54,119.33
2010-07-14,22.4417,24.4902,22.61,19.88,18.02,18.08,17.77,18.02,31.45,26.45,23.68,22.31,17.97,19.56,21.14,22.34,24.49,24.89,,28.83,31.2,120.07
2010-07-15,22.9504,24.8827,17.84,16.2,13.03,14.47,13.95,13.03,32.51,27.18,24.22,22.75,18.1,19.81,21.5,22.78,24.89,25.14,,29.23,31.61,118.58
2010-07-16,24.5423,26.4043,34.27,28.89,24.48,19.62,21.44,24.51,34.58,30.76,27.29,25.48,19.25,21.69,23.94,25.55,26.41,26.25,,30.6,32.76,118.67
2010-07-19,22.6739,25.1484,31.37,26.7,22.6,18.28,19.84,22.63,33.45,28.84,25.59,23.99,18.43,20.63,22.63,24.05,25.16,25.97,,30.08,32.63,118.78
2010-07-20,21.1516,23.8259,29.44,24.95,21.19,17.17,18.65,21.22,32.04,27.29,24.09,22.51,17.15,19.24,21.17,22.57,23.82,23.93,,28.22,30.53,119.07
2010-07-21,23.0745,24.9362,31.6,27.05,23.1,18.73,20.37,23.13,33.51,28.96,25.59,23.91,18.23,20.43,22.49,23.97,24.92,25.64,,29.08,31.31,117.29
2010-07-22,21.1974,23.1789,29.55,24.94,21.16,17.41,18.71,21.18,31.93,26.72,23.59,22.07,17.12,18.98,20.78,22.11,23.17,24.63,,27.9,30.39,118.22
2010-07-23,20.5311,22.7098,28.28,23.94,20.44,17.09,18.21,20.45,30.88,25.75,22.9,21.51,16.76,18.65,20.34,21.56,22.7,23.47,,26.99,29.65,119.69
2010-07-26,19.8235,22.202,27.19,22.92,19.58,16.42,17.47,19.6,30.01,25.05,22.22,20.82,16.32,18.0,19.64,20.86,22.17,22.73,,26.44,29.11,119.29
2010-07-27,19.6434,21.9971,27.15,22.77,19.31,15.96,17.1,19.32,30.14,24.84,21.98,20.57,16.14,17.78,19.4,20.62,21.97,23.19,,26.37,28.96,121.32
2010-07-28,20.5298,22.5916,28.34,23.5,20.09,16.9,17.99,20.11,31.14,25.62,22.74,21.34,16.88,18.56,20.17,21.38,22.55,24.25,,26.71,28.88,121.91
2010-07-29,19.9409,22.3053,26.79,22.54,19.33,16.43,17.37,19.35,30.6,25.02,22.26,20.92,16.66,18.27,19.81,20.96,22.26,24.13,,27.12,28.97,119.36
2010-07-30,19.9005,22.5015,26.42,22.39,19.21,16.3,17.25,19.23,30.45,24.97,22.22,20.9,16.74,18.28,19.79,20.94,22.43,23.5,,27.14,28.53,119.53
2010-08-02,18.0194,20.9291,24.66,20.42,17.45,15.15,15.79,17.46,27.82,22.63,20.05,18.81,15.34,16.49,17.82,18.84,20.83,22.01,,25.4,27.44,122.5
2010-08-03,18.669,21.2976,24.92,20.86,17.94,15.6,16.27,17.95,28.58,23.22,20.62,19.39,15.91,17.08,18.4,19.42,21.22,22.63,,26.01,28.02,121.39
2010-08-04,18.4704,21.3763,24.75,20.76,17.72,15.16,15.94,17.73,28.07,22.9,20.37,19.16,15.78,16.91,18.19,19.19,21.28,22.21,,25.96,27.9,120.99
2010-08-05,18.5079,21.8908,24.29,20.48,17.87,15.88,16.44,17.88,27.82,22.94,20.46,19.27,16.0,17.07,18.33,19.3,21.77,22.1,,26.16,28.14,120.43
2010-08-06,18.3978,22.0279,23.44,19.95,17.13,14.93,15.54,17.14,27.78,22.99,20.5,19.29,15.95,17.02,18.32,19.32,21.94,21.74,,26.12,28.15,119.67
2010-08-09,18.1584,21.6915,23.91,20.11,17.37,15.22,15.78,17.38,27.17,22.32,19.93,18.78,15.75,16.68,17.88,18.8,21.58,22.14,,26.03,28.14,123.75
2010-08-10,18.5072,22.0859,24.24,20.4,17.69,15.61,16.15,17.69,27.49,22.74,20.29,19.08,15.73,16.82,18.12,19.11,21.98,22.37,,26.31,28.49,122.79
2010-08-11,22.0956,24.3831,28.52,25.01,21.96,19.14,20.03,21.96,30.8,25.91,23.32,22.04,18.04,19.49,20.97,22.07,24.31,25.39,,28.69,30.43,118.45
2010-08-12,22.4587,24.8315,27.68,24.12,21.24,18.58,19.42,21.25,31.33,26.45,23.78,22.44,18.29,19.79,21.32,22.48,24.76,25.73,,29.25,30.99,115.18
2010-08-13,22.8901,25.3756,26.96,23.77,21.13,18.84,19.44,21.13,32.23,27.11,24.24,22.81,18.3,19.94,21.59,22.83,25.31,26.24,,29.97,31.59,115.28
2010-08-16,23.1244,25.6278,27.35,24.05,21.17,19.16,19.49,21.17,32.39,27.34,24.51,23.09,18.68,20.26,21.89,23.11,25.59,26.1,,29.8,31.41,121.1
2010-08-17,20.7424,24.1617,22.86,18.98,16.25,15.97,15.82,16.25,29.26,24.65,22.04,20.69,16.8,18.1,19.6,20.71,24.12,24.33,,28.57,30.65,121.96
2010-08-18,20.7266,23.8319,23.44,19.84,16.99,16.37,16.61,16.99,29.2,24.53,21.99,20.69,16.96,18.23,19.66,20.71,23.81,24.59,,28.58,30.55,121.26
2010-08-19,22.3594,25.2456,18.94,17.29,14.14,14.79,14.55,14.14,31.22,26.36,23.68,22.34,18.39,19.73,21.24,22.36,25.23,26.44,,29.63,31.34,120.26
2010-08-20,21.9821,25.4329,30.63,25.74,21.86,18.07,19.37,21.88,33.57,28.75,25.45,23.86,18.56,20.6,22.51,23.9,25.43,25.49,,29.54,31.42,119.62
2010-08-23,21.3962,24.8187,29.04,24.5,20.87,17.27,18.52,20.89,32.98,27.82,24.66,23.12,17.92,19.93,21.8,23.16,24.82,25.66,,29.29,31.28,118.38
2010-08-24,23.205,25.7782,31.5,26.73,22.77,18.62,20.11,22.79,34.14,29.18,25.89,24.27,18.66,20.87,22.88,24.32,25.78,27.46,,30.31,32.08,117.39
2010-08-25,23.5408,25.9128,31.09,26.81,23.02,18.94,20.41,23.05,34.09,29.27,26.14,24.56,18.94,21.2,23.2,24.61,25.9,26.7,,29.85,31.55,117.01
2010-08-26,24.0466,26.1603,31.11,27.12,23.45,19.42,20.85,23.46,34.48,29.56,26.42,24.84,19.2,21.45,23.46,24.88,26.14,27.37,,30.37,32.2,115.99
2010-08-27,21.3881,24.4548,26.79,23.34,20.42,17.3,18.41,20.44,31.87,27.03,24.18,22.72,17.6,19.63,21.46,22.76,24.44,24.45,,28.4,30.58,116.03
2010-08-30,23.2638,25.4551,28.74,25.24,22.12,18.95,20.02,22.14,33.5,28.57,25.58,24.05,18.63,20.78,22.71,24.08,25.44,27.21,,30.01,32.02,115.06
2010-08-31,23.8398,25.7899,29.45,25.9,22.94,19.88,20.93,22.96,33.29,28.64,25.86,24.43,19.32,21.36,23.18,24.47,25.77,26.05,,29.04,31.43,115.02
2010-09-01,21.4608,23.8995,26.28,22.9,20.13,17.72,18.42,20.13,30.62,25.97,23.45,22.17,17.8,19.5,21.07,22.21,23.89,23.89,,27.29,29.99,116.36
2010-09-02,20.2852,23.0496,24.43,21.27,18.76,16.92,17.34,18.77,29.52,24.88,22.34,21.07,16.95,18.49,19.99,21.1,23.04,23.19,,26.62,29.43,116.74
2010-09-03,18.4713,21.7672,21.08,18.11,15.95,14.64,14.82,15.95,27.22,22.92,20.6,19.43,15.69,17.07,18.44,19.45,21.75,21.31,,25.31,28.21,119.11
2010-09-07,20.4544,22.8907,24.57,21.02,18.37,16.72,16.97,18.38,29.45,24.77,22.2,20.91,16.83,18.32,19.82,20.93,22.89,23.8,,26.77,29.38,118.73
2010-09-08,20.5399,22.6798,23.74,19.96,17.32,15.66,15.9,17.32,29.03,24.32,21.74,20.45,16.35,17.85,19.36,20.47,22.66,23.25,,26.3,28.91,120.3
2010-09-09,19.7519,22.1741,22.43,18.46,15.98,14.68,14.75,15.98,28.27,23.48,20.98,19.72,15.91,17.27,18.7,19.74,22.16,22.81,,26.1,28.48,119.31
2010-09-10,19.0304,21.7424,20.0,16.58,14.31,13.86,13.52,14.31,27.37,22.74,20.29,19.04,15.26,16.62,18.03,19.06,21.73,21.99,,25.59,27.96,121.09
2010-09-13,18.5766,21.2243,22.06,18.12,15.68,16.74,15.52,15.68,26.77,22.16,19.79,18.56,15.01,16.26,17.61,18.58,21.21,21.21,,24.75,27.15,121.89
2010-09-14,18.0003,20.788,19.38,16.11,13.84,14.28,14.12,13.84,25.9,21.4,19.19,18.03,14.77,15.9,17.15,18.05,20.78,21.56,,24.74,27.09,120.98
2010-09-15,19.0686,21.2735,21.9,17.8,13.86,14.0,13.95,13.86,27.47,22.67,20.29,19.08,15.73,16.86,18.15,19.1,21.28,22.1,,24.93,27.27,119.74
2010-09-16,18.5104,21.3102,18.17,15.95,11.39,13.98,13.07,11.39,26.69,21.93,19.73,18.59,15.52,16.55,17.74,18.62,21.32,21.72,,24.96,27.28,124.32
2010-09-17,18.0908,21.1703,26.52,21.52,18.01,14.95,15.93,18.03,29.38,24.49,21.54,20.11,15.42,17.24,18.92,20.16,21.18,22.01,,25.12,27.63,124.9
2010-09-20,17.6764,20.5558,25.09,20.52,17.17,14.33,15.22,17.18,28.65,23.7,20.84,19.44,14.9,16.64,18.27,19.48,20.56,21.5,,24.59,27.24,124.88
2010-09-21,18.7499,21.0108,26.4,21.72,18.32,15.42,16.33,18.33,29.21,24.15,21.33,19.97,15.66,17.28,18.84,20.01,21.01,22.35,,24.94,27.78,122.81
2010-09-22,19.0398,21.4207,26.29,21.85,18.48,15.5,16.45,18.49,29.64,24.54,21.66,20.29,15.95,17.58,19.15,20.33,21.41,22.51,,25.16,28.27,121.75
2010-09-23,20.1818,22.2399,27.94,23.14,19.56,16.34,17.39,19.57,30.49,25.42,22.54,21.16,16.72,18.4,20.0,21.19,22.23,23.87,,26.16,29.13,121.57
2010-09-24,18.2122,20.9487,25.06,20.62,17.29,14.71,15.43,17.29,28.4,23.49,20.83,19.55,15.47,17.01,18.48,19.58,20.93,21.71,,24.75,28.03,123.0
2010-09-27,18.6714,21.1258,24.67,20.62,17.58,15.27,15.87,17.58,28.28,23.46,20.92,19.7,15.83,17.28,18.67,19.72,21.11,22.54,,25.2,28.32,120.21
2010-09-28,19.4757,21.6773,25.87,21.42,18.14,15.66,16.32,18.14,29.49,24.37,21.73,20.45,16.28,17.87,19.37,20.48,21.67,22.6,,25.34,28.39,121.69
2010-09-29,19.8034,21.964,25.59,21.48,18.3,15.86,16.51,18.3,29.41,24.47,21.94,20.72,16.9,18.31,19.7,20.75,21.96,23.25,,25.91,28.9,119.27
2010-09-30,19.8175,22.197,25.78,21.46,18.09,15.41,16.17,18.09,29.92,24.91,22.15,20.82,16.89,18.28,19.73,20.86,22.18,23.7,,26.4,29.03,120.48
2010-10-01,19.0448,21.7611,22.61,19.4,16.95,14.99,15.56,16.96,28.74,23.93,21.38,20.14,16.35,17.72,19.1,20.16,21.75,22.5,,25.7,28.94,119.61
2010-10-04,20.3778,22.6033,25.24,21.59,18.61,16.21,16.88,18.61,29.56,24.82,22.29,21.06,17.27,18.64,20.03,21.09,22.59,23.53,,26.32,29.42,118.29
2010-10-05,18.3585,21.1567,22.11,18.35,16.07,15.15,15.01,16.07,26.92,22.56,20.27,19.16,15.93,17.04,18.26,19.19,21.14,21.76,,25.08,28.35,117.77
2010-10-06,19.4187,21.2901,20.72,17.85,16.01,15.56,15.17,16.01,27.07,22.75,20.46,19.34,16.12,17.21,18.43,19.36,21.31,21.49,,24.91,28.39,116.57
2010-10-07,19.3759,21.3911,20.72,18.02,16.39,15.92,15.67,16.39,26.72,22.61,20.4,19.31,16.15,17.21,18.41,19.33,21.41,21.56,,24.89,28.36,116.69
2010-10-08,18.3976,20.5432,19.56,16.71,14.78,14.41,14.05,14.78,25.15,21.36,19.34,18.32,15.34,16.36,17.5,18.34,20.56,20.71,,24.06,27.75,117.96
2010-10-11,18.397,20.58,20.31,17.24,15.27,15.37,14.91,15.27,24.89,21.32,19.36,18.37,15.58,16.5,17.58,18.39,20.61,18.96,,23.98,27.55,115.87
2010-10-12,17.7101,19.9253,21.38,17.5,14.81,14.46,14.59,14.81,24.1,20.54,18.64,17.67,14.93,15.83,16.89,17.68,19.97,18.93,,23.37,27.03,117.02
2010-10-13,17.4988,19.6905,17.93,15.83,12.55,14.04,13.5,12.55,23.9,20.27,18.43,17.49,14.96,15.76,16.75,17.5,19.73,19.07,,22.98,26.65,118.43
2010-10-14,18.7591,20.5214,18.6,16.65,12.82,14.28,13.75,12.82,26.19,21.96,19.78,18.68,15.53,16.6,17.8,18.7,20.57,19.88,,23.56,27.23,120.24
2010-10-15,17.7393,20.2148,24.97,20.84,17.71,14.7,15.74,17.72,27.9,23.14,20.66,19.45,15.71,17.07,18.44,19.48,20.24,19.03,,23.2,26.86,121.48
2010-10-18,16.68,19.3513,23.71,19.72,16.7,13.88,14.81,16.71,26.47,22.14,19.7,18.51,14.78,16.15,17.51,18.54,19.39,19.09,,22.8,26.57,120.57
2010-10-19,18.7616,20.6736,26.03,22.0,18.76,15.43,16.61,18.77,28.38,23.85,21.32,20.09,16.15,17.61,19.05,20.12,20.72,20.63,,23.59,27.2,119.57
2010-10-20,17.0317,19.2501,24.08,20.12,17.02,13.95,15.03,17.03,26.33,22.04,19.67,18.51,14.83,16.2,17.54,18.54,19.3,19.79,,22.66,26.37,120.04
2010-10-21,16.9594,19.1682,23.58,19.89,16.98,14.09,15.11,16.99,25.75,21.76,19.5,18.38,14.76,16.11,17.43,18.41,19.21,19.27,,22.22,26.0,118.17
2010-10-22,16.5332,18.6339,22.41,19.12,16.46,13.94,14.79,16.47,24.87,20.96,18.87,17.83,14.63,15.8,16.98,17.87,18.67,18.78,,21.65,25.52,117.38
2010-10-25,16.9838,18.5546,22.97,19.5,16.76,14.25,15.09,16.78,24.59,20.76,18.74,17.74,14.67,15.77,16.91,17.76,18.59,19.85,,21.91,25.49,116.45
2010-10-26,18.0213,19.2347,24.22,20.66,17.82,15.09,16.04,17.83,25.69,21.59,19.5,18.48,15.29,16.47,17.63,18.5,19.28,20.22,,22.2,25.73,116.44
2010-10-27,18.5695,19.8752,25.01,21.31,18.38,15.83,16.64,18.4,26.46,22.3,20.11,19.03,15.67,16.91,18.14,19.06,19.92,20.71,,22.6,25.96,116.97
2010-10-28,18.4714,19.7532,24.54,21.17,18.32,15.65,16.54,18.34,26.18,22.06,19.93,18.89,15.65,16.84,18.03,18.92,19.8,20.88,,22.81,25.85,116.29
2010-10-29,18.5909,19.7019,24.78,21.3,18.49,15.93,16.76,18.5,26.15,22.03,19.9,18.86,15.62,16.8,17.99,18.88,19.75,21.2,,22.95,25.62,116.04
2010-11-01,19.6637,20.4348,26.22,22.62,19.63,16.94,17.79,19.64,27.53,23.1,20.84,19.75,16.39,17.62,18.85,19.78,20.47,21.83,,23.29,26.16,116.83
2010-11-02,18.9099,19.8519,25.07,21.62,18.9,16.59,17.28,18.9,26.09,22.03,19.98,18.98,16.11,17.08,18.17,19.0,19.89,21.57,,23.02,25.91,116.14
2010-11-03,17.0827,18.7149,21.83,18.93,16.49,14.72,15.15,16.5,23.65,20.1,18.3,17.4,14.9,15.71,16.68,17.42,18.75,19.56,,21.65,24.73,118.21
2010-11-04,16.0239,17.5211,20.14,17.23,15.28,14.57,14.43,15.29,22.21,18.76,17.17,16.39,14.47,15.01,15.8,16.41,17.56,18.52,,20.57,23.6,116.59
2010-11-05,15.8424,17.5244,18.5,16.0,14.65,14.81,14.21,14.66,21.67,18.47,17.02,16.3,14.79,15.13,15.79,16.32,17.56,18.26,,20.66,23.8,116.98
2010-11-08,15.6656,17.6077,17.66,15.55,14.19,14.05,13.64,14.2,21.66,18.29,16.79,16.04,14.39,14.8,15.5,16.05,17.63,18.29,,20.73,24.09,118.27
2010-11-09,16.2508,18.0018,19.14,16.42,14.77,14.17,13.98,14.77,22.28,18.79,17.25,16.47,14.6,15.13,15.89,16.48,18.03,19.08,,21.53,24.4,119.61
2010-11-10,16.0341,17.9701,18.71,15.75,13.71,13.01,12.86,13.71,22.58,18.66,16.93,16.06,13.91,14.57,15.43,16.08,17.98,18.47,,21.28,24.52,122.16
2010-11-11,15.9432,18.0438,19.08,15.77,13.72,13.32,13.02,13.73,22.69,18.71,16.89,15.96,13.7,14.37,15.28,15.97,18.05,18.64,,21.47,24.68,123.59
2010-11-12,17.4303,19.2193,24.04,18.98,16.21,15.14,15.01,16.22,24.99,20.64,18.53,17.46,14.69,15.55,16.65,17.48,19.22,20.61,,22.93,25.78,121.72
2010-11-15,16.9369,19.0606,22.45,18.77,16.4,16.07,15.68,16.4,23.96,19.87,17.95,16.96,14.51,15.24,16.23,16.97,19.06,20.2,,22.81,25.63,122.04
2010-11-16,19.7244,21.0296,29.74,24.59,20.92,19.52,19.44,20.92,28.37,23.42,20.91,19.67,16.25,17.38,18.7,19.68,21.03,22.58,,24.08,26.76,120.86
2010-11-17,18.9761,20.5326,23.56,19.71,16.82,16.6,16.69,16.82,27.5,22.7,20.23,18.97,15.54,16.69,18.01,18.99,20.54,21.76,,23.83,26.51,120.34
2010-11-18,15.7953,18.7322,15.46,13.62,9.85,13.89,12.53,9.86,23.33,19.05,16.88,15.75,13.07,13.85,14.95,15.75,18.76,18.75,,22.43,25.37,121.73
2010-11-19,15.2961,18.4632,22.05,18.11,15.19,12.97,13.59,15.19,24.36,20.14,17.93,16.86,13.62,14.77,15.96,16.87,18.5,18.04,,21.4,25.0,121.26
2010-11-22,15.819,18.3704,22.91,18.71,15.63,13.31,13.95,15.63,24.64,20.19,17.97,16.91,13.8,14.88,16.04,16.93,18.39,18.37,,21.33,24.5,122.34
2010-11-23,17.5844,19.2575,25.62,21.0,17.64,14.83,15.71,17.65,26.21,21.55,19.09,17.9,14.36,15.62,16.92,17.92,19.27,20.63,,22.59,25.36,119.86
2010-11-24,16.1756,18.3266,23.31,19.1,16.07,13.67,14.39,16.08,24.54,20.14,17.92,16.85,13.69,14.8,15.98,16.87,18.34,19.56,,21.81,24.8,122.16
2010-11-26,18.561,19.8971,28.07,22.89,19.2,16.17,17.13,19.24,26.89,22.47,19.99,18.79,15.24,16.52,17.83,18.86,19.89,22.22,,21.81,26.08,119.02
2010-11-29,18.3364,20.0462,26.44,21.95,18.43,15.38,16.35,18.43,27.0,22.24,19.78,18.6,14.94,16.28,17.61,18.61,20.04,21.53,,23.35,26.15,118.54
2010-11-30,19.6089,21.0599,27.93,23.4,19.78,16.39,17.55,19.78,28.57,23.68,21.03,19.75,15.71,17.21,18.66,19.77,21.05,23.54,,25.19,27.14,116.71
2010-12-01,17.9565,20.1548,24.66,20.59,17.48,15.06,15.75,17.48,26.92,22.09,19.7,18.56,15.21,16.39,17.63,18.58,20.14,21.36,,23.99,26.4,118.69
2010-12-02,16.5228,18.7989,21.91,18.7,16.23,14.54,14.93,16.23,24.02,19.93,17.99,17.07,14.67,15.41,16.35,17.08,18.79,19.39,,21.99,24.87,120.88
2010-12-03,14.982,17.8512,19.62,16.31,14.25,13.05,13.2,14.25,22.37,18.53,16.67,15.76,13.49,14.15,15.06,15.77,17.84,18.01,,21.0,24.09,120.42
2010-12-06,15.0604,17.671,19.46,16.2,14.28,13.31,13.34,14.29,21.82,18.19,16.5,15.66,13.62,14.2,15.03,15.68,17.67,18.02,,21.04,23.94,121.15
2010-12-07,15.0967,17.6541,18.75,16.04,14.36,14.0,13.73,14.36,21.76,18.13,16.47,15.64,13.7,14.24,15.03,15.66,17.64,17.99,,20.97,23.8,118.13
2010-12-08,15.4192,17.2462,18.07,15.39,13.86,13.88,13.44,13.86,21.76,17.95,16.23,15.36,13.15,13.83,14.7,15.37,17.25,17.74,,20.38,23.27,119.53
2010-12-09,15.0946,16.9127,17.49,14.74,13.21,13.45,12.86,13.21,21.23,17.51,15.88,15.06,13.2,13.7,14.47,15.07,16.93,17.25,,19.98,22.87,123.93
2010-12-10,14.9667,16.7029,17.1,14.21,12.62,12.93,12.34,12.62,20.99,17.28,15.71,14.93,13.19,13.68,14.39,14.94,16.71,17.61,,19.84,22.63,123.01
2010-12-13,15.3108,17.0695,18.45,15.49,13.72,14.27,13.81,13.72,21.63,17.77,16.1,15.27,13.4,13.91,14.68,15.28,17.08,17.55,,20.46,23.04,120.74
2010-12-14,15.4993,17.2234,17.63,15.06,12.76,12.99,12.9,12.76,22.27,18.14,16.36,15.47,13.41,13.99,14.83,15.47,17.24,17.61,,20.39,23.03,121.99
2010-12-15,15.6969,17.454,16.37,14.72,11.51,12.65,12.23,11.51,22.66,18.41,16.57,15.64,13.34,14.04,14.96,15.65,17.47,17.94,,20.74,23.31,121.98
2010-12-16,15.1292,17.3503,16.1,14.11,9.99,12.74,11.79,9.99,22.51,17.99,16.04,15.06,12.83,13.47,14.39,15.07,17.37,17.39,,20.82,23.21,124.81
2010-12-17,13.8471,16.7958,20.73,16.61,13.86,12.07,12.49,13.87,23.39,18.86,16.73,15.74,13.05,13.94,14.97,15.77,16.82,16.11,,20.29,23.12,125.24
2010-12-20,13.3798,16.5443,19.79,15.9,13.42,11.92,12.25,13.43,22.77,18.34,16.27,15.31,12.78,13.59,14.57,15.33,16.56,16.41,,20.1,23.02,125.84
2010-12-21,13.4813,16.4298,20.26,16.18,13.49,11.88,12.2,13.49,22.93,18.29,16.21,15.24,12.63,13.49,14.49,15.26,16.45,16.49,,19.91,22.9,124.87
2010-12-22,13.0563,16.1895,18.95,15.46,13.05,11.41,11.82,13.06,22.14,17.8,15.84,14.92,12.48,13.29,14.22,14.94,16.21,15.45,,19.57,22.69,123.65
2010-12-23,13.777,16.8131,20.08,16.36,13.8,12.03,12.49,13.8,23.37,18.74,16.67,15.71,13.19,14.01,14.98,15.74,16.84,16.47,,20.44,23.4,125.35
2010-12-27,14.6443,17.5451,20.71,16.79,14.14,12.28,12.8,14.15,23.9,19.52,17.29,16.22,13.33,14.28,15.39,16.25,17.56,17.67,,21.04,23.69,123.86
2010-12-28,14.7045,17.577,20.1,16.59,14.02,12.13,12.67,14.03,23.94,19.49,17.29,16.23,13.4,14.31,15.42,16.26,17.59,17.52,,21.18,23.91,123.53
2010-12-29,14.3021,17.3218,18.79,15.74,13.39,11.63,12.13,13.4,23.01,18.79,16.76,15.77,13.1,13.98,15.01,15.79,17.33,17.28,,20.84,23.97,122.4
2010-12-30,14.6915,17.6414,19.13,16.0,13.68,12.06,12.49,13.68,23.39,19.02,16.98,16.0,13.32,14.23,15.25,16.02,17.65,17.52,,21.01,24.03,122.17
2010-12-31,15.1732,17.7057,20.3,16.79,14.2,12.28,12.84,14.21,23.35,19.22,17.22,16.24,13.5,14.45,15.48,16.26,17.72,17.75,,20.9,23.75,120.74
2011-01-03,14.6936,17.2911,18.47,15.53,13.51,12.21,12.44,13.52,22.13,18.31,16.53,15.66,13.44,14.11,15.0,15.68,17.29,17.61,16.04,20.62,23.4,122.68
2011-01-04,14.6984,17.4155,18.49,15.35,13.41,12.29,12.47,13.42,21.93,18.23,16.45,15.56,13.29,13.98,14.89,15.58,17.41,17.38,16.06,20.61,23.19,121.96
2011-01-05,14.185,16.8151,17.37,14.4,12.65,11.9,11.79,12.65,21.38,17.54,15.81,14.93,12.67,13.39,14.28,14.94,16.82,17.02,15.57,20.05,22.78,121.23
2011-01-06,14.6584,17.1002,18.33,15.28,13.44,12.43,12.49,13.44,21.79,17.95,16.18,15.27,13.06,13.72,14.6,15.28,17.11,17.4,15.71,20.35,22.87,121.01
2011-01-07,14.5338,17.1481,17.51,14.47,12.67,11.85,11.8,12.67,21.87,17.9,16.09,15.17,12.96,13.62,14.51,15.19,17.14,17.14,15.01,20.29,22.92,121.22
2011-01-10,14.6752,17.0885,17.1,14.57,12.83,12.33,12.12,12.84,21.72,17.83,16.07,15.17,12.93,13.61,14.51,15.18,17.1,17.54,15.81,20.48,22.93,121.47
2011-01-11,14.0531,16.8206,16.58,13.89,12.02,11.77,11.36,12.02,20.9,17.13,15.4,14.51,12.38,13.01,13.88,14.53,16.83,16.89,14.93,20.14,22.71,122.29
2011-01-12,14.2388,16.3566,15.94,13.52,12.17,12.74,12.0,12.17,19.94,16.63,15.03,14.22,12.42,12.89,13.66,14.23,16.38,16.24,14.82,19.23,21.94,121.94
2011-01-13,14.4068,16.5037,15.95,13.37,11.88,12.33,11.75,11.88,19.8,16.68,15.17,14.4,12.65,13.11,13.85,14.41,16.52,16.39,14.92,19.2,21.91,121.29
2011-01-14,13.1127,15.5492,14.84,12.04,10.34,10.27,10.3,10.34,18.51,15.38,13.89,13.12,11.56,11.91,12.61,13.13,15.58,15.46,14.3,18.37,21.33,123.52
2011-01-18,13.0714,15.6552,15.26,13.85,11.57,12.18,11.95,11.56,18.79,15.44,13.9,13.11,11.82,11.97,12.63,13.12,15.65,15.87,16.34,18.38,21.29,128.16
2011-01-19,14.5166,16.6571,18.01,15.85,12.5,12.99,12.81,12.5,21.38,17.31,15.47,14.55,12.69,13.13,13.95,14.56,16.65,17.31,17.74,19.64,22.04,123.41
2011-01-20,14.5032,16.645,15.57,13.41,8.72,11.17,10.32,8.73,22.18,17.64,15.58,14.54,12.42,12.93,13.87,14.56,16.63,17.99,16.98,19.9,22.15,126.19
2011-01-21,14.4506,16.7484,22.64,17.63,14.44,12.27,12.85,14.45,23.67,18.8,16.57,15.52,12.67,13.63,14.72,15.55,16.72,18.47,17.32,19.97,22.25,133.99
2011-01-24,13.9936,16.2038,21.64,16.89,13.9,11.98,12.47,13.91,22.97,17.98,15.82,14.81,12.3,13.09,14.07,14.83,16.18,17.65,17.38,19.58,21.98,131.86
2011-01-25,14.1289,16.2473,22.51,17.25,14.01,11.69,12.39,14.02,23.16,18.19,15.97,14.91,12.19,13.08,14.13,14.94,16.22,17.59,17.75,19.34,21.82,134.61
2011-01-26,13.0126,15.3819,19.54,15.39,12.74,11.03,11.44,12.75,21.36,16.82,14.89,13.92,11.55,12.29,13.23,13.94,15.35,16.64,16.27,18.82,21.24,131.76
2011-01-27,12.9167,15.0485,18.81,15.07,12.54,10.87,11.26,12.55,21.19,16.75,14.78,13.79,11.41,12.13,13.08,13.81,15.03,16.15,15.07,18.48,20.83,130.56
2011-01-28,16.0819,16.864,25.07,19.68,16.11,13.2,14.13,16.12,25.43,19.9,17.41,16.24,12.97,14.12,15.35,16.27,16.87,20.04,21.25,20.59,22.34,128.23
2011-01-31,15.6144,16.6036,25.0,19.35,15.52,12.42,13.4,15.53,25.32,19.65,17.08,15.85,12.53,13.67,14.93,15.87,16.6,19.53,20.5,20.15,21.88,130.3
2011-02-01,14.1027,15.5557,20.24,16.2,13.62,12.16,12.36,13.62,22.42,17.63,15.6,14.6,12.32,12.96,13.89,14.62,15.56,17.63,17.21,18.97,21.1,129.0
2011-02-02,13.9745,15.6206,20.4,16.12,13.3,11.51,11.89,13.3,22.04,17.29,15.36,14.4,12.24,12.85,13.74,14.42,15.6,17.3,16.83,19.09,21.22,127.52
2011-02-03,13.3928,15.3954,18.64,14.56,12.28,10.86,11.15,12.29,21.41,16.91,15.0,14.05,11.86,12.5,13.4,14.07,15.37,16.69,15.38,18.92,21.0,127.13
2011-02-04,12.817,15.0027,17.46,13.71,11.51,10.28,10.47,11.51,20.76,16.32,14.42,13.5,11.59,12.08,12.89,13.52,14.98,15.93,14.19,18.33,20.6,127.45
2011-02-07,13.1909,14.8414,17.5,14.17,12.19,11.55,11.41,12.2,20.6,16.28,14.46,13.57,11.71,12.2,12.99,13.59,14.84,16.28,15.33,18.26,20.36,127.63
2011-02-08,12.6849,14.5327,16.84,13.34,11.24,10.67,10.58,11.25,20.02,15.77,13.97,13.09,11.49,11.81,12.54,13.1,14.52,15.81,14.56,17.85,20.08,129.54
2011-02-09,13.3527,14.7443,17.58,14.02,11.69,10.87,10.91,11.69,20.65,16.27,14.36,13.42,11.49,11.98,12.82,13.44,14.74,15.87,14.3,17.86,20.09,129.33
2011-02-10,13.1274,14.7485,17.08,13.51,11.04,9.66,10.2,11.04,20.42,16.05,14.13,13.18,11.17,11.72,12.58,13.2,14.74,16.09,14.53,18.1,20.16,129.24
2011-02-11,12.4713,14.3125,16.3,12.71,10.13,9.43,9.69,10.13,19.62,15.27,13.42,12.49,10.72,11.14,11.94,12.51,14.29,15.69,14.79,17.86,19.85,131.31
2011-02-14,12.7607,14.5479,16.61,13.5,10.66,10.45,10.53,10.66,19.9,15.5,13.69,12.8,11.12,11.52,12.27,12.81,14.54,15.95,16.16,17.94,20.03,127.41
2011-02-15,13.1391,14.924,17.46,14.27,10.91,10.72,10.79,10.91,20.47,16.02,14.13,13.17,11.25,11.74,12.59,13.18,14.92,16.37,16.58,18.27,20.24,131.78
2011-02-16,12.9023,14.8151,16.54,14.39,9.85,10.86,10.5,9.85,20.75,15.92,13.92,12.94,11.23,11.58,12.38,12.94,14.82,16.72,16.87,18.32,20.33,130.69
2011-02-17,12.9168,15.0824,14.82,12.48,7.06,10.65,9.46,7.06,20.55,15.81,13.89,12.94,11.28,11.63,12.4,12.95,15.08,16.59,15.81,18.63,20.71,130.97
2011-02-18,12.8058,15.3415,20.89,15.83,12.72,10.81,11.28,12.73,22.24,17.43,15.34,14.36,11.96,12.71,13.65,14.38,15.35,16.43,14.92,18.9,20.92,136.43
2011-02-22,17.1477,18.0225,27.52,21.12,17.02,14.01,14.9,17.03,26.81,21.55,18.78,17.54,14.36,15.35,16.58,17.56,18.03,20.8,22.09,21.32,22.99,125.9
2011-02-23,17.5236,18.4612,27.86,21.71,17.38,13.72,14.93,17.39,27.66,22.23,19.26,17.89,14.1,15.4,16.82,17.92,18.46,22.13,22.77,22.47,23.88,124.53
2011-02-24,17.0043,18.3433,26.25,20.8,16.7,13.06,14.29,16.71,26.97,21.71,18.86,17.52,13.56,14.98,16.44,17.54,18.35,21.32,21.51,22.26,23.86,124.68
2011-02-25,15.5759,17.0942,24.11,18.99,15.18,11.95,13.0,15.18,25.27,19.93,17.34,16.09,12.5,13.79,15.12,16.11,17.1,19.22,18.47,20.57,22.71,128.76
2011-02-28,15.1371,16.7331,22.54,18.16,14.84,12.04,12.92,14.85,24.27,19.22,16.79,15.58,12.19,13.38,14.66,15.6,16.73,18.35,18.3,20.0,21.75,129.37
2011-03-01,16.8423,17.8634,24.35,20.01,16.56,13.28,14.41,16.57,26.14,20.99,18.39,17.12,13.38,14.72,16.11,17.14,17.87,21.01,21.59,21.9,23.31,122.43
2011-03-02,17.1114,18.1643,24.51,20.19,16.62,13.22,14.39,16.62,26.21,21.18,18.61,17.34,13.53,14.91,16.32,17.36,18.16,20.7,20.78,21.68,23.29,123.06
2011-03-03,15.1722,17.049,21.25,17.26,14.06,11.41,12.2,14.06,23.97,19.22,16.87,15.67,12.37,13.5,14.76,15.69,17.05,18.6,16.85,20.44,22.29,125.71
2011-03-04,16.6236,18.1113,23.61,19.53,16.11,13.12,14.07,16.12,25.62,20.69,18.18,16.95,13.46,14.66,15.98,16.96,18.11,19.06,17.69,20.8,22.67,125.9
2011-03-07,17.4922,18.6049,24.81,20.81,17.43,14.26,15.32,17.44,26.2,21.4,18.9,17.64,13.89,15.25,16.64,17.65,18.61,20.66,20.97,21.85,23.46,122.95
2011-03-08,16.5225,17.9895,22.18,18.61,15.66,12.8,13.74,15.65,24.8,20.22,17.89,16.68,12.96,14.36,15.73,16.69,17.98,19.82,19.34,21.45,23.13,123.37
2011-03-09,17.0808,18.3612,22.91,19.12,16.09,13.22,14.14,16.09,25.09,20.55,18.21,17.0,13.4,14.7,16.05,17.01,18.36,20.22,19.93,21.82,23.47,122.6
2011-03-10,19.1554,19.5745,26.22,22.61,19.69,16.85,17.79,19.69,27.0,22.65,20.29,19.07,15.15,16.64,18.06,19.08,19.58,21.88,22.89,22.76,24.27,119.26
2011-03-11,17.5165,18.5985,21.46,18.36,15.81,13.51,14.19,15.81,25.13,20.85,18.59,17.4,13.7,15.07,16.44,17.4,18.6,20.08,19.4,21.87,23.69,118.54
2011-03-14,18.5,19.4717,24.62,21.3,18.73,16.45,17.11,18.73,26.78,22.19,19.76,18.49,14.67,16.05,17.48,18.51,19.48,21.13,21.93,22.49,24.0,121.52
2011-03-15,19.831,20.1948,27.4,23.62,20.6,18.31,18.92,20.6,30.33,24.33,21.31,19.81,15.45,16.98,18.62,19.83,20.2,24.32,25.9,24.03,25.27,121.52
2011-03-16,24.0682,22.4742,37.69,30.21,25.47,22.52,23.14,25.48,36.26,29.78,25.91,24.03,18.17,20.34,22.47,24.06,22.48,29.4,31.04,26.91,27.1,122.46
2011-03-17,22.0168,21.3639,20.34,18.28,14.21,14.57,14.43,14.21,34.77,27.66,23.79,21.91,16.29,18.34,20.4,21.93,21.36,26.37,28.62,25.44,26.09,125.85
2011-03-18,20.265,20.4274,31.79,25.25,20.22,15.35,17.1,20.24,28.94,25.21,21.86,20.24,14.87,16.95,18.88,20.29,20.43,24.44,25.31,24.34,25.36,126.81
2011-03-21,17.4923,18.6886,26.14,21.31,17.4,13.57,14.93,17.42,26.46,22.46,19.59,18.15,13.45,15.26,16.94,18.19,18.69,20.61,21.02,21.95,23.45,124.59
2011-03-22,17.2104,18.3881,24.6,20.55,17.06,13.44,14.76,17.08,25.9,21.79,19.12,17.8,13.4,15.11,16.68,17.83,18.39,20.21,20.17,21.7,23.34,120.83
2011-03-23,15.978,17.6485,22.4,18.78,15.75,12.85,13.86,15.77,24.53,20.48,18.06,16.82,12.75,14.31,15.78,16.85,17.65,19.17,19.06,20.93,22.75,120.75
2011-03-24,15.2049,16.9652,21.32,17.75,14.81,12.0,12.98,14.82,23.64,19.54,17.25,16.1,12.55,13.85,15.17,16.13,16.97,18.0,17.42,20.08,22.19,119.97
2011-03-25,15.2518,17.0551,21.07,17.5,14.66,11.98,12.89,14.66,23.42,19.52,17.33,16.21,12.57,13.95,15.28,16.23,17.06,17.91,17.49,20.03,22.15,121.43
2011-03-28,15.6169,17.1692,21.49,17.97,15.13,12.5,13.38,15.14,23.89,19.64,17.38,16.25,12.71,14.03,15.32,16.27,17.17,19.44,19.84,20.86,22.63,122.68
2011-03-29,15.3986,17.0434,21.46,17.72,14.72,12.06,12.93,14.73,23.8,19.55,17.24,16.09,12.58,13.87,15.17,16.11,17.04,18.16,17.46,19.97,22.05,124.11
2011-03-30,14.7292,16.5696,20.22,16.54,13.75,11.61,12.2,13.76,22.94,18.79,16.6,15.48,12.03,13.31,14.58,15.5,16.56,17.71,16.98,19.75,21.75,123.5
2011-03-31,14.5088,16.5577,20.03,16.16,13.42,11.41,11.93,13.43,22.95,18.56,16.37,15.26,11.93,13.15,14.39,15.28,16.55,17.74,16.31,19.84,21.93,124.64
2011-04-01,14.468,16.5314,19.3,15.31,12.8,10.97,11.46,12.8,22.73,18.48,16.36,15.29,12.07,13.26,14.45,15.32,16.52,17.4,15.15,19.59,21.76,128.64
2011-04-04,14.5037,16.4129,20.52,16.1,13.28,11.34,11.82,13.28,22.56,18.27,16.11,15.0,11.84,12.96,14.15,15.01,16.4,17.5,16.72,19.39,21.66,128.05
2011-04-05,13.888,16.1004,17.9,14.49,12.07,10.7,10.97,12.07,21.8,17.57,15.57,14.51,11.51,12.57,13.71,14.52,16.09,17.25,15.81,19.4,21.65,128.06
2011-04-06,14.4821,15.9588,17.7,14.17,11.5,10.08,10.48,11.5,21.29,17.33,15.37,14.34,11.33,12.42,13.55,14.35,15.97,16.9,15.21,19.38,21.63,125.18
2011-04-07,14.8067,16.4892,18.47,14.79,12.2,11.02,11.25,12.19,22.12,17.89,15.79,14.69,11.64,12.68,13.85,14.69,16.5,17.11,15.93,19.5,21.83,126.46
2011-04-08,15.2837,17.0298,20.03,15.84,12.97,11.57,11.9,12.97,23.12,18.62,16.37,15.2,11.98,13.09,14.32,15.22,17.03,17.87,17.21,20.05,22.32,125.92
2011-04-11,15.076,16.8894,21.18,16.98,13.86,12.53,13.04,13.85,23.15,18.46,16.2,15.01,11.83,12.91,14.14,15.03,16.9,16.59,18.39,20.01,22.31,122.94
2011-04-12,15.514,17.2047,22.4,18.05,14.63,13.29,13.81,14.63,23.56,18.86,16.58,15.37,12.01,13.19,14.47,15.38,17.22,17.09,18.93,20.33,22.63,121.94
2011-04-13,14.737,16.6973,16.58,14.88,11.52,11.99,11.82,11.52,22.34,17.79,15.65,14.55,11.59,12.6,13.75,14.56,16.71,16.92,17.97,19.99,22.36,124.55
2011-04-14,13.9975,16.3801,16.45,14.3,9.77,12.35,11.45,9.77,21.79,17.2,15.01,13.87,10.95,11.91,13.08,13.88,16.4,16.27,15.99,19.96,22.34,125.09
2011-04-15,13.3469,16.1061,21.31,16.69,13.35,10.53,11.45,13.36,23.06,18.54,16.16,15.01,11.55,12.84,14.11,15.04,16.13,15.32,14.28,19.17,21.88,130.45
2011-04-18,13.9444,16.6596,21.9,17.42,14.01,11.12,12.06,14.03,24.04,19.23,16.74,15.54,11.95,13.26,14.59,15.57,16.67,16.96,17.63,19.92,22.49,129.37
2011-04-19,12.8374,15.9244,20.04,15.92,12.92,10.41,11.23,12.93,22.61,17.92,15.63,14.51,11.29,12.46,13.66,14.54,15.93,15.83,15.91,19.18,21.97,129.4
2011-04-20,12.1672,15.3568,18.83,15.01,12.25,10.14,10.76,12.26,21.35,17.16,15.07,14.04,11.2,12.2,13.27,14.07,15.36,15.07,15.04,18.48,21.37,131.13
2011-04-21,11.6151,15.1581,17.73,14.23,11.68,9.78,10.3,11.69,20.59,16.58,14.64,13.66,11.01,11.92,12.93,13.68,15.15,14.69,13.03,18.35,21.21,131.78
2011-04-25,12.5998,15.3802,18.47,15.0,12.34,10.28,10.85,12.35,20.79,16.82,14.88,13.9,11.22,12.15,13.18,13.93,15.35,15.77,15.05,18.55,21.36,130.88
2011-04-26,12.5009,15.0972,18.03,14.72,12.16,10.31,10.76,12.16,20.3,16.36,14.55,13.62,11.14,11.98,12.94,13.64,15.07,15.62,15.16,18.27,20.96,127.45
2011-04-27,12.5648,14.9805,17.38,14.34,12.1,10.38,10.83,12.11,19.92,16.23,14.5,13.61,11.19,12.02,12.95,13.63,14.96,15.35,14.61,17.9,20.64,126.93
2011-04-28,11.7346,14.3849,15.77,12.89,11.05,9.93,10.09,11.06,18.76,15.38,13.75,12.91,10.77,11.46,12.31,12.93,14.36,14.62,12.81,17.52,20.29,124.99
2011-04-29,12.2716,14.7035,16.54,13.53,11.65,10.49,10.67,11.66,19.36,15.73,14.1,13.26,11.13,11.82,12.66,13.28,14.68,14.75,13.09,17.5,20.25,127.45
2011-05-02,13.1471,15.3371,17.63,14.42,12.41,11.31,11.43,12.42,20.3,16.44,14.74,13.88,11.72,12.39,13.26,13.9,15.3,15.99,15.16,18.39,21.06,124.15
2011-05-03,13.8163,16.044,19.15,15.22,12.76,11.07,11.5,12.76,21.71,17.5,15.59,14.62,12.16,12.95,13.92,14.64,16.01,16.7,15.71,19.11,21.49,127.49
2011-05-04,13.9759,16.2058,19.3,15.45,12.92,11.13,11.59,12.93,21.77,17.55,15.66,14.7,12.1,12.98,13.99,14.72,16.17,17.08,16.37,19.44,21.82,125.29
2011-05-05,15.9333,17.2788,23.16,18.72,15.57,13.18,13.87,15.58,23.67,19.44,17.34,16.27,13.2,14.29,15.45,16.3,17.26,18.2,18.87,19.84,22.1,124.89
2011-05-06,15.3342,16.6526,23.92,18.69,14.94,12.2,13.0,14.95,23.58,18.99,16.77,15.64,12.42,13.57,14.79,15.67,16.64,18.4,18.89,19.91,22.04,124.61
2011-05-09,14.247,16.1182,19.84,15.81,13.3,11.63,12.03,13.31,22.06,17.73,15.7,14.65,11.65,12.74,13.87,14.66,16.09,17.16,16.56,19.2,21.59,124.67
2011-05-10,12.944,15.2713,16.58,13.54,11.35,10.3,10.46,11.36,20.02,16.21,14.36,13.4,10.95,11.75,12.73,13.41,15.24,15.91,14.58,18.37,21.05,126.23
2011-05-11,14.5025,16.0765,19.33,16.12,13.72,12.09,12.47,13.72,21.56,17.47,15.54,14.54,11.91,12.79,13.82,14.56,16.06,16.95,16.8,19.05,21.49,126.23
2011-05-12,13.7678,15.6359,17.29,14.45,12.28,11.17,11.36,12.28,20.4,16.66,14.77,13.79,11.3,12.1,13.1,13.8,15.62,16.03,15.1,18.44,21.07,122.59
2011-05-13,14.3293,16.0847,19.21,15.85,13.43,12.17,12.42,13.43,21.33,17.34,15.39,14.37,11.79,12.62,13.65,14.38,16.07,17.07,17.13,19.07,21.44,121.9
2011-05-16,14.982,16.6141,22.29,18.44,15.56,14.06,14.49,15.56,22.16,18.09,16.06,15.0,12.23,13.15,14.24,15.01,16.6,18.24,19.71,19.87,21.94,123.58
2011-05-17,15.0486,16.6129,21.67,17.87,14.78,13.35,13.9,14.78,22.34,18.19,16.14,15.08,12.34,13.24,14.32,15.09,16.61,17.55,18.33,19.45,21.73,121.14
2011-05-18,13.4232,15.6578,15.72,14.07,10.82,11.47,11.23,10.82,20.09,16.3,14.44,13.46,11.13,11.85,12.82,13.47,15.65,16.23,16.25,18.53,21.11,121.14
2011-05-19,12.7408,15.3364,14.15,12.26,8.24,11.9,10.68,8.24,19.41,15.57,13.75,12.78,10.58,11.25,12.18,12.79,15.34,15.52,14.92,18.17,20.84,127.16
2011-05-20,13.4699,15.716,21.4,16.7,13.45,10.85,11.68,13.45,22.45,17.79,15.57,14.49,11.46,12.53,13.67,14.51,15.73,17.43,18.1,19.05,21.43,129.15
2011-05-23,14.8488,16.5337,21.84,17.91,14.84,12.24,13.05,14.85,22.97,18.64,16.46,15.38,12.25,13.37,14.54,15.4,16.54,18.27,18.87,19.79,22.02,124.78
2011-05-24,14.5219,16.3084,21.2,17.41,14.49,11.94,12.79,14.51,22.48,18.31,16.18,15.12,12.18,13.17,14.3,15.14,16.31,17.82,17.87,19.17,21.75,123.13
2011-05-25,13.9639,15.9151,20.07,16.6,13.83,11.47,12.21,13.84,21.48,17.6,15.63,14.63,11.87,12.81,13.87,14.65,15.92,17.07,16.83,18.87,21.57,123.14
2011-05-26,13.2376,15.4275,18.61,15.42,12.84,10.93,11.38,12.85,20.84,16.91,15.05,14.09,11.5,12.37,13.37,14.11,15.43,16.09,14.62,18.19,20.92,125.43
2011-05-27,13.3395,15.4222,18.72,15.4,12.89,11.11,11.52,12.9,20.7,16.79,15.03,14.13,11.79,12.55,13.46,14.15,15.42,15.98,14.79,18.13,20.63,125.43
2011-05-31,13.1431,15.1482,18.23,14.91,12.66,11.2,11.44,12.66,20.19,16.44,14.66,13.75,11.46,12.17,13.09,13.76,15.15,15.45,14.89,17.56,20.01,123.91
2011-06-01,14.923,16.2802,21.63,17.81,14.87,12.67,13.22,14.87,22.33,18.17,16.22,15.22,12.56,13.43,14.47,15.24,16.28,18.3,19.1,19.36,21.41,119.33
2011-06-02,15.0784,16.3337,21.53,18.03,15.19,12.93,13.49,15.2,22.37,18.33,16.36,15.33,12.63,13.49,14.56,15.35,16.33,18.09,18.93,19.32,21.29,119.2
2011-06-03,15.336,16.5803,20.73,17.7,15.33,13.32,13.87,15.33,22.25,18.43,16.55,15.56,12.88,13.77,14.81,15.58,16.58,17.95,17.99,19.47,21.59,116.8
2011-06-06,16.047,16.9804,21.88,18.78,16.46,14.6,15.07,16.46,22.64,18.95,17.13,16.18,13.45,14.38,15.43,16.19,16.99,18.49,19.35,19.96,21.81,116.02
2011-06-07,15.4472,16.518,19.48,16.99,15.17,13.83,14.06,15.18,21.66,18.26,16.54,15.63,13.01,13.91,14.92,15.64,16.53,18.07,18.41,19.5,21.6,116.07
2011-06-08,16.2271,17.0913,20.8,17.89,15.95,14.56,14.85,15.95,22.45,18.91,17.14,16.21,13.81,14.52,15.49,16.22,17.11,18.79,19.02,19.95,21.86,118.76
2011-06-09,15.2208,16.2228,19.22,16.38,14.35,13.03,13.28,14.36,21.29,17.89,16.14,15.22,12.77,13.55,14.53,15.23,16.24,17.77,18.11,19.26,21.34,117.27
2011-06-10,15.938,16.8757,20.47,17.33,15.23,14.13,14.23,15.23,22.39,18.74,16.91,15.94,13.36,14.2,15.21,15.95,16.89,18.86,18.92,20.11,25.1,122.65
2011-06-13,16.726,17.4697,22.14,18.6,16.09,15.08,15.13,16.09,23.62,19.68,17.74,16.71,13.89,14.85,15.94,16.72,17.48,19.61,20.28,20.44,22.08,120.99
2011-06-14,15.4321,16.6178,18.92,16.41,14.27,13.8,13.98,14.27,22.06,18.34,16.43,15.43,12.93,13.7,14.71,15.44,16.63,18.26,18.44,19.43,21.44,125.3
2011-06-15,18.0588,18.5467,27.07,21.56,18.07,16.61,17.17,18.07,26.87,21.68,19.29,18.06,14.68,15.84,17.13,18.08,18.55,21.32,22.03,21.38,22.91,124.32
2011-06-16,19.1996,19.5175,18.41,16.35,12.19,13.83,13.24,12.19,29.79,23.51,20.6,19.17,15.56,16.68,18.1,19.19,19.52,22.73,24.63,22.61,24.0,122.35
2011-06-17,18.6014,19.1259,28.12,22.63,18.57,14.79,16.07,18.58,27.38,23.2,20.27,18.85,14.35,16.04,17.66,18.89,19.13,21.85,23.13,22.44,23.82,122.35
2011-06-20,17.5749,18.2937,26.02,21.34,17.5,14.21,15.19,17.51,26.09,21.72,19.1,17.82,13.78,15.3,16.76,17.86,18.3,19.99,20.74,21.22,23.07,117.44
2011-06-21,15.8468,17.1514,22.92,19.04,15.71,12.99,13.76,15.71,24.23,19.95,17.56,16.37,12.77,14.07,15.41,16.4,17.16,18.86,20.18,20.5,22.46,116.52
2011-06-22,15.6575,17.1944,21.81,18.34,15.41,13.03,13.7,15.42,24.09,19.83,17.51,16.37,12.86,14.14,15.43,16.39,17.21,18.52,18.64,20.72,22.66,114.74
2011-06-23,17.2314,17.9932,24.51,20.57,17.2,14.01,15.06,17.21,25.4,21.13,18.68,17.48,13.74,15.12,16.49,17.52,18.01,19.29,20.07,20.93,22.82,116.79
2011-06-24,18.1496,18.6758,25.79,21.67,18.19,14.82,15.97,18.2,26.48,22.18,19.55,18.26,14.23,15.72,17.19,18.3,18.69,21.1,22.47,21.92,23.62,115.92
2011-06-27,17.1754,17.9875,24.87,20.8,17.43,14.19,15.29,17.45,26.0,21.28,18.64,17.34,13.3,14.81,16.29,17.38,17.99,20.56,21.99,21.5,23.28,119.46
2011-06-28,16.3398,17.4284,23.75,19.57,16.22,13.21,14.23,16.23,25.11,20.33,17.85,16.64,13.0,14.32,15.67,16.66,17.44,19.17,19.83,20.52,22.7,122.15
2011-06-29,14.2973,16.2391,20.34,16.46,13.5,11.41,11.91,13.5,22.52,18.3,16.12,15.02,11.88,12.98,14.17,15.04,16.24,17.27,16.96,19.42,21.85,128.73
2011-06-30,13.5574,15.6677,18.31,14.66,12.43,11.24,11.32,12.44,21.58,17.45,15.44,14.42,11.59,12.58,13.66,14.44,15.66,16.52,15.14,18.91,20.97,122.09
2011-07-01,13.0437,14.9529,17.03,13.97,11.98,11.83,11.18,11.99,20.17,16.33,14.6,13.72,11.36,12.15,13.07,13.74,14.95,15.87,15.29,17.93,20.43,119.63
2011-07-05,13.589,15.2572,17.23,14.55,12.62,12.02,11.81,12.62,20.36,16.71,14.97,14.07,11.51,12.43,13.4,14.09,15.25,16.06,15.85,18.11,20.57,121.78
2011-07-06,14.4156,15.7242,17.83,14.94,12.96,12.26,12.17,12.96,20.96,17.12,15.33,14.39,11.94,12.73,13.7,14.41,15.71,16.34,15.66,18.41,20.62,121.51
2011-07-07,13.8696,15.1902,16.32,14.01,12.87,13.56,12.83,12.87,20.03,16.47,14.72,13.82,11.54,12.26,13.17,13.83,15.17,15.95,15.29,17.77,20.12,121.86
2011-07-08,14.3437,15.7005,17.25,14.48,12.7,12.2,12.13,12.7,20.71,17.15,15.31,14.33,11.69,12.57,13.6,14.35,15.69,15.95,15.56,17.96,20.35,119.68
2011-07-11,16.2805,17.3595,24.53,20.45,17.51,15.76,16.16,17.51,24.3,19.73,17.44,16.26,12.98,14.12,15.37,16.28,17.35,18.39,20.14,19.98,21.86,123.08
2011-07-12,16.7106,17.64,24.58,20.28,17.22,15.42,16.0,17.22,25.13,20.26,17.85,16.64,13.36,14.45,15.71,16.65,17.63,19.87,21.5,20.93,22.45,119.21
2011-07-13,17.2308,17.8617,21.54,18.55,15.52,14.17,14.69,15.52,24.92,20.41,18.19,17.05,13.76,14.93,16.17,17.07,17.87,19.91,20.65,20.85,22.47,124.79
2011-07-14,17.816,18.5852,18.04,16.25,12.77,13.19,13.03,12.77,26.56,21.44,18.98,17.76,14.33,15.54,16.83,17.79,18.58,20.8,22.19,21.59,23.03,126.63
2011-07-15,16.8748,17.9675,25.91,20.81,16.92,13.31,14.56,16.95,25.63,21.76,18.93,17.57,13.38,14.94,16.46,17.62,17.96,19.53,19.82,20.94,22.72,129.24
2011-07-18,17.7927,18.6191,26.56,21.53,17.83,14.22,15.51,17.86,26.06,22.25,19.55,18.23,13.99,15.59,17.12,18.27,18.63,20.95,22.13,21.84,23.33,123.92
2011-07-19,15.9558,17.3366,24.1,19.4,16.01,12.83,13.93,16.02,24.71,20.39,17.91,16.7,12.86,14.31,15.7,16.73,17.35,19.21,19.69,20.5,22.43,126.12
2011-07-20,16.0758,17.2318,23.92,19.49,16.12,13.01,14.07,16.14,24.27,20.21,17.79,16.6,12.88,14.28,15.63,16.63,17.25,19.09,19.75,20.37,22.34,122.97
2011-07-21,15.0484,16.4327,21.94,18.09,15.09,12.45,13.31,15.1,23.07,18.98,16.77,15.67,12.3,13.56,14.8,15.7,16.45,17.56,17.54,19.2,21.39,122.42
2011-07-22,14.8659,16.2525,21.47,17.74,14.88,12.4,13.2,14.89,22.66,18.69,16.54,15.48,12.28,13.46,14.64,15.51,16.26,17.52,16.96,19.2,21.57,121.59
2011-07-25,16.5983,17.3401,23.7,19.77,16.65,13.73,14.72,16.66,24.11,20.13,17.86,16.74,13.23,14.54,15.82,16.76,17.35,19.35,20.4,20.26,22.06,119.45
2011-07-26,16.9465,17.5821,24.6,20.34,17.03,13.96,15.02,17.05,24.87,20.61,18.22,17.04,13.35,14.72,16.08,17.07,17.59,20.23,20.83,20.89,22.35,120.12
2011-07-27,19.4848,19.1917,28.66,23.65,19.82,15.85,17.31,19.83,27.27,23.05,20.37,19.04,14.71,16.37,17.93,19.08,19.19,22.98,24.41,22.69,23.55,119.44
2011-07-28,20.1537,19.5847,29.88,24.59,20.61,16.54,18.02,20.63,28.07,23.75,20.95,19.56,14.97,16.76,18.39,19.6,19.59,23.74,27.52,22.95,23.62,120.36
2011-07-29,21.5526,19.8762,33.75,27.38,22.6,17.86,19.58,22.62,29.47,24.92,21.87,20.38,15.59,17.41,19.13,20.42,19.88,25.25,30.35,22.91,23.63,120.65
2011-08-01,20.2921,19.1706,30.39,25.45,21.45,17.37,18.83,21.47,27.93,23.59,20.93,19.59,15.09,16.85,18.46,19.63,19.18,23.66,26.85,22.38,23.03,118.64
2011-08-02,21.2913,20.2641,30.68,26.09,22.39,18.55,19.93,22.41,28.52,24.46,21.95,20.65,16.17,17.92,19.52,20.68,20.27,24.79,27.78,23.6,24.01,116.08
2011-08-03,20.5762,20.2549,28.95,24.6,21.0,17.59,18.72,21.02,28.43,24.24,21.69,20.38,15.98,17.68,19.27,20.42,20.26,23.38,24.7,23.12,23.85,117.27
2011-08-04,26.453,24.1515,39.48,33.81,28.86,24.04,25.63,28.88,34.26,30.1,26.93,25.34,19.79,21.99,23.97,25.38,24.16,31.66,39.89,28.56,27.88,113.17
2011-08-05,29.8588,26.8123,48.87,39.8,32.56,25.29,27.93,32.59,39.3,34.97,30.71,28.62,21.43,24.26,26.84,28.68,26.84,32.0,37.58,29.59,28.81,119.36
2011-08-08,37.2423,30.9508,66.76,55.78,45.45,34.07,38.46,45.52,47.91,43.53,37.88,35.05,25.25,29.15,32.63,35.12,30.96,48.0,68.0,38.1,35.0,121.06
2011-08-09,34.4031,29.218,61.17,49.58,40.0,30.5,33.89,40.04,45.21,40.67,35.53,32.97,24.23,27.7,30.82,33.06,29.23,35.06,43.38,31.07,29.97,124.51
2011-08-10,34.8157,30.3858,66.73,54.32,44.24,33.87,37.65,44.27,46.64,42.02,37.02,34.48,25.44,29.09,32.3,34.56,30.4,42.99,56.66,36.58,33.9,118.65
2011-08-11,32.0327,28.197,56.21,46.08,38.29,30.84,33.43,38.31,44.46,39.32,34.21,31.73,23.39,26.64,29.62,31.78,28.19,39.0,46.98,33.82,32.13,119.99
2011-08-12,31.5432,27.9401,46.93,39.95,34.0,27.91,30.01,34.01,42.98,38.21,33.58,31.31,23.49,26.58,29.37,31.37,27.95,36.36,38.41,32.75,31.19,119.79
2011-08-15,27.0546,25.3308,35.94,30.65,26.42,23.04,23.88,26.43,38.46,32.52,28.82,27.0,20.97,23.3,25.46,27.05,25.31,31.87,32.94,30.08,29.58,121.76
2011-08-16,27.3865,25.4183,34.37,28.84,25.25,22.32,23.04,25.26,39.13,33.07,29.17,27.28,21.15,23.47,25.68,27.32,25.41,32.85,33.09,30.44,29.82,122.41
2011-08-17,26.3356,25.1867,26.91,22.77,20.21,19.83,19.45,20.21,38.94,32.13,28.17,26.26,20.27,22.49,24.65,26.3,25.17,31.58,31.22,30.03,29.53,126.16
2011-08-18,36.0092,31.018,36.9,31.5,27.05,25.16,25.18,27.05,50.66,44.57,38.6,35.73,26.4,29.96,33.34,35.81,30.97,42.67,46.55,36.6,33.23,124.44
2011-08-19,36.6895,31.7878,51.48,45.46,36.59,27.11,30.73,36.66,43.89,41.35,35.65,32.89,24.24,27.34,30.59,33.01,31.74,43.05,47.41,37.9,35.13,124.05
2011-08-22,35.0842,31.3032,50.67,43.83,35.47,26.34,29.86,35.53,43.97,40.86,35.09,32.34,23.76,26.89,30.09,32.46,31.26,42.44,44.57,38.26,35.19,119.4
2011-08-23,30.5406,28.6197,45.82,37.62,30.64,23.2,26.02,30.66,40.11,36.43,31.49,29.11,21.05,24.26,27.12,29.18,28.59,36.27,37.81,34.79,33.21,124.05
2011-08-24,29.3605,27.8814,43.53,36.46,29.82,22.78,25.42,29.88,39.93,36.26,30.8,28.22,20.24,23.24,26.14,28.32,27.85,35.9,37.43,34.8,33.35,123.37
2011-08-25,33.2539,29.6441,48.88,41.67,34.31,25.95,29.22,34.33,41.35,38.09,32.91,30.44,22.07,25.4,28.37,30.51,29.62,39.76,44.08,36.61,34.67,120.81
2011-08-26,31.0963,28.554,46.35,38.67,32.03,24.42,27.41,32.09,40.81,37.08,31.84,29.35,21.11,24.37,27.31,29.45,28.53,35.59,36.34,34.41,33.25,122.97
2011-08-29,26.8302,25.9871,39.17,32.96,27.82,22.43,24.41,27.87,36.91,32.99,28.39,26.18,19.07,21.77,24.36,26.26,25.96,32.28,33.39,31.98,31.76,122.97
2011-08-30,26.7479,26.1293,38.68,32.67,27.4,22.01,23.91,27.43,36.9,32.86,28.41,26.26,19.28,21.95,24.48,26.34,26.1,32.89,34.67,32.47,32.16,119.9
2011-08-31,27.3842,26.7824,38.88,32.9,27.96,22.94,24.72,27.99,37.16,33.3,28.99,26.94,20.31,22.83,25.25,27.02,26.76,31.62,32.33,31.67,31.59,120.01
2011-09-01,27.03,26.5242,37.39,31.56,26.87,22.09,23.78,26.87,36.59,32.68,28.63,26.67,20.0,22.61,25.0,26.71,26.51,31.82,31.78,31.99,31.88,120.23
2011-09-02,29.1142,28.1611,39.7,33.92,28.98,23.75,25.65,29.01,39.36,35.37,30.94,28.77,21.39,24.3,26.94,28.84,28.15,33.92,31.94,33.79,32.99,119.33
2011-09-06,31.6442,29.0803,46.02,39.19,33.5,27.56,29.66,33.44,41.32,36.6,32.2,30.02,22.37,25.38,28.08,29.99,29.08,37.0,39.24,35.38,34.23,121.04
2011-09-07,28.059,27.2994,37.9,32.13,27.68,23.7,25.0,27.69,38.95,34.46,29.96,27.83,20.78,23.49,26.02,27.86,27.3,33.38,32.44,32.96,32.14,118.75
2011-09-08,29.2418,28.0311,38.89,33.51,29.07,24.78,26.22,29.09,40.13,35.71,31.22,29.07,21.97,24.71,27.27,29.14,28.03,34.32,34.41,33.71,33.14,118.59
2011-09-09,34.7186,31.9257,50.21,42.73,36.79,30.35,32.73,36.81,45.69,41.71,36.83,34.38,25.64,29.18,32.27,34.44,31.93,38.52,40.42,36.64,35.32,116.9
2011-09-12,35.0516,32.4578,48.87,41.99,36.25,31.04,32.68,36.26,46.12,42.2,37.25,34.73,25.93,29.43,32.56,34.8,32.44,38.59,40.45,37.06,35.77,117.23
2011-09-13,32.582,30.8477,37.82,32.92,29.5,26.93,27.53,29.51,42.75,38.68,34.49,32.31,24.61,27.64,30.4,32.35,30.83,36.91,37.63,36.06,35.32,118.05
2011-09-14,29.564,28.9215,29.84,25.99,23.75,24.65,23.34,23.75,39.79,35.28,31.34,29.37,22.58,25.23,27.67,29.41,28.9,34.6,35.03,34.96,34.02,115.73
2011-09-15,28.316,28.4481,21.66,19.46,15.95,18.01,17.27,15.95,38.77,33.73,30.0,28.16,21.63,24.24,26.55,28.18,28.43,31.97,32.79,33.52,33.44,120.0
2011-09-16,27.4244,27.7966,38.22,33.0,27.2,20.54,23.18,27.23,36.93,33.88,29.65,27.58,20.59,23.33,25.84,27.65,27.78,30.98,32.52,32.95,33.02,123.27
2011-09-19,28.3311,28.3496,39.69,34.47,28.22,21.16,23.92,28.28,38.27,35.13,30.53,28.3,20.95,23.78,26.46,28.41,28.33,32.73,34.6,33.81,33.78,120.76
2011-09-20,28.2793,28.1405,39.52,33.77,28.09,21.33,24.02,28.11,37.55,34.29,30.04,27.95,20.83,23.59,26.17,28.01,28.12,32.86,34.49,33.62,33.57,120.61
2011-09-21,29.7385,29.0895,42.02,35.75,29.48,22.36,25.16,29.5,38.79,35.62,31.29,29.17,21.73,24.74,27.38,29.25,29.08,37.32,37.76,36.19,35.63,120.18
2011-09-22,37.9286,34.4,50.33,45.01,37.65,28.55,32.27,37.72,45.74,43.18,38.14,35.54,27.02,29.98,33.33,35.67,34.39,41.35,43.49,39.15,37.61,119.37
2011-09-23,36.1086,33.1678,48.16,43.01,35.93,27.15,30.69,35.98,44.23,41.63,36.56,33.99,25.48,28.61,31.81,34.1,33.16,41.25,42.66,39.55,37.92,118.24
2011-09-26,34.7135,32.4292,47.65,41.68,34.76,26.38,29.73,34.79,43.7,40.74,35.73,33.2,24.6,27.9,31.05,33.3,32.43,39.02,40.17,38.03,37.08,120.34
2011-09-27,32.1407,30.7114,44.91,38.49,32.17,24.36,27.52,32.2,41.42,38.15,33.5,31.16,22.98,26.23,29.16,31.24,30.72,37.71,38.93,37.21,36.54,119.55
2011-09-28,34.5066,32.3064,47.5,41.5,34.72,26.44,29.78,34.75,43.39,40.57,35.65,33.17,24.58,27.96,31.06,33.26,32.33,41.08,42.81,39.52,38.21,118.21
2011-09-29,35.8097,33.4225,48.9,42.67,35.94,27.43,30.9,35.97,45.12,42.14,37.12,34.58,25.99,29.21,32.41,34.68,33.45,38.84,39.79,38.18,37.2,118.97
2011-09-30,36.9423,34.2661,49.38,43.37,37.1,28.91,32.27,37.13,46.24,43.29,38.29,35.71,27.03,30.2,33.49,35.81,34.31,42.96,43.73,41.24,39.23,114.83
2011-10-03,40.4453,36.7134,51.62,46.58,41.16,33.46,36.67,41.18,49.47,46.63,41.53,38.88,30.08,33.2,36.6,38.98,36.79,45.45,48.64,43.38,41.36,113.09
2011-10-04,39.3502,36.3823,48.65,44.04,39.29,32.27,35.24,39.31,48.5,45.59,40.89,38.39,29.55,32.9,36.2,38.49,36.47,40.82,41.47,40.45,39.13,115.28
2011-10-05,34.2516,32.6559,41.8,38.06,34.22,28.62,30.95,34.23,43.3,39.93,35.83,33.68,25.62,28.95,31.79,33.75,32.71,37.81,37.58,38.31,37.86,113.87
2011-10-06,33.4054,32.1104,40.68,36.81,32.97,27.56,29.81,32.97,42.49,38.99,35.04,32.96,25.19,28.39,31.13,33.01,32.17,36.27,34.96,37.04,36.91,115.42
2011-10-07,31.3127,31.0522,38.09,33.94,30.0,24.95,26.96,30.01,40.99,37.24,33.32,31.29,23.84,26.88,29.51,31.34,31.09,36.2,33.62,37.31,37.25,116.1
2011-10-10,30.1621,29.8821,37.17,32.71,28.76,24.18,25.88,28.77,40.2,36.01,32.11,30.12,22.88,25.82,28.39,30.18,29.93,33.02,31.3,34.79,35.17,116.81
2011-10-11,28.5881,28.8038,34.25,29.86,26.11,22.18,23.55,26.12,39.15,34.54,30.63,28.68,21.67,24.49,26.97,28.73,28.84,32.86,30.01,34.06,34.81,118.91
2011-10-12,26.2465,26.5228,31.72,27.07,23.35,20.25,21.14,23.36,37.05,31.63,27.91,26.06,19.72,22.22,24.47,26.1,26.55,31.26,29.02,32.97,33.39,121.6
2011-10-13,26.4925,26.7671,30.92,26.62,22.81,19.31,20.44,22.82,37.16,31.97,28.21,26.35,19.86,22.44,24.75,26.4,26.8,30.7,27.71,32.71,33.29,121.98
2011-10-14,24.1788,24.9482,28.65,23.58,19.93,16.93,17.82,19.93,35.85,29.5,25.9,24.11,18.01,20.43,22.59,24.16,24.98,28.24,26.49,30.39,31.67,121.9
2011-10-17,27.1907,26.7981,36.46,30.98,26.49,22.24,23.61,26.49,39.31,33.21,29.12,27.11,20.33,22.98,25.4,27.16,26.83,33.39,33.95,33.6,33.81,124.46
2011-10-18,25.6237,25.9995,31.29,26.66,23.38,21.53,21.63,23.38,38.38,31.49,27.45,25.47,19.15,21.53,23.79,25.5,26.02,31.56,32.21,31.98,32.87,127.99
2011-10-19,29.494,28.3857,37.14,30.57,25.92,22.58,23.44,25.92,41.81,35.75,31.37,29.25,22.07,24.87,27.41,29.27,28.41,34.44,34.7,34.39,34.57,122.57
2011-10-20,29.2417,28.4062,19.89,18.39,15.6,15.44,15.5,15.6,41.9,35.46,31.2,29.12,22.04,24.83,27.34,29.17,28.42,34.78,36.7,34.2,34.51,122.57
2011-10-21,26.7172,26.8558,38.86,32.4,26.62,20.37,22.76,26.65,36.36,32.99,28.77,26.73,19.87,22.56,25.03,26.81,26.86,31.32,32.15,31.97,32.98,127.19
2011-10-24,24.6313,25.0912,35.92,29.44,24.51,19.4,21.32,24.54,34.36,30.38,26.6,24.83,18.78,21.18,23.34,24.89,25.1,29.26,30.19,30.47,31.8,124.85
2011-10-25,26.2142,26.0013,38.16,31.67,26.31,20.52,22.74,26.36,35.8,32.07,27.99,26.01,19.46,21.99,24.37,26.09,26.02,32.22,33.57,32.36,33.12,122.65
2011-10-26,24.9985,25.3338,36.35,29.99,24.76,19.17,21.3,24.8,35.48,31.22,27.14,25.22,18.84,21.33,23.62,25.3,25.35,29.86,30.33,30.94,31.82,122.65
2011-10-27,21.0367,21.9061,29.72,24.47,20.52,16.73,18.01,20.53,31.37,26.21,23.02,21.48,16.5,18.41,20.2,21.52,21.93,25.46,24.95,27.03,28.76,122.82
2011-10-28,21.0389,21.8809,28.69,24.17,20.6,17.1,18.28,20.61,30.82,25.92,22.89,21.42,16.73,18.5,20.19,21.46,21.9,24.53,23.03,26.52,28.31,121.18
2011-10-31,24.4546,24.1652,33.92,28.4,24.24,19.95,21.53,24.27,34.01,29.47,26.05,24.4,18.83,21.01,23.0,24.45,24.19,29.96,30.88,30.37,30.99,120.69
2011-11-01,28.7958,27.7067,44.56,35.97,29.62,23.26,25.65,29.66,39.27,35.17,30.4,28.16,20.82,23.65,26.3,28.23,27.72,34.77,36.72,34.02,34.5,126.65
2011-11-02,27.4676,26.7689,40.35,33.32,27.81,22.12,24.24,27.85,37.46,33.28,29.07,27.05,20.27,22.93,25.36,27.13,26.79,32.74,33.06,32.88,33.64,123.95
2011-11-03,24.9739,25.3095,35.45,29.3,24.63,19.88,21.58,24.66,35.78,30.91,26.89,24.98,18.82,21.17,23.39,25.04,25.31,30.5,29.5,31.62,32.45,124.19
2011-11-04,25.6941,25.995,36.2,30.25,25.47,20.44,22.27,25.5,36.52,31.84,27.69,25.71,19.45,21.8,24.07,25.78,26.0,30.16,28.43,31.23,32.46,123.56
2011-11-07,25.3081,25.564,34.76,29.4,24.94,20.34,22.0,24.96,36.02,30.83,27.07,25.26,19.21,21.58,23.74,25.32,25.57,29.85,28.39,31.38,32.33,124.93
2011-11-08,23.2051,24.4069,28.97,24.75,21.13,17.46,18.77,21.14,34.07,28.69,25.18,23.46,17.94,20.03,22.01,23.51,24.39,27.48,24.57,29.52,31.17,124.77
2011-11-09,29.7853,28.8499,45.17,37.32,31.11,24.58,26.98,31.12,40.73,36.24,31.72,29.55,22.1,25.06,27.71,29.61,28.84,36.16,38.14,35.49,35.55,122.87
2011-11-10,27.632,27.7938,38.17,31.73,26.27,21.09,22.86,26.27,39.11,33.71,29.42,27.37,20.32,23.12,25.61,27.41,27.76,32.81,32.13,33.75,34.7,125.24
2011-11-11,25.1881,26.2366,32.2,27.07,22.58,18.31,19.73,22.58,35.95,30.65,26.9,25.08,19.43,21.52,23.57,25.13,26.19,30.04,28.03,31.6,33.31,124.56
2011-11-14,26.8435,27.3147,34.77,29.9,25.82,21.72,23.15,25.83,37.99,32.74,28.73,26.77,20.66,22.92,25.14,26.82,27.27,31.13,31.23,32.72,33.88,124.56
2011-11-15,25.5677,26.4445,31.46,26.29,22.38,19.2,20.19,22.38,37.07,31.17,27.33,25.47,19.59,21.78,23.89,25.5,26.42,31.22,31.57,32.52,33.79,124.97
2011-11-16,27.1833,27.9377,31.46,27.12,23.22,20.21,21.03,23.22,38.55,32.58,28.85,27.04,21.27,23.44,25.51,27.07,27.91,33.51,34.12,34.39,35.14,122.92
2011-11-17,30.1579,30.0837,25.76,21.72,18.11,16.36,17.04,18.11,41.87,36.1,31.96,29.96,23.28,25.84,28.23,29.99,30.07,34.51,32.62,35.32,36.14,121.59
2011-11-18,28.1443,29.2286,38.81,33.06,27.98,22.08,24.39,28.0,36.94,34.18,30.15,28.1,21.1,23.76,26.33,28.15,29.22,32.0,30.26,34.2,35.55,120.04
2011-11-21,29.0113,29.7839,38.74,33.72,28.99,23.03,25.42,29.03,37.18,34.67,30.87,28.89,21.56,24.58,27.17,28.97,29.77,32.91,33.34,34.78,36.17,115.15
2011-11-22,28.4412,29.3386,37.02,32.58,28.36,23.02,25.14,28.39,36.52,33.88,30.39,28.53,21.52,24.42,26.9,28.6,29.33,31.97,31.03,34.24,35.69,114.92
2011-11-23,29.925,30.567,39.39,34.49,29.96,24.35,26.55,29.98,37.81,35.22,31.59,29.68,22.43,25.44,28.0,29.75,30.54,33.98,33.6,35.87,37.05,116.78
2011-11-25,30.3948,31.2674,40.41,35.35,30.76,25.3,27.44,30.85,38.93,36.29,32.52,30.56,23.44,26.35,28.93,30.71,31.23,34.47,33.95,36.45,37.83,114.77
2011-11-28,28.8177,29.7432,37.45,33.0,28.9,23.93,25.83,28.91,37.12,33.99,30.54,28.73,22.11,24.77,27.14,28.78,29.69,32.13,31.88,33.94,35.1,118.63
2011-11-29,27.0734,28.6061,34.5,30.56,26.81,22.35,24.0,26.82,35.54,32.38,29.08,27.36,21.02,23.58,25.85,27.41,28.55,30.64,30.4,33.21,34.64,116.45
2011-11-30,24.0678,26.2435,31.71,27.37,23.68,19.9,21.18,23.69,32.97,29.42,26.18,24.57,18.93,21.15,23.17,24.6,26.18,27.8,27.43,30.58,31.94,116.56
2011-12-01,23.3071,25.4887,31.11,26.78,23.08,19.59,20.7,23.09,32.1,28.41,25.29,23.74,18.41,20.5,22.4,23.77,25.43,27.41,27.0,30.03,31.92,116.9
2011-12-02,23.6792,25.5686,32.13,27.7,24.01,20.79,21.74,24.01,32.28,28.56,25.43,23.89,18.75,20.71,22.57,23.92,25.5,27.52,27.78,29.85,31.53,116.31
2011-12-05,24.4603,25.907,33.6,29.18,25.48,22.4,23.23,25.49,32.89,29.18,26.07,24.54,19.45,21.39,23.24,24.58,25.85,27.84,28.84,29.9,31.41,116.14
2011-12-06,23.9826,25.6916,31.65,27.65,24.36,21.43,22.33,24.37,33.04,28.8,25.72,24.22,19.34,21.18,22.95,24.25,25.64,28.13,28.5,30.16,31.6,115.16
2011-12-07,25.5189,26.5922,33.6,29.61,26.43,23.68,24.5,26.44,33.94,30.0,26.87,25.34,20.25,22.18,24.02,25.37,26.56,28.67,30.19,30.62,31.96,115.87
2011-12-08,26.7306,27.6339,35.0,31.14,27.87,24.82,25.77,27.87,35.13,31.36,28.1,26.49,21.0,23.12,25.1,26.52,27.6,30.59,31.62,32.09,33.23,115.37
2011-12-09,23.5061,25.4631,27.18,24.16,21.94,20.16,20.62,21.94,32.29,27.76,24.83,23.37,18.69,20.43,22.13,23.39,25.43,26.38,24.44,29.53,31.25,116.83
2011-12-12,24.7307,26.4804,30.21,26.89,24.45,22.58,22.94,24.45,33.69,29.2,26.16,24.61,19.33,21.38,23.27,24.64,26.46,25.67,25.99,30.17,31.55,120.26
2011-12-13,23.8971,26.0235,27.7,24.68,22.48,21.28,21.28,22.48,32.88,28.16,25.25,23.77,18.8,20.7,22.49,23.79,26.01,25.41,25.63,30.17,31.85,119.44
2011-12-14,24.0684,26.2953,30.05,25.03,21.9,21.03,20.84,21.91,33.0,28.27,25.41,23.95,18.94,20.89,22.68,23.98,26.28,26.04,25.62,30.42,31.95,120.66
2011-12-15,22.5591,25.3767,21.98,19.37,15.18,15.54,15.4,15.18,31.19,26.44,23.8,22.46,18.04,19.71,21.31,22.48,25.37,25.11,24.07,29.46,31.37,122.35
2011-12-16,22.3684,25.1722,30.75,26.12,22.28,18.09,19.67,22.3,32.3,29.08,25.89,24.28,18.62,20.87,22.9,24.34,25.18,24.29,22.76,29.03,31.92,119.22
2011-12-19,22.6704,25.2245,30.35,26.2,22.63,18.59,20.13,22.66,32.0,28.94,25.96,24.44,18.92,21.15,23.12,24.5,25.23,24.92,23.16,28.74,31.49,116.58
2011-12-20,20.2271,23.1916,27.96,23.64,20.19,16.56,17.89,20.2,29.99,26.52,23.65,22.22,17.23,19.2,20.99,22.27,23.19,23.22,21.55,26.87,29.52,120.66
2011-12-21,19.3784,22.33,26.24,22.37,19.36,16.12,17.31,19.37,28.84,25.46,22.79,21.44,16.7,18.59,20.28,21.48,22.33,21.43,20.62,25.56,28.56,115.16
2011-12-22,18.7023,21.9621,25.47,21.7,18.72,15.66,16.74,18.73,28.56,24.96,22.31,20.97,16.36,18.18,19.83,21.02,21.96,21.16,19.72,25.28,28.06,115.56
2011-12-23,18.3917,21.7171,24.87,21.1,18.18,15.14,16.23,18.19,28.09,24.54,21.94,20.63,16.09,17.88,19.49,20.66,21.71,20.73,17.81,25.22,27.96,117.14
2011-12-27,18.9781,21.7842,25.26,21.33,18.17,15.16,16.19,18.17,28.63,24.67,21.96,20.6,16.08,17.81,19.44,20.63,21.76,21.91,20.6,25.54,28.09,116.53
2011-12-28,20.6837,23.0596,27.08,23.05,19.77,16.43,17.62,19.78,30.13,26.26,23.41,21.96,17.01,18.94,20.71,21.99,23.04,23.52,22.42,26.75,29.02,116.32
2011-12-29,19.9077,22.3775,25.71,21.96,18.71,15.5,16.6,18.71,29.76,25.52,22.7,21.28,16.45,18.33,20.06,21.32,22.36,22.65,19.42,26.25,28.52,116.57
2011-12-30,20.2661,22.6144,25.72,22.04,18.92,15.81,16.9,18.93,29.97,25.89,23.03,21.58,16.68,18.59,20.34,21.63,22.6,23.4,19.36,26.86,28.34,116.21
2012-01-03,19.7389,21.9319,24.45,20.93,18.11,15.52,16.36,18.12,29.34,24.78,21.99,20.61,16.02,17.78,19.42,20.64,21.91,22.97,20.63,26.05,28.26,117.1
2012-01-04,19.0935,21.3246,22.77,19.64,17.03,14.64,15.42,17.04,28.94,24.13,21.35,19.98,15.56,17.25,18.84,20.02,21.3,22.22,19.32,25.31,27.67,117.63
2012-01-05,18.4472,20.7573,21.45,18.47,16.04,13.99,14.57,16.04,27.77,23.14,20.58,19.29,15.11,16.7,18.22,19.32,20.73,21.48,18.25,24.7,27.2,117.76
2012-01-06,17.6445,20.3305,20.24,17.25,15.06,13.49,13.83,15.07,26.69,22.16,19.73,18.51,14.59,16.08,17.51,18.54,20.29,20.63,17.01,24.09,26.73,118.29
2012-01-09,18.0089,20.2749,19.62,16.82,14.97,13.62,13.86,14.97,26.78,22.23,19.8,18.57,14.69,16.16,17.58,18.6,20.25,21.07,17.61,24.12,26.57,119.07
2012-01-10,17.5942,19.7968,18.9,16.28,14.58,14.05,13.82,14.58,25.95,21.61,19.26,18.05,14.36,15.71,17.08,18.07,19.78,20.69,17.48,23.68,26.1,118.99
2012-01-11,18.2346,20.069,18.55,15.92,14.13,13.61,13.39,14.13,26.95,21.93,19.42,18.18,14.45,15.81,17.19,18.2,20.04,21.05,17.12,24.11,26.45,120.2
2012-01-12,18.0417,19.9919,17.3,14.71,13.08,12.94,12.58,13.08,26.07,21.52,19.2,18.03,14.47,15.79,17.11,18.05,19.97,20.47,16.65,24.04,26.44,120.78
2012-01-13,18.6051,20.8281,18.23,15.39,13.32,12.73,12.57,13.32,27.22,22.22,19.79,18.58,14.91,16.27,17.63,18.61,20.8,20.91,17.69,24.67,26.98,121.92
2012-01-17,18.5295,20.6572,21.93,17.94,15.15,14.4,14.69,15.15,27.69,22.35,19.83,18.58,15.11,16.3,17.63,18.61,20.65,22.2,22.07,25.0,27.51,125.63
2012-01-18,16.9011,19.7068,15.89,14.47,11.75,13.35,12.77,11.75,26.06,20.54,18.12,16.89,13.74,14.76,16.0,16.9,19.7,20.89,20.67,24.18,26.57,130.78
2012-01-19,16.1575,19.1779,14.79,12.79,8.49,12.93,11.47,8.5,24.18,19.48,17.31,16.2,13.5,14.31,15.41,16.21,19.18,19.87,17.41,23.65,26.02,129.6
2012-01-20,14.9695,18.6124,22.15,17.86,14.89,12.89,13.35,14.9,25.83,21.06,18.43,17.19,13.62,14.88,16.21,17.23,18.62,18.28,16.12,22.82,25.42,129.24
2012-01-23,15.0354,18.1533,21.72,17.53,14.59,12.8,13.14,14.61,25.6,20.51,18.0,16.81,13.48,14.62,15.89,16.86,18.16,18.67,18.12,22.32,25.07,125.83
2012-01-24,15.3912,18.1728,21.79,17.81,14.95,13.12,13.49,14.96,25.59,20.5,17.99,16.79,13.4,14.56,15.85,16.83,18.18,18.91,18.08,22.03,24.85,127.38
2012-01-25,14.7432,17.3395,20.72,17.0,14.15,12.25,12.67,14.16,24.61,19.59,17.16,15.98,12.73,13.86,15.09,16.02,17.35,18.31,17.36,21.36,24.06,125.22
2012-01-26,15.9249,18.0905,21.11,17.81,15.4,14.02,14.2,15.41,25.1,20.35,18.0,16.89,13.86,14.87,16.03,16.93,18.1,18.57,16.4,21.68,24.25,122.96
2012-01-27,15.0826,17.521,19.59,16.67,14.39,12.88,13.2,14.4,24.04,19.41,17.18,16.1,13.26,14.17,15.28,16.13,17.53,18.53,16.63,21.4,24.13,121.5
2012-01-30,16.1706,18.1248,20.93,17.95,15.59,13.9,14.3,15.6,24.76,20.23,17.98,16.88,13.8,14.85,16.03,16.91,18.13,19.4,18.47,21.92,24.49,121.99
2012-01-31,16.1763,18.1964,20.9,17.8,15.41,13.69,14.11,15.42,24.79,20.28,18.01,16.91,13.81,14.87,16.05,16.94,18.2,19.44,18.44,22.09,24.6,121.96
2012-02-01,15.3913,17.5834,19.29,16.34,14.35,13.03,13.26,14.35,23.42,19.12,17.07,16.06,13.31,14.23,15.29,16.08,17.58,18.55,16.87,21.54,24.37,121.39
2012-02-02,15.0073,17.2731,18.88,15.86,13.81,12.66,12.73,13.82,23.12,18.78,16.75,15.73,13.08,13.94,14.98,15.76,17.27,17.98,15.78,21.01,23.89,122.26
2012-02-03,14.2573,16.5188,17.57,14.75,13.04,12.48,12.24,13.04,21.43,17.5,15.75,14.87,12.84,13.4,14.24,14.89,16.52,17.1,15.34,20.05,23.0,122.14
2012-02-06,14.7864,16.7345,18.51,15.57,13.69,13.14,12.9,13.7,22.05,17.99,16.18,15.25,13.12,13.71,14.6,15.28,16.74,17.76,16.64,20.39,23.11,123.63
2012-02-07,14.5852,16.4728,17.88,15.05,13.1,12.55,12.34,13.1,21.69,17.78,15.93,15.0,12.87,13.46,14.34,15.02,16.47,17.65,16.11,20.14,22.85,123.02
2012-02-08,15.1814,16.8276,18.15,15.02,12.96,12.31,12.14,12.96,22.53,18.09,16.18,15.24,13.18,13.74,14.6,15.26,16.81,18.16,16.33,20.68,23.14,124.76
2012-02-09,15.2425,17.2022,17.94,14.67,12.39,11.78,11.64,12.39,22.88,18.24,16.28,15.31,13.23,13.77,14.65,15.32,17.2,18.63,16.56,21.34,23.77,126.48
2012-02-10,17.8168,19.4857,23.5,18.83,15.78,13.95,14.29,15.79,27.31,21.83,19.19,17.93,14.77,15.78,17.01,17.96,19.46,20.79,19.66,23.28,25.17,129.59
2012-02-13,15.6224,17.922,18.75,15.47,12.9,11.62,12.12,12.91,23.89,18.94,16.79,15.71,13.18,13.96,14.98,15.73,17.91,19.04,18.45,22.12,24.47,127.89
2012-02-14,17.0966,19.3154,20.22,16.85,13.82,12.4,12.95,13.82,25.89,20.63,18.29,17.11,14.13,15.09,16.26,17.12,19.31,19.54,19.23,22.82,25.22,129.96
2012-02-15,17.2546,19.5366,22.6,18.16,14.01,12.84,13.29,14.01,27.25,21.25,18.66,17.35,14.1,15.14,16.42,17.37,19.54,21.14,21.26,24.12,26.17,128.88
2012-02-16,14.9531,18.2072,15.48,13.16,7.94,10.25,9.45,7.94,24.1,18.57,16.2,15.03,12.53,13.21,14.27,15.04,18.21,19.22,17.12,23.17,25.33,130.29
2012-02-17,14.0436,17.7051,21.49,17.05,13.97,11.79,12.38,13.99,24.69,20.6,17.87,16.59,12.83,14.19,15.58,16.63,17.71,17.78,16.23,22.39,24.92,129.54
2012-02-21,14.9446,17.9014,21.56,17.31,14.44,12.5,12.98,14.45,25.13,20.63,17.93,16.67,13.07,14.33,15.67,16.7,17.9,18.19,17.44,22.35,25.14,128.46
2012-02-22,14.4425,17.6279,20.14,16.4,13.74,11.99,12.4,13.75,24.49,20.02,17.46,16.26,12.77,14.02,15.31,16.29,17.62,18.19,17.09,22.09,25.01,127.7
2012-02-23,13.5546,16.5865,18.56,15.24,12.88,11.52,11.7,12.89,23.07,18.56,16.21,15.09,12.0,13.07,14.24,15.12,16.58,16.8,14.83,20.78,24.02,127.81
2012-02-24,13.6239,16.7551,18.61,15.14,12.79,11.63,11.68,12.8,23.36,18.71,16.32,15.19,12.11,13.15,14.33,15.21,16.74,17.31,15.09,21.18,24.3,128.72
2012-02-27,13.9804,16.783,19.2,15.44,13.02,11.98,11.94,13.03,23.59,18.75,16.33,15.18,12.08,13.14,14.32,15.21,16.76,18.19,16.94,21.87,24.66,126.98
2012-02-28,14.2826,17.0209,19.0,15.45,13.28,12.33,12.3,13.29,23.62,18.95,16.55,15.41,12.33,13.37,14.54,15.43,17.0,17.96,16.57,21.6,24.53,125.65
2012-02-29,14.3369,16.9579,18.98,15.49,13.3,12.39,12.31,13.3,23.56,18.86,16.48,15.35,12.34,13.35,14.5,15.37,16.93,18.43,16.85,21.8,24.43,124.59
2012-03-01,13.8565,16.7566,18.65,14.84,12.72,12.0,11.8,12.73,23.22,18.41,16.05,14.91,11.93,12.92,14.07,14.93,16.72,17.26,15.06,21.03,23.92,127.63
2012-03-02,13.5452,16.7231,17.46,14.0,12.05,11.64,11.3,12.06,22.94,18.11,15.8,14.67,11.81,12.73,13.85,14.69,16.68,17.29,14.44,21.26,24.12,125.2
2012-03-05,14.0564,17.1249,17.87,14.53,12.42,11.7,11.55,12.42,23.57,18.52,16.16,15.0,11.95,12.96,14.14,15.02,17.09,18.05,15.98,21.99,24.62,126.23
2012-03-06,16.5256,18.8645,24.09,18.96,15.91,14.17,14.44,15.91,26.83,21.38,18.5,17.13,13.33,14.65,16.08,17.16,18.84,20.87,20.1,23.9,26.16,126.49
2012-03-07,15.8853,17.9259,20.97,16.58,13.86,12.85,12.76,13.86,25.28,19.82,17.14,15.84,12.47,13.58,14.88,15.86,17.92,19.07,17.37,22.72,25.37,126.02
2012-03-08,14.5882,16.9468,18.41,14.9,12.71,12.4,12.06,12.71,23.22,18.05,15.75,14.58,11.53,12.56,13.73,14.59,16.94,17.95,16.98,21.84,24.62,125.08
2012-03-09,14.4068,16.6648,16.68,13.64,11.64,11.92,11.44,11.64,22.57,17.61,15.45,14.36,11.61,12.52,13.59,14.37,16.66,17.11,15.3,21.22,24.04,124.78
2012-03-12,13.7519,16.3514,15.78,13.43,11.11,11.22,11.18,11.11,21.58,16.9,14.81,13.77,11.54,12.12,13.07,13.78,16.35,15.64,15.54,20.81,23.71,139.25
2012-03-13,13.4422,15.6829,15.64,14.04,11.77,13.04,12.58,11.77,20.68,16.31,14.39,13.44,11.34,11.93,12.8,13.44,15.69,14.8,16.35,19.6,22.6,122.89
2012-03-14,14.2497,16.5677,16.6,14.73,10.97,11.79,11.49,10.97,21.36,17.04,15.16,14.24,12.28,12.78,13.62,14.25,16.57,15.31,16.72,20.75,23.38,118.82
2012-03-15,13.5009,16.3328,15.69,13.29,7.85,11.99,10.63,7.85,20.11,16.12,14.36,13.49,11.85,12.2,12.94,13.5,16.34,15.42,14.29,20.54,23.08,136.51
2012-03-16,12.3516,15.9023,18.93,14.97,12.37,10.83,11.11,12.38,22.31,18.08,15.75,14.68,12.01,12.84,13.89,14.71,15.92,14.47,13.47,20.37,22.85,138.43
2012-03-19,12.3513,15.7657,18.76,14.92,12.38,10.74,11.14,12.39,21.81,17.6,15.38,14.34,11.75,12.56,13.58,14.36,15.76,15.04,14.62,19.94,22.46,128.85
2012-03-20,12.7795,15.9274,19.43,15.49,12.8,10.83,11.39,12.81,22.1,17.76,15.56,14.52,11.84,12.71,13.75,14.55,15.92,15.58,15.31,19.96,22.49,128.02
2012-03-21,12.3611,15.2639,18.7,15.01,12.38,10.33,10.96,12.38,20.95,16.87,14.87,13.9,11.37,12.2,13.18,13.92,15.25,15.13,15.37,19.25,21.83,124.6
2012-03-22,13.8037,16.2023,20.27,16.55,13.83,11.58,12.29,13.84,22.3,18.2,16.05,15.02,12.25,13.16,14.23,15.05,16.18,15.57,15.9,19.55,22.02,121.17
2012-03-23,12.4555,15.101,18.24,14.86,12.43,10.51,11.11,12.44,20.52,16.56,14.67,13.73,11.33,12.1,13.04,13.76,15.08,14.82,14.33,18.64,21.49,122.98
2012-03-26,12.0657,14.3436,17.33,14.2,11.95,10.41,10.78,11.95,19.13,15.44,13.77,12.92,10.93,11.51,12.33,12.94,14.31,14.26,14.3,17.43,20.33,118.02
2012-03-27,12.7124,14.7359,17.83,14.72,12.48,10.96,11.3,12.48,20.07,16.18,14.43,13.55,11.43,12.06,12.92,13.57,14.71,15.59,15.43,18.57,21.06,121.13
2012-03-28,13.4858,15.5417,18.9,15.61,13.06,11.11,11.65,13.07,21.68,17.44,15.42,14.42,11.8,12.67,13.69,14.45,15.52,15.47,14.93,18.79,21.24,121.61
2012-03-29,13.0228,15.2534,17.99,14.92,12.59,10.73,11.26,12.59,20.97,16.83,14.92,13.94,11.32,12.22,13.23,13.96,15.23,15.48,14.55,18.84,21.37,121.69
2012-03-30,12.7573,15.0397,18.0,14.58,12.2,10.43,10.92,12.2,20.56,16.48,14.62,13.67,11.23,12.03,12.98,13.69,15.01,15.5,14.2,18.61,21.0,124.97
2012-04-02,12.637,14.7594,17.02,13.76,11.75,10.56,10.72,11.75,19.99,16.08,14.3,13.41,11.22,11.9,12.78,13.42,14.74,15.64,14.77,18.46,21.05,123.13
2012-04-03,13.3577,15.4382,17.83,14.49,12.33,10.9,11.18,12.33,21.02,16.97,15.09,14.13,11.65,12.46,13.43,14.14,15.42,15.66,14.36,18.81,21.28,123.84
2012-04-04,13.6464,15.8853,18.24,14.85,12.55,11.01,11.33,12.56,21.59,17.38,15.43,14.42,11.73,12.65,13.69,14.44,15.86,16.44,12.92,19.45,21.9,121.0
2012-04-05,13.9947,16.1797,18.45,15.03,12.87,11.34,11.7,12.87,21.86,17.67,15.71,14.69,11.89,12.87,13.94,14.71,16.16,16.7,14.7,19.82,22.18,120.61
2012-04-09,15.217,16.9275,19.65,16.27,14.15,12.71,13.0,14.15,23.07,18.73,16.69,15.63,12.77,13.74,14.85,15.66,16.92,18.81,17.87,21.21,23.22,119.05
2012-04-10,17.9136,19.1157,23.93,20.11,17.32,15.05,15.71,17.32,26.51,21.84,19.36,18.13,14.44,15.79,17.16,18.16,19.11,20.39,19.84,22.62,24.75,119.27
2012-04-11,17.4586,18.7464,21.7,18.03,15.59,13.82,14.24,15.59,25.58,20.97,18.61,17.41,13.86,15.15,16.47,17.43,18.73,20.02,18.69,22.47,24.62,118.43
2012-04-12,15.7936,17.5309,18.26,15.23,13.05,11.98,12.13,13.05,23.16,18.98,16.88,15.78,12.69,13.77,14.95,15.8,17.51,17.2,15.99,20.25,23.02,119.87
2012-04-13,16.483,18.0362,20.64,17.31,14.69,13.15,13.46,14.69,24.39,19.94,17.68,16.49,13.12,14.31,15.59,16.51,18.02,19.55,19.07,21.99,24.25,118.19
2012-04-16,17.1941,18.3991,21.37,18.17,15.76,14.78,14.92,15.76,25.1,20.64,18.39,17.2,13.8,15.0,16.29,17.22,18.4,19.55,20.13,22.04,24.25,116.67
2012-04-17,15.4643,17.0103,19.78,16.68,14.1,13.07,13.46,14.1,23.04,18.78,16.62,15.5,12.66,13.57,14.7,15.51,17.02,18.46,18.84,20.85,23.23,121.83
2012-04-18,15.3792,17.1236,16.4,14.96,12.22,12.24,12.24,12.22,22.88,18.67,16.55,15.45,12.72,13.57,14.67,15.46,17.13,18.64,18.85,21.12,23.46,119.5
2012-04-19,16.0196,17.6756,15.53,13.95,10.86,12.44,11.87,10.85,23.59,19.42,17.22,16.06,13.0,14.01,15.21,16.07,17.68,18.36,18.09,21.23,23.61,117.6
2012-04-20,15.0394,17.0885,21.75,18.01,15.04,12.5,13.29,15.05,23.78,19.84,17.44,16.27,12.75,14.03,15.34,16.31,17.1,17.44,16.85,20.48,23.09,118.05
2012-04-23,16.3704,17.7377,22.76,19.33,16.27,13.36,14.34,16.29,24.65,20.76,18.3,17.09,13.48,14.78,16.13,17.13,17.75,18.97,19.1,21.39,23.77,117.19
2012-04-24,15.9514,17.4169,21.79,18.61,15.79,13.04,13.99,15.81,24.31,20.25,17.85,16.66,13.1,14.38,15.71,16.7,17.43,18.1,17.87,20.51,23.22,118.36
2012-04-25,14.3402,16.122,19.82,16.63,13.96,11.67,12.38,13.97,22.57,18.47,16.26,15.15,12.1,13.14,14.3,15.18,16.14,16.82,16.14,19.46,22.15,122.53
2012-04-26,13.5945,15.3847,18.44,15.6,13.25,11.39,11.89,13.25,21.34,17.36,15.37,14.36,11.86,12.62,13.62,14.39,15.39,16.24,14.7,18.55,21.55,121.03
2012-04-27,13.5194,15.2953,18.33,15.43,13.12,11.43,11.84,13.13,21.08,17.07,15.2,14.25,11.95,12.63,13.56,14.27,15.3,16.32,14.65,18.74,21.58,120.08
2012-04-30,14.5037,16.0054,19.69,16.63,14.17,12.22,12.74,14.18,22.27,18.13,16.07,15.03,12.46,13.24,14.27,15.06,16.0,17.15,16.55,19.32,21.7,119.83
2012-05-01,13.7127,15.2038,18.03,15.06,12.88,11.27,11.64,12.88,20.92,17.06,15.21,14.27,12.06,12.69,13.6,14.29,15.21,16.6,15.63,19.13,21.68,120.18
2012-05-02,14.2144,15.7616,18.88,15.85,13.57,11.84,12.26,13.58,21.66,17.57,15.69,14.74,12.52,13.15,14.06,14.76,15.76,16.88,16.23,19.01,21.61,119.94
2012-05-03,14.7949,16.1747,19.99,16.7,14.16,12.24,12.73,14.17,22.72,18.35,16.29,15.25,12.7,13.48,14.5,15.28,16.17,17.56,16.94,19.5,22.0,116.18
2012-05-04,16.2499,17.245,21.6,18.33,15.73,13.53,14.16,15.73,24.12,19.86,17.64,16.53,13.45,14.5,15.67,16.55,17.24,19.16,18.42,20.72,22.94,115.83
2012-05-07,16.3963,17.1272,21.18,18.17,15.88,13.77,14.41,15.89,23.68,19.76,17.66,16.56,13.5,14.55,15.72,16.59,17.13,18.94,18.46,20.45,22.85,116.68
2012-05-08,16.3203,17.3818,21.09,18.19,16.0,13.9,14.57,16.01,23.92,19.72,17.62,16.55,13.64,14.61,15.74,16.58,17.37,19.05,19.09,20.81,23.14,117.23
2012-05-09,17.6212,18.2532,22.97,20.08,17.82,15.87,16.43,17.82,24.94,20.96,18.76,17.63,14.42,15.52,16.75,17.65,18.25,20.08,20.24,21.53,23.79,115.05
2012-05-10,16.644,17.6076,20.32,17.91,15.88,14.25,14.7,15.89,23.7,19.76,17.73,16.66,13.86,14.75,15.85,16.67,17.59,18.83,18.64,20.87,23.23,115.11
2012-05-11,17.1087,18.0529,21.06,18.76,16.8,14.89,15.51,16.8,24.2,20.28,18.24,17.16,14.12,15.17,16.33,17.18,18.05,19.89,20.19,21.55,23.75,114.7
2012-05-14,18.8913,19.3597,23.57,21.19,19.16,17.81,18.01,19.16,26.72,22.43,20.12,18.92,15.43,16.66,17.98,18.94,19.35,21.87,22.56,22.97,24.95,119.18
2012-05-15,19.5829,20.2453,24.9,21.49,18.94,17.86,17.86,18.94,27.77,23.32,20.86,19.59,15.88,17.18,18.58,19.61,20.25,21.97,22.63,23.92,25.74,120.04
2012-05-16,19.3849,20.5281,21.17,18.72,16.59,15.65,16.01,16.59,28.12,23.21,20.65,19.35,15.61,16.91,18.32,19.36,20.52,22.27,22.41,24.92,26.42,118.47
2012-05-17,20.1751,21.2043,18.77,17.13,14.0,14.42,14.27,14.0,29.49,24.29,21.5,20.07,15.9,17.36,18.93,20.08,21.21,24.49,25.44,26.41,27.73,119.54
2012-05-18,21.2189,22.3599,30.01,25.17,21.13,17.04,18.47,21.15,30.64,27.15,23.59,21.9,16.35,18.48,20.47,21.95,22.36,25.1,26.6,27.66,28.64,119.28
2012-05-21,19.0125,20.6702,26.27,22.14,18.78,15.43,16.59,18.8,28.45,24.64,21.5,19.99,15.09,16.95,18.72,20.03,20.67,22.01,21.93,24.71,27.49,119.56
2012-05-22,19.0376,20.5373,25.71,22.0,18.82,15.58,16.69,18.83,28.2,24.36,21.32,19.83,15.01,16.84,18.58,19.88,20.54,22.48,22.03,25.23,27.33,119.31
2012-05-23,19.1271,20.9677,25.91,22.01,18.68,15.38,16.51,18.7,28.66,24.83,21.69,20.17,15.29,17.13,18.89,20.21,20.96,22.33,21.75,25.11,27.47,119.52
2012-05-24,18.7625,20.7152,25.01,21.34,18.16,14.86,16.04,18.17,28.42,24.48,21.39,19.89,15.13,16.91,18.63,19.93,20.71,21.54,19.22,24.78,27.71,120.64
2012-05-25,18.7558,20.7499,24.86,21.14,18.03,14.84,15.98,18.04,28.23,24.29,21.34,19.88,15.15,16.95,18.65,19.93,20.75,21.76,19.21,24.93,27.14,120.38
2012-05-29,17.8646,19.7917,24.32,20.19,16.88,13.87,14.87,16.89,27.48,23.11,20.17,18.73,14.33,15.93,17.55,18.77,19.78,21.03,19.48,23.89,26.13,122.39
2012-05-30,19.6851,20.8986,26.47,22.43,19.0,15.55,16.75,19.01,28.96,24.7,21.68,20.18,15.37,17.18,18.92,20.22,20.9,24.14,23.39,26.19,27.71,118.54
2012-05-31,19.4484,20.7724,25.44,21.64,18.33,15.07,16.19,18.34,28.86,24.63,21.55,20.03,15.22,17.01,18.75,20.07,20.77,24.06,22.41,26.22,27.74,119.32
2012-06-01,22.9433,23.4772,29.77,25.87,22.44,18.75,20.09,22.45,31.95,28.02,24.77,23.14,17.38,19.71,21.74,23.19,23.49,26.66,26.2,28.47,30.21,116.35
2012-06-04,22.8658,23.4167,28.45,25.04,21.95,18.68,19.78,21.96,31.89,27.78,24.64,23.03,17.41,19.64,21.64,23.07,23.43,26.12,24.67,28.12,29.36,116.66
2012-06-05,21.5613,22.4832,24.78,22.29,19.95,17.11,18.15,19.96,30.21,26.16,23.35,21.9,16.83,18.82,20.63,21.93,22.49,24.68,23.17,26.87,28.57,117.07
2012-06-06,20.394,21.0573,22.87,20.21,17.82,15.21,16.08,17.82,28.52,24.32,21.65,20.29,15.82,17.5,19.12,20.31,21.07,22.16,19.31,24.71,26.87,119.66
2012-06-07,18.7307,19.7436,20.23,17.72,15.47,13.43,14.0,15.48,27.19,22.63,20.01,18.68,14.48,16.03,17.57,18.7,19.75,21.72,19.62,24.47,26.72,120.01
2012-06-08,18.9205,19.7554,21.26,18.26,15.53,13.64,14.0,15.53,26.79,22.69,20.14,18.81,14.55,16.12,17.69,18.83,19.77,21.23,19.85,23.64,26.26,122.09
2012-06-11,20.4172,20.788,24.0,20.72,18.27,17.05,17.12,18.27,28.58,24.28,21.71,20.38,15.84,17.61,19.24,20.4,20.82,23.56,26.39,25.5,27.5,119.28
2012-06-12,20.2844,20.9277,20.43,17.79,15.55,14.68,15.01,15.55,28.82,24.31,21.64,20.25,15.68,17.42,19.08,20.28,20.95,22.09,24.22,24.94,27.22,121.82
2012-06-13,22.0591,22.2426,23.94,20.44,17.17,15.3,16.02,17.17,30.92,26.39,23.43,21.9,17.0,18.81,20.6,21.93,22.26,24.27,26.19,26.5,28.27,120.37
2012-06-14,20.7183,21.1837,20.81,18.36,13.36,15.05,14.44,13.36,29.72,25.01,22.11,20.63,16.26,17.74,19.4,20.65,21.2,21.68,25.22,25.0,26.97,115.05
2012-06-15,18.5747,19.3772,27.75,22.76,18.53,14.46,15.87,18.55,28.07,23.74,20.5,18.93,13.96,15.83,17.63,18.98,19.39,21.11,24.32,23.67,26.02,126.08
2012-06-18,16.4746,18.1754,23.84,19.89,16.48,13.1,14.26,16.5,26.0,21.68,18.89,17.5,13.13,14.76,16.35,17.54,18.18,18.32,19.17,22.13,25.01,121.2
2012-06-19,15.5828,17.4047,22.68,18.81,15.6,12.68,13.63,15.61,25.22,20.7,18.06,16.76,12.8,14.24,15.7,16.8,17.41,18.38,19.53,21.92,24.44,123.09
2012-06-20,15.52,17.5776,22.2,18.61,15.54,12.72,13.63,15.55,25.04,20.64,18.15,16.93,13.12,14.53,15.93,16.97,17.58,17.24,17.44,20.84,23.97,122.06
2012-06-21,17.445,19.067,24.42,20.61,17.46,14.07,15.32,17.47,26.27,22.46,19.91,18.62,14.3,15.97,17.52,18.66,19.08,20.08,20.92,23.16,25.53,118.4
2012-06-22,15.8121,17.9546,21.62,18.46,15.72,12.88,13.89,15.73,24.9,20.75,18.41,17.22,13.4,14.85,16.24,17.26,17.96,18.11,17.94,21.51,24.34,116.37
2012-06-25,17.7261,18.9754,22.9,20.11,17.46,14.61,15.61,17.47,26.0,22.04,19.67,18.45,14.37,15.96,17.43,18.49,18.98,20.38,20.4,23.03,25.42,116.29
2012-06-26,17.3142,18.6076,22.31,19.58,16.98,14.33,15.22,16.99,25.42,21.47,19.21,18.06,14.25,15.71,17.09,18.09,18.62,19.72,18.74,22.47,25.1,114.69
2012-06-27,17.3688,18.7615,22.46,19.62,16.91,13.98,15.01,16.92,25.86,21.73,19.35,18.14,14.09,15.66,17.12,18.17,18.77,19.45,17.12,22.36,24.75,115.85
2012-06-28,18.0126,19.2674,22.99,20.17,17.47,14.39,15.53,17.48,26.57,22.38,19.95,18.71,14.53,16.16,17.66,18.75,19.28,19.71,18.14,22.25,24.66,116.9
2012-06-29,15.3412,17.128,19.73,16.98,14.66,12.8,13.33,14.67,23.41,19.41,17.27,16.19,13.01,14.13,15.33,16.21,17.14,17.08,15.01,20.32,22.87,119.09
2012-07-02,14.6345,16.492,18.78,16.03,13.95,12.37,12.75,13.96,21.78,18.21,16.31,15.32,12.58,13.51,14.57,15.35,16.51,16.8,15.11,19.79,22.53,118.89
2012-07-03,14.2505,16.0919,18.27,15.45,13.42,12.08,12.33,13.42,21.28,17.61,15.78,14.81,12.21,13.07,14.08,14.83,16.11,16.66,14.68,19.32,22.35,118.33
2012-07-05,14.8883,16.7118,18.48,15.71,13.81,12.41,12.72,13.82,22.0,18.38,16.48,15.47,12.62,13.61,14.7,15.49,16.73,17.5,15.78,20.11,22.89,117.91
2012-07-06,14.9716,16.9812,18.29,15.39,13.4,12.14,12.32,13.4,22.14,18.43,16.57,15.6,12.85,13.8,14.85,15.62,16.99,17.1,15.01,20.04,22.9,118.45
2012-07-09,15.5634,17.2563,19.9,16.63,14.2,12.56,12.86,14.2,22.28,18.67,16.85,15.89,13.09,14.07,15.14,15.91,17.26,17.98,17.13,20.37,23.05,119.62
2012-07-10,16.5369,17.8607,21.46,18.18,15.77,13.91,14.36,15.77,23.06,19.52,17.71,16.75,13.85,14.92,16.0,16.77,17.87,18.72,18.1,20.87,23.4,119.34
2012-07-11,16.5941,17.7564,20.89,17.86,15.58,13.8,14.23,15.58,22.85,19.38,17.57,16.6,13.68,14.73,15.83,16.62,17.77,17.95,17.26,20.25,22.94,117.3
2012-07-12,16.3219,17.6264,20.21,17.49,15.17,13.57,13.89,15.17,22.45,19.04,17.26,16.3,13.62,14.52,15.56,16.31,17.64,18.33,18.01,20.69,23.15,116.13
2012-07-13,14.9705,16.4822,16.88,14.03,12.03,11.79,11.59,12.03,20.54,17.47,15.84,14.98,12.79,13.45,14.34,14.99,16.5,16.74,14.7,19.39,22.22,119.13
2012-07-16,15.2208,16.6655,18.59,15.51,13.34,12.93,13.09,13.34,20.79,17.75,16.12,15.25,13.07,13.73,14.62,15.27,16.68,17.11,16.53,19.61,22.41,115.09
2012-07-17,14.5118,16.124,17.61,14.75,11.8,12.01,11.93,11.8,20.1,17.02,15.39,14.54,12.66,13.15,13.96,14.56,16.15,16.48,15.63,18.92,21.81,117.22
2012-07-18,13.7222,15.8861,15.25,13.61,10.33,11.61,11.15,10.33,19.0,16.16,14.59,13.76,12.03,12.45,13.21,13.77,15.91,16.16,15.0,18.94,21.71,116.59
2012-07-19,13.6455,15.9103,14.35,12.41,8.23,12.11,10.82,8.23,19.13,16.05,14.51,13.71,12.03,12.44,13.19,13.72,15.93,15.45,14.32,18.61,21.55,114.19
2012-07-20,13.824,16.5111,19.88,16.42,13.8,11.75,12.34,13.81,22.36,18.8,16.68,15.64,12.66,13.69,14.82,15.68,16.53,16.27,15.61,19.64,22.39,116.52
2012-07-23,15.4225,17.755,21.86,18.13,15.21,12.87,13.55,15.23,24.01,20.31,17.98,16.84,13.35,14.64,15.93,16.89,17.77,18.62,19.02,21.18,23.63,120.26
2012-07-24,17.5587,19.1309,24.83,20.71,17.45,14.36,15.43,17.47,25.88,22.2,19.64,18.39,14.37,15.9,17.35,18.44,19.13,20.47,21.16,22.26,24.48,119.13
2012-07-25,16.5744,18.4792,23.17,19.42,16.39,13.62,14.54,16.41,25.28,21.39,18.8,17.53,13.59,15.05,16.49,17.57,18.47,19.34,19.31,21.88,24.32,118.58
2012-07-26,15.0686,17.1768,21.03,17.57,14.72,12.26,13.05,14.73,23.46,19.53,17.26,16.14,12.77,14.0,15.26,16.19,17.17,17.53,17.8,20.24,23.11,116.92
2012-07-27,13.9793,16.2053,19.16,16.11,13.55,11.67,12.11,13.57,21.99,18.21,16.11,15.07,12.19,13.17,14.28,15.1,16.2,16.7,16.3,19.66,22.45,114.4
2012-07-30,15.2992,16.9676,20.33,17.52,15.21,13.64,13.98,15.22,22.75,18.94,16.87,15.85,13.0,13.97,15.06,15.88,16.96,18.03,18.86,20.13,22.81,114.86
2012-07-31,15.8992,17.3437,20.83,18.17,15.98,14.56,14.83,15.99,23.29,19.5,17.36,16.32,13.44,14.4,15.51,16.35,17.32,18.93,19.86,20.78,23.27,113.99
2012-08-01,15.7306,17.1822,20.24,17.81,15.84,14.61,14.82,15.84,22.91,19.06,17.07,16.11,13.38,14.32,15.36,16.14,17.16,18.96,20.79,20.67,23.12,114.59
2012-08-02,15.446,17.3628,19.6,17.03,14.95,13.43,13.75,14.96,22.99,19.21,17.16,16.15,13.2,14.24,15.36,16.18,17.35,17.57,16.64,20.23,22.97,114.35
2012-08-03,13.6874,16.233,15.69,13.97,12.57,12.24,11.91,12.57,20.69,17.1,15.41,14.55,12.22,13.0,13.9,14.57,16.2,15.64,14.2,18.68,21.79,120.25
2012-08-06,13.535,15.9662,15.75,13.98,12.58,12.22,11.94,12.58,19.86,16.61,15.05,14.25,12.16,12.84,13.66,14.27,15.93,15.95,14.85,18.74,21.93,114.79
2012-08-07,13.6622,16.006,15.56,13.76,12.51,12.28,12.0,12.52,20.09,16.79,15.17,14.32,12.18,12.85,13.7,14.34,15.97,15.99,14.68,18.81,21.84,113.55
2012-08-08,13.9481,15.8597,14.59,12.83,11.57,11.21,11.05,11.57,19.47,16.32,14.8,14.02,11.98,12.65,13.45,14.04,15.84,15.32,13.52,18.58,21.63,115.36
2012-08-09,13.4231,15.5306,13.72,11.72,10.38,10.0,10.11,10.38,18.87,15.77,14.25,13.47,11.61,12.16,12.92,13.48,15.51,15.28,13.0,18.23,21.37,119.84
2012-08-10,13.2039,15.4061,13.38,11.38,9.8,9.65,9.71,9.8,18.52,15.55,14.05,13.27,11.42,11.96,12.72,13.28,15.38,14.74,12.45,18.14,21.2,117.89
2012-08-13,13.1773,15.3717,14.04,12.65,10.67,10.63,10.64,10.67,18.35,15.4,13.95,13.2,11.35,11.92,12.67,13.21,15.36,13.7,13.15,18.07,21.27,121.65
2012-08-14,13.4612,15.829,13.24,12.11,9.97,10.64,10.4,9.97,18.83,15.79,14.28,13.51,11.87,12.26,12.98,13.52,15.82,14.85,13.02,18.51,21.67,122.05
2012-08-15,13.5085,15.9943,13.2,11.78,8.97,10.63,10.04,8.97,18.86,15.84,14.3,13.5,11.78,12.19,12.94,13.51,15.99,14.63,12.37,18.86,21.82,119.89
2012-08-16,13.0895,15.817,13.19,11.09,6.19,9.53,8.44,6.19,18.62,15.4,13.85,13.06,11.37,11.8,12.54,13.07,15.82,14.29,12.35,18.55,21.73,121.94
2012-08-17,12.0618,15.3873,17.55,14.4,12.09,10.54,10.89,12.1,20.55,17.09,15.18,14.23,11.56,12.49,13.51,14.26,15.4,13.45,11.5,18.35,21.54,123.79
2012-08-20,12.016,15.6882,17.76,14.53,12.09,10.32,10.8,12.1,20.69,17.27,15.34,14.37,11.41,12.5,13.6,14.4,15.69,14.02,12.24,18.59,21.67,125.84
2012-08-21,12.7648,16.0263,19.02,15.47,12.82,10.84,11.38,12.83,21.45,17.82,15.75,14.73,11.84,12.83,13.93,14.75,16.03,15.02,13.21,18.8,22.12,129.99
2012-08-22,12.5865,16.189,18.35,15.13,12.64,10.45,11.17,12.65,21.41,17.75,15.7,14.69,11.83,12.81,13.9,14.71,16.18,15.11,13.15,19.42,22.42,125.32
2012-08-23,13.5319,16.8008,19.4,16.15,13.58,11.34,12.05,13.59,22.32,18.66,16.51,15.44,12.19,13.39,14.59,15.47,16.79,15.96,13.67,20.09,22.91,122.41
2012-08-24,12.6959,16.2621,18.22,15.06,12.61,10.81,11.28,12.62,21.52,17.81,15.75,14.72,11.67,12.77,13.91,14.74,16.24,15.18,13.1,19.24,22.21,123.74
2012-08-27,13.3544,16.5584,18.64,15.46,12.95,11.04,11.55,12.96,21.87,18.08,16.0,14.95,11.87,12.98,14.14,14.98,16.52,16.35,14.89,19.92,22.68,121.53
2012-08-28,13.7928,16.688,19.45,16.0,13.29,11.04,11.74,13.29,22.48,18.48,16.3,15.21,11.92,13.13,14.35,15.24,16.66,16.49,15.21,19.82,22.73,120.28
2012-08-29,14.1013,16.965,19.63,16.3,13.59,11.41,12.05,13.6,22.57,18.66,16.46,15.36,12.23,13.32,14.51,15.39,16.93,17.06,15.29,20.46,23.15,120.55
2012-08-30,14.9195,17.4907,20.35,17.0,14.4,12.17,12.89,14.41,23.17,19.4,17.17,16.04,12.55,13.84,15.14,16.07,17.46,17.83,16.87,20.92,23.5,119.0
2012-08-31,14.7897,17.3382,20.08,16.59,13.98,11.81,12.49,13.99,23.19,19.2,17.01,15.92,12.74,13.87,15.07,15.94,17.32,17.47,15.73,20.62,23.27,120.78
2012-09-04,15.1068,17.2881,20.43,17.14,14.5,12.33,12.94,14.51,23.02,18.96,16.85,15.76,12.7,13.75,14.93,15.79,17.25,17.98,17.43,20.68,23.3,119.59
2012-09-05,15.0748,16.8509,20.52,17.31,14.74,12.52,13.2,14.75,22.29,18.5,16.54,15.51,12.46,13.56,14.71,15.53,16.84,17.74,17.9,19.99,22.62,120.49
2012-09-06,13.3003,15.7329,17.4,14.47,12.54,11.31,11.49,12.54,20.14,16.68,14.89,13.96,11.71,12.36,13.29,13.98,15.71,15.6,14.98,18.62,21.72,119.31
2012-09-07,11.8925,14.817,14.97,12.54,10.85,10.13,10.12,10.85,18.33,15.18,13.51,12.63,10.57,11.15,12.02,12.64,14.77,14.38,13.25,17.59,20.99,120.7
2012-09-10,12.9611,15.1011,16.85,14.21,12.25,11.32,11.38,12.26,18.85,15.75,14.18,13.36,11.33,11.95,12.78,13.37,15.09,16.28,16.94,18.3,21.39,122.37
2012-09-11,13.5892,15.4315,19.33,15.74,13.28,12.01,12.2,13.29,20.05,16.55,14.78,13.87,11.84,12.38,13.24,13.88,15.41,16.41,16.94,18.29,21.23,122.82
2012-09-12,13.7351,15.1689,18.3,15.24,13.11,12.47,12.33,13.11,19.69,16.35,14.63,13.74,11.87,12.32,13.14,13.76,15.16,15.8,15.95,17.6,20.66,123.38
2012-09-13,12.3688,13.8469,15.89,13.06,11.35,11.63,11.21,11.35,17.53,14.51,13.09,12.37,10.88,11.25,11.9,12.37,13.84,14.05,14.46,16.45,19.63,115.69
2012-09-14,12.8702,14.2862,15.2,12.69,11.35,11.69,11.29,11.35,17.29,14.66,13.46,12.86,11.84,11.99,12.48,12.86,14.28,14.51,14.12,16.9,19.81,117.26
2012-09-17,12.789,14.6621,14.38,12.75,10.75,10.98,10.9,10.75,17.64,14.78,13.45,12.78,11.57,11.79,12.36,12.78,14.65,14.59,14.1,17.13,20.0,122.69
2012-09-18,12.0429,14.2406,12.81,11.6,9.27,10.49,10.05,9.27,16.78,14.06,12.75,12.06,10.75,11.03,11.64,12.06,14.23,14.18,13.44,16.63,19.68,127.38
2012-09-19,11.5478,13.7836,13.27,11.64,8.26,11.05,10.09,8.26,16.12,13.48,12.23,11.55,10.38,10.6,11.17,11.56,13.78,13.88,13.07,16.49,19.52,122.44
2012-09-20,11.4139,13.977,14.42,12.07,6.52,11.66,10.05,6.53,16.6,13.54,12.17,11.43,10.17,10.41,11.03,11.44,13.97,14.07,12.89,16.75,19.75,128.03
2012-09-21,10.7883,13.6756,16.07,12.81,10.71,9.61,9.75,10.72,18.72,15.0,13.35,12.52,10.63,11.17,11.95,12.54,13.68,13.98,13.22,16.79,19.83,130.6
2012-09-24,11.1597,13.6479,16.23,12.88,10.79,9.73,9.83,10.79,18.7,14.97,13.31,12.47,10.37,11.05,11.89,12.49,13.65,14.15,13.23,16.59,19.76,129.12
2012-09-25,12.2025,14.3355,17.41,14.05,11.85,10.49,10.76,11.85,19.85,15.9,14.17,13.29,11.0,11.77,12.66,13.31,14.34,15.43,14.8,17.6,20.46,125.45
2012-09-26,13.4929,15.2226,19.75,15.76,13.12,11.35,11.81,13.12,21.76,17.3,15.25,14.24,11.54,12.46,13.49,14.26,15.23,16.81,16.44,18.5,21.13,124.06
2012-09-27,12.0323,14.1019,17.03,13.67,11.51,10.34,10.48,11.51,19.8,15.69,13.87,12.94,10.59,11.36,12.29,12.96,14.11,14.84,14.05,17.07,20.1,127.56
2012-09-28,12.6916,14.5033,17.86,14.35,12.14,10.84,11.06,12.14,20.55,16.3,14.44,13.5,11.03,11.87,12.83,13.52,14.51,15.73,15.24,17.61,20.37,125.87
2012-10-01,13.2338,14.8356,18.53,15.02,12.81,11.66,11.77,12.81,20.99,16.68,14.78,13.82,11.39,12.18,13.14,13.85,14.83,16.32,15.63,17.92,20.58,128.17
2012-10-02,13.3462,14.8691,18.32,14.88,12.69,11.3,11.57,12.69,20.8,16.67,14.83,13.89,11.43,12.26,13.22,13.91,14.88,15.71,14.56,17.74,20.51,127.1
2012-10-03,12.6529,14.4997,16.39,13.43,11.71,10.79,10.9,11.72,19.75,15.96,14.18,13.27,11.0,11.7,12.62,13.29,14.51,15.43,14.11,17.58,20.37,125.4
2012-10-04,12.3106,14.1147,15.33,12.98,11.48,10.8,10.82,11.48,18.84,15.32,13.68,12.85,11.03,11.51,12.29,12.87,14.13,14.55,13.43,17.06,20.02,120.39
2012-10-05,12.2044,14.0657,14.55,12.2,10.73,10.36,10.17,10.73,18.1,15.05,13.55,12.78,11.08,11.54,12.27,12.8,14.08,14.33,12.23,16.93,19.66,123.85
2012-10-08,12.6008,14.3004,15.46,13.0,11.4,10.79,10.78,11.4,18.58,15.35,13.78,12.99,11.15,11.69,12.45,13.0,14.32,15.11,14.17,17.36,20.0,122.06
2012-10-09,13.6078,14.9562,17.41,14.39,12.45,11.64,11.67,12.45,19.89,16.43,14.74,13.88,11.95,12.47,13.29,13.89,14.97,16.37,15.98,18.01,20.48,121.21
2012-10-10,13.9962,15.1289,17.99,14.95,12.89,12.15,12.1,12.89,19.82,16.48,14.83,13.99,12.07,12.6,13.4,14.0,15.14,16.29,15.93,18.13,20.46,120.46
2012-10-11,13.3737,14.7082,15.96,13.13,11.25,10.52,10.66,11.25,18.93,15.78,14.21,13.39,11.51,12.02,12.82,13.4,14.72,15.59,14.47,17.57,20.1,120.83
2012-10-12,13.6136,14.8039,16.71,13.69,11.77,10.91,11.16,11.77,19.37,16.08,14.45,13.61,11.73,12.24,13.04,13.62,14.82,16.14,15.49,17.74,20.1,120.97
2012-10-15,13.2085,14.4871,16.81,14.05,11.55,10.79,11.08,11.55,18.95,15.7,14.1,13.26,11.4,11.91,12.71,13.27,14.5,15.27,14.32,17.11,19.62,122.45
2012-10-16,12.9149,14.2942,14.2,12.93,10.51,10.84,10.72,10.51,18.51,15.33,13.77,12.95,11.24,11.69,12.44,12.96,14.3,15.22,13.57,16.97,19.37,122.52
2012-10-17,12.5851,14.0336,13.87,12.33,9.25,10.83,10.26,9.25,18.15,14.91,13.4,12.61,10.98,11.41,12.12,12.61,14.04,15.07,13.22,16.61,19.19,124.95
2012-10-18,12.639,14.088,14.16,11.89,6.6,8.4,7.78,6.6,18.47,15.1,13.52,12.7,11.13,11.5,12.22,12.71,14.1,15.03,13.65,16.58,19.16,124.58
2012-10-19,13.7988,14.9546,21.18,16.79,13.81,11.73,12.29,13.83,21.38,17.71,15.59,14.58,11.86,12.77,13.82,14.61,14.96,17.06,17.64,18.12,20.32,125.39
2012-10-22,14.4936,15.3593,21.28,17.31,14.42,12.4,12.92,14.43,21.75,18.15,16.05,15.03,12.23,13.18,14.25,15.06,15.37,16.62,16.78,17.87,20.15,122.99
2012-10-23,15.5925,15.9894,22.48,18.55,15.66,13.43,14.08,15.68,22.73,19.04,16.85,15.8,12.79,13.83,14.97,15.83,16.0,18.83,20.61,19.45,21.34,120.16
2012-10-24,15.8546,16.2446,22.64,18.81,15.92,13.69,14.33,15.94,23.07,19.36,17.12,16.03,12.89,14.0,15.18,16.07,16.26,18.33,18.94,19.27,21.27,119.33
2012-10-25,15.7156,15.9933,22.12,18.53,15.81,13.71,14.3,15.83,22.76,19.02,16.85,15.8,12.81,13.85,14.98,15.83,16.01,18.12,18.27,19.11,21.06,120.89
2012-10-26,14.9046,15.5272,20.86,17.57,14.98,12.96,13.54,14.99,21.85,18.21,16.16,15.15,12.27,13.28,14.37,15.18,15.54,17.81,16.8,19.02,21.01,119.31
2012-10-31,15.6224,15.9562,21.55,18.54,16.16,14.39,14.86,16.17,22.42,18.65,16.62,15.61,12.75,13.74,14.83,15.64,15.97,18.6,19.15,19.31,20.73,115.04
2012-11-01,14.3269,15.0075,18.87,16.39,14.59,13.49,13.64,14.6,20.72,17.15,15.39,14.49,12.09,12.89,13.82,14.51,15.01,16.69,17.35,17.73,20.03,117.85
2012-11-02,14.8619,15.3473,19.49,17.02,15.2,14.12,14.22,15.21,21.3,17.66,15.86,14.95,12.51,13.32,14.26,14.97,15.36,17.59,18.51,18.55,20.51,115.78
2012-11-05,15.6941,15.9223,22.02,18.97,16.81,15.46,15.67,16.82,22.26,18.5,16.62,15.67,13.09,13.95,14.95,15.7,15.94,18.42,20.45,18.97,20.83,115.52
2012-11-06,15.1044,15.3763,20.67,18.01,16.21,15.15,15.25,16.22,21.34,17.76,15.99,15.08,12.66,13.45,14.39,15.1,15.39,17.58,19.3,18.24,20.26,116.34
2012-11-07,16.2518,16.5123,21.8,18.55,16.39,14.87,15.18,16.39,22.95,19.16,17.23,16.25,13.32,14.39,15.48,16.28,16.53,19.08,19.87,19.81,21.52,116.1
2012-11-08,16.1717,16.8496,19.31,16.83,15.07,14.24,14.21,15.08,22.42,18.95,17.15,16.21,13.41,14.42,15.47,16.23,16.86,18.49,18.18,19.83,21.63,116.69
2012-11-09,16.3591,17.0642,19.49,17.1,15.36,14.39,14.47,15.36,22.19,19.0,17.29,16.39,13.68,14.66,15.68,16.41,17.08,18.61,18.5,20.07,21.78,115.4
2012-11-12,15.6569,16.6814,19.0,16.45,14.77,14.16,14.22,14.77,20.67,17.94,16.51,15.74,13.57,14.3,15.15,15.76,16.69,16.68,16.27,19.15,21.14,114.23
2012-11-13,15.2634,16.4086,17.9,15.87,14.04,13.72,13.84,14.04,20.09,17.47,16.07,15.31,13.2,13.91,14.73,15.33,16.42,16.65,16.25,18.97,21.04,114.81
2012-11-14,16.4002,17.2964,18.98,17.16,15.22,14.91,15.03,15.22,21.2,18.53,17.13,16.38,14.25,14.97,15.79,16.39,17.31,17.92,18.67,19.87,21.75,113.23
2012-11-15,16.8281,17.6693,15.24,13.32,9.3,13.2,11.89,9.3,22.0,19.12,17.63,16.84,14.55,15.33,16.21,16.85,17.68,17.99,18.93,19.79,21.73,113.65
2012-11-16,15.326,16.6801,20.33,17.59,15.35,13.27,13.94,15.36,21.98,18.78,16.88,15.94,13.03,14.1,15.17,15.97,16.7,16.41,17.06,18.93,21.11,115.85
2012-11-19,13.7094,15.3302,18.26,15.78,13.74,12.02,12.51,13.74,20.08,16.87,15.19,14.34,11.84,12.73,13.67,14.36,15.34,15.24,15.57,17.59,19.91,113.46
2012-11-20,13.4554,15.109,18.33,15.65,13.5,11.65,12.21,13.51,19.92,16.69,15.02,14.17,11.7,12.57,13.51,14.19,15.12,15.08,15.24,17.28,19.58,117.25
2012-11-21,13.504,15.1456,18.47,15.74,13.55,11.67,12.25,13.56,20.02,16.74,15.04,14.18,11.68,12.57,13.52,14.21,15.15,15.31,15.33,17.58,19.64,116.62
2012-11-23,13.0013,14.593,18.08,15.22,13.06,11.43,11.87,13.07,19.52,16.12,14.48,13.64,11.32,12.12,13.01,13.66,14.59,15.14,15.25,17.58,19.35,117.82
2012-11-26,13.5738,14.9458,18.5,15.78,13.61,12.02,12.43,13.62,19.59,16.35,14.77,13.94,11.63,12.43,13.31,13.96,14.93,15.5,16.01,17.31,19.46,116.96
2012-11-27,13.6098,15.0145,18.32,15.69,13.58,12.02,12.42,13.59,19.65,16.44,14.9,14.09,11.86,12.63,13.48,14.11,15.01,15.92,16.12,17.62,19.72,116.65
2012-11-28,13.6052,14.9572,18.26,15.66,13.55,11.96,12.39,13.56,19.38,16.33,14.82,14.02,11.8,12.56,13.41,14.04,14.95,15.51,15.72,17.2,19.41,116.12
2012-11-29,13.2403,14.6385,17.43,15.06,13.14,11.76,12.06,13.15,18.49,15.82,14.41,13.67,11.57,12.29,13.1,13.68,14.63,15.06,15.2,16.82,19.15,117.35
2012-11-30,13.9182,15.0786,18.86,16.0,13.74,12.08,12.5,13.75,19.72,16.64,15.09,14.27,12.04,12.79,13.65,14.29,15.08,15.87,15.81,17.27,19.33,117.07
2012-12-03,14.5299,15.4449,19.8,16.77,14.39,12.69,13.1,14.4,20.43,17.23,15.62,14.77,12.44,13.22,14.13,14.79,15.45,16.64,17.1,17.82,19.89,115.98
2012-12-04,14.9587,15.8496,19.96,16.86,14.42,12.59,13.04,14.42,21.1,17.88,16.18,15.29,12.78,13.63,14.59,15.31,15.85,17.12,17.19,18.19,19.97,115.31
2012-12-05,14.3869,15.4617,18.26,15.55,13.59,12.33,12.52,13.59,20.08,17.08,15.57,14.77,12.57,13.31,14.16,14.78,15.46,16.46,15.98,17.83,19.63,114.55
2012-12-06,14.7362,15.7694,18.36,15.6,13.75,12.94,12.87,13.75,20.12,17.29,15.85,15.1,13.03,13.72,14.52,15.11,15.77,16.58,15.95,17.84,19.43,115.74
2012-12-07,14.087,15.2448,17.39,14.58,12.85,12.33,12.08,12.86,19.27,16.57,15.2,14.5,12.69,13.26,13.98,14.51,15.25,15.9,15.25,17.29,19.1,115.23
2012-12-10,14.2838,15.3155,17.08,14.56,12.82,12.42,12.16,12.82,19.26,16.63,15.27,14.57,12.82,13.35,14.05,14.58,15.32,16.05,15.16,17.35,19.15,114.77
2012-12-11,13.9662,15.1622,17.23,14.63,12.88,12.66,12.3,12.88,19.19,16.36,14.93,14.2,12.59,13.01,13.69,14.21,15.16,15.57,15.21,17.0,18.97,115.92
2012-12-12,14.0484,15.1828,16.92,14.11,12.31,12.12,11.77,12.31,19.04,16.19,14.76,14.03,12.45,12.85,13.53,14.04,15.19,15.95,15.26,17.43,19.25,116.49
2012-12-13,14.7614,15.8301,17.22,14.29,12.44,12.4,12.0,12.44,20.09,17.05,15.53,14.75,12.96,13.47,14.21,14.76,15.83,16.56,15.77,17.88,19.52,116.24
2012-12-14,15.0371,15.9681,18.36,14.59,12.4,12.58,12.08,12.4,20.82,17.47,15.84,15.02,13.03,13.65,14.44,15.03,15.97,17.0,16.49,18.03,19.66,118.92
2012-12-17,14.6506,15.6003,17.89,14.66,12.42,12.69,12.59,12.42,20.66,17.12,15.46,14.63,12.79,13.29,14.06,14.64,15.6,16.34,16.57,17.5,19.11,118.06
2012-12-18,13.6259,14.7865,16.62,14.56,12.3,12.98,12.73,12.3,18.97,15.8,14.31,13.56,12.13,12.42,13.07,13.56,14.79,15.57,16.22,16.81,18.44,117.86
2012-12-19,14.534,15.4442,16.14,14.6,11.62,12.95,12.47,11.62,20.92,17.1,15.36,14.5,12.75,13.17,13.93,14.5,15.44,17.36,18.47,17.86,19.06,120.76
2012-12-20,14.7902,15.5657,16.08,13.88,9.15,13.09,11.77,9.15,21.82,17.57,15.69,14.76,12.86,13.34,14.16,14.76,15.56,17.67,19.04,18.14,19.23,124.47
2012-12-21,14.9513,16.0867,23.16,18.22,14.9,12.34,13.13,14.91,22.95,18.97,16.73,15.67,12.73,13.73,14.85,15.69,16.07,17.84,18.2,18.87,19.95,127.08
2012-12-24,15.3299,16.3558,23.56,18.62,15.18,12.44,13.31,15.19,23.29,19.25,16.95,15.86,12.75,13.86,15.02,15.88,16.35,17.84,20.12,18.87,20.32,124.47
2012-12-26,16.0552,16.8617,23.97,19.19,15.77,13.01,13.87,15.77,23.87,19.85,17.53,16.42,13.17,14.34,15.55,16.44,16.86,19.48,21.48,19.93,20.87,122.18
2012-12-27,16.7051,17.1964,24.28,19.86,16.58,13.9,14.72,16.58,24.21,20.32,18.01,16.89,13.55,14.77,16.0,16.91,17.2,19.47,21.68,19.92,20.89,119.6
2012-12-28,18.0012,17.8296,25.79,21.5,18.17,15.18,16.15,18.17,25.23,21.29,18.93,17.77,14.12,15.5,16.83,17.79,17.84,22.72,26.93,21.88,22.4,118.38
2012-12-31,16.1457,16.5566,23.43,19.52,16.37,13.68,14.53,16.37,23.33,19.32,17.18,16.11,12.88,14.07,15.26,16.13,16.55,18.02,20.27,18.73,20.25,121.27
2013-01-02,12.6398,14.4688,16.76,13.56,11.61,10.75,10.72,11.61,19.23,15.78,14.12,13.27,11.14,11.81,12.66,13.28,14.45,14.68,12.94,16.69,18.63,121.77
2013-01-03,12.5386,14.502,14.88,12.79,11.36,11.09,10.82,11.36,18.45,15.45,13.96,13.2,11.29,11.9,12.66,13.21,14.48,14.56,13.3,16.74,18.49,117.93
2013-01-04,11.6178,14.0555,13.05,11.24,10.1,10.29,9.84,10.1,17.22,14.47,13.1,12.4,10.73,11.24,11.92,12.41,14.03,13.83,11.62,16.34,18.17,115.53
2013-01-07,11.6415,14.3456,13.19,11.17,9.89,9.97,9.67,9.89,17.1,14.42,13.05,12.33,10.57,11.11,11.83,12.34,14.31,13.79,11.99,16.45,18.25,116.78
2013-01-08,11.7402,14.2868,13.21,11.19,9.94,9.86,9.73,9.94,17.03,14.4,13.05,12.33,10.43,11.07,11.82,12.34,14.25,13.62,11.76,16.45,18.25,118.15
2013-01-09,12.3339,14.4728,13.03,11.08,9.75,9.51,9.57,9.75,17.16,14.47,13.09,12.35,10.65,11.15,11.86,12.36,14.45,13.81,11.6,16.5,18.36,117.89
2013-01-10,11.8784,13.9866,12.05,10.34,8.88,8.69,8.77,8.88,16.83,14.08,12.68,11.93,10.2,10.72,11.45,11.95,13.97,13.49,11.17,16.12,17.97,118.53
2013-01-11,11.8039,13.8995,12.36,10.67,9.0,9.02,9.01,9.0,16.65,13.98,12.59,11.85,10.0,10.59,11.35,11.86,13.89,13.36,11.22,16.01,17.89,119.14
2013-01-14,11.8991,14.1588,12.57,11.55,9.62,10.0,9.86,9.62,16.92,14.15,12.72,11.94,10.13,10.68,11.44,11.95,14.15,13.52,12.15,16.29,18.05,117.19
2013-01-15,11.5155,14.1276,12.53,11.31,8.95,9.84,9.52,8.95,16.63,13.82,12.37,11.58,9.82,10.32,11.09,11.59,14.12,13.55,12.05,16.33,18.02,120.9
2013-01-16,11.4176,14.0114,12.53,11.17,8.44,10.28,9.63,8.44,16.26,13.59,12.23,11.47,9.81,10.29,11.01,11.48,14.01,13.42,11.83,16.24,17.96,120.13
2013-01-17,11.3304,13.775,13.71,11.75,7.45,9.23,8.61,7.45,16.39,13.54,12.16,11.39,9.9,10.25,10.95,11.4,13.78,13.57,12.39,16.08,17.76,120.53
2013-01-18,10.2872,13.187,14.99,12.14,10.24,9.02,9.27,10.25,17.83,14.61,13.02,12.19,10.02,10.74,11.6,12.22,13.19,12.46,10.9,15.29,17.21,124.79
2013-01-22,10.378,12.5944,14.6,11.83,10.06,8.72,9.07,10.07,17.13,13.98,12.38,11.55,9.45,10.13,10.98,11.58,12.59,12.43,11.21,14.72,16.6,126.73
2013-01-23,10.1539,12.2165,14.41,11.59,9.8,8.65,8.85,9.8,16.79,13.56,11.97,11.14,9.1,9.75,10.58,11.16,12.21,12.46,11.04,14.5,16.27,126.58
2013-01-24,10.4479,12.3715,14.67,11.77,10.03,8.89,9.12,10.04,17.25,13.86,12.23,11.39,9.38,10.01,10.84,11.41,12.37,12.69,11.12,14.67,16.46,125.47
2013-01-25,10.381,12.1396,14.75,11.8,9.96,8.94,9.05,9.97,16.94,13.62,12.02,11.2,9.33,9.88,10.66,11.22,12.14,12.89,11.63,14.66,16.35,124.71
2013-01-28,11.1671,12.5296,15.39,12.6,10.78,9.71,9.85,10.78,17.54,14.12,12.51,11.7,10.0,10.45,11.18,11.72,12.52,13.57,13.01,15.07,16.5,122.95
2013-01-29,10.805,12.1235,14.63,12.17,10.42,9.45,9.57,10.43,17.05,13.68,12.1,11.29,9.64,10.06,10.79,11.31,12.13,13.31,13.16,14.74,16.27,123.95
2013-01-30,11.5691,12.6131,16.11,13.15,11.21,10.0,10.23,11.22,17.78,14.36,12.75,11.94,10.2,10.67,11.42,11.96,12.61,14.32,14.24,15.42,16.84,121.92
2013-01-31,11.8719,12.9804,16.03,13.22,11.26,9.98,10.25,11.27,18.3,14.79,13.11,12.26,10.34,10.9,11.7,12.28,12.98,14.28,14.03,15.55,17.25,121.64
2013-02-01,10.7686,12.2496,13.77,11.46,9.75,8.96,9.04,9.75,16.62,13.49,12.02,11.26,9.73,10.11,10.8,11.28,12.25,12.9,10.85,14.79,16.5,122.55
2013-02-04,11.8975,13.0423,15.98,13.27,11.28,10.04,10.33,11.28,18.16,14.69,13.04,12.19,10.29,10.84,11.64,12.2,13.04,14.67,14.25,15.79,17.23,122.6
2013-02-05,11.03,12.5107,14.6,12.0,10.0,8.79,9.26,10.01,17.15,13.77,12.18,11.35,9.55,10.08,10.85,11.37,12.5,13.72,12.78,15.3,16.81,123.22
2013-02-06,11.471,12.78,14.78,11.95,9.79,8.41,8.96,9.79,17.49,14.02,12.41,11.57,9.71,10.27,11.06,11.59,12.76,13.41,12.04,15.14,16.77,122.45
2013-02-07,11.4947,12.8607,15.15,12.06,9.75,8.46,8.97,9.76,17.67,14.14,12.47,11.59,9.58,10.21,11.05,11.61,12.85,13.5,12.03,15.19,16.83,125.35
2013-02-08,10.7379,12.4024,13.2,10.75,8.48,7.93,8.14,8.48,16.8,13.32,11.71,10.84,9.08,9.55,10.35,10.86,12.39,13.02,11.38,14.8,16.45,125.67
2013-02-11,10.7909,12.3549,13.81,12.09,9.07,8.67,8.82,9.07,16.66,13.35,11.77,10.9,9.15,9.6,10.41,10.92,12.34,12.94,11.86,14.68,16.39,125.53
2013-02-12,10.5416,12.2232,13.14,11.56,8.33,8.88,8.68,8.33,16.16,13.0,11.49,10.65,9.01,9.43,10.19,10.67,12.21,12.64,11.05,14.53,16.18,126.12
2013-02-13,10.7843,12.3632,13.32,11.51,7.61,9.76,9.01,7.61,16.41,13.25,11.72,10.87,9.22,9.64,10.4,10.88,12.36,12.98,11.09,14.63,16.35,126.68
2013-02-14,10.2161,12.0641,13.26,10.88,4.77,5.63,5.33,4.77,15.9,12.65,11.18,10.31,8.74,9.12,9.86,10.32,12.06,12.66,10.81,14.43,16.16,127.19
2013-02-15,10.0917,12.0982,15.9,12.49,10.11,8.44,8.88,10.12,17.49,13.95,12.29,11.44,9.27,9.99,10.84,11.45,12.1,12.46,10.79,14.26,16.12,130.46
2013-02-19,9.7342,11.7177,14.98,11.56,9.47,8.15,8.42,9.47,16.66,13.3,11.69,10.86,8.86,9.48,10.3,10.87,11.72,12.31,11.43,13.99,15.83,130.15
2013-02-20,11.8245,12.8246,17.9,14.32,11.74,9.94,10.4,11.75,18.55,14.92,13.22,12.34,10.06,10.82,11.71,12.36,12.82,14.68,15.36,15.41,16.82,124.47
2013-02-21,12.6181,13.2614,19.16,15.55,12.72,10.41,11.11,12.73,19.48,15.62,13.78,12.81,10.12,11.08,12.1,12.83,13.26,15.22,16.01,15.71,17.05,122.58
2013-02-22,11.9807,12.8754,18.2,14.63,11.9,9.68,10.36,11.91,18.75,15.12,13.34,12.41,9.77,10.72,11.72,12.43,12.88,14.17,14.58,14.98,16.53,125.37
2013-02-25,15.0487,14.4642,23.82,19.37,15.8,12.5,13.63,15.81,21.7,17.87,15.73,14.63,11.21,12.52,13.77,14.65,14.48,18.99,21.87,17.94,18.61,121.5
2013-02-26,14.4242,14.7366,20.92,17.37,14.39,11.69,12.57,14.4,21.85,17.85,15.68,14.58,11.12,12.45,13.71,14.6,14.74,16.87,18.11,17.25,18.16,122.92
2013-02-27,11.877,13.0085,17.86,14.06,11.65,9.92,10.34,11.66,18.7,15.04,13.23,12.29,9.82,10.65,11.62,12.3,13.0,14.73,14.91,15.66,17.03,124.96
2013-02-28,12.0315,13.1606,18.41,14.36,11.77,9.93,10.38,11.77,19.32,15.31,13.41,12.43,9.86,10.72,11.73,12.44,13.15,15.51,15.99,16.18,17.4,126.86
2013-03-01,12.2672,13.4531,18.75,14.47,11.7,9.59,10.22,11.7,20.15,15.85,13.82,12.76,10.04,10.96,12.02,12.78,13.44,15.36,14.55,16.29,17.51,128.19
2013-03-04,11.5641,12.9533,16.13,13.07,10.58,8.87,9.48,10.58,18.58,14.84,13.01,12.04,9.45,10.36,11.37,12.06,12.94,14.01,12.93,15.42,16.92,128.65
2013-03-05,10.8635,12.4635,15.06,12.06,9.86,8.7,9.15,9.86,17.47,13.98,12.26,11.36,9.21,9.89,10.77,11.37,12.45,13.48,12.54,14.95,16.54,126.62
2013-03-06,11.3,12.5083,14.63,11.64,9.49,8.84,9.09,9.49,17.35,13.84,12.17,11.3,9.32,9.91,10.74,11.31,12.5,13.53,12.22,15.03,16.54,124.73
2013-03-07,10.9642,12.3081,13.62,11.04,9.07,8.59,8.77,9.07,16.83,13.46,11.86,11.02,9.08,9.68,10.48,11.03,12.29,13.06,11.69,14.74,16.38,125.28
2013-03-08,10.5834,12.2185,11.28,9.94,8.05,8.25,8.18,8.05,16.13,12.87,11.37,10.59,8.96,9.42,10.12,10.59,12.19,12.59,10.77,14.52,16.2,124.46
2013-03-11,10.3416,11.9479,12.46,11.23,8.84,9.61,9.33,8.84,15.82,12.6,11.12,10.34,8.84,9.21,9.9,10.35,11.93,11.56,11.25,14.3,15.94,125.21
2013-03-12,10.5895,12.1985,14.01,12.38,9.05,9.75,9.49,9.05,16.21,12.9,11.42,10.64,9.13,9.5,10.18,10.64,12.18,12.27,12.48,14.58,16.12,128.66
2013-03-13,10.456,12.1074,13.08,11.34,7.66,9.99,9.19,7.66,15.79,12.62,11.19,10.44,9.12,9.38,10.02,10.44,12.09,11.83,11.42,14.51,16.21,127.13
2013-03-14,9.8658,11.7131,13.8,11.56,6.25,9.22,8.24,6.25,14.98,11.99,10.62,9.86,8.6,8.81,9.45,9.86,11.69,11.3,11.08,14.1,15.81,128.96
2013-03-15,9.8537,12.0045,14.88,11.94,9.86,8.69,8.85,9.87,17.15,13.68,12.08,11.27,9.35,9.94,10.72,11.29,11.98,11.3,10.5,14.26,16.1,129.12
2013-03-18,11.0882,12.7073,16.83,13.56,11.11,9.32,9.79,11.11,18.3,14.68,12.93,12.04,9.8,10.53,11.41,12.06,12.68,13.36,13.46,15.39,16.91,126.17
2013-03-19,12.3316,13.4904,18.66,15.11,12.36,10.1,10.81,12.37,19.8,15.92,14.01,13.04,10.34,11.29,12.32,13.06,13.48,14.39,14.84,15.71,17.2,127.08
2013-03-20,10.4852,12.3582,15.72,12.79,10.49,8.51,9.16,10.49,17.67,14.17,12.51,11.65,9.39,10.16,11.04,11.67,12.35,12.67,13.65,14.93,16.62,123.73
2013-03-21,11.4597,12.794,17.1,14.04,11.5,9.16,9.95,11.5,18.43,14.93,13.16,12.24,9.74,10.61,11.58,12.27,12.79,13.99,16.01,15.53,17.12,121.69
2013-03-22,11.79,13.0494,17.44,14.42,11.79,9.35,10.18,11.8,18.67,15.29,13.5,12.56,9.91,10.85,11.87,12.58,13.05,13.57,15.23,15.26,16.96,122.18
2013-03-25,12.046,13.0797,17.67,14.61,11.97,9.55,10.37,11.98,18.71,15.34,13.55,12.6,9.9,10.87,11.9,12.62,13.08,13.74,14.22,15.3,17.01,122.03
2013-03-26,10.6423,12.3344,15.56,12.53,10.28,8.43,9.0,10.28,17.45,14.15,12.45,11.56,9.21,10.02,10.94,11.58,12.34,12.77,11.75,14.75,16.59,122.47
2013-03-27,10.9059,12.3877,15.93,12.82,10.53,8.72,9.25,10.53,17.35,14.2,12.55,11.68,9.45,10.18,11.07,11.7,12.39,13.15,12.29,14.93,16.76,121.99
2013-03-28,10.7075,12.3387,15.69,12.45,10.25,8.75,9.1,10.25,17.25,14.05,12.37,11.48,9.16,9.95,10.87,11.5,12.34,12.7,11.03,14.64,16.61,122.93
2013-04-01,11.72,12.916,16.74,13.52,11.25,9.53,9.99,11.25,18.04,14.8,13.07,12.15,9.76,10.56,11.51,12.17,12.92,13.58,12.97,15.28,17.03,121.21
2013-04-02,10.9006,12.3981,15.18,12.42,10.31,8.98,9.26,10.31,17.17,13.93,12.27,11.4,9.27,9.94,10.82,11.41,12.4,12.78,11.62,14.71,16.59,122.84
2013-04-03,11.9608,12.9868,17.52,14.2,11.84,9.88,10.47,11.84,18.33,14.94,13.16,12.22,9.76,10.59,11.57,12.24,12.99,14.21,14.3,15.49,17.14,120.92
2013-04-04,12.0221,13.0144,17.53,14.29,11.97,9.96,10.58,11.97,18.38,14.96,13.17,12.22,9.73,10.58,11.57,12.24,13.02,13.89,13.62,15.3,17.0,120.79
2013-04-05,12.2785,13.2089,17.51,14.46,12.16,10.26,10.82,12.16,18.43,15.15,13.41,12.48,9.99,10.84,11.83,12.5,13.21,13.92,13.59,15.38,17.18,118.34
2013-04-08,11.4855,12.6287,15.92,13.3,11.18,9.76,10.14,11.18,17.32,14.23,12.58,11.69,9.41,10.18,11.09,11.7,12.64,13.19,13.15,14.71,16.69,119.21
2013-04-09,10.7246,12.0738,14.86,12.25,10.23,9.1,9.5,10.23,16.47,13.38,11.8,10.94,8.97,9.58,10.41,10.95,12.08,12.84,12.42,14.46,16.5,118.63
2013-04-10,10.7393,11.8768,13.91,11.51,9.64,8.96,9.22,9.64,16.06,13.04,11.54,10.74,9.12,9.53,10.26,10.75,11.89,12.36,11.47,14.12,16.14,118.34
2013-04-11,10.5935,11.8551,12.24,10.47,8.85,8.48,8.62,8.85,15.47,12.71,11.36,10.62,9.28,9.56,10.2,10.63,11.86,12.24,11.05,14.17,16.17,117.24
2013-04-12,10.4756,11.9537,12.88,10.77,8.77,8.34,8.51,8.77,15.33,12.59,11.24,10.51,9.15,9.43,10.09,10.51,11.96,12.06,11.37,14.02,16.15,117.84
2013-04-15,13.6162,13.846,25.42,20.17,16.16,13.09,14.32,16.16,20.2,16.52,14.63,13.64,11.39,12.02,12.98,13.65,13.85,17.27,20.67,17.03,18.43,119.92
2013-04-16,11.8042,12.9339,17.47,14.4,10.8,10.02,10.32,10.8,18.08,14.51,12.79,11.87,9.9,10.46,11.32,11.88,12.94,13.96,14.41,15.1,16.72,124.1
2013-04-17,13.7771,14.2488,20.59,17.49,14.17,12.78,13.32,14.17,21.07,16.98,14.91,13.84,11.33,12.09,13.13,13.85,14.25,16.51,18.77,16.93,18.16,120.7
2013-04-18,14.7773,15.0227,17.63,15.83,12.3,12.48,12.41,12.3,22.46,18.22,16.04,14.89,11.91,12.91,14.1,14.91,15.02,17.56,19.3,17.52,18.65,121.28
2013-04-19,12.4988,13.8019,19.03,15.41,12.57,10.27,10.96,12.58,19.94,16.57,14.54,13.54,10.66,11.69,12.77,13.57,13.8,14.97,15.25,16.17,17.92,122.61
2013-04-22,12.0311,13.2158,17.46,14.45,11.92,9.89,10.47,11.93,18.87,15.54,13.76,12.84,10.24,11.16,12.15,12.86,13.22,14.39,14.85,15.66,17.4,120.52
2013-04-23,11.2423,12.4725,16.45,13.41,11.1,9.52,9.88,11.11,17.91,14.67,12.97,12.1,9.9,10.6,11.48,12.12,12.47,13.48,13.09,14.83,16.66,121.56
2013-04-24,11.3481,12.5299,16.42,13.44,11.15,9.62,9.94,11.16,17.89,14.58,12.92,12.06,9.9,10.59,11.45,12.08,12.53,13.61,13.32,14.97,16.71,119.84
2013-04-25,11.6425,12.7736,16.7,13.71,11.47,10.02,10.3,11.48,18.08,14.83,13.16,12.3,10.2,10.85,11.69,12.32,12.77,13.62,13.0,14.96,16.58,119.83
2013-04-26,11.3175,12.5974,16.06,13.14,11.02,9.62,9.88,11.03,17.88,14.6,12.93,12.07,9.94,10.6,11.46,12.09,12.59,13.61,12.85,14.89,16.54,118.86
2013-04-29,11.453,12.6065,16.22,13.21,11.12,9.84,10.02,11.13,17.84,14.57,12.91,12.05,9.97,10.6,11.45,12.07,12.6,13.71,13.5,14.92,16.57,118.85
2013-04-30,11.4969,12.5974,16.22,13.3,11.24,10.0,10.17,11.25,17.83,14.56,12.9,12.03,9.91,10.56,11.42,12.05,12.59,13.52,13.37,14.78,16.48,119.05
2013-05-01,12.3285,13.1846,17.47,14.43,12.33,10.77,11.13,12.34,18.57,15.31,13.6,12.71,10.44,11.18,12.08,12.74,13.17,14.49,15.03,15.61,16.95,118.05
2013-05-02,11.3936,12.6249,15.12,12.8,10.9,9.83,9.96,10.91,17.63,14.48,12.83,11.97,9.88,10.52,11.37,11.99,12.61,13.59,13.03,14.87,16.55,117.95
2013-05-03,10.8022,12.2262,13.75,11.56,9.95,9.56,9.38,9.96,16.55,13.62,12.18,11.43,9.83,10.25,10.94,11.45,12.21,12.85,11.68,14.45,16.22,118.18
2013-05-06,10.6932,12.1069,13.41,11.27,9.67,9.26,9.26,9.67,16.23,13.35,11.94,11.22,9.71,10.08,10.75,11.23,12.09,12.66,11.64,14.31,16.04,116.93
2013-05-07,10.6987,12.0633,13.38,11.21,9.56,9.0,9.2,9.56,16.22,13.33,11.93,11.2,9.71,10.07,10.74,11.22,12.04,12.83,11.73,14.35,16.12,119.76
2013-05-08,11.0448,12.3142,12.96,10.82,9.08,8.65,8.81,9.08,16.06,13.17,11.81,11.11,9.83,10.08,10.68,11.12,12.29,12.66,11.27,14.4,16.12,117.35
2013-05-09,11.3234,12.6852,13.62,11.29,9.4,8.98,9.14,9.4,16.28,13.44,12.07,11.36,10.07,10.32,10.93,11.37,12.67,13.13,11.97,14.81,16.52,119.08
2013-05-10,11.1154,12.7596,12.72,10.71,8.63,8.29,8.42,8.64,16.06,13.19,11.84,11.15,9.99,10.17,10.74,11.16,12.74,12.59,11.15,14.71,16.55,117.97
2013-05-13,11.4037,13.0267,14.0,12.49,10.13,10.14,10.14,10.13,16.12,13.38,12.11,11.46,10.44,10.56,11.08,11.47,13.01,12.55,13.08,15.05,16.86,119.16
2013-05-14,11.4321,13.0597,14.48,12.9,9.76,10.58,10.28,9.76,15.92,13.26,12.05,11.45,10.72,10.68,11.12,11.46,13.05,12.77,13.33,14.98,16.75,116.16
2013-05-15,11.4395,13.1225,15.62,13.82,10.16,10.97,10.68,10.16,15.97,13.24,12.04,11.45,10.83,10.73,11.13,11.45,13.12,12.81,13.63,15.05,16.93,119.41
2013-05-16,11.3818,13.2259,14.26,12.03,6.9,8.7,8.08,6.9,16.1,13.26,12.02,11.4,10.61,10.63,11.07,11.41,13.23,13.07,13.27,15.45,17.22,121.22
2013-05-17,10.777,12.9133,15.03,12.47,10.79,10.25,10.16,10.8,16.81,13.94,12.65,12.01,10.79,11.03,11.57,12.02,12.92,12.45,12.6,15.17,17.03,127.85
2013-05-20,11.2484,13.2098,15.27,12.88,11.27,10.74,10.63,11.28,16.98,14.21,12.94,12.32,11.18,11.38,11.9,12.33,13.21,13.02,13.14,15.31,17.14,117.67
2013-05-21,11.5499,13.5942,15.54,13.2,11.56,10.76,10.83,11.57,17.47,14.63,13.35,12.71,11.35,11.69,12.26,12.72,13.59,13.37,13.56,15.78,17.51,117.08
2013-05-22,12.6086,14.2611,16.88,14.39,12.63,11.56,11.78,12.64,18.2,15.49,14.16,13.49,11.99,12.39,13.01,13.51,14.25,13.82,14.05,15.82,17.52,117.16
2013-05-23,12.3086,13.9919,16.74,14.24,12.33,10.94,11.31,12.33,18.14,15.33,13.91,13.17,11.25,11.88,12.63,13.19,13.98,14.07,14.07,16.0,17.72,116.92
2013-05-24,12.3782,13.8045,17.08,14.43,12.37,10.64,11.19,12.38,18.28,15.33,13.81,13.04,10.88,11.65,12.46,13.05,13.79,13.99,13.19,15.92,17.62,118.17
2013-05-28,12.3851,13.6801,16.93,14.29,12.31,10.78,11.2,12.32,18.21,15.12,13.61,12.85,10.87,11.52,12.29,12.86,13.66,14.48,15.6,15.87,17.51,112.47
2013-05-29,12.7495,13.8343,17.41,14.74,12.68,10.93,11.46,12.69,18.39,15.5,13.96,13.15,10.85,11.67,12.54,13.16,13.82,14.83,15.76,16.15,17.71,116.2
2013-05-30,12.3378,13.6849,17.0,14.24,12.17,10.44,10.95,12.17,18.32,15.2,13.64,12.84,10.65,11.4,12.25,12.85,13.67,14.53,14.69,16.01,17.61,117.75
2013-05-31,13.16,14.2559,18.82,15.58,13.05,10.94,11.56,13.06,19.42,16.18,14.45,13.53,10.81,11.82,12.84,13.55,14.24,16.3,16.7,17.13,18.41,119.51
2013-06-03,14.3034,14.9219,20.47,17.08,14.28,11.84,12.6,14.29,20.62,17.21,15.39,14.43,11.44,12.58,13.68,14.44,14.92,16.28,17.24,17.22,18.45,119.16
2013-06-04,14.517,15.0791,19.94,17.0,14.57,12.18,12.99,14.58,20.58,17.39,15.62,14.66,11.62,12.78,13.9,14.68,15.08,16.27,16.89,17.26,18.58,116.87
2013-06-05,15.2027,15.4702,21.07,18.03,15.43,12.76,13.71,15.44,21.37,18.11,16.23,15.22,11.97,13.22,14.41,15.23,15.47,17.5,18.54,18.0,19.12,116.57
2013-06-06,15.0518,15.406,20.83,17.62,15.0,12.41,13.31,15.01,21.28,18.0,16.12,15.1,11.86,13.1,14.29,15.11,15.41,16.63,17.25,17.55,18.8,117.64
2013-06-07,13.2969,14.3873,17.25,14.4,12.41,10.96,11.26,12.42,19.33,16.2,14.53,13.64,10.92,11.95,12.96,13.65,14.39,15.14,14.21,16.72,18.27,116.2
2013-06-10,13.4511,14.4277,17.3,14.81,12.8,11.43,11.69,12.8,19.37,16.26,14.57,13.67,11.14,12.02,13.0,13.68,14.42,15.44,15.16,16.73,18.16,116.2
2013-06-11,14.7005,15.2762,19.97,16.77,14.48,12.59,13.13,14.48,21.04,17.59,15.75,14.78,11.87,12.93,14.03,14.78,15.28,17.07,17.47,17.91,19.12,116.98
2013-06-12,16.4168,16.4395,22.34,19.16,16.64,14.04,14.95,16.64,22.87,19.43,17.45,16.37,12.95,14.25,15.51,16.38,16.45,18.59,19.1,19.07,19.97,115.56
2013-06-13,14.7027,15.4446,18.49,15.86,13.62,11.77,12.31,13.62,20.91,17.53,15.67,14.66,11.77,12.81,13.91,14.67,15.44,16.41,15.62,17.83,19.15,117.28
2013-06-14,15.0197,15.6284,17.96,15.48,13.53,11.76,12.36,13.53,21.12,17.84,16.01,15.01,11.9,13.08,14.23,15.02,15.62,17.15,16.9,18.3,19.46,116.29
2013-06-17,15.1886,15.6804,20.45,17.41,14.95,12.94,13.73,14.95,21.37,18.07,16.21,15.19,12.11,13.25,14.41,15.2,15.68,16.8,17.24,17.99,19.2,116.74
2013-06-18,14.4269,15.1217,20.2,17.51,15.16,13.38,14.07,15.16,20.76,17.32,15.44,14.42,11.48,12.54,13.67,14.43,15.12,16.61,17.62,17.75,18.94,118.7
2013-06-19,13.8681,14.7064,16.9,15.78,13.74,13.23,13.43,13.74,19.92,16.62,14.84,13.87,11.18,12.12,13.18,13.88,14.71,16.64,17.62,17.78,19.02,117.84
2013-06-20,18.3306,17.5125,20.53,18.65,15.03,14.48,14.69,15.03,25.46,21.73,19.55,18.34,14.37,15.9,17.36,18.36,17.51,20.49,23.4,20.34,20.68,117.52
2013-06-21,16.0341,16.293,22.32,19.04,16.06,12.86,14.03,16.07,22.56,19.74,17.38,16.17,12.19,13.75,15.18,16.21,16.29,18.9,20.56,19.49,20.21,117.36
2013-06-24,17.3611,17.3109,23.79,20.45,17.37,13.96,15.23,17.39,23.82,21.03,18.6,17.35,13.09,14.78,16.3,17.39,17.31,20.11,22.32,20.73,21.32,116.08
2013-06-25,15.9606,16.5183,21.64,18.69,15.83,12.77,13.85,15.84,22.82,19.72,17.43,16.25,12.34,13.87,15.28,16.28,16.52,18.47,18.98,19.67,20.71,115.23
2013-06-26,15.1324,15.9295,20.15,17.51,14.92,12.15,13.13,14.93,21.97,18.78,16.66,15.57,12.06,13.4,14.68,15.59,15.94,17.21,17.02,18.82,20.11,115.81
2013-06-27,14.6909,15.7003,19.14,16.71,14.32,11.83,12.68,14.32,21.29,18.25,16.28,15.24,11.96,13.2,14.41,15.27,15.71,16.86,16.1,18.56,19.98,116.01
2013-06-28,14.5863,15.6552,19.02,16.52,14.12,11.77,12.54,14.12,21.04,18.04,16.15,15.15,12.07,13.21,14.36,15.17,15.66,16.86,15.98,18.39,19.79,116.53
2013-07-01,14.4588,15.465,18.72,16.11,13.85,11.84,12.42,13.85,20.65,17.58,15.84,14.91,12.09,13.12,14.17,14.93,15.47,16.37,16.07,17.92,19.39,114.85
2013-07-02,14.8459,15.7449,18.84,16.3,14.09,11.93,12.62,14.09,20.89,17.95,16.22,15.29,12.43,13.48,14.55,15.31,15.74,16.44,15.56,18.02,19.39,115.22
2013-07-03,14.4509,15.4125,18.62,16.02,13.78,11.66,12.33,13.79,20.44,17.41,15.72,14.8,12.06,13.05,14.09,14.82,15.41,16.2,15.94,17.81,19.18,113.13
2013-07-05,13.5019,14.8672,16.64,14.28,12.36,10.85,11.19,12.36,19.26,16.39,14.81,13.96,11.61,12.42,13.33,13.98,14.86,14.89,13.08,16.88,18.48,117.12
2013-07-08,12.9741,14.3252,16.48,14.09,12.11,10.93,11.14,12.11,18.2,15.46,14.0,13.23,11.21,11.86,12.67,13.24,14.32,14.78,14.22,16.41,18.04,117.13
2013-07-09,12.5175,13.7962,15.03,13.03,11.48,10.71,10.81,11.48,17.45,14.85,13.48,12.76,11.02,11.52,12.25,12.77,13.79,14.35,13.45,15.91,17.55,115.19
2013-07-10,12.7117,13.8007,15.14,12.93,11.35,10.44,10.65,11.35,17.47,14.84,13.47,12.74,10.86,11.47,12.23,12.75,13.79,14.21,13.51,15.77,17.48,117.08
2013-07-11,12.3799,13.5757,14.25,12.21,10.79,10.65,10.51,10.79,16.53,14.2,13.0,12.37,11.02,11.35,11.95,12.38,13.57,14.01,13.04,15.5,17.29,115.53
2013-07-12,12.4165,13.8448,12.9,11.26,9.94,9.94,9.94,9.94,16.59,14.23,13.06,12.44,11.23,11.49,12.04,12.45,13.83,13.84,12.33,15.65,17.36,113.27
2013-07-15,12.0934,13.5925,12.66,11.85,10.36,10.72,10.59,10.36,16.21,13.87,12.72,12.11,11.03,11.23,11.75,12.12,13.59,13.79,13.05,15.62,17.26,114.42
2013-07-16,12.81,14.1456,13.75,12.8,11.08,11.54,11.37,11.08,17.26,14.77,13.52,12.87,11.62,11.86,12.45,12.88,14.14,14.42,13.62,16.01,17.58,115.26
2013-07-17,12.1467,13.7247,12.69,11.49,9.17,10.77,10.2,9.17,16.46,14.06,12.84,12.18,10.99,11.23,11.79,12.19,13.72,13.78,12.57,15.56,17.25,115.27
2013-07-18,11.8214,13.5297,13.73,11.63,6.87,11.55,10.05,6.87,16.03,13.64,12.49,11.87,10.78,10.99,11.52,11.88,13.53,13.77,12.48,15.56,17.25,115.58
2013-07-19,11.0251,13.1742,15.1,12.69,10.99,10.01,10.13,11.0,17.4,14.62,13.24,12.53,10.76,11.31,12.01,12.55,13.18,12.54,11.61,15.04,17.09,113.07
2013-07-22,10.6963,12.8608,14.24,11.93,10.4,9.45,9.58,10.4,16.8,14.1,12.75,12.06,10.41,10.89,11.56,12.07,12.86,12.29,11.79,14.69,16.82,112.9
2013-07-23,10.7567,12.7912,14.28,11.95,10.38,9.49,9.56,10.39,16.77,14.06,12.71,12.02,10.38,10.86,11.53,12.04,12.79,12.66,12.58,14.88,16.93,113.14
2013-07-24,11.4664,13.2684,15.37,12.87,11.08,9.81,10.08,11.09,17.45,14.73,13.28,12.54,10.63,11.24,11.99,12.56,13.26,13.18,13.13,15.19,17.23,118.72
2013-07-25,11.0894,13.0111,14.6,12.16,10.57,9.48,9.69,10.57,17.06,14.35,12.95,12.22,10.31,10.94,11.69,12.24,13.0,12.97,12.82,15.0,17.03,117.85
2013-07-26,10.9958,12.9388,14.45,12.02,10.39,9.3,9.5,10.4,16.95,14.25,12.85,12.11,10.15,10.81,11.57,12.13,12.92,12.72,11.97,14.8,16.87,118.23
2013-07-29,11.4565,13.1298,15.06,12.57,10.79,9.61,9.83,10.8,17.27,14.55,13.09,12.32,10.21,10.94,11.76,12.34,13.11,13.39,13.23,15.11,17.21,118.93
2013-07-30,11.5021,13.016,15.64,12.97,11.06,9.67,9.98,11.06,17.35,14.57,13.03,12.2,9.87,10.69,11.59,12.22,12.99,13.39,13.53,14.98,17.01,119.39
2013-07-31,11.3836,12.7379,15.4,12.84,10.93,9.59,9.91,10.93,16.96,14.25,12.77,11.98,9.78,10.55,11.4,11.99,12.72,13.45,13.33,14.92,16.81,117.85
2013-08-01,11.174,12.6169,14.23,12.15,10.59,9.97,9.91,10.59,16.4,13.86,12.49,11.77,9.96,10.52,11.26,11.79,12.6,12.94,12.25,14.55,16.4,115.06
2013-08-02,10.3024,12.3356,12.26,10.39,9.06,8.87,8.69,9.06,15.45,13.08,11.82,11.15,9.55,10.02,10.69,11.16,12.3,11.98,10.2,14.03,16.03,116.89
2013-08-05,10.1516,12.1243,11.9,10.08,8.77,8.54,8.63,8.77,15.08,12.72,11.5,10.85,9.31,9.78,10.42,10.86,12.1,11.84,10.61,13.86,15.9,116.53
2013-08-06,10.8553,12.7027,13.43,11.15,9.53,9.02,9.19,9.53,16.11,13.54,12.21,11.5,9.74,10.29,11.01,11.51,12.67,12.72,11.8,14.56,16.45,119.09
2013-08-07,11.5,12.8575,14.26,11.61,9.55,8.9,9.15,9.56,16.56,13.79,12.33,11.55,9.68,10.26,11.03,11.57,12.84,12.98,11.95,14.81,16.71,118.31
2013-08-08,11.2404,12.7227,13.34,10.94,8.89,8.41,8.59,8.89,16.28,13.53,12.09,11.31,9.4,10.0,10.79,11.32,12.7,12.73,11.52,14.67,16.49,118.47
2013-08-09,11.4749,12.9716,15.36,12.01,9.3,8.64,8.89,9.3,16.85,13.91,12.36,11.53,9.48,10.14,10.97,11.54,12.95,13.41,13.23,15.1,16.75,122.3
2013-08-12,11.9813,13.3494,15.44,12.9,9.85,9.31,9.52,9.85,17.43,14.49,12.9,12.04,9.82,10.56,11.45,12.05,13.33,12.81,13.68,15.17,16.87,115.44
2013-08-13,11.3634,12.9436,12.69,11.21,8.21,9.52,9.05,8.21,16.64,13.75,12.24,11.42,9.31,10.02,10.87,11.43,12.92,12.31,12.67,14.86,16.63,115.81
2013-08-14,11.6179,13.191,13.55,11.84,8.26,9.83,9.27,8.26,16.91,14.03,12.47,11.62,9.48,10.19,11.06,11.63,13.18,13.04,13.28,15.24,16.94,119.33
2013-08-15,13.1525,14.2151,14.11,12.17,8.0,11.62,10.41,7.99,18.64,15.74,14.12,13.23,10.72,11.61,12.58,13.24,14.21,14.73,16.43,16.24,17.59,115.82
2013-08-16,12.7928,13.9434,18.4,15.36,12.84,10.38,11.25,12.85,18.75,16.18,14.43,13.51,10.58,11.71,12.78,13.54,13.94,14.37,15.71,15.94,17.38,117.21
2013-08-19,13.2348,14.2694,18.9,15.86,13.27,10.75,11.63,13.28,19.41,16.65,14.83,13.88,10.85,12.02,13.13,13.91,14.26,15.1,15.49,16.4,17.68,118.15
2013-08-20,12.6342,13.9265,18.13,15.13,12.68,10.41,11.19,12.69,18.81,16.15,14.41,13.48,10.55,11.68,12.75,13.51,13.92,14.91,14.27,16.31,17.55,118.07
2013-08-21,13.1962,14.2304,19.1,15.84,13.26,10.95,11.72,13.27,19.42,16.61,14.84,13.9,10.86,12.04,13.15,13.93,14.22,15.94,15.21,16.79,17.91,117.17
2013-08-22,12.6521,13.9388,18.38,15.24,12.69,10.47,11.19,12.69,18.97,16.19,14.43,13.49,10.7,11.72,12.77,13.51,13.93,14.76,12.99,15.99,17.35,119.21
2013-08-23,12.0701,13.6205,17.31,14.43,12.09,10.1,10.72,12.1,18.27,15.59,13.95,13.07,10.49,11.42,12.4,13.09,13.6,13.98,11.82,15.55,17.06,120.13
2013-08-26,12.8281,14.027,18.08,15.1,12.66,10.62,11.25,12.67,18.95,16.11,14.44,13.54,10.86,11.84,12.85,13.56,14.0,14.99,13.93,16.21,17.5,118.69
2013-08-27,14.7607,15.4516,20.9,17.41,14.63,12.05,12.93,14.64,21.09,18.12,16.23,15.23,12.0,13.25,14.43,15.26,15.43,16.77,16.04,17.68,18.69,118.07
2013-08-28,13.99,15.1074,19.5,16.3,13.71,11.41,12.17,13.72,20.39,17.46,15.63,14.67,11.71,12.81,13.91,14.7,15.08,16.49,15.47,17.62,18.76,117.51
2013-08-29,14.7057,15.656,20.41,17.07,14.37,12.03,12.79,14.38,21.16,18.14,16.24,15.25,12.22,13.35,14.47,15.27,15.63,16.81,15.41,17.9,18.96,117.21
2013-08-30,14.9579,15.7463,21.01,17.48,14.57,11.95,12.82,14.58,21.43,18.39,16.45,15.43,12.16,13.4,14.6,15.45,15.73,17.01,15.87,18.05,19.18,117.48
2013-09-03,14.8359,15.5654,19.95,16.98,14.49,12.18,12.93,14.5,20.91,17.94,16.16,15.2,12.11,13.3,14.43,15.22,15.55,16.61,15.97,17.64,18.75,116.72
2013-09-04,14.0517,15.136,18.31,15.49,13.24,11.31,11.87,13.25,20.18,17.16,15.43,14.5,11.66,12.72,13.78,14.52,15.11,15.88,14.28,17.3,18.41,116.97
2013-09-05,13.5913,14.8593,17.59,14.86,12.79,11.03,11.52,12.79,19.67,16.65,14.96,14.05,11.34,12.33,13.35,14.06,14.83,15.77,14.38,17.14,18.38,117.37
2013-09-06,13.5187,14.6778,18.02,15.0,12.79,10.97,11.48,12.8,19.76,16.57,14.81,13.87,11.1,12.12,13.16,13.88,14.64,15.85,14.57,17.17,18.34,118.67
2013-09-09,13.3761,14.3509,17.49,14.87,12.67,11.11,11.5,12.67,19.44,16.24,14.51,13.59,10.96,11.9,12.91,13.61,14.32,15.63,15.01,16.83,17.95,119.0
2013-09-10,12.5479,13.8028,15.88,13.36,11.39,10.49,10.6,11.39,18.44,15.34,13.71,12.85,10.49,11.3,12.23,12.86,13.77,14.53,13.35,16.11,17.42,119.94
2013-09-11,12.2675,13.3139,14.49,12.37,10.63,10.08,10.14,10.63,17.77,14.68,13.1,12.26,10.08,10.8,11.68,12.27,13.29,13.82,12.31,15.61,16.97,120.68
2013-09-12,12.5235,13.5657,14.44,12.2,10.56,10.06,10.2,10.56,17.98,14.94,13.37,12.53,10.32,11.06,11.94,12.54,13.54,14.29,13.03,15.85,17.18,119.67
2013-09-13,12.5357,13.5279,14.37,12.13,10.29,9.84,10.01,10.29,18.04,14.98,13.39,12.54,10.29,11.05,11.95,12.55,13.5,14.16,12.6,15.7,17.13,120.12
2013-09-16,12.3666,13.3349,14.82,13.09,11.04,11.39,11.26,11.04,17.92,14.81,13.23,12.38,10.39,11.0,11.83,12.38,13.33,14.38,14.04,15.58,16.99,118.84
2013-09-17,12.5801,13.4548,16.28,14.63,12.6,12.69,12.66,12.6,18.25,15.13,13.49,12.61,10.41,11.13,12.02,12.61,13.45,14.53,14.49,15.66,17.01,121.59
2013-09-18,11.8041,13.0141,14.41,13.36,11.42,12.88,12.35,11.42,16.45,13.89,12.56,11.82,10.3,10.7,11.38,11.83,13.01,13.59,13.4,15.18,16.62,114.22
2013-09-19,11.4153,13.0256,12.59,10.71,6.47,9.18,8.27,6.47,15.51,13.14,12.04,11.43,10.49,10.6,11.1,11.43,13.02,13.16,12.03,15.02,16.6,115.69
2013-09-20,11.3977,13.3078,16.01,13.31,11.36,10.09,10.35,11.37,17.56,14.77,13.31,12.55,10.59,11.23,12.0,12.57,13.31,13.12,12.42,15.32,17.04,115.87
2013-09-23,12.2029,13.7647,17.02,14.13,11.97,10.44,10.8,11.98,18.21,15.46,13.91,13.09,10.8,11.6,12.48,13.11,13.76,14.31,13.97,15.92,17.28,119.08
2013-09-24,11.9729,13.5294,16.65,13.79,11.66,10.04,10.47,11.66,17.87,15.1,13.6,12.81,10.56,11.36,12.22,12.83,13.53,14.08,13.75,15.64,17.14,119.31
2013-09-25,11.9569,13.4602,16.73,13.79,11.64,9.92,10.42,11.65,17.96,15.12,13.57,12.75,10.42,11.27,12.15,12.77,13.46,14.01,13.79,15.56,17.02,117.45
2013-09-26,12.1301,13.4422,17.27,14.07,11.78,10.16,10.56,11.78,18.14,15.2,13.6,12.76,10.37,11.24,12.15,12.78,13.44,14.06,14.12,15.41,16.9,122.03
2013-09-27,13.0901,13.8207,19.87,15.87,12.95,10.74,11.39,12.95,19.61,16.25,14.39,13.43,10.71,11.69,12.72,13.45,13.82,15.46,16.22,16.04,17.3,124.48
2013-09-30,14.2358,14.5323,21.54,17.42,14.29,11.83,12.55,14.29,20.71,17.27,15.34,14.32,11.44,12.48,13.57,14.34,14.53,16.6,17.73,16.8,18.09,123.46
2013-10-01,13.4698,14.0433,19.96,16.07,13.25,11.08,11.71,13.25,19.96,16.58,14.71,13.72,11.06,11.98,13.01,13.74,14.04,15.54,14.67,16.13,17.37,123.74
2013-10-02,14.0028,14.3949,20.92,16.76,13.72,11.33,12.06,13.73,20.8,17.29,15.27,14.22,11.25,12.31,13.44,14.24,14.4,16.6,15.81,16.81,17.79,123.52
2013-10-03,14.7039,14.9667,21.95,17.56,14.26,11.61,12.44,14.27,21.68,18.12,16.0,14.88,11.59,12.8,14.03,14.9,14.97,17.67,17.58,17.7,18.45,122.31
2013-10-04,14.1434,14.6477,20.83,16.46,13.53,11.31,11.98,13.53,21.24,17.55,15.48,14.4,11.37,12.46,13.6,14.42,14.65,16.74,16.62,17.21,18.08,123.98
2013-10-07,15.8453,15.7457,23.76,19.09,15.68,12.88,13.77,15.69,23.26,19.39,17.1,15.9,12.35,13.68,14.99,15.93,15.75,19.41,20.18,19.07,19.67,123.23
2013-10-08,17.2343,16.7599,25.4,20.51,16.88,13.89,14.84,16.89,24.62,21.0,18.52,17.24,13.17,14.73,16.22,17.26,16.77,20.34,21.87,19.84,20.15,120.72
2013-10-09,16.6406,16.2374,23.51,18.99,15.98,13.69,14.32,15.99,23.63,20.06,17.84,16.65,12.89,14.33,15.7,16.67,16.25,19.6,20.39,19.29,19.97,122.62
2013-10-10,14.2471,14.6452,19.73,16.26,13.5,11.7,12.19,13.5,20.83,17.26,15.29,14.23,11.24,12.31,13.46,14.25,14.66,16.48,17.34,17.21,18.23,120.25
2013-10-11,13.287,14.0583,19.6,15.51,12.43,10.54,11.27,12.43,20.0,16.29,14.35,13.32,10.62,11.54,12.61,13.33,14.06,15.72,16.8,16.57,17.8,130.97
2013-10-14,13.0886,13.7749,21.66,17.36,14.05,12.48,13.09,14.05,20.07,16.18,14.2,13.15,10.52,11.39,12.45,13.17,13.78,16.07,19.1,16.92,17.9,129.14
2013-10-15,14.5461,14.7227,28.0,22.26,17.83,14.69,15.94,17.83,22.33,17.95,15.73,14.58,11.74,12.65,13.8,14.6,14.73,18.66,23.54,18.41,19.14,131.01
2013-10-16,12.5728,13.4317,16.41,14.46,10.48,11.27,10.98,10.48,18.75,15.18,13.49,12.6,10.64,11.23,12.05,12.61,13.44,14.71,16.18,16.26,17.71,125.24
2013-10-17,10.9915,12.3758,12.32,10.4,6.04,10.42,9.03,6.01,16.14,13.19,11.84,11.1,9.8,10.06,10.71,11.12,12.38,13.48,12.93,15.44,16.91,126.68
2013-10-18,10.6825,12.2069,15.92,12.7,10.68,9.76,9.78,10.68,16.87,13.95,12.46,11.74,10.24,10.62,11.25,11.75,12.21,13.04,12.91,14.92,16.37,131.35
2013-10-21,10.5727,12.1891,15.39,12.24,10.36,9.53,9.52,10.36,16.68,13.75,12.31,11.61,10.24,10.56,11.16,11.63,12.19,13.16,12.79,15.14,16.54,130.67
2013-10-22,10.6493,12.2397,14.62,11.84,10.31,9.8,9.66,10.31,16.5,13.66,12.35,11.71,10.54,10.78,11.3,11.73,12.24,13.33,12.73,15.02,16.61,129.17
2013-10-23,10.8978,12.4553,15.36,12.33,10.54,9.71,9.7,10.54,16.99,14.01,12.57,11.87,10.48,10.81,11.41,11.89,12.45,13.42,12.37,15.11,16.71,134.47
2013-10-24,10.5831,12.1326,14.78,11.85,10.16,9.28,9.33,10.16,16.54,13.58,12.19,11.5,10.05,10.43,11.05,11.51,12.14,13.2,11.95,14.9,16.53,135.42
2013-10-25,10.6633,12.1856,14.73,11.84,10.15,9.47,9.42,10.16,16.65,13.65,12.26,11.57,10.07,10.49,11.11,11.58,12.19,13.09,11.59,14.87,16.5,135.06
2013-10-28,10.8906,12.2494,14.2,11.83,10.25,9.66,9.58,10.25,16.55,13.59,12.26,11.6,10.2,10.57,11.16,11.61,12.25,13.31,12.03,14.87,16.61,133.27
2013-10-29,10.9732,12.2924,14.04,11.85,10.34,9.66,9.67,10.35,16.6,13.63,12.29,11.64,10.27,10.63,11.21,11.65,12.29,13.41,12.57,15.03,16.74,127.58
2013-10-30,11.3451,12.5278,14.87,12.4,10.68,10.05,9.95,10.69,16.91,14.0,12.62,11.92,10.39,10.81,11.46,11.94,12.53,13.65,12.98,15.13,16.83,127.95
2013-10-31,11.1656,12.4832,14.48,12.02,10.25,9.7,9.55,10.26,16.99,13.97,12.53,11.8,10.22,10.66,11.32,11.82,12.48,13.75,12.62,15.25,16.87,132.33
2013-11-01,10.9941,12.5157,14.06,11.56,9.84,9.06,9.13,9.85,16.75,13.84,12.43,11.71,10.0,10.53,11.23,11.73,12.51,13.28,12.1,15.06,16.96,129.84
2013-11-04,10.7496,12.3145,13.36,11.09,9.5,8.54,8.91,9.5,16.27,13.46,12.08,11.37,9.76,10.22,10.9,11.38,12.3,12.93,11.81,14.68,16.76,125.57
2013-11-05,10.99,12.4141,13.8,11.59,9.95,8.92,9.32,9.96,16.3,13.5,12.17,11.49,9.96,10.41,11.05,11.5,12.41,13.27,12.14,14.92,16.94,122.98
2013-11-06,11.1432,12.3131,12.89,11.05,9.54,8.84,9.11,9.54,15.9,13.17,11.86,11.19,9.73,10.13,10.76,11.2,12.31,12.67,11.61,14.66,16.77,118.69
2013-11-07,11.9884,12.9514,14.85,12.66,11.05,10.64,10.64,11.05,16.88,14.09,12.72,12.01,10.4,10.86,11.54,12.02,12.95,13.91,13.19,15.36,17.27,123.83
2013-11-08,11.3216,12.4325,13.35,11.18,9.45,8.95,9.14,9.45,16.03,13.34,12.03,11.35,9.77,10.25,10.9,11.36,12.43,12.9,11.97,14.63,16.71,126.37
2013-11-11,11.1434,12.3853,12.76,11.71,9.74,9.65,9.69,9.74,15.9,13.24,11.92,11.23,9.62,10.11,10.78,11.24,12.39,12.53,12.63,14.73,16.8,125.55
2013-11-12,11.2337,12.5799,14.08,12.71,10.02,9.88,9.93,10.02,16.4,13.49,12.06,11.31,9.51,10.09,10.83,11.32,12.58,12.82,13.02,14.88,16.97,129.66
2013-11-13,11.0856,12.5559,13.78,12.17,8.9,10.07,9.65,8.9,16.3,13.34,11.9,11.13,9.37,9.91,10.65,11.14,12.55,12.52,12.75,14.83,17.02,131.01
2013-11-14,10.5723,12.3525,12.74,10.63,5.57,10.88,9.25,5.57,15.61,12.67,11.32,10.6,9.16,9.53,10.18,10.6,12.34,12.37,11.69,14.88,17.01,133.03
2013-11-15,10.2544,12.3591,15.06,12.23,10.29,9.04,9.3,10.29,16.62,13.59,12.17,11.47,9.99,10.38,11.0,11.48,12.35,12.19,11.16,14.8,16.91,133.46
2013-11-18,10.7283,12.6231,15.67,12.76,10.75,9.63,9.79,10.76,16.8,13.87,12.44,11.74,10.2,10.63,11.26,11.75,12.62,13.1,11.8,14.93,17.08,137.06
2013-11-19,10.7362,12.6702,15.99,12.88,10.76,9.53,9.73,10.76,16.98,14.0,12.51,11.78,10.26,10.65,11.29,11.79,12.67,13.39,11.87,15.25,17.38,133.62
2013-11-20,10.7161,12.5748,16.12,12.9,10.74,9.58,9.72,10.75,16.9,13.91,12.42,11.68,10.05,10.5,11.18,11.69,12.58,13.4,12.03,14.99,17.21,133.25
2013-11-21,10.1325,12.1021,15.11,12.02,10.16,9.29,9.32,10.17,16.16,13.25,11.88,11.2,9.82,10.14,10.74,11.2,12.11,12.66,10.71,14.52,16.77,124.63
2013-11-22,9.7566,11.8386,14.6,11.43,9.69,9.06,8.96,9.69,15.84,12.91,11.56,10.89,9.56,9.87,10.45,10.9,11.85,12.26,10.34,14.15,16.42,133.76
2013-11-25,10.1247,11.9794,14.64,11.52,9.89,9.5,9.25,9.89,16.02,13.01,11.66,11.0,9.83,10.05,10.59,11.01,12.0,12.79,11.52,14.43,16.62,134.23
2013-11-26,10.0473,11.9626,14.34,11.28,9.69,9.19,9.04,9.7,15.96,12.98,11.62,10.96,9.81,10.01,10.55,10.97,11.98,12.81,11.55,14.55,16.68,133.64
2013-11-27,10.1644,12.117,14.71,11.37,9.71,9.11,9.04,9.72,16.17,13.12,11.75,11.07,9.88,10.09,10.65,11.08,12.13,12.98,11.66,14.6,16.65,133.82
2013-11-29,10.8532,12.4729,16.13,12.37,10.49,9.81,9.72,10.5,17.01,13.71,12.23,11.51,10.27,10.48,11.06,11.52,12.48,13.7,13.59,15.03,16.86,130.82
2013-12-02,11.2068,12.6438,16.92,12.9,10.83,9.9,9.94,10.83,17.36,13.91,12.37,11.61,10.18,10.49,11.13,11.62,12.65,14.23,14.3,15.19,17.05,131.64
2013-12-03,11.9219,13.1063,18.0,13.83,11.59,10.34,10.51,11.59,18.35,14.73,13.06,12.23,10.46,10.95,11.69,12.24,13.12,14.55,14.68,15.49,17.27,132.38
2013-12-04,11.8382,13.0729,18.04,13.91,11.61,10.26,10.49,11.61,18.27,14.6,12.92,12.08,10.29,10.78,11.53,12.08,13.08,14.7,14.71,15.57,17.3,131.63
2013-12-05,12.4438,13.3391,19.02,14.84,12.44,10.97,11.24,12.44,18.73,15.1,13.4,12.56,10.75,11.24,12.0,12.56,13.35,15.08,15.42,15.78,17.32,128.01
2013-12-06,11.1039,12.4518,16.15,12.73,10.57,9.8,9.74,10.57,17.14,13.7,12.16,11.38,9.85,10.22,10.9,11.39,12.46,13.79,12.7,14.95,16.61,132.32
2013-12-09,11.1652,12.4785,15.83,12.78,10.68,9.89,9.94,10.68,17.08,13.66,12.14,11.37,9.88,10.24,10.91,11.38,12.48,13.49,13.52,14.93,16.58,126.09
2013-12-10,11.3403,12.5899,16.72,13.43,11.15,10.02,10.26,11.15,17.38,13.89,12.3,11.49,9.82,10.27,10.99,11.49,12.59,13.91,14.65,15.22,16.75,126.68
2013-12-11,12.6612,13.37,19.58,15.81,13.3,12.03,12.21,13.3,18.84,15.21,13.53,12.68,10.7,11.3,12.11,12.68,13.37,15.42,17.36,15.99,17.31,126.74
2013-12-12,12.6897,13.4012,18.6,15.59,13.43,12.32,12.47,13.43,18.91,15.27,13.56,12.68,10.69,11.28,12.11,12.69,13.4,15.54,16.61,16.12,17.36,125.09
2013-12-13,12.7143,13.4233,19.2,15.98,13.76,12.48,12.75,13.76,18.94,15.27,13.57,12.7,10.69,11.3,12.13,12.7,13.43,15.76,17.23,16.27,17.51,126.22
2013-12-16,13.2413,13.7149,21.11,17.78,15.42,13.71,14.31,15.42,19.99,16.0,14.15,13.2,10.91,11.65,12.58,13.21,13.72,16.03,17.12,16.39,17.68,128.21
2013-12-17,13.0393,13.6472,20.67,17.78,15.73,14.19,14.78,15.73,19.84,15.86,14.01,13.04,10.74,11.48,12.42,13.05,13.65,16.21,17.06,16.5,17.7,128.75
2013-12-18,11.3937,12.5756,16.01,14.72,12.28,12.39,12.35,12.28,17.65,13.94,12.29,11.4,9.6,10.08,10.89,11.4,12.58,13.8,12.95,14.99,16.67,135.58
2013-12-19,10.9131,12.3907,14.14,11.87,6.59,11.59,10.01,6.59,17.31,13.44,11.79,10.9,9.31,9.68,10.43,10.9,12.4,14.15,12.78,15.28,16.88,137.86
2013-12-20,10.2448,12.1015,16.71,12.61,10.19,9.03,9.17,10.2,17.11,13.87,12.16,11.32,9.43,9.99,10.76,11.34,12.11,13.79,12.73,15.01,16.63,143.2
2013-12-23,10.077,11.9101,15.81,11.92,9.89,9.02,9.04,9.89,16.64,13.42,11.81,11.03,9.41,9.83,10.52,11.04,11.91,13.04,12.23,14.52,16.37,138.11
2013-12-24,9.568,11.5884,14.88,11.19,9.31,8.7,8.56,9.31,17.48,13.12,11.37,10.58,9.13,9.48,10.11,10.59,11.58,12.48,11.11,14.24,16.12,137.88
2013-12-26,9.5905,11.5511,13.86,10.86,9.22,8.79,8.63,9.22,15.88,12.64,11.2,10.5,9.15,9.46,10.06,10.51,11.53,12.33,10.92,14.03,16.03,136.65
2013-12-27,9.8029,11.6594,14.41,11.14,9.4,9.13,8.83,9.4,16.17,12.81,11.35,10.63,9.24,9.56,10.18,10.64,11.64,12.46,11.48,13.98,16.05,136.72
2013-12-30,10.586,12.2322,15.54,11.99,10.08,9.75,9.45,10.08,16.91,13.52,11.99,11.24,9.81,10.14,10.77,11.25,12.21,13.56,12.99,14.77,16.46,134.36
2013-12-31,11.2146,12.5538,16.78,12.81,10.85,10.46,10.18,10.85,17.34,14.04,12.49,11.73,10.26,10.6,11.24,11.74,12.53,13.72,13.75,14.77,16.31,133.63
2014-01-02,11.3583,12.6791,16.4,12.95,10.92,10.09,10.1,10.93,17.65,14.21,12.6,11.81,10.07,10.57,11.29,11.82,12.66,14.23,13.83,15.26,16.74,133.73
2014-01-03,10.8072,12.4812,14.39,11.55,9.74,9.1,9.11,9.74,17.19,13.78,12.24,11.47,9.76,10.27,10.97,11.48,12.46,13.76,12.17,15.09,16.68,134.46
2014-01-06,10.7122,12.3568,13.62,11.2,9.64,9.28,9.27,9.64,16.64,13.44,11.98,11.25,9.6,10.09,10.77,11.26,12.34,13.55,12.51,14.82,16.46,131.99
2014-01-07,10.367,12.0575,12.94,10.74,9.26,8.68,8.9,9.26,16.11,13.04,11.62,10.88,9.32,9.75,10.43,10.9,12.04,12.92,11.57,14.41,15.98,129.1
2014-01-08,10.9353,12.1599,12.98,10.95,9.52,9.07,9.24,9.52,16.18,13.08,11.66,10.94,9.42,9.84,10.49,10.95,12.15,12.87,11.62,14.29,15.94,129.46
2014-01-09,10.6118,11.9234,12.34,10.66,9.31,9.03,9.14,9.31,15.9,12.74,11.34,10.62,9.18,9.56,10.19,10.63,11.92,12.89,11.75,14.29,16.12,130.87
2014-01-10,10.1603,11.695,10.33,9.56,8.14,8.02,8.06,8.14,15.27,12.24,10.89,10.18,8.7,9.12,9.76,10.19,11.69,12.14,9.97,13.94,15.7,126.15
2014-01-13,11.4564,12.6091,13.74,12.65,10.93,10.71,10.8,10.93,17.34,13.91,12.32,11.49,9.58,10.18,10.97,11.51,12.61,13.28,13.09,14.98,16.42,130.59
2014-01-14,10.4677,12.0384,11.89,10.67,8.28,9.25,8.9,8.28,15.96,12.78,11.3,10.5,8.75,9.27,10.02,10.51,12.04,12.28,11.31,14.49,16.14,133.43
2014-01-15,10.3861,12.0543,11.74,10.36,7.52,9.76,8.99,7.52,15.82,12.69,11.24,10.46,8.8,9.27,10.0,10.47,12.06,12.28,10.64,14.46,16.1,132.69
2014-01-16,10.3971,12.1453,12.84,10.63,5.21,9.45,8.13,5.21,16.24,12.8,11.26,10.44,8.67,9.18,9.96,10.45,12.15,12.53,11.09,14.69,16.35,136.35
2014-01-17,10.2588,12.2298,16.64,12.89,10.33,8.39,8.98,10.34,17.14,14.18,12.46,11.59,9.33,10.11,10.98,11.61,12.24,12.44,11.46,14.63,16.34,139.62
2014-01-21,10.081,12.0526,16.07,12.59,10.18,8.39,8.92,10.19,17.1,13.89,12.2,11.35,9.19,9.92,10.77,11.37,12.06,12.87,12.46,14.62,16.22,138.77
2014-01-22,9.9851,11.9207,15.96,12.45,10.09,8.27,8.85,10.1,16.87,13.7,12.04,11.2,9.06,9.79,10.63,11.22,11.92,12.84,12.3,14.47,16.14,138.92
2014-01-23,11.0752,12.4742,17.64,13.82,11.17,9.1,9.74,11.18,17.81,14.66,12.86,11.95,9.57,10.39,11.32,11.97,12.48,13.77,14.21,14.98,16.37,135.71
2014-01-24,14.1332,14.1241,22.97,17.87,14.26,11.08,12.19,14.28,20.53,17.57,15.27,14.15,10.96,12.12,13.31,14.18,14.14,18.14,20.84,17.4,18.18,131.61
2014-01-27,13.6076,13.9354,21.35,16.74,13.68,11.31,12.05,13.69,19.94,16.84,14.79,13.77,11.04,11.98,13.02,13.79,13.95,17.42,19.04,17.13,18.0,128.73
2014-01-28,12.9909,13.6299,19.27,15.54,12.89,10.88,11.45,12.9,18.89,15.98,14.22,13.31,10.92,11.72,12.65,13.33,13.65,15.8,17.29,16.2,17.28,128.3
2014-01-29,14.3784,14.4505,21.72,17.41,14.37,11.88,12.7,14.38,20.42,17.42,15.4,14.38,11.58,12.55,13.62,14.4,14.47,17.35,19.4,17.24,18.0,126.71
2014-01-30,13.8731,14.2789,21.38,17.12,14.09,11.74,12.45,14.12,20.24,17.44,15.36,14.32,11.6,12.51,13.57,14.37,14.29,17.29,17.95,17.37,18.03,127.91
2014-01-31,15.0984,15.0913,23.39,18.57,15.1,12.15,13.14,15.11,21.53,18.53,16.24,15.12,12.02,13.12,14.29,15.15,15.11,18.41,19.32,18.09,18.63,128.37
2014-02-03,17.4808,16.8202,27.65,22.18,18.3,14.94,16.04,18.34,23.88,21.2,18.59,17.34,13.85,15.07,16.39,17.4,16.84,21.44,23.95,20.14,20.14,126.17
2014-02-04,15.3427,15.7343,23.58,19.05,15.74,13.11,13.9,15.78,22.24,19.19,16.89,15.76,12.76,13.78,14.95,15.82,15.73,19.11,20.37,19.08,19.53,127.26
2014-02-05,16.3542,16.3033,24.17,19.74,16.46,13.7,14.57,16.48,23.2,19.98,17.57,16.39,13.08,14.25,15.5,16.42,16.3,19.95,21.3,19.67,20.04,127.79
2014-02-06,14.1973,14.6745,20.46,16.97,14.38,12.16,12.84,14.39,20.55,17.26,15.34,14.36,11.92,12.69,13.66,14.39,14.66,17.23,18.67,17.79,18.69,124.68
2014-02-07,12.5208,13.4805,16.54,13.66,11.6,10.5,10.56,11.6,18.84,15.35,13.63,12.75,10.75,11.32,12.16,12.76,13.47,15.29,14.51,16.34,17.55,129.01
2014-02-10,12.4746,13.426,16.04,13.31,11.37,10.75,10.66,11.38,18.92,15.3,13.58,12.71,10.83,11.34,12.14,12.72,13.41,15.26,14.22,16.32,17.44,126.26
2014-02-11,11.76,12.8983,14.8,12.26,10.39,9.71,9.79,10.39,18.02,14.44,12.83,12.01,10.34,10.76,11.5,12.03,12.88,14.51,13.04,15.75,17.02,126.7
2014-02-12,11.9393,12.9094,14.3,11.91,10.05,9.32,9.6,10.05,17.87,14.31,12.71,11.89,10.18,10.64,11.38,11.89,12.91,14.3,12.67,15.65,16.95,127.84
2014-02-13,11.625,12.6927,13.17,10.93,9.17,8.76,8.92,9.17,17.6,14.16,12.56,11.74,10.0,10.48,11.24,11.75,12.69,14.14,12.06,15.5,16.85,128.57
2014-02-14,11.1657,12.3822,10.4,9.52,7.85,8.31,8.14,7.85,16.69,13.44,11.96,11.19,9.75,10.09,10.75,11.2,12.39,13.57,10.84,15.17,16.55,129.25
2014-02-18,11.372,12.4486,12.18,11.06,8.93,9.76,9.46,8.93,17.09,13.72,12.23,11.44,10.0,10.33,11.0,11.45,12.44,13.87,12.18,15.22,16.54,124.25
2014-02-19,12.4054,13.2621,13.14,11.73,8.93,10.03,9.63,8.93,19.39,15.25,13.43,12.49,10.55,11.1,11.94,12.5,13.25,15.5,13.9,16.29,17.24,129.12
2014-02-20,11.5129,12.7242,12.36,10.18,4.69,7.15,6.34,4.68,18.3,14.25,12.51,11.59,9.89,10.28,11.09,11.6,12.71,14.79,13.25,15.72,16.84,134.37
2014-02-21,11.1478,12.5861,18.16,13.95,11.17,9.55,9.85,11.18,18.09,14.79,12.92,11.98,9.73,10.44,11.34,12.0,12.57,14.68,13.04,15.64,16.73,138.79
2014-02-24,11.2665,12.5883,16.94,13.34,11.03,9.9,10.0,11.03,17.87,14.46,12.67,11.79,9.87,10.4,11.2,11.79,12.57,14.23,13.55,15.5,16.59,134.47
2014-02-25,11.2103,12.5686,16.36,13.11,11.04,9.9,10.04,11.04,17.71,14.3,12.62,11.78,9.87,10.43,11.21,11.79,12.55,13.67,12.86,15.5,16.64,121.92
2014-02-26,11.4822,12.8691,16.77,13.44,11.29,10.11,10.27,11.29,18.01,14.7,12.96,12.09,10.12,10.7,11.51,12.11,12.85,14.35,13.27,15.91,16.97,132.22
2014-02-27,11.0289,12.49,16.38,12.95,10.81,9.57,9.77,10.82,17.68,14.24,12.51,11.63,9.63,10.23,11.06,11.65,12.47,14.04,12.42,15.63,16.72,137.24
2014-02-28,11.0046,12.4955,16.33,12.96,10.86,9.65,9.82,10.87,17.76,14.2,12.45,11.57,9.63,10.19,11.01,11.59,12.47,14.0,13.03,15.8,16.86,137.17
2014-03-03,12.8751,13.6461,19.4,15.78,13.0,10.95,11.51,13.01,19.8,16.16,14.09,13.04,10.51,11.31,12.32,13.05,13.63,16.0,16.21,16.92,17.63,129.12
2014-03-04,11.1615,12.644,16.23,12.96,10.95,9.85,9.97,10.95,17.96,14.21,12.46,11.56,9.49,10.13,10.98,11.57,12.61,14.1,13.22,15.69,16.82,131.65
2014-03-05,11.0799,12.6878,15.33,12.59,10.73,9.66,9.83,10.74,17.63,14.12,12.43,11.56,9.52,10.14,10.99,11.57,12.66,13.89,12.49,15.77,16.93,129.49
2014-03-06,11.2977,12.7991,15.59,12.86,10.96,10.12,10.12,10.96,17.96,14.2,12.48,11.61,9.71,10.25,11.05,11.61,12.77,14.21,13.08,15.83,16.99,133.46
2014-03-07,11.2621,12.7711,15.61,12.84,10.69,9.26,9.63,10.69,18.15,14.3,12.51,11.6,9.53,10.16,11.02,11.61,12.75,14.11,12.74,15.87,17.08,130.49
2014-03-10,11.3276,12.8391,15.35,12.64,10.56,9.33,9.65,10.56,18.05,14.31,12.55,11.64,9.48,10.18,11.06,11.65,12.82,14.2,13.14,15.97,17.05,131.35
2014-03-11,11.8567,13.1769,16.3,13.42,11.28,10.12,10.39,11.28,18.66,14.87,13.08,12.15,10.06,10.69,11.56,12.16,13.16,14.8,14.13,16.35,17.35,130.08
2014-03-12,11.8236,13.0192,16.17,13.05,10.71,9.09,9.73,10.71,18.35,14.53,12.71,11.76,9.57,10.26,11.16,11.77,13.01,14.47,13.85,16.08,17.19,132.33
2014-03-13,13.429,14.0247,20.53,16.59,13.52,11.26,11.99,13.52,20.43,16.48,14.46,13.42,10.76,11.65,12.7,13.42,14.03,16.22,17.21,17.13,18.06,127.66
2014-03-14,14.3929,14.5794,29.25,20.45,16.32,13.13,14.2,16.32,21.98,17.96,15.59,14.42,13.13,12.87,13.71,14.43,14.59,17.82,20.64,17.93,18.6,126.26
2014-03-17,12.5428,13.4867,17.79,14.97,12.49,10.94,11.55,12.49,22.14,15.88,13.65,12.56,10.83,11.1,11.96,12.57,13.49,15.64,15.87,16.69,17.64,131.87
2014-03-18,11.7443,12.9921,14.42,13.16,10.78,11.06,10.96,10.78,18.54,14.62,12.79,11.83,9.79,10.38,11.26,11.84,12.99,14.52,14.23,16.15,17.28,129.37
2014-03-19,11.9933,13.2382,18.71,15.44,10.93,11.22,11.11,10.93,20.48,14.82,12.92,12.03,12.59,11.3,11.68,12.04,13.23,15.12,15.0,16.38,17.55,132.74
2014-03-20,11.0749,12.7595,13.55,11.29,5.83,8.39,7.53,5.83,17.71,13.77,12.04,11.1,9.3,9.76,10.59,11.11,12.76,14.52,14.22,15.86,17.0,134.02
2014-03-21,11.4509,12.9483,18.39,14.28,11.45,9.55,10.03,11.46,18.84,15.63,13.57,12.53,9.88,10.78,11.81,12.55,12.95,15.0,14.7,16.18,17.28,132.82
2014-03-24,12.0024,13.2272,18.04,14.53,11.84,9.81,10.37,11.85,18.84,15.77,13.8,12.79,10.15,11.06,12.08,12.81,13.22,15.09,15.3,16.1,17.27,132.7
2014-03-25,11.4312,12.8431,16.72,13.46,11.09,9.32,9.8,11.09,18.23,15.03,13.18,12.23,9.67,10.57,11.55,12.24,12.84,14.02,13.87,15.53,16.93,121.81
2014-03-26,12.2898,13.3156,17.7,14.58,12.16,10.31,10.83,12.18,18.9,15.91,13.98,12.99,10.35,11.27,12.29,13.02,13.31,14.93,15.56,16.08,17.35,119.05
2014-03-27,12.2158,13.2417,16.99,14.2,11.93,10.11,10.6,11.94,18.6,15.62,13.78,12.82,10.17,11.11,12.12,12.84,13.24,14.62,15.17,15.87,17.22,117.96
2014-03-28,11.7146,12.8542,16.73,13.69,11.38,9.64,10.08,11.39,18.32,15.19,13.34,12.38,9.74,10.67,11.7,12.4,12.86,14.41,14.41,15.46,16.89,124.98
2014-03-31,11.3471,12.5259,15.46,12.69,10.69,9.04,9.52,10.69,17.94,14.61,12.82,11.89,9.41,10.27,11.24,11.9,12.53,13.88,13.75,15.08,16.57,123.25
2014-04-01,10.5211,12.0082,13.6,11.42,9.66,8.7,8.84,9.67,16.69,13.65,12.07,11.22,9.1,9.79,10.66,11.24,12.01,13.1,12.29,14.4,16.07,128.08
2014-04-02,10.658,12.1349,13.23,11.17,9.59,8.84,8.91,9.59,16.53,13.6,12.1,11.3,9.32,9.96,10.77,11.32,12.14,13.09,12.13,14.45,16.11,127.3
2014-04-03,11.0745,12.3645,13.57,11.48,9.91,9.19,9.2,9.91,16.76,13.91,12.4,11.59,9.56,10.22,11.04,11.6,12.37,13.37,12.53,14.5,16.13,128.13
2014-04-04,11.5949,12.7135,14.82,12.38,10.45,9.16,9.48,10.46,17.56,14.53,12.89,12.01,9.64,10.46,11.4,12.03,12.72,13.96,13.18,14.96,16.5,126.61
2014-04-07,13.0619,13.5665,17.48,14.83,12.66,11.09,11.48,12.66,19.33,16.04,14.21,13.24,10.53,11.48,12.54,13.25,13.57,15.57,16.08,15.9,17.18,123.92
2014-04-08,12.3977,13.1949,15.86,13.45,11.46,10.04,10.42,11.47,18.66,15.37,13.61,12.67,10.19,11.04,12.02,12.69,13.2,14.89,14.51,15.53,16.9,124.34
2014-04-09,11.7278,12.6404,13.72,11.54,9.79,8.56,9.04,9.79,17.28,14.25,12.64,11.77,9.57,10.31,11.2,11.78,12.64,13.82,12.69,14.83,16.36,130.79
2014-04-10,13.783,13.891,18.62,15.76,13.38,11.46,12.04,13.38,20.28,16.75,14.83,13.81,11.03,12.0,13.08,13.83,13.9,15.89,16.5,16.07,17.27,125.11
2014-04-11,14.7293,14.4779,18.09,15.76,13.94,12.52,12.89,13.94,21.7,17.91,15.78,14.68,11.72,12.76,13.9,14.7,14.5,17.03,17.64,16.79,17.69,122.59
2014-04-14,13.8299,14.0961,14.41,13.25,11.76,11.08,11.34,11.76,19.94,16.62,14.8,13.82,11.13,12.05,13.11,13.83,14.1,16.11,16.0,16.34,17.47,123.76
2014-04-15,13.37,13.8539,13.96,12.93,11.03,10.72,10.84,11.03,19.61,16.26,14.42,13.42,10.84,11.7,12.74,13.43,13.86,15.61,15.03,15.99,17.22,129.24
2014-04-16,12.0346,13.1408,10.74,9.46,6.84,9.38,8.52,6.84,17.79,14.71,13.04,12.11,9.8,10.56,11.51,12.12,13.14,14.18,13.52,15.23,16.83,125.43
2014-04-17,10.813,12.5518,15.99,13.21,10.88,8.96,9.52,10.88,17.38,14.81,13.01,12.06,9.38,10.35,11.37,12.09,12.56,13.36,11.68,14.84,16.62,127.93
2014-04-21,11.2991,12.6769,16.22,13.43,11.19,9.33,9.87,11.2,17.52,14.86,13.1,12.18,9.62,10.53,11.51,12.21,12.68,13.25,12.99,14.75,16.44,119.11
2014-04-22,11.0109,12.4745,15.47,12.88,10.85,9.23,9.67,10.86,17.33,14.52,12.81,11.92,9.48,10.35,11.29,11.95,12.47,13.19,12.51,14.61,16.29,126.51
2014-04-23,11.2472,12.6738,15.49,12.99,10.98,9.43,9.81,10.98,17.45,14.74,13.03,12.14,9.63,10.53,11.48,12.16,12.67,13.27,12.67,14.83,16.36,126.11
2014-04-24,11.4046,12.6948,15.75,13.16,11.13,9.45,9.92,11.13,17.49,14.79,13.08,12.19,9.62,10.56,11.53,12.21,12.69,13.32,13.27,14.77,16.32,124.79
2014-04-25,12.0888,13.1524,16.86,14.13,11.89,9.99,10.56,11.9,18.05,15.44,13.66,12.72,9.98,10.99,12.02,12.75,13.15,14.06,13.94,15.18,16.64,121.95
2014-04-28,11.6108,12.7419,16.06,13.38,11.41,9.79,10.21,11.42,17.55,14.74,13.05,12.14,9.55,10.5,11.48,12.16,12.73,13.97,14.08,14.93,16.45,123.69
2014-04-29,11.304,12.5587,15.76,13.11,11.06,9.34,9.85,11.07,17.5,14.5,12.77,11.87,9.35,10.25,11.22,11.89,12.54,13.71,13.63,14.83,16.31,123.44
2014-04-30,10.8738,12.48,15.84,13.19,11.06,8.96,9.58,11.06,17.56,14.47,12.7,11.83,9.16,10.12,11.13,11.83,12.48,13.41,12.73,14.7,16.17,124.53
2014-05-01,10.6988,12.415,15.13,12.66,10.76,8.81,9.42,10.76,17.31,14.25,12.5,11.72,9.11,9.98,10.96,11.72,12.42,13.25,12.58,14.67,16.2,124.9
2014-05-02,10.5344,12.5396,14.15,11.92,10.27,8.14,8.78,10.27,17.3,14.13,12.48,11.66,9.03,9.85,10.77,11.66,12.54,12.91,11.23,14.68,16.38,124.13
2014-05-05,10.5831,12.4977,14.54,12.51,10.94,8.86,9.33,10.94,17.18,14.15,12.5,11.65,9.15,9.86,10.75,11.65,12.5,13.29,12.25,14.75,16.41,123.56
2014-05-06,11.5523,12.9207,15.98,13.7,11.68,9.97,10.35,11.68,17.81,14.65,13.0,12.19,9.65,10.43,11.42,12.19,12.92,13.8,13.19,15.12,16.62,121.18
2014-05-07,11.2692,12.5877,15.35,12.96,11.13,9.42,9.96,11.13,16.86,14.07,12.42,11.64,9.28,10.19,11.15,11.64,12.59,13.4,12.82,14.62,16.25,123.27
2014-05-08,11.1935,12.5544,14.88,12.7,10.83,9.43,9.94,10.83,17.16,14.19,12.58,11.71,9.46,10.24,11.19,11.71,12.55,13.43,12.51,14.58,16.16,123.93
2014-05-09,10.6197,12.3167,12.52,10.76,8.92,7.6,8.09,8.92,16.41,13.59,12.08,11.31,8.95,9.78,10.62,11.31,12.32,12.92,11.17,14.38,15.99,125.6
2014-05-12,10.3918,11.9716,12.98,11.1,9.91,10.1,9.47,9.91,15.89,13.07,11.64,10.89,8.91,9.55,10.28,10.89,11.97,12.23,11.2,13.88,15.64,125.28
2014-05-13,10.3821,12.1706,12.4,10.71,9.25,9.21,8.95,9.25,15.95,13.21,11.67,10.95,9.05,9.62,10.33,10.95,12.17,12.13,10.75,14.04,15.72,124.3
2014-05-14,10.5397,12.1806,12.38,11.04,10.06,9.5,10.01,10.06,15.8,13.27,11.83,11.05,8.96,9.56,10.29,11.05,12.18,12.17,11.16,14.18,15.93,122.75
2014-05-15,11.4941,12.7557,12.82,12.2,11.71,10.35,10.83,11.71,16.99,14.05,12.47,11.68,9.3,10.07,10.99,11.68,12.76,13.17,13.35,14.86,16.35,123.6
2014-05-16,10.5643,12.2144,15.74,13.02,10.78,8.66,9.47,10.78,17.24,14.39,12.58,11.68,9.11,9.98,10.94,11.68,12.21,12.44,11.0,14.33,15.93,127.23
2014-05-19,10.2653,12.0539,15.91,12.85,10.47,8.21,9.12,10.47,16.95,14.08,12.31,11.53,8.88,9.68,10.65,11.53,12.05,12.42,11.01,14.11,15.75,128.18
2014-05-20,10.9263,12.2836,16.27,13.49,11.25,8.67,9.48,11.25,17.64,14.51,12.74,11.91,9.01,9.91,10.89,11.91,12.28,12.96,12.21,14.41,15.83,127.47
2014-05-21,10.2644,11.7829,15.18,12.4,10.25,8.08,8.83,10.25,16.67,13.61,11.93,11.08,8.47,9.39,10.36,11.08,11.78,11.91,10.47,13.87,15.49,123.89
2014-05-22,10.346,11.9006,14.86,12.38,10.44,8.36,8.91,10.44,16.73,13.73,12.01,11.16,8.53,9.45,10.41,11.16,11.9,12.03,10.27,13.83,15.54,123.68
2014-05-23,9.8012,11.8395,13.94,11.62,9.81,7.76,8.46,9.81,16.23,13.51,11.87,11.06,8.25,9.11,9.99,11.06,11.84,11.36,9.49,13.62,15.48,125.13
2014-05-27,9.8543,11.693,13.49,11.41,9.85,8.18,8.4,9.85,15.74,12.87,11.38,10.65,8.36,9.06,9.91,10.65,11.69,11.51,10.65,13.64,15.44,123.64
2014-05-28,10.0416,11.8489,13.72,11.31,9.75,8.27,8.67,9.75,15.85,13.15,11.53,10.77,8.47,9.23,10.09,10.77,11.85,11.68,10.58,13.77,15.61,124.18
2014-05-29,9.7108,11.8579,13.2,11.05,9.55,7.98,8.31,9.55,15.59,12.91,11.43,10.71,8.45,9.02,9.88,10.71,11.86,11.57,10.31,13.71,15.65,125.81
2014-05-30,9.3497,11.7286,13.08,10.74,9.23,7.99,7.96,9.23,15.3,12.83,11.38,10.69,8.36,9.0,9.68,10.69,11.73,11.4,9.73,13.75,15.73,124.23
2014-06-02,9.6067,11.8535,13.03,10.97,9.32,7.83,8.23,9.32,15.53,12.85,11.36,10.54,8.46,9.05,9.85,10.54,11.85,11.58,10.47,13.88,15.79,123.33
2014-06-03,9.9868,11.8756,13.23,11.15,9.8,8.3,8.72,9.8,15.62,12.99,11.53,10.87,8.5,9.12,9.97,10.87,11.88,11.87,11.01,13.82,15.67,121.79
2014-06-04,10.2642,11.9674,13.44,11.57,10.07,8.45,8.87,10.07,15.7,13.0,11.6,10.89,8.69,9.31,9.97,10.89,11.97,12.08,11.59,13.77,15.59,121.48
2014-06-05,9.9747,11.6789,13.21,11.29,10.12,8.37,8.71,10.12,14.85,12.52,11.19,10.51,8.53,9.1,9.83,10.51,11.68,11.68,10.88,13.58,15.32,122.21
2014-06-06,9.0355,11.0832,10.87,9.48,8.54,7.33,7.82,8.54,13.72,11.49,10.26,9.73,8.1,8.57,9.19,9.73,11.08,10.73,9.25,12.83,14.76,122.88
2014-06-09,9.1492,11.2228,11.43,9.58,8.55,7.49,7.89,8.55,14.06,11.55,10.44,9.88,8.21,8.74,9.42,9.88,11.22,11.15,9.77,13.02,14.87,124.67
2014-06-10,8.8215,11.0722,10.97,9.0,8.17,7.1,7.63,8.17,13.71,11.31,10.13,9.51,8.03,8.57,9.2,9.51,11.07,10.99,9.52,13.01,14.97,125.38
2014-06-11,9.4161,11.3326,11.32,9.81,9.01,7.9,8.08,9.01,14.73,11.9,10.49,9.99,8.15,8.72,9.51,9.99,11.33,11.6,10.45,13.29,15.23,126.71
2014-06-12,9.7613,11.6847,13.45,10.98,9.28,8.95,9.47,9.28,15.85,12.51,10.99,10.2,8.59,9.34,10.33,10.2,11.68,12.56,11.99,14.11,15.75,127.82
2014-06-13,9.9002,11.7137,13.48,11.06,9.37,7.73,8.1,9.37,15.86,12.7,11.14,10.4,8.11,8.89,9.71,10.4,11.71,12.18,11.48,13.79,15.61,127.78
2014-06-16,10.3876,11.8164,15.32,12.66,11.11,9.39,10.0,11.11,16.56,13.1,11.47,10.65,8.35,9.02,9.91,10.65,11.82,12.65,12.54,13.97,15.74,127.67
2014-06-17,9.9811,11.4498,16.5,13.23,11.55,10.04,10.38,11.55,15.82,12.45,10.88,10.12,7.96,8.71,9.5,10.12,11.45,12.06,12.68,13.66,15.54,130.18
2014-06-18,8.6691,10.6535,10.61,9.55,8.41,9.04,8.37,8.41,13.45,10.72,9.4,8.73,7.21,7.74,8.45,8.73,10.65,10.61,10.55,12.62,14.83,129.53
2014-06-19,8.1997,10.4403,8.47,8.09,7.19,6.72,6.9,7.19,13.21,10.41,9.16,8.4,6.69,7.23,7.74,8.4,10.44,10.62,10.07,12.7,14.7,138.61
2014-06-20,8.1224,10.4622,13.58,10.08,8.18,6.79,7.06,8.18,15.33,11.94,10.3,9.55,7.51,8.16,8.9,9.55,10.46,10.85,10.33,12.87,14.82,143.26
2014-06-23,8.3944,10.325,13.12,10.37,8.21,6.73,7.2,8.21,15.44,11.91,10.52,9.8,7.35,7.95,8.92,9.8,10.33,10.98,10.27,12.92,14.9,139.41
2014-06-24,9.9124,11.2112,15.35,11.44,9.61,7.66,8.23,9.61,16.38,12.74,10.94,10.18,8.0,8.89,9.74,10.18,11.21,12.13,12.01,13.38,15.19,134.65
2014-06-25,9.0413,10.7732,14.5,11.15,8.88,6.99,7.6,8.88,15.77,12.5,10.77,10.01,7.54,8.46,8.87,10.01,10.77,11.59,11.11,13.11,14.92,131.82
2014-06-26,9.1104,10.7803,14.88,11.3,8.92,7.0,7.69,8.92,15.85,12.48,10.74,9.95,7.59,8.42,9.26,9.95,10.78,11.63,11.26,13.07,14.9,132.81
2014-06-27,8.9664,10.6571,14.46,10.68,8.42,6.7,7.13,8.42,15.44,12.1,10.46,9.67,7.5,8.19,8.98,9.67,10.66,11.26,10.65,12.82,14.78,135.36
2014-06-30,8.7437,10.6929,13.78,10.37,8.06,6.94,7.49,8.06,15.28,11.99,10.3,9.46,7.49,8.28,9.16,9.46,10.69,11.57,11.17,13.01,14.74,139.35
2014-07-01,8.6109,10.4902,12.56,9.84,7.88,6.98,6.98,7.88,14.88,11.67,10.12,9.34,7.28,7.96,8.69,9.34,10.49,11.15,10.05,12.74,14.51,139.36
2014-07-02,8.52,10.3756,11.96,9.22,7.8,6.76,6.85,7.8,14.5,11.24,9.73,9.05,7.2,7.71,8.51,9.05,10.38,10.82,9.42,12.49,14.25,140.37
2014-07-03,7.9787,10.1457,10.72,8.43,7.03,6.36,6.44,7.03,13.7,10.55,9.18,8.5,6.94,7.45,8.11,8.5,10.15,10.32,8.54,12.24,14.04,142.28
2014-07-07,8.9542,10.7391,12.46,9.68,8.32,7.11,7.62,8.32,14.64,11.53,10.01,9.25,7.44,8.08,8.78,9.25,10.74,11.33,10.47,12.87,14.5,137.76
2014-07-08,10.1495,11.1093,13.96,10.8,9.86,8.04,8.73,9.86,15.17,12.16,10.47,10.14,7.75,8.59,9.53,10.14,11.11,11.98,11.64,13.21,14.8,134.2
2014-07-09,9.3171,10.9528,11.94,9.87,8.45,7.12,7.55,8.45,14.79,11.89,10.26,9.47,7.36,8.11,9.0,9.47,10.95,11.65,10.48,12.99,14.63,135.8
2014-07-10,10.0462,11.4751,15.02,11.73,9.62,7.45,8.15,9.62,16.54,13.12,11.39,10.41,7.78,8.74,9.72,10.41,11.48,12.59,12.08,13.65,15.14,134.43
2014-07-11,9.5296,11.1675,13.64,10.36,8.41,6.79,7.35,8.41,15.78,12.44,10.53,9.71,7.37,8.22,9.21,9.71,11.17,12.08,11.15,13.28,14.83,138.74
2014-07-14,9.2697,10.8729,13.38,10.23,8.36,6.9,7.4,8.36,15.15,12.0,10.31,9.54,7.13,7.97,8.75,9.54,10.87,11.82,10.62,12.93,14.51,139.94
2014-07-15,9.6782,11.0927,15.15,11.13,9.28,7.69,8.4,9.28,15.39,12.36,10.64,9.78,7.38,8.2,9.12,9.78,11.09,11.96,11.08,13.16,14.67,136.92
2014-07-16,8.9883,10.7081,11.76,9.43,7.67,7.1,7.14,7.67,14.6,11.57,9.83,9.15,6.85,7.59,8.38,9.15,10.71,11.0,10.26,12.63,14.37,134.86
2014-07-17,11.8177,12.3773,14.53,13.36,12.8,11.28,12.04,12.8,19.57,14.94,12.69,11.74,8.65,9.79,11.02,11.74,12.38,14.54,16.23,14.97,15.53,131.65
2014-07-18,9.2811,11.0228,15.83,12.21,9.3,6.78,7.62,9.3,17.11,13.65,11.81,10.72,7.7,8.66,9.71,10.72,11.02,12.06,12.05,13.36,14.72,141.19
2014-07-21,9.9324,11.4581,16.52,12.86,10.09,7.13,8.15,10.09,17.67,14.14,12.15,11.11,7.96,9.01,10.19,11.11,11.46,12.81,12.95,13.8,15.0,138.75
2014-07-22,9.5038,11.3324,14.96,12.05,9.74,7.05,7.92,9.74,16.79,13.69,11.87,10.85,7.96,8.94,9.96,10.85,11.33,12.24,11.54,13.5,14.78,136.37
2014-07-23,9.5203,11.4488,14.07,11.38,9.16,7.01,7.78,9.16,16.4,13.34,11.64,10.7,8.14,9.05,10.03,10.7,11.45,11.52,10.83,13.38,14.82,132.55
2014-07-24,9.4357,11.5682,14.3,11.53,9.21,6.89,7.68,9.21,16.21,13.31,11.64,10.77,8.2,9.03,9.98,10.77,11.57,11.84,10.88,13.45,14.97,133.8
2014-07-25,9.9599,11.913,15.79,12.34,9.8,7.32,7.89,9.8,17.11,13.92,12.12,11.22,8.47,9.29,10.32,11.22,11.91,12.69,11.84,14.0,15.38,135.26
2014-07-28,10.0484,11.8751,15.3,12.15,9.64,7.3,8.25,9.64,16.83,13.65,11.89,10.97,8.37,9.26,10.24,10.97,11.88,12.56,12.02,13.92,15.34,135.02
2014-07-29,10.6378,12.1197,17.01,13.47,10.74,7.95,8.83,10.74,17.6,14.23,12.45,11.51,8.64,9.63,10.62,11.51,12.12,13.28,13.47,14.22,15.64,132.35
2014-07-30,10.735,12.2043,16.69,13.05,10.52,8.41,9.18,10.52,17.52,14.15,12.21,11.25,8.62,9.72,10.68,11.25,12.2,13.33,13.29,14.26,15.57,130.54
2014-07-31,13.9878,14.2087,23.24,18.28,14.74,11.73,12.84,14.74,21.51,17.35,15.19,13.83,10.54,11.87,13.2,13.83,14.21,16.95,19.59,16.38,17.1,128.71
2014-08-01,14.0957,14.5697,23.02,18.35,14.75,11.04,12.37,14.75,22.17,17.89,15.43,14.3,10.42,11.77,13.25,14.3,14.57,17.03,19.01,16.78,17.5,128.93
2014-08-04,12.2588,13.5423,18.44,15.2,12.57,9.7,10.61,12.57,19.68,16.12,14.0,12.9,9.45,10.71,11.97,12.9,13.54,15.12,14.87,15.81,16.88,126.86
2014-08-05,14.115,14.6756,21.46,17.83,15.3,11.17,12.31,15.3,21.94,18.04,15.72,14.55,10.34,11.77,13.19,14.55,14.68,16.87,17.18,17.14,18.01,124.62
2014-08-06,13.7864,14.6148,19.81,17.03,14.46,11.03,12.15,14.46,21.33,17.49,15.21,14.03,10.21,11.63,13.08,14.03,14.61,16.37,16.25,16.93,17.92,124.41
2014-08-07,14.4902,15.012,19.61,17.11,14.92,11.63,12.84,14.92,21.45,17.76,15.61,14.59,10.77,12.23,13.66,14.59,15.01,16.66,16.76,17.22,18.13,124.68
2014-08-08,13.355,14.4155,17.77,15.76,13.71,10.76,11.73,13.71,20.81,17.1,15.19,14.27,10.06,11.39,12.69,14.27,14.42,15.77,15.39,16.69,17.66,120.36
2014-08-11,12.395,13.6153,17.43,15.23,13.2,10.53,11.45,13.2,19.09,15.81,13.88,12.88,9.39,10.63,11.86,12.88,13.62,14.23,14.84,15.76,17.12,124.24
2014-08-12,12.3893,13.5756,16.48,14.45,12.87,11.87,11.76,12.87,18.66,15.48,13.57,12.64,9.43,10.56,11.84,12.64,13.58,14.13,14.49,15.7,17.15,123.69
2014-08-13,10.9271,12.7432,12.77,10.81,9.62,9.43,10.05,9.62,16.86,13.59,11.98,11.07,8.54,9.66,10.85,11.07,12.74,12.9,12.63,14.85,16.53,126.93
2014-08-14,10.1478,12.0451,11.09,10.44,9.71,9.41,9.88,9.71,16.55,13.12,11.23,10.33,7.96,8.96,10.08,10.33,12.05,12.42,12.29,14.43,16.11,132.46
2014-08-15,10.4629,12.0379,17.41,13.79,10.65,7.93,8.88,10.65,18.06,14.44,12.39,11.34,8.37,9.5,10.68,11.34,12.04,13.15,14.34,14.42,16.22,135.43
2014-08-18,9.6886,11.335,16.35,12.89,10.13,7.38,8.0,10.13,17.12,13.67,11.78,10.81,7.88,8.85,9.83,10.81,11.34,12.32,12.07,13.91,15.64,138.46
2014-08-19,9.6054,11.3287,15.82,12.42,9.9,7.34,8.04,9.9,16.97,13.5,11.61,10.71,7.84,8.78,9.76,10.71,11.33,12.21,11.0,13.79,15.61,138.69
2014-08-20,9.5168,11.2432,15.0,11.93,9.64,7.59,8.0,9.64,16.73,13.4,11.56,10.67,8.04,8.87,9.83,10.67,11.24,11.78,10.8,13.76,15.59,135.46
2014-08-21,9.4063,11.2095,14.32,11.61,9.4,7.65,8.08,9.4,16.23,13.1,11.36,10.5,8.06,8.85,9.78,10.5,11.21,11.76,10.94,13.53,15.5,135.75
2014-08-22,9.3542,11.3255,14.06,11.17,9.17,7.59,8.03,9.17,15.95,12.81,11.04,10.28,7.98,8.85,9.78,10.28,11.33,11.47,10.08,13.51,15.49,135.1
2014-08-25,9.3767,11.1809,13.93,11.07,9.09,7.56,8.05,9.09,16.03,12.82,11.13,10.32,8.08,8.85,9.69,10.32,11.18,11.7,10.42,13.57,15.33,135.42
2014-08-26,9.2794,11.1938,13.31,10.81,9.04,7.99,8.15,9.04,15.79,12.72,11.05,10.34,8.27,8.97,9.84,10.34,11.19,11.63,10.14,13.71,15.61,133.54
2014-08-27,9.4611,11.4618,13.45,10.97,9.27,7.67,7.92,9.27,16.28,13.1,11.47,10.65,8.21,8.98,9.81,10.65,11.46,11.78,9.89,13.92,15.68,135.41
2014-08-28,9.4268,11.7433,13.4,10.7,9.01,7.95,8.29,9.01,16.35,13.16,11.38,10.54,8.37,9.12,10.07,10.54,11.74,12.05,10.34,14.13,15.91,137.95
2014-08-29,9.2657,11.6538,14.03,10.98,9.13,7.37,7.74,9.13,16.67,13.4,11.6,10.72,8.18,9.01,9.89,10.72,11.65,11.98,10.0,14.27,15.99,127.01
2014-09-02,9.7261,11.8596,13.74,11.12,9.09,7.42,7.86,9.09,16.87,13.46,11.69,10.81,8.19,9.09,9.98,10.81,11.86,12.25,10.32,14.46,16.12,131.72
2014-09-03,9.9647,11.8122,14.13,11.21,9.32,7.46,8.08,9.32,16.53,13.33,11.52,10.64,8.32,9.03,10.03,10.64,11.81,12.36,10.83,14.39,16.08,131.55
2014-09-04,10.2125,11.9702,14.75,11.82,9.93,8.19,8.66,9.93,16.95,13.42,11.56,10.71,8.49,9.22,10.22,10.71,11.97,12.64,11.8,14.54,16.16,130.15
2014-09-05,9.1753,11.3259,13.22,10.41,8.5,6.8,7.01,8.5,16.09,12.68,10.84,9.95,7.57,8.31,9.14,9.95,11.33,12.09,10.27,14.08,15.88,137.49
2014-09-08,9.8119,11.6394,15.03,11.63,9.39,7.49,7.84,9.39,16.88,13.09,11.19,10.3,7.81,8.6,9.56,10.3,11.64,12.66,12.05,14.39,16.18,132.91
2014-09-09,10.7443,12.0704,16.74,12.51,10.77,8.58,9.46,10.77,17.81,13.86,11.83,10.83,8.37,9.25,10.4,10.83,12.07,13.5,13.33,14.84,16.35,136.88
2014-09-10,10.2599,11.8701,16.82,12.75,10.53,7.79,8.5,10.53,17.16,13.6,11.64,10.68,7.87,8.84,9.85,10.68,11.87,12.88,12.74,14.63,16.28,130.53
2014-09-11,10.1377,11.8118,15.52,12.02,9.72,7.6,7.9,9.72,17.27,13.41,11.49,10.49,7.67,8.61,9.6,10.49,11.81,12.8,12.07,14.68,16.26,132.72
2014-09-12,10.9455,12.2229,17.24,13.72,10.88,8.11,9.15,10.88,17.94,14.12,12.18,11.15,8.23,9.14,10.38,11.15,12.22,13.31,13.28,15.04,16.52,127.37
2014-09-15,11.6949,12.6178,22.14,17.37,14.02,10.51,11.79,14.02,19.09,14.88,12.7,11.73,8.73,9.75,10.83,11.73,12.62,14.12,15.27,15.58,16.88,127.09
2014-09-16,10.4961,11.8614,18.29,15.22,13.01,11.04,11.51,13.01,17.25,13.17,11.24,10.48,7.88,8.87,9.92,10.48,11.86,12.73,13.21,14.85,16.35,126.81
2014-09-17,9.9682,11.4747,16.78,12.57,10.67,10.05,9.92,10.67,16.0,12.43,10.69,9.96,8.11,8.64,9.51,9.96,11.47,12.65,11.81,14.62,16.18,138.13
2014-09-18,9.2494,11.1351,9.34,8.7,8.25,7.73,8.11,8.25,14.97,11.57,9.9,9.08,7.61,8.23,8.96,9.08,11.14,12.03,11.05,14.23,15.98,142.1
2014-09-19,8.9263,11.0589,15.12,11.33,8.85,7.2,7.94,8.85,17.38,13.26,11.22,10.23,8.21,9.03,10.07,10.23,11.06,12.11,10.41,14.38,16.08,146.08
2014-09-22,10.7869,12.1034,17.46,13.49,10.79,8.14,8.95,10.79,19.05,14.79,12.64,11.56,8.62,9.57,10.7,11.56,12.1,13.69,13.46,15.26,16.88,139.85
2014-09-23,12.0236,12.7535,19.11,15.26,12.22,8.95,9.91,12.22,20.35,15.77,13.59,12.53,9.07,10.11,11.31,12.53,12.75,14.93,15.6,16.07,17.31,132.46
2014-09-24,10.7117,12.0116,16.81,13.25,10.56,7.74,8.78,10.56,18.8,14.75,12.43,11.33,8.3,9.35,10.58,11.33,12.01,13.27,12.89,15.22,16.74,126.9
2014-09-25,12.8774,13.4502,20.35,16.25,12.91,9.95,11.37,12.91,21.28,16.8,14.42,13.2,9.61,10.96,12.38,13.2,13.45,15.64,15.94,16.59,17.7,132.24
2014-09-26,12.1758,12.8973,19.1,15.12,12.05,8.89,9.97,12.05,20.29,15.9,13.57,12.63,9.09,10.24,11.57,12.63,12.9,14.85,15.04,16.02,17.45,130.49
2014-09-29,12.9888,13.5484,20.17,16.25,13.03,9.64,10.82,13.03,21.29,16.86,14.48,13.28,9.67,10.91,12.3,13.28,13.55,15.98,16.11,16.82,18.01,131.67
2014-09-30,13.6298,13.9229,20.86,17.25,13.83,10.39,11.35,13.83,21.76,17.51,15.22,14.06,9.9,11.11,12.52,14.06,13.92,16.31,16.76,17.08,18.3,127.73
2014-10-01,14.5291,14.7979,20.68,17.46,14.76,11.49,12.92,14.76,21.88,17.95,15.65,14.45,10.7,12.27,13.84,14.45,14.8,16.71,16.72,17.62,18.72,123.17
2014-10-02,13.8859,14.4237,19.38,16.41,14.09,11.11,12.14,14.09,21.1,17.35,15.21,14.1,10.37,11.63,13.16,14.1,14.42,16.16,15.93,17.24,18.44,125.35
2014-10-03,12.6158,13.3207,16.98,14.95,12.84,9.68,10.55,12.84,19.1,15.93,13.95,12.92,9.38,10.59,11.83,12.92,13.32,14.55,13.86,16.04,17.64,122.53
2014-10-06,12.9901,13.7446,18.45,16.06,13.56,10.45,11.39,13.56,20.14,16.42,14.4,13.35,9.67,11.05,12.36,13.35,13.74,15.46,15.31,16.55,17.9,126.96
2014-10-07,14.9546,14.8993,20.22,17.64,15.39,12.28,13.89,15.39,22.03,18.36,16.09,14.83,10.78,12.4,13.93,14.83,14.9,17.2,16.9,17.68,18.73,120.85
2014-10-08,13.0424,13.6276,17.78,14.97,13.17,10.69,11.58,13.17,19.77,16.23,14.12,13.03,9.46,10.76,12.09,13.03,13.63,15.11,14.59,16.28,17.74,128.08
2014-10-09,16.7756,15.7599,22.71,19.16,19.17,15.65,17.15,19.17,22.88,18.82,16.4,15.59,11.64,13.56,15.31,15.59,15.76,18.76,21.62,18.09,19.11,123.58
2014-10-10,18.1373,16.92,24.79,21.87,18.82,15.74,17.01,18.82,26.28,21.64,18.75,17.33,12.84,14.67,16.65,17.33,16.92,21.24,21.95,19.93,20.56,130.82
2014-10-13,20.6211,18.6278,34.9,29.93,24.31,20.53,21.55,24.31,30.92,25.31,22.08,19.95,14.45,16.6,18.63,19.95,18.63,24.64,27.22,22.12,22.32,130.36
2014-10-14,19.5332,18.0865,26.29,21.88,20.95,17.98,19.65,20.95,28.5,23.09,20.04,18.79,13.93,15.77,17.72,18.79,18.09,22.79,24.61,21.37,21.66,127.78
2014-10-15,21.5162,19.4483,38.24,34.87,29.03,22.14,23.8,29.03,32.31,26.76,23.49,21.28,14.59,16.63,18.6,21.28,19.45,26.25,31.12,23.82,23.53,111.31
2014-10-16,20.5911,18.7322,30.75,28.73,25.89,22.16,23.18,25.89,30.52,25.12,21.96,20.12,14.21,15.93,17.84,20.12,18.73,25.2,30.48,22.85,22.96,127.97
2014-10-17,18.0948,17.3559,28.22,22.91,17.89,12.57,14.17,17.89,27.78,22.4,19.35,17.77,12.58,14.26,16.04,17.77,17.36,21.99,23.81,21.25,21.62,131.71
2014-10-20,16.1363,16.4897,23.85,20.06,16.08,11.59,13.21,16.08,24.65,20.52,17.85,16.54,12.18,13.84,15.51,16.54,16.49,18.57,19.45,19.67,20.6,120.62
2014-10-21,13.8394,14.966,20.94,17.42,13.8,10.28,11.74,13.8,22.07,18.22,15.79,14.55,10.91,12.48,13.99,14.55,14.97,16.08,16.38,17.87,19.28,129.18
2014-10-22,15.3567,15.8838,22.83,18.77,14.83,11.82,13.48,14.83,23.78,19.39,16.77,15.39,12.03,13.71,15.4,15.39,15.88,17.87,18.36,19.06,20.13,127.04
2014-10-23,14.1049,15.2255,21.15,17.47,14.21,10.81,12.22,14.21,22.42,18.47,16.22,14.98,11.4,12.78,14.22,14.98,15.23,16.53,16.12,18.22,19.45,128.77
2014-10-24,13.8637,15.1673,20.61,17.16,14.02,10.79,11.94,14.02,21.99,18.27,16.08,14.86,11.76,12.65,14.0,14.86,15.17,16.11,14.76,17.92,19.19,125.57
2014-10-27,13.687,15.142,20.38,16.95,13.83,11.02,12.14,13.83,21.97,18.21,15.96,14.74,11.54,12.79,14.13,14.74,15.14,16.04,16.09,17.86,19.17,123.77
2014-10-28,12.2784,14.0655,18.28,15.18,12.48,9.63,10.55,12.48,20.1,16.68,14.62,13.61,10.42,11.49,12.67,13.61,14.07,14.39,14.39,16.46,18.23,127.56
2014-10-29,12.4153,14.2189,18.94,15.59,12.95,9.82,10.62,12.95,20.66,16.92,14.94,13.81,10.54,11.57,12.73,13.81,14.22,15.15,14.9,16.89,18.63,124.18
2014-10-30,12.2488,14.0521,18.34,14.82,12.47,9.79,10.62,12.47,20.25,16.62,14.59,13.53,10.48,11.54,12.59,13.53,14.05,14.52,14.0,16.74,18.43,121.02
2014-10-31,11.8666,13.6218,17.14,14.43,12.32,9.96,10.5,12.32,19.69,15.92,14.04,13.13,10.5,11.11,12.16,13.13,13.62,14.03,13.8,16.51,18.16,124.75
2014-11-03,12.3903,13.9219,18.13,15.11,12.74,10.53,10.89,12.74,20.15,16.35,14.35,13.36,10.67,11.48,12.62,13.36,13.92,14.73,14.77,16.81,18.33,124.64
2014-11-04,12.5778,14.1104,18.26,15.4,13.14,10.11,10.95,13.14,20.29,16.56,14.57,13.52,10.56,11.3,12.44,13.52,14.11,14.89,14.81,16.93,18.6,124.19
2014-11-05,11.9334,13.7246,16.63,13.63,11.52,9.69,10.05,11.52,19.35,15.41,13.68,12.68,10.29,11.04,12.07,12.68,13.72,14.17,13.35,16.57,18.35,125.66
2014-11-06,11.4171,13.2188,15.84,12.9,11.02,9.78,10.08,11.02,18.68,14.91,13.08,12.2,10.26,10.72,11.78,12.2,13.22,13.67,12.65,16.26,18.12,124.93
2014-11-07,10.7554,12.8339,14.28,11.74,9.95,8.51,8.72,9.95,17.85,14.29,12.51,11.68,9.63,10.08,10.92,11.68,12.83,13.12,11.13,15.83,17.79,127.08
2014-11-10,10.3251,12.4124,14.0,11.1,9.71,8.12,8.5,9.71,17.12,13.67,12.06,11.21,9.69,9.78,10.41,11.21,12.41,12.67,11.32,15.04,17.36,130.51
2014-11-11,10.4119,12.4641,13.4,9.91,9.46,8.4,8.63,9.46,17.42,13.79,12.09,11.05,9.65,9.91,10.62,11.05,12.46,12.92,11.54,15.36,17.27,127.11
2014-11-12,10.5876,12.6928,13.3,10.74,9.35,8.44,8.6,9.35,17.53,13.88,12.17,11.26,9.56,10.03,10.74,11.26,12.69,13.02,11.39,15.74,17.49,125.71
2014-11-13,10.7341,12.6929,13.97,11.27,9.41,8.34,8.34,9.41,18.12,14.28,12.36,11.37,9.31,9.93,10.7,11.37,12.69,13.79,11.97,15.89,17.77,128.96
2014-11-14,10.8413,12.8068,12.74,10.07,8.65,7.95,8.2,8.65,17.95,13.98,12.08,11.32,9.3,9.87,10.65,11.32,12.81,13.31,11.35,15.96,17.73,128.68
2014-11-17,11.1207,12.7283,13.17,11.01,9.56,8.5,8.85,9.56,18.0,14.23,12.28,11.3,9.47,10.02,10.92,11.3,12.73,13.99,11.42,15.93,17.8,123.69
2014-11-18,11.0809,12.6107,13.63,11.12,9.79,10.07,9.5,9.79,17.51,13.71,11.91,11.24,9.97,9.99,10.68,11.24,12.61,13.86,11.49,15.7,17.64,132.03
2014-11-19,11.4624,12.9278,13.68,9.92,9.79,10.04,8.99,9.79,17.84,13.91,12.09,11.35,9.71,10.06,10.85,11.35,12.93,13.96,11.42,15.97,17.91,124.66
2014-11-20,10.6389,12.5343,8.46,8.04,7.81,7.42,7.62,7.81,17.68,13.35,11.41,10.67,8.9,9.31,10.17,10.67,12.53,13.58,10.91,16.01,17.91,136.35
2014-11-21,9.9638,12.3486,16.45,12.39,10.0,8.8,8.81,10.0,18.49,14.13,12.04,11.17,9.15,9.56,10.42,11.17,12.35,12.9,10.45,15.79,17.75,138.46
2014-11-24,9.7049,12.2126,15.88,11.89,9.81,8.42,8.75,9.81,18.1,13.86,11.83,11.0,9.0,9.38,10.16,11.0,12.21,12.62,11.15,15.55,17.61,140.18
2014-11-25,9.6296,12.4158,14.97,11.62,9.58,8.64,8.95,9.58,17.62,13.61,11.62,10.84,9.22,9.68,10.56,10.84,12.42,12.25,10.81,15.41,17.64,140.11
2014-11-26,9.4282,12.2717,15.2,11.86,9.62,8.43,8.49,9.62,17.55,13.74,11.8,10.89,8.95,9.39,10.14,10.89,12.27,12.07,11.12,15.32,17.58,139.86
2014-11-28,10.7045,12.9019,17.24,13.44,10.96,9.66,9.75,10.96,18.66,14.68,12.71,11.79,9.92,10.23,11.06,11.79,12.9,13.33,12.98,15.93,17.94,131.89
2014-12-01,11.7407,13.5568,18.17,15.07,12.26,10.56,10.96,12.26,19.82,15.66,13.55,12.53,10.45,10.81,11.77,12.53,13.56,14.29,14.63,16.74,18.36,127.95
2014-12-02,10.6274,12.8753,16.95,13.55,11.22,9.5,9.7,11.22,18.22,14.49,12.55,11.67,9.64,10.0,10.83,11.67,12.88,12.85,12.57,15.96,17.86,121.64
2014-12-03,10.2428,12.4725,16.01,12.94,10.73,9.36,9.45,10.73,17.68,14.01,12.25,11.23,9.19,9.68,10.47,11.23,12.47,12.47,12.16,15.55,17.57,134.44
2014-12-04,10.2233,12.5324,15.46,12.59,10.35,8.9,9.32,10.35,17.24,13.82,11.97,11.12,9.26,9.76,10.55,11.12,12.53,12.38,11.88,15.64,17.56,128.73
2014-12-05,9.5835,12.2259,14.21,10.92,9.04,7.84,8.31,9.04,16.83,13.27,11.42,10.63,8.86,9.35,10.23,10.63,12.23,11.82,10.7,15.55,17.52,131.41
2014-12-08,11.9072,13.4988,19.25,15.06,12.29,9.77,10.65,12.29,19.0,15.26,13.23,12.08,9.76,10.47,11.38,12.08,13.5,14.21,15.47,16.78,18.53,137.62
2014-12-09,11.7271,13.4008,20.2,15.89,12.91,9.79,10.97,12.91,19.67,15.78,13.58,12.24,9.63,10.33,11.3,12.24,13.4,14.89,15.27,16.89,18.47,136.69
2014-12-10,15.2635,15.495,27.58,22.23,18.29,14.31,16.02,18.29,23.67,18.95,16.37,15.29,11.92,13.0,14.5,15.29,15.5,18.53,21.71,19.14,20.12,130.88
2014-12-11,16.5855,16.6967,29.12,23.62,19.11,14.37,15.95,19.11,26.58,21.0,18.0,16.5,11.99,13.37,14.89,16.5,16.7,20.08,22.08,20.72,21.49,130.73
2014-12-12,17.7434,17.834,42.96,27.11,22.15,16.97,18.12,22.15,26.74,22.68,19.47,17.81,14.75,13.89,16.31,17.81,17.83,21.08,23.82,21.0,21.64,131.47
2014-12-15,17.5236,17.8334,27.57,24.07,23.25,17.96,20.31,23.25,25.44,20.36,17.46,17.54,12.96,14.44,16.2,17.54,17.83,20.42,21.16,21.06,22.0,135.12
2014-12-16,19.3084,19.0917,34.19,29.99,27.11,23.4,22.78,27.11,30.65,24.5,21.25,19.25,15.1,16.27,17.88,19.25,19.09,23.57,24.25,23.09,23.41,131.21
2014-12-17,16.1902,16.7577,23.64,20.58,18.34,16.44,16.81,18.34,25.19,19.69,17.12,16.19,12.39,13.59,15.11,16.19,16.76,19.44,18.04,20.43,21.2,125.48
2014-12-18,13.3827,14.7773,12.26,11.67,11.65,12.37,12.83,11.65,21.25,16.78,14.18,13.62,10.79,11.72,13.03,13.62,14.78,16.81,14.46,18.48,19.91,126.24
2014-12-19,12.7988,14.4504,21.1,16.02,12.93,10.7,11.31,12.93,23.1,17.73,15.02,13.8,10.73,11.63,12.91,13.8,14.45,16.49,13.77,18.47,19.66,138.63
2014-12-22,12.443,13.945,19.4,15.08,12.43,10.2,10.79,12.43,21.94,17.17,14.67,13.0,10.14,10.94,12.0,13.0,13.95,15.25,12.7,17.59,19.09,136.61
2014-12-23,12.0275,13.9034,18.08,14.36,12.05,9.56,10.38,12.05,21.37,16.66,14.13,13.02,10.28,10.89,12.08,13.02,13.9,14.8,11.1,17.94,19.19,136.93
2014-12-24,12.0401,13.6881,17.56,14.92,11.76,9.89,10.11,11.76,21.22,16.58,14.16,12.91,9.67,11.24,12.41,12.91,13.69,14.37,10.35,17.26,19.18,135.65
2014-12-26,11.9159,13.5666,18.23,14.18,11.38,9.33,9.84,11.38,20.9,16.32,13.9,12.55,9.8,10.57,11.62,12.55,13.57,14.5,12.09,17.16,18.96,135.03
2014-12-29,12.0608,13.6623,18.02,14.29,11.39,9.59,10.1,11.39,21.18,16.32,13.83,12.74,9.89,10.67,11.77,12.74,13.66,15.06,12.79,17.27,18.79,127.6
2014-12-30,12.623,14.1317,19.13,14.85,11.65,9.48,10.17,11.65,22.0,17.05,14.38,13.18,10.13,11.01,12.22,13.18,14.13,15.92,13.86,18.02,19.34,136.39
2014-12-31,15.0427,15.6298,25.25,19.32,14.45,10.8,11.88,14.45,25.56,19.6,16.53,14.86,11.08,12.2,13.61,14.86,15.63,19.2,18.95,19.74,20.42,133.84
2015-01-02,13.8761,15.218,22.64,18.24,14.39,10.22,11.26,14.39,24.67,19.02,16.1,14.7,10.45,11.75,13.09,14.7,15.22,17.79,16.47,19.46,20.24,128.66
2015-01-05,16.0945,16.5144,23.85,19.57,16.16,12.88,14.89,16.16,25.69,20.26,17.22,15.67,11.77,13.45,15.28,15.67,16.51,19.92,19.45,20.79,21.4,127.79
2015-01-06,17.7405,17.6015,25.66,21.91,18.24,14.01,15.38,18.24,27.22,21.85,18.85,17.27,12.48,14.03,15.69,17.27,17.6,21.12,20.53,21.42,21.73,125.27
2015-01-07,16.3115,16.4321,21.28,18.62,16.09,12.53,13.65,16.09,24.9,19.92,17.34,16.0,11.83,13.22,14.66,16.0,16.43,19.31,17.59,20.08,20.92,123.56
2015-01-08,14.2412,15.0461,18.39,16.03,13.55,10.61,11.46,13.55,22.37,18.04,15.66,14.42,10.45,11.63,12.92,14.42,15.05,17.01,15.04,18.66,19.56,124.77
2015-01-09,14.5817,15.4663,16.86,15.35,13.59,11.26,12.14,13.59,23.77,19.23,16.68,15.07,10.72,12.16,13.52,15.07,15.47,17.55,15.2,19.32,20.16,121.69
2015-01-12,16.6789,16.7126,21.64,19.03,18.71,16.09,16.63,18.71,25.09,20.22,17.53,16.28,11.82,13.48,15.17,16.28,16.71,19.6,18.2,20.48,20.92,121.09
2015-01-13,17.1465,16.9821,23.64,21.64,19.97,17.37,18.18,19.97,25.81,20.92,18.06,16.78,12.18,13.83,15.61,16.78,16.98,20.56,19.63,21.27,21.32,122.2
2015-01-14,17.9223,17.0859,25.39,22.22,21.88,21.19,22.03,21.88,26.67,21.54,18.61,17.26,12.88,14.53,16.32,17.26,17.09,21.48,21.23,20.93,21.48,132.66
2015-01-15,19.3598,17.8256,22.8,21.79,23.05,22.23,23.41,23.05,27.27,22.24,19.54,19.02,13.61,15.58,17.58,19.02,17.83,22.39,23.73,22.11,22.03,120.77
2015-01-16,17.4041,17.017,26.29,21.35,17.17,12.68,14.21,17.17,27.27,21.62,18.74,17.14,12.52,14.08,15.76,17.14,17.02,20.95,21.48,21.15,21.59,131.39
2015-01-20,16.8696,16.8592,25.63,20.81,16.9,12.53,14.21,16.9,26.64,21.15,18.28,16.83,12.23,13.95,15.74,16.83,16.86,19.89,21.94,20.87,21.09,123.63
2015-01-21,15.8206,16.0192,24.11,19.57,15.88,11.7,13.27,15.88,25.41,19.96,17.19,15.75,11.45,13.0,14.76,15.75,16.02,18.85,20.36,20.04,20.72,134.3
2015-01-22,13.3417,14.5537,20.94,16.99,13.78,10.12,11.16,13.78,22.83,18.01,15.53,14.34,10.45,11.59,12.98,14.34,14.55,16.4,15.58,18.6,19.54,139.13
2015-01-23,13.7548,14.9586,20.78,17.06,13.75,10.36,11.41,13.75,23.22,18.32,15.86,14.53,10.83,11.99,13.38,14.53,14.96,16.66,16.08,19.0,19.82,132.09
2015-01-26,12.8858,14.3147,18.74,15.45,12.4,9.88,11.05,12.4,21.63,17.11,14.69,13.46,10.35,11.57,12.91,13.46,14.31,15.52,14.89,18.03,19.36,135.02
2015-01-27,16.115,15.3499,21.0,17.47,16.09,11.67,13.21,16.09,22.89,18.24,15.7,15.93,11.71,13.22,14.86,15.93,15.35,17.22,17.56,19.11,20.07,128.43
2015-01-28,17.4892,17.333,25.44,21.73,18.13,13.53,14.97,18.13,26.94,21.8,19.0,17.57,12.8,14.3,15.96,17.57,17.33,20.44,21.78,21.44,21.82,123.76
2015-01-29,15.7569,16.456,22.67,19.14,15.66,12.15,13.59,15.66,25.16,19.89,17.18,15.73,11.84,13.45,15.1,15.73,16.46,18.76,18.78,20.0,20.66,130.45
2015-01-30,18.0525,17.9938,26.19,21.89,18.42,13.83,15.4,18.42,27.99,22.3,19.27,18.08,13.38,15.05,16.97,18.08,17.99,20.97,21.17,21.82,21.87,125.36
2015-02-02,16.1804,16.862,23.19,19.5,16.08,12.36,13.87,16.08,26.14,20.72,17.86,16.35,12.0,13.78,15.55,16.35,16.86,19.43,19.39,20.91,21.21,129.98
2015-02-03,14.2134,15.4498,20.26,17.2,14.47,10.58,11.75,14.47,23.72,18.87,16.27,14.98,10.86,12.22,13.71,14.98,15.45,17.33,16.54,19.49,20.37,129.78
2015-02-04,15.0877,16.0366,20.62,18.16,15.61,11.37,12.46,15.61,24.74,19.92,17.21,15.82,11.2,12.7,14.27,15.82,16.04,18.33,17.48,20.43,20.95,126.2
2015-02-05,13.7981,15.3448,19.04,16.82,14.16,10.4,11.48,14.16,23.23,18.54,16.01,14.72,10.63,11.91,13.44,14.72,15.34,16.85,15.31,19.27,20.31,127.54
2015-02-06,14.2257,15.7615,18.89,16.16,13.46,10.67,11.98,13.46,24.01,18.86,16.07,14.76,11.17,12.63,14.23,14.76,15.76,17.29,14.93,19.88,20.87,125.62
2015-02-09,15.4902,16.4548,20.53,17.85,15.26,11.98,13.11,15.26,25.14,19.85,17.24,15.85,11.7,13.17,14.72,15.85,16.45,18.55,16.88,20.67,21.45,129.85
2015-02-10,13.92,15.4163,18.72,15.99,13.57,10.57,11.41,13.57,23.26,18.42,15.82,14.68,10.75,12.05,13.51,14.68,15.42,17.23,15.2,19.73,20.71,126.51
2015-02-11,14.031,15.5099,16.96,14.63,13.15,10.45,11.55,13.15,23.21,18.35,15.67,14.51,10.87,12.16,13.55,14.51,15.51,16.96,14.28,19.71,20.65,128.39
2015-02-12,12.3319,14.2842,14.17,11.99,10.33,8.98,9.44,10.33,21.04,16.53,14.4,13.26,9.85,10.88,12.1,13.26,14.28,15.34,12.36,18.34,19.79,129.95
2015-02-13,11.7834,14.0639,12.95,11.03,9.64,8.82,8.73,9.64,19.86,15.72,13.7,12.64,9.69,10.61,11.88,12.64,14.06,14.69,11.76,18.13,19.43,126.04
2015-02-17,12.7427,14.249,16.32,13.62,12.14,10.37,10.26,12.14,20.58,16.51,14.24,13.13,9.94,10.94,12.17,13.13,14.25,15.8,13.55,18.38,19.62,127.42
2015-02-18,12.5255,14.1262,13.66,11.67,9.8,9.98,9.57,9.8,19.92,16.05,14.01,12.95,9.85,10.82,11.93,12.95,14.13,15.45,12.4,18.66,19.67,135.0
2015-02-19,12.3673,14.2322,10.92,10.27,9.87,9.23,9.61,9.87,19.27,15.55,13.45,12.45,9.52,10.53,11.69,12.45,14.23,15.29,12.34,18.01,19.62,131.3
2015-02-20,11.7261,13.4924,18.27,14.35,11.79,9.22,9.91,11.79,20.82,16.34,13.96,12.81,9.5,10.54,11.74,12.81,13.49,14.3,11.74,17.29,19.11,125.24
2015-02-23,11.7966,13.4034,17.58,14.23,11.65,9.44,9.96,11.65,20.63,16.15,13.76,12.69,9.57,10.62,11.82,12.69,13.4,14.56,12.16,17.54,19.04,134.66
2015-02-24,10.9495,12.871,16.32,13.03,10.72,8.76,9.48,10.72,19.22,15.13,12.97,11.91,9.31,10.11,11.24,11.91,12.87,13.69,10.94,16.71,18.39,136.26
2015-02-25,10.8643,12.8587,16.51,13.15,10.77,8.67,9.11,10.77,19.6,15.26,13.09,12.07,9.22,10.05,11.15,12.07,12.86,13.84,11.64,16.87,18.42,136.33
2015-02-26,11.1703,13.0271,16.57,13.13,10.81,8.7,9.44,10.81,19.64,15.35,13.2,12.11,9.33,10.18,11.33,12.11,13.03,13.91,11.38,16.85,18.47,126.2
2015-02-27,11.1468,13.0374,15.47,12.71,10.69,8.55,9.31,10.69,19.37,15.1,12.97,12.2,9.31,10.24,11.42,12.2,13.04,13.34,10.6,16.89,18.41,126.4
2015-03-02,10.6741,12.5943,14.95,12.48,10.34,8.2,8.93,10.34,18.69,14.73,12.58,11.6,8.74,9.64,10.75,11.6,12.59,13.04,10.85,16.46,18.0,126.01
2015-03-03,11.4713,13.0451,16.26,13.51,10.96,8.62,9.49,10.96,19.35,15.43,13.3,12.2,9.1,10.08,11.29,12.2,13.05,13.86,11.81,16.78,18.28,123.09
2015-03-04,11.6536,13.0997,16.51,13.98,11.44,8.85,9.72,11.44,19.49,15.58,13.47,12.2,8.99,10.07,11.22,12.2,13.1,14.23,12.28,16.91,18.39,127.89
2015-03-05,11.7115,12.9822,16.68,13.95,11.38,8.56,9.54,11.38,19.25,15.45,13.26,12.08,8.82,9.91,11.14,12.08,12.98,14.04,12.16,16.64,18.13,127.26
2015-03-06,13.1344,14.0298,18.39,15.97,13.21,9.95,11.09,13.21,20.53,16.47,14.6,13.39,9.81,10.96,12.33,13.39,14.03,15.2,14.31,17.51,18.7,124.65
2015-03-09,12.929,13.9702,17.37,14.8,13.0,9.94,11.14,13.0,19.85,16.21,14.18,13.14,9.62,10.86,12.21,13.14,13.97,15.06,14.2,17.31,18.57,124.16
2015-03-10,14.475,14.9717,19.01,17.52,15.51,12.78,13.76,15.51,21.25,17.96,15.94,14.59,10.76,12.11,13.51,14.59,14.97,16.69,16.72,18.26,19.43,123.53
2015-03-11,14.9797,15.4384,18.45,17.61,15.65,13.4,14.13,15.65,21.51,18.03,15.98,14.84,11.2,12.53,14.09,14.84,15.44,16.87,16.78,18.53,19.67,123.72
2015-03-12,13.7802,14.5537,16.93,15.69,14.58,12.3,12.98,14.58,19.37,16.32,14.65,13.79,10.27,11.55,12.89,13.79,14.55,15.42,15.04,17.39,18.71,121.53
2015-03-13,14.3269,15.133,16.65,15.6,14.08,12.91,13.71,14.08,19.76,17.17,15.46,14.53,11.11,12.26,13.56,14.53,15.13,16.0,15.25,17.89,19.16,120.6
2015-03-16,13.881,14.53,20.28,18.19,15.83,14.79,16.13,15.83,19.69,16.81,15.01,13.98,10.51,11.83,13.1,13.98,14.53,15.61,16.15,17.4,18.66,122.83
2015-03-17,13.9514,14.6307,23.04,20.93,18.42,15.62,16.45,18.42,19.83,16.89,15.09,13.98,10.71,11.79,13.07,13.98,14.63,15.66,16.72,17.48,18.8,125.44
2015-03-18,12.0127,13.5829,18.76,16.11,14.09,11.99,12.78,14.09,17.26,14.76,13.02,12.01,8.9,10.1,11.22,12.01,13.58,13.97,13.85,16.43,17.95,128.51
2015-03-19,12.0403,13.8322,12.84,12.21,11.63,10.72,11.24,11.63,17.79,14.79,12.97,11.97,8.93,10.01,11.27,11.97,13.83,14.07,12.89,16.97,18.4,127.95
2015-03-20,10.9204,13.4148,16.58,13.31,10.7,8.39,9.14,10.7,19.74,15.79,13.59,12.41,8.97,10.1,11.34,12.41,13.41,13.02,10.73,16.71,18.16,131.09
2015-03-23,11.2955,13.4934,16.31,13.52,11.0,8.53,9.35,11.0,19.33,15.75,13.6,12.41,8.97,9.08,11.34,12.41,13.49,13.41,12.03,16.53,18.18,127.12
2015-03-24,11.6716,13.6978,17.03,14.03,11.46,8.85,9.71,11.46,19.47,16.82,13.77,13.98,9.2,10.32,10.98,13.98,13.7,13.62,12.24,16.59,18.29,126.82
2015-03-25,13.5981,14.9032,19.07,16.47,13.66,10.15,11.44,13.66,21.6,17.52,15.45,14.24,9.32,10.45,12.95,14.24,14.9,15.44,15.28,17.57,19.09,122.96
2015-03-26,14.0027,15.0741,19.55,16.65,14.04,10.54,11.75,14.04,21.02,18.58,15.62,14.54,9.94,11.34,11.57,14.54,15.07,15.8,15.92,17.57,18.99,122.86
2015-03-27,13.5887,14.8217,18.88,16.16,13.58,10.35,11.43,13.58,21.36,17.26,17.61,16.99,9.98,11.5,11.6,16.99,14.82,15.07,14.69,17.39,18.77,121.8
2015-03-30,12.6284,14.1561,17.46,14.82,12.44,9.6,10.92,12.44,19.91,16.44,14.42,13.34,9.59,10.92,12.27,13.34,14.16,14.51,14.31,16.92,18.45,122.69
2015-03-31,13.5999,14.8513,18.78,16.38,13.79,10.35,11.47,13.79,20.68,17.27,15.35,14.12,10.22,11.71,13.23,14.12,14.85,15.29,15.5,17.54,19.12,120.35
2015-04-01,13.6536,14.7975,17.58,15.64,13.46,10.21,11.45,13.46,20.09,16.97,15.05,13.97,9.89,11.33,12.83,13.97,14.8,15.11,14.29,17.34,19.1,120.76
2015-04-02,13.1766,14.6192,16.9,15.11,13.17,10.07,11.29,13.17,19.54,16.62,14.69,13.57,9.72,11.17,12.63,13.57,14.62,14.67,13.91,17.22,18.86,119.92
2015-04-06,13.1508,14.3411,16.72,15.13,13.26,10.1,11.33,13.26,19.34,16.36,14.47,13.42,9.65,11.01,12.33,13.42,14.34,14.74,14.16,16.82,18.58,120.05
2015-04-07,13.1691,14.3395,16.56,14.81,12.96,9.99,10.9,12.96,19.29,16.2,14.46,13.43,9.61,11.01,12.3,13.43,14.34,14.78,13.9,16.8,18.65,121.34
2015-04-08,12.4493,13.916,15.6,13.99,11.79,9.18,10.03,11.79,18.54,15.61,13.8,12.5,9.16,10.44,11.63,12.5,13.92,13.98,12.8,16.4,18.34,124.24
2015-04-09,11.4863,13.2376,13.98,12.32,10.3,7.95,8.57,10.3,17.57,14.62,12.88,11.96,8.59,9.65,10.84,11.96,13.24,13.09,11.41,16.02,17.82,125.87
2015-04-10,10.862,12.7505,11.26,9.66,8.35,6.78,7.23,8.35,16.79,13.97,12.21,11.26,8.41,9.36,10.43,11.26,12.75,12.58,9.91,15.46,17.47,127.22
2015-04-13,12.3679,13.5757,15.17,13.12,11.24,9.98,10.47,11.24,18.15,15.24,13.47,12.53,9.73,10.57,11.68,12.53,13.58,13.94,12.49,16.32,18.07,117.46
2015-04-14,11.9599,13.2468,15.22,12.88,10.86,8.62,9.61,10.86,17.55,14.74,13.08,12.15,9.24,10.13,11.28,12.15,13.25,13.67,11.72,15.85,17.93,123.64
2015-04-15,11.093,12.7923,12.98,10.78,8.93,8.96,8.13,8.93,16.57,13.82,12.09,11.24,8.81,9.5,10.48,11.24,12.79,12.84,10.59,15.69,17.53,119.71
2015-04-16,10.9662,12.7428,10.25,9.68,9.37,8.85,9.25,9.37,16.26,13.46,11.81,10.99,8.6,9.24,10.12,10.99,12.74,12.6,10.74,15.33,17.47,120.37
2015-04-17,12.0898,13.5168,17.88,14.85,12.36,9.16,10.21,12.36,19.86,16.38,14.34,13.11,9.46,10.78,12.09,13.11,13.52,13.89,12.91,16.14,18.06,122.24
2015-04-20,11.3363,12.9559,16.39,13.68,11.28,8.61,9.52,11.28,19.17,15.39,13.39,12.26,8.93,10.12,11.47,12.26,12.96,13.3,12.62,15.58,17.73,124.16
2015-04-21,11.3932,12.9579,16.3,13.88,11.34,8.61,9.68,11.34,18.79,15.4,13.4,12.36,9.06,10.2,11.44,12.36,12.96,13.25,12.58,15.52,17.73,122.77
2015-04-22,10.7289,12.6088,15.78,13.31,10.94,8.26,8.97,10.94,18.5,15.03,12.94,11.92,8.77,9.83,10.97,11.92,12.61,12.71,11.83,15.46,17.48,124.07
2015-04-23,10.637,12.5041,15.36,12.83,10.51,8.36,9.22,10.51,18.21,14.69,12.71,11.68,8.86,9.74,10.9,11.68,12.5,12.48,11.84,15.17,17.46,123.26
2015-04-24,10.3374,12.5687,14.92,12.51,10.28,8.02,8.8,10.28,17.87,14.55,12.71,11.72,8.83,9.73,10.86,11.72,12.57,12.29,10.86,15.26,17.43,119.95
2015-04-27,11.2793,13.0694,16.26,13.7,11.6,8.74,9.64,11.6,18.41,15.2,13.3,12.38,9.26,10.21,11.34,12.38,13.07,13.12,12.72,15.93,17.83,122.84
2015-04-28,10.6624,12.6796,14.77,12.61,10.55,8.2,8.98,10.55,17.69,14.56,12.67,11.82,8.84,9.81,10.94,11.82,12.68,12.41,11.87,15.31,17.4,124.02
2015-04-29,11.4391,13.1174,16.64,13.98,11.7,8.99,9.95,11.7,18.82,15.52,13.5,12.51,9.16,10.26,11.47,12.51,13.12,13.39,13.26,15.97,17.78,125.36
2015-04-30,12.8126,13.877,18.05,15.54,13.16,9.85,10.99,13.16,19.68,16.32,14.42,13.42,9.78,11.07,12.38,13.42,13.88,14.55,15.06,16.48,18.3,115.96
2015-05-01,11.0333,12.9065,15.08,12.9,10.81,8.33,9.15,10.81,17.79,14.93,13.08,12.03,8.78,10.01,11.08,12.03,12.91,12.7,11.77,15.38,17.52,122.37
2015-05-04,11.2329,12.8666,14.93,12.66,10.64,8.21,9.05,10.64,17.82,14.87,12.97,11.99,8.99,10.06,11.16,11.99,12.87,12.85,12.01,15.43,17.55,121.68
2015-05-05,12.8162,13.9481,17.46,15.71,13.58,10.3,11.6,13.58,19.05,16.15,14.37,13.31,9.85,11.07,12.38,13.31,13.95,14.31,14.64,16.32,18.15,122.22
2015-05-06,13.4087,14.2995,19.41,17.09,14.64,11.49,12.5,14.64,20.04,16.88,14.96,13.94,10.09,11.42,12.73,13.94,14.3,15.15,16.05,16.72,18.48,119.74
2015-05-07,13.4763,14.2721,18.82,17.39,14.54,10.6,11.79,14.54,20.2,16.9,14.91,13.73,9.96,11.3,12.62,13.73,14.27,15.13,15.59,16.74,18.37,120.73
2015-05-08,10.9769,13.0182,12.88,10.98,9.35,7.76,8.61,9.35,18.03,14.79,12.85,11.83,8.8,9.85,11.06,11.83,13.02,12.86,11.32,15.56,17.58,122.93
2015-05-11,10.5294,13.5177,16.36,14.16,12.43,10.31,10.76,12.43,18.82,15.6,13.7,12.64,9.35,10.52,11.73,12.64,13.52,13.85,13.41,16.1,17.98,115.96
2015-05-12,12.0289,13.6416,17.83,16.38,14.06,11.35,12.19,14.06,18.83,15.59,13.75,12.71,9.36,10.47,11.75,12.71,13.64,13.86,13.82,16.4,18.01,123.92
2015-05-13,12.0131,13.4969,17.98,15.52,13.18,10.74,11.44,13.18,18.34,15.31,13.45,12.45,9.16,10.4,11.62,12.45,13.5,13.76,13.49,16.29,17.89,126.04
2015-05-14,10.9322,12.7483,11.36,10.75,9.99,8.6,9.04,9.99,17.38,14.29,12.47,11.5,8.39,9.26,10.6,11.5,12.75,12.74,11.59,15.91,17.58,127.63
2015-05-15,10.5119,12.5588,16.83,13.82,11.08,8.06,8.93,11.08,18.78,15.23,13.12,11.91,8.47,9.72,11.0,11.91,12.56,12.38,10.77,15.57,17.41,127.56
2015-05-18,10.7809,12.4482,16.79,13.63,10.95,8.25,9.11,10.95,18.42,14.97,12.86,11.8,8.46,9.57,10.87,11.8,12.45,12.73,11.01,15.23,17.21,126.91
2015-05-19,10.9925,12.3932,16.83,13.63,11.06,8.38,9.23,11.06,18.22,14.87,12.83,11.76,8.64,9.68,10.91,11.76,12.39,12.85,11.15,15.28,17.05,126.28
2015-05-20,10.9668,12.3969,16.8,13.62,10.98,8.48,9.31,10.98,18.2,14.83,12.84,11.77,8.8,9.79,10.99,11.77,12.4,12.88,10.48,15.15,16.99,125.01
2015-05-21,10.4181,11.9193,15.71,12.89,10.33,7.95,8.76,10.33,17.39,14.35,12.31,11.3,8.36,9.33,10.49,11.3,11.92,12.11,9.95,14.61,16.65,121.11
2015-05-22,10.4733,12.0658,15.73,12.67,10.34,7.92,8.73,10.34,17.48,14.24,12.32,11.33,8.45,9.33,10.45,11.33,12.07,12.13,9.6,14.48,16.72,124.86
2015-05-26,12.2308,13.0456,18.04,14.89,12.22,8.89,10.04,12.22,19.02,15.43,13.45,12.37,9.03,10.19,11.5,12.37,13.05,14.06,13.32,15.48,17.35,123.06
2015-05-27,11.1909,12.358,16.8,13.8,11.09,8.42,9.24,11.09,18.13,14.65,12.69,11.63,8.44,9.57,10.72,11.63,12.36,13.27,11.93,14.99,16.92,123.6
2015-05-28,11.2455,12.4045,16.95,13.99,11.09,8.21,9.22,11.09,18.25,14.72,12.7,11.63,8.55,9.56,10.69,11.63,12.4,13.31,12.23,15.01,17.03,125.37
2015-05-29,12.0145,12.8509,18.07,14.95,12.2,8.89,10.02,12.2,18.76,15.27,13.27,12.23,8.92,10.06,11.31,12.23,12.85,13.84,13.67,15.38,17.33,122.5
2015-06-01,12.0123,12.8202,17.62,14.98,12.29,9.19,10.32,12.29,18.67,15.21,13.2,12.19,8.89,10.07,11.29,12.19,12.82,13.97,13.85,15.41,17.31,122.43
2015-06-02,12.4156,13.0731,17.82,15.24,12.7,9.35,10.67,12.7,19.12,15.63,13.58,12.51,9.09,10.25,11.58,12.51,13.07,14.24,13.99,15.71,17.49,121.17
2015-06-03,11.7985,12.8287,16.72,14.57,11.92,8.74,9.81,11.92,18.31,14.95,13.0,11.94,8.65,9.82,11.02,11.94,12.83,13.66,12.7,15.36,17.27,124.59
2015-06-04,12.8974,13.5664,19.04,16.3,13.21,9.78,11.02,13.21,19.57,16.15,14.16,12.9,9.32,10.53,11.87,12.9,13.57,14.71,15.02,16.28,17.85,121.98
2015-06-05,12.6996,13.6298,17.3,15.31,12.96,9.75,10.88,12.96,18.76,15.81,13.99,12.92,9.4,10.58,11.87,12.92,13.63,14.21,13.7,15.96,17.75,119.62
2015-06-08,13.6817,14.2631,19.12,16.93,14.56,11.64,12.71,14.56,19.64,16.65,14.8,13.68,10.21,11.36,12.7,13.68,14.26,15.29,15.89,16.6,18.16,118.33
2015-06-09,13.0899,14.0314,18.42,15.93,13.87,10.93,11.91,13.87,18.98,16.01,14.34,13.28,9.83,11.06,12.3,13.28,14.03,14.47,15.05,16.25,17.96,119.4
2015-06-10,11.7209,13.0189,16.17,13.98,12.09,9.53,10.42,12.09,17.72,14.64,12.96,12.04,8.92,9.98,11.26,12.04,13.02,13.22,13.32,15.33,17.04,120.83
2015-06-11,11.0692,12.6531,14.92,12.76,11.31,9.02,9.95,11.31,16.92,14.18,12.41,11.52,8.46,9.48,10.65,11.52,12.65,12.85,12.38,15.1,16.82,125.32
2015-06-12,12.2675,13.2505,17.05,14.98,13.3,10.57,11.64,13.3,17.98,15.05,13.28,12.35,9.09,10.24,11.48,12.35,13.25,13.78,14.16,15.61,17.15,119.26
2015-06-15,13.6432,14.0133,21.96,19.9,17.31,14.38,15.32,17.31,20.02,16.81,14.89,13.7,10.18,11.38,12.7,13.7,14.01,15.39,16.68,16.62,18.02,119.25
2015-06-16,13.1092,13.4727,21.59,18.99,17.19,14.28,14.93,17.19,19.3,16.07,14.14,13.13,9.78,10.88,12.19,13.13,13.47,14.81,16.29,16.2,17.79,120.23
2015-06-17,12.8525,13.5395,18.78,16.48,14.99,13.76,14.42,14.99,18.78,15.74,13.92,12.95,9.79,10.77,12.04,12.95,13.54,14.5,15.22,16.22,17.72,119.09
2015-06-18,11.4971,12.7892,13.08,12.39,11.7,10.45,10.99,11.7,17.08,14.29,12.46,11.48,8.8,9.6,10.7,11.48,12.79,13.19,13.11,15.44,17.19,120.17
2015-06-19,12.1337,13.292,18.11,14.98,12.0,9.2,10.24,12.0,19.8,15.96,13.9,12.72,9.31,10.45,11.8,12.72,13.29,13.96,14.32,15.91,17.61,119.5
2015-06-22,10.9256,12.5816,16.73,13.46,10.75,8.24,9.14,10.75,18.46,15.02,12.94,11.86,8.77,9.75,11.0,11.86,12.58,12.74,13.15,14.99,16.89,120.52
2015-06-23,10.2637,12.1352,15.41,12.78,10.17,7.6,8.38,10.17,17.73,14.4,12.43,11.34,8.09,9.18,10.31,11.34,12.14,12.11,12.17,14.54,16.51,122.78
2015-06-24,11.6138,12.8039,16.77,13.98,11.57,8.84,9.85,11.57,18.33,15.06,13.13,12.07,8.91,9.98,11.25,12.07,12.8,13.26,14.81,15.18,16.91,119.52
2015-06-25,12.2693,13.0837,18.13,15.27,12.43,9.28,10.22,12.43,19.17,15.67,13.64,12.48,9.07,10.16,11.45,12.48,13.08,14.01,15.13,15.52,16.97,122.68
2015-06-26,12.2024,13.0311,18.77,15.54,12.53,9.09,10.3,12.53,19.05,15.61,13.54,12.42,8.94,10.1,11.41,12.42,13.03,14.02,15.49,15.46,16.86,123.07
2015-06-29,16.1244,15.604,26.08,21.39,17.18,12.5,14.22,17.18,24.48,19.83,17.07,15.75,11.12,12.72,14.43,15.75,15.6,18.85,22.56,18.72,19.08,124.54
2015-06-30,15.6321,15.2801,24.59,20.5,16.84,12.0,13.82,16.84,24.22,19.41,16.75,15.33,10.53,12.33,14.02,15.33,15.28,18.23,20.93,18.47,18.95,123.88
2015-07-01,13.9382,14.2402,20.64,18.19,14.84,10.86,12.27,14.84,21.27,17.51,15.26,14.01,9.92,11.32,12.85,14.01,14.24,16.09,17.23,16.79,17.75,120.14
2015-07-02,14.6485,14.7125,22.03,19.35,15.78,10.69,12.65,15.78,22.81,18.61,16.08,14.67,10.11,11.71,13.4,14.67,14.71,16.79,17.97,17.68,18.34,121.52
2015-07-06,15.0797,15.2317,20.16,18.4,16.0,11.22,13.16,16.0,22.85,18.87,16.49,15.07,10.4,12.01,13.66,15.07,15.23,17.01,16.65,18.04,18.51,118.68
2015-07-07,14.4243,14.6483,19.15,17.12,14.96,11.23,13.07,14.96,21.21,17.69,15.55,14.34,10.11,11.57,13.16,14.34,14.65,16.09,15.91,17.02,17.84,117.37
2015-07-08,17.2458,16.5055,25.43,22.75,20.03,15.62,17.28,20.03,25.29,20.87,18.35,16.93,11.73,13.64,15.5,16.93,16.51,19.66,20.96,19.25,19.39,118.25
2015-07-09,17.3147,16.6373,26.12,23.68,20.97,16.58,18.41,20.97,25.97,21.28,18.53,17.0,11.95,13.86,15.81,17.0,16.64,19.97,22.06,19.78,19.75,120.34
2015-07-10,14.6438,14.9826,20.2,18.83,16.79,13.27,14.73,16.79,22.35,18.37,16.06,14.71,10.42,11.96,13.56,14.71,14.98,16.83,17.24,17.73,18.62,118.52
2015-07-13,12.1239,13.2374,17.69,14.44,12.86,10.0,10.93,12.86,18.63,15.31,13.43,12.38,8.89,10.11,11.44,12.38,13.24,13.9,13.32,15.94,17.01,121.57
2015-07-14,11.3256,12.9936,16.43,13.0,11.18,9.12,9.45,11.18,17.87,14.57,12.72,11.68,8.58,9.64,10.84,11.68,12.99,13.37,12.18,15.46,16.83,123.11
2015-07-15,11.2106,12.8972,18.9,12.77,11.67,9.1,10.0,11.67,17.89,14.43,12.62,11.41,8.44,9.44,10.55,11.41,12.9,13.23,12.4,15.6,16.84,123.06
2015-07-16,10.0753,12.1165,9.69,9.23,8.56,7.55,7.96,8.56,16.21,13.12,11.41,10.48,7.96,8.82,9.73,10.48,12.12,12.11,10.35,14.73,16.38,124.67
2015-07-17,9.7388,12.0385,7.97,7.61,7.37,7.15,7.41,7.37,16.08,12.83,11.02,10.09,7.68,8.48,9.39,10.09,12.04,11.95,9.72,14.61,16.13,127.91
2015-07-20,10.0455,12.0473,16.18,13.02,10.5,7.94,8.66,10.5,18.17,14.42,12.47,11.46,8.57,9.39,10.47,11.46,12.05,12.25,11.1,14.85,16.25,125.06
2015-07-21,10.2492,12.1022,15.97,12.84,10.32,8.02,8.7,10.32,17.77,14.33,12.34,11.39,8.53,9.43,10.52,11.39,12.1,12.22,11.32,14.75,16.4,124.9
2015-07-22,9.9112,12.1673,15.5,12.58,10.11,7.77,8.43,10.11,17.67,14.25,12.33,11.33,8.34,9.31,10.42,11.33,12.17,12.12,11.2,14.81,16.36,130.42
2015-07-23,10.6696,12.5685,16.53,13.4,10.67,8.12,8.9,10.67,18.1,14.73,12.82,11.71,8.68,9.66,10.77,11.71,12.57,12.64,11.91,14.92,16.59,123.18
2015-07-24,11.9355,13.29,17.46,14.57,11.85,8.89,9.76,11.85,18.9,15.52,13.65,12.58,9.16,10.36,11.61,12.58,13.29,13.74,13.05,15.65,17.12,126.32
2015-07-27,13.6366,14.4483,19.71,16.71,13.75,10.37,11.45,13.75,20.76,17.09,15.06,13.98,10.27,11.58,12.96,13.98,14.45,15.6,16.61,16.78,17.78,126.67
2015-07-28,11.4934,13.0525,16.56,13.97,11.45,8.67,9.74,11.45,18.28,15.07,13.24,12.26,8.96,10.17,11.46,12.26,13.05,13.44,13.62,15.43,16.8,123.52
2015-07-29,10.4451,12.546,15.37,12.76,10.53,7.78,8.7,10.53,17.65,14.49,12.62,11.67,8.47,9.55,10.69,11.67,12.55,12.5,12.18,14.92,16.52,121.03
2015-07-30,9.9544,12.4786,15.02,12.16,9.97,7.53,8.41,9.97,17.29,14.14,12.35,11.36,8.4,9.4,10.59,11.36,12.48,12.13,11.06,14.71,16.37,122.06
2015-07-31,10.1099,12.5786,14.56,12.16,10.01,7.68,8.21,10.01,17.14,14.26,12.55,11.57,8.47,9.47,10.61,11.57,12.58,12.12,10.67,14.9,16.45,124.2
2015-08-03,10.7407,12.7506,15.07,12.66,10.45,7.89,8.65,10.45,17.19,14.44,12.7,11.77,8.61,9.62,10.78,11.77,12.75,12.56,12.12,14.84,16.37,119.32
2015-08-04,11.167,12.9342,14.96,12.89,10.82,8.49,9.15,10.82,17.37,14.54,12.88,11.9,8.82,9.91,11.13,11.9,12.93,13.0,12.42,15.13,16.61,119.79
2015-08-05,10.9255,12.8563,14.56,12.4,10.21,7.75,8.68,10.21,17.08,14.25,12.57,11.68,8.7,9.73,10.82,11.68,12.86,12.51,11.51,14.88,16.46,119.1
2015-08-06,11.8136,13.487,17.39,14.61,12.13,8.91,10.04,12.13,18.46,15.45,13.7,12.66,9.34,10.46,11.74,12.66,13.49,13.77,13.66,15.55,16.9,126.09
2015-08-07,11.8217,13.531,17.01,14.53,12.06,9.1,10.18,12.06,18.29,15.38,13.68,12.68,9.41,10.47,11.83,12.68,13.53,13.39,13.04,15.42,16.79,117.82
2015-08-10,10.3759,12.7373,14.02,12.11,10.0,7.57,8.31,10.0,16.84,14.15,12.37,11.5,8.53,9.6,10.81,11.5,12.74,12.23,11.44,14.99,16.49,121.54
2015-08-11,11.9774,13.7631,17.71,15.3,12.62,9.5,10.61,12.62,18.51,15.51,13.77,12.86,9.5,10.74,12.06,12.86,13.76,13.71,14.13,15.94,17.15,124.37
2015-08-12,12.0698,13.7192,17.76,15.06,12.72,9.32,10.57,12.72,18.56,15.73,13.95,12.84,9.4,10.69,11.95,12.84,13.72,13.61,14.27,15.87,17.14,119.97
2015-08-13,11.998,13.6243,16.9,14.41,12.52,9.36,10.21,12.52,18.22,15.51,13.74,12.72,9.36,10.53,11.83,12.72,13.62,13.49,13.63,15.75,17.09,119.96
2015-08-14,11.4959,13.3903,14.04,12.81,10.65,7.77,8.57,10.65,17.8,15.06,13.31,12.26,8.81,9.99,11.23,12.26,13.39,12.83,11.77,15.51,16.96,119.37
2015-08-17,11.4583,12.913,15.38,12.62,9.39,7.32,7.7,9.39,17.64,14.59,12.75,11.73,8.37,9.57,10.8,11.73,12.91,13.02,11.29,15.21,16.71,120.27
2015-08-18,12.0248,13.2732,16.88,13.45,10.67,8.41,8.99,10.67,18.19,15.2,13.21,12.22,8.84,9.9,11.19,12.22,13.27,13.79,12.14,15.61,17.03,124.34
2015-08-19,13.2582,13.9739,18.67,17.16,15.27,13.15,13.27,15.27,20.02,16.81,14.86,13.81,9.82,11.1,12.48,13.81,13.97,15.25,14.34,16.5,17.56,122.14
2015-08-20,17.0984,15.9613,20.78,19.73,18.94,17.34,18.09,18.94,24.38,21.13,18.63,17.39,12.79,14.45,16.22,17.39,15.96,19.14,20.88,18.83,19.1,118.76
2015-08-21,22.8914,19.4932,38.27,29.22,23.42,16.31,18.9,23.42,33.82,26.41,22.51,20.53,14.37,16.53,19.0,20.53,19.49,28.03,38.96,23.47,22.33,118.76
2015-08-24,32.2107,24.7038,55.02,43.91,34.57,23.69,27.48,34.57,45.93,36.47,31.24,28.56,18.62,22.22,25.19,28.56,24.7,40.74,54.61,31.14,27.36,129.46
2015-08-25,29.9492,24.1904,48.86,39.48,31.11,21.72,25.11,31.11,43.07,34.02,29.01,26.68,18.78,21.58,24.45,26.68,24.19,36.02,44.92,29.58,26.89,126.78
2015-08-26,25.1886,21.0906,39.66,32.17,26.08,18.97,21.52,26.08,36.11,28.72,24.7,22.86,16.33,18.43,20.88,22.86,21.09,30.32,37.88,25.65,24.37,124.35
2015-08-27,22.0263,19.629,33.42,28.02,22.73,16.47,18.67,22.73,33.18,26.36,22.58,20.51,14.7,16.49,18.6,20.51,19.63,26.1,28.89,24.86,23.38,126.31
2015-08-28,21.3818,19.8615,33.75,27.54,22.27,16.26,18.02,22.27,33.69,26.46,22.5,20.65,14.64,16.77,18.99,20.65,19.86,26.05,27.11,25.34,24.0,130.38
2015-08-31,22.738,21.0808,35.31,29.26,24.09,17.92,20.07,24.09,36.25,28.51,24.44,22.32,15.86,18.16,20.59,22.32,21.08,28.43,28.26,26.53,25.45,129.36
2015-09-01,26.4924,23.8675,38.02,32.85,27.07,20.58,22.86,27.07,39.19,31.75,27.5,25.51,18.1,20.77,23.45,25.51,23.87,31.4,31.21,29.53,27.39,125.35
2015-09-02,22.3089,21.2828,30.25,25.9,22.19,17.05,18.88,22.19,33.27,27.38,23.94,21.94,15.54,17.92,20.24,21.94,21.28,26.09,24.26,26.19,25.31,125.35
2015-09-03,21.9493,21.231,29.96,26.25,22.68,17.28,19.06,22.68,33.1,27.06,23.59,21.65,15.63,17.72,20.1,21.65,21.23,25.61,23.99,26.2,25.44,132.43
2015-09-04,23.5945,22.5044,31.99,28.19,24.38,18.57,20.79,24.38,35.36,29.08,25.29,23.02,16.51,18.9,21.34,23.02,22.5,27.8,26.88,28.07,26.25,142.19
2015-09-08,20.9599,20.5657,31.16,26.29,22.51,17.29,19.07,22.51,32.23,26.1,22.81,21.02,14.74,16.96,19.22,21.02,20.57,24.9,24.42,25.69,25.02,132.37
2015-09-09,22.4341,21.2173,34.16,29.34,25.01,20.26,22.05,25.01,33.46,27.24,23.86,22.05,15.61,17.9,20.34,22.05,21.22,26.23,27.9,26.31,26.04,137.03
2015-09-10,21.2635,20.4911,32.18,28.49,24.59,18.9,20.95,24.59,31.68,26.11,22.95,21.12,15.03,17.18,19.4,21.12,20.49,24.37,26.11,25.65,24.71,131.42
2015-09-11,20.1892,19.9249,28.19,25.6,22.19,17.32,18.17,22.19,29.43,24.68,21.84,20.18,14.28,16.43,18.57,20.18,19.92,23.2,23.43,24.68,24.87,118.18
2015-09-14,20.8848,20.3075,33.24,31.02,27.31,21.56,22.67,27.31,29.62,25.07,22.53,20.79,14.74,16.98,19.07,20.79,20.31,24.25,25.52,23.7,24.27,142.93
2015-09-15,19.4947,18.791,34.51,29.96,27.29,21.09,23.57,27.29,27.93,23.58,20.82,19.43,13.94,15.94,17.95,19.43,18.79,22.54,24.62,23.12,22.84,136.0
2015-09-16,17.7871,17.5109,38.25,33.51,29.33,23.84,26.07,29.33,26.73,21.91,19.4,17.83,12.84,14.57,16.43,17.83,17.51,21.35,23.75,22.33,21.57,142.16
2015-09-17,18.2508,17.8099,22.04,20.92,19.93,17.94,18.87,19.93,26.65,22.69,19.9,18.25,13.16,15.21,17.5,18.25,17.81,21.14,22.25,21.14,21.44,137.49
2015-09-18,19.0186,18.8672,27.62,23.59,18.93,13.48,15.35,18.93,29.62,23.77,20.7,19.1,13.42,15.33,17.37,19.1,18.87,22.28,21.78,23.2,22.9,119.47
2015-09-21,17.3224,17.7073,24.67,20.81,17.13,12.4,14.13,17.13,26.29,21.75,19.16,17.53,12.34,14.2,15.99,17.53,17.71,20.14,19.61,21.59,21.85,135.45
2015-09-22,19.4632,19.1217,27.37,23.47,19.44,14.21,16.13,19.44,28.78,23.69,20.85,19.21,13.69,15.81,17.75,19.21,19.12,22.44,23.45,23.28,23.14,135.94
2015-09-23,18.9075,18.6897,26.56,22.79,19.32,14.28,15.75,19.32,27.83,22.97,20.28,18.75,13.45,15.3,17.18,18.75,18.69,22.13,22.46,22.88,22.79,136.71
2015-09-24,20.1678,19.4871,27.14,23.75,20.32,15.7,17.46,20.32,28.68,23.87,21.09,19.63,14.4,16.48,18.44,19.63,19.49,23.47,24.22,23.46,23.2,134.03
2015-09-25,20.24,19.629,27.45,23.9,20.45,15.32,17.13,20.45,29.05,24.06,21.32,19.73,14.26,16.38,18.27,19.73,19.63,23.62,22.89,24.4,23.55,135.16
2015-09-28,23.84,21.7061,33.18,28.93,25.11,19.0,21.38,25.11,32.79,27.27,24.15,22.29,16.31,18.58,20.73,22.29,21.71,27.63,30.26,26.38,25.33,134.18
2015-09-29,23.2051,21.3766,31.59,27.86,24.45,19.02,20.92,24.45,32.0,26.72,23.68,21.95,16.24,18.39,20.45,21.95,21.38,26.83,28.56,26.0,24.96,136.71
2015-09-30,21.425,20.1215,29.2,26.11,22.45,18.14,19.57,22.45,30.05,25.02,22.2,20.63,15.3,17.32,19.31,20.63,20.12,24.5,25.7,24.75,24.09,113.9
2015-10-01,20.1165,19.4227,26.22,23.54,21.01,16.62,17.8,21.01,28.02,23.58,20.99,19.6,14.54,16.47,18.32,19.6,19.42,22.55,21.93,23.83,23.6,124.81
2015-10-02,18.7813,18.5334,23.9,21.48,18.7,14.65,16.12,18.7,26.26,22.31,20.06,18.81,14.21,15.67,17.41,18.81,18.53,20.94,19.35,22.6,23.05,115.75
2015-10-05,17.2783,17.3908,22.61,19.55,17.13,14.61,15.16,17.13,24.71,20.71,18.48,17.24,13.02,14.74,16.39,17.24,17.39,19.54,19.02,21.33,21.99,132.83
2015-10-06,17.1227,17.277,21.67,19.02,16.64,13.8,14.4,16.64,24.73,21.21,18.82,17.4,12.57,14.45,15.75,17.4,17.28,19.4,18.19,21.59,22.06,129.32
2015-10-07,16.0708,16.691,19.91,17.29,14.75,11.82,12.59,14.75,23.37,19.78,17.63,16.51,12.19,13.76,15.2,16.51,16.69,18.4,16.39,20.71,21.41,132.39
2015-10-08,14.9225,15.9065,18.96,15.86,13.2,11.03,12.1,13.2,22.55,18.81,16.73,15.41,11.35,12.84,14.23,15.41,15.91,17.42,15.47,20.09,21.08,136.69
2015-10-09,14.7446,15.8104,16.64,14.18,11.87,10.7,11.5,11.87,22.28,18.47,16.39,15.17,10.94,12.5,13.83,15.17,15.81,17.08,14.27,19.85,20.52,134.66
2015-10-12,13.9288,15.1411,18.11,15.03,12.64,11.27,11.66,12.64,20.7,17.31,15.33,14.46,10.59,11.86,13.25,14.46,15.14,16.17,14.73,19.26,20.1,137.25
2015-10-13,15.0724,16.1136,20.46,17.04,14.78,14.31,14.18,14.78,22.42,18.67,16.46,15.41,11.55,12.88,14.39,15.41,16.11,17.67,16.53,20.5,21.1,133.81
2015-10-14,15.5041,16.436,22.38,15.53,13.79,13.92,14.78,13.79,22.42,18.81,16.69,15.54,11.78,13.33,14.84,15.54,16.44,18.03,16.9,20.81,21.34,135.82
2015-10-15,13.7796,15.0123,13.57,12.95,12.04,10.42,10.82,12.04,20.37,17.33,15.26,14.04,10.17,11.41,12.69,14.04,15.01,16.05,13.85,19.43,19.86,144.72
2015-10-16,12.8463,14.7131,19.68,16.3,13.19,9.53,10.74,13.19,21.92,17.87,15.53,14.31,10.23,11.79,13.27,14.31,14.71,15.05,12.89,18.67,19.94,135.04
2015-10-19,12.5054,14.1992,18.92,15.62,12.64,9.43,10.57,12.64,20.89,17.04,14.87,13.73,9.83,11.52,12.78,13.73,14.2,14.98,13.87,17.86,19.4,139.92
2015-10-20,13.1625,14.6297,19.43,16.25,13.29,10.06,11.11,13.29,21.68,17.63,15.51,14.25,10.41,11.76,13.19,14.25,14.63,15.75,15.01,18.6,19.89,140.7
2015-10-21,14.3363,15.531,20.56,17.51,14.58,10.9,12.19,14.58,23.02,18.91,16.52,15.28,11.23,12.67,14.13,15.28,15.53,16.7,16.67,19.46,20.86,133.07
2015-10-22,12.3468,13.8086,18.21,15.32,12.43,9.2,10.31,12.43,20.33,16.53,14.52,13.31,9.79,11.12,12.45,13.31,13.81,14.45,13.1,17.16,19.1,121.02
2015-10-23,12.1583,13.8475,17.91,14.9,12.22,9.45,10.38,12.22,20.39,16.64,14.47,13.36,9.9,11.12,12.41,13.36,13.85,14.46,13.15,17.48,19.21,135.62
2015-10-26,13.0271,14.5635,19.55,16.25,13.29,10.16,11.13,13.29,21.59,17.54,15.28,14.09,10.43,11.68,13.1,14.09,14.56,15.29,15.2,17.99,19.76,132.29
2015-10-27,13.0339,14.472,19.53,16.32,13.39,10.46,11.48,13.39,21.33,17.44,15.19,14.01,10.41,11.66,12.96,14.01,14.47,15.43,16.31,18.14,19.68,132.17
2015-10-28,12.158,13.9677,17.9,14.94,12.6,9.81,10.77,12.6,20.34,16.49,14.44,13.28,9.94,11.13,12.44,13.28,13.97,14.33,14.57,17.49,19.23,134.43
2015-10-29,12.0748,14.0928,18.67,15.48,12.82,9.91,10.76,12.82,20.8,16.81,14.71,13.54,10.02,11.14,12.43,13.54,14.09,14.61,14.54,17.81,19.53,134.64
2015-10-30,12.2866,14.4002,19.17,15.57,12.85,10.12,10.98,12.85,21.31,17.25,14.98,13.78,10.24,11.4,12.72,13.78,14.4,15.07,14.31,18.4,19.84,125.77
2015-11-02,11.3775,13.4031,17.1,14.24,11.68,9.29,10.19,11.68,19.89,15.92,13.85,12.71,9.46,10.53,11.74,12.71,13.4,14.15,13.68,17.42,19.18,138.78
2015-11-03,11.8378,13.5443,17.8,14.7,12.01,9.75,10.18,12.01,20.22,16.21,13.96,12.85,9.73,10.69,11.92,12.85,13.54,14.54,13.81,17.47,19.19,137.4
2015-11-04,12.8029,14.1912,18.93,15.54,12.7,10.2,11.06,12.7,21.21,16.9,14.74,13.6,10.35,11.4,12.66,13.6,14.19,15.51,14.76,18.31,19.66,134.44
2015-11-05,12.5257,14.1258,18.13,14.83,12.3,9.97,10.77,12.3,20.59,16.58,14.43,13.31,10.16,11.17,12.38,13.31,14.13,15.05,14.22,17.81,19.48,135.21
2015-11-06,11.8106,13.8439,16.75,13.58,11.34,8.98,9.95,11.34,19.65,15.94,13.87,12.76,9.68,10.68,11.87,12.76,13.84,14.33,12.6,17.45,19.13,137.75
2015-11-09,13.5159,14.9033,20.02,16.81,13.86,11.07,11.99,13.86,21.86,17.73,15.47,14.3,10.66,11.9,13.36,14.3,14.9,16.52,16.39,18.85,19.98,134.34
2015-11-10,12.6956,14.4462,18.02,15.36,12.59,9.76,10.75,12.59,20.52,16.73,14.68,13.55,10.1,11.3,12.57,13.55,14.45,15.29,14.29,18.02,19.68,132.24
2015-11-11,13.5696,14.9373,19.3,15.89,13.31,11.53,11.61,13.31,21.32,17.46,15.38,14.15,10.56,11.8,13.13,14.15,14.94,16.06,15.6,18.45,19.73,132.44
2015-11-12,15.4811,16.4248,22.29,19.03,15.99,13.21,13.93,15.99,23.65,19.45,17.18,15.93,11.75,13.31,14.76,15.93,16.42,18.37,18.39,20.17,21.0,136.93
2015-11-13,16.8907,17.4978,24.63,21.02,18.02,14.15,14.88,18.02,25.37,21.1,18.71,17.4,13.09,14.62,16.17,17.4,17.5,20.08,20.43,21.58,22.3,139.5
2015-11-16,15.536,16.1808,22.05,18.61,15.69,14.08,15.02,15.69,22.99,19.03,17.08,15.83,11.9,12.84,14.75,15.83,16.18,18.16,16.81,19.98,21.05,131.77
2015-11-17,16.0747,16.4598,23.27,19.63,16.74,14.59,15.25,16.74,23.57,19.62,17.35,16.16,12.14,13.62,15.11,16.16,16.46,18.84,17.02,20.43,21.01,136.97
2015-11-18,14.175,15.2725,16.55,13.18,11.75,11.43,11.43,11.75,21.29,17.62,15.56,14.37,10.82,12.02,13.32,14.37,15.27,16.85,13.33,19.22,20.17,136.86
2015-11-19,14.2052,15.4902,12.58,11.82,10.96,9.8,10.23,10.96,21.35,17.55,15.38,14.25,10.74,11.94,13.22,14.25,15.49,16.99,13.62,19.64,20.65,139.17
2015-11-20,13.1154,14.8643,19.78,16.28,13.04,9.68,10.77,13.04,21.73,17.61,15.24,14.01,10.1,11.45,12.91,14.01,14.86,15.47,12.4,18.94,20.77,126.86
2015-11-23,13.0964,14.7708,19.56,16.06,13.12,9.67,10.64,13.12,21.45,17.46,15.18,13.96,10.1,11.44,12.87,13.96,14.77,15.62,14.07,18.63,20.11,139.51
2015-11-24,13.18,14.769,19.87,16.26,13.15,9.69,10.93,13.15,21.58,17.52,15.16,13.92,10.07,11.47,12.99,13.92,14.77,15.93,14.54,18.71,20.3,138.17
2015-11-25,12.7461,14.6121,19.17,15.68,12.7,9.18,10.34,12.7,21.13,17.08,14.79,13.63,9.63,10.97,12.31,13.63,14.61,15.19,14.35,18.19,19.93,139.45
2015-11-27,12.8621,14.7937,22.71,15.49,13.14,8.89,11.05,13.14,21.59,17.39,14.84,13.65,9.46,11.21,12.57,13.65,14.79,15.12,14.21,17.35,19.51,137.66
2015-11-30,13.9252,15.0436,21.16,17.38,14.39,10.61,12.04,14.39,21.92,17.76,15.41,14.24,10.32,11.75,13.17,14.24,15.04,16.13,16.6,18.49,20.11,127.25
2015-12-01,12.4061,14.0449,18.55,15.52,12.87,9.58,10.65,12.87,20.25,16.4,14.18,13.01,9.39,10.73,12.06,13.01,14.04,14.67,13.99,17.58,19.79,135.57
2015-12-02,13.8149,14.8999,20.4,17.33,14.38,11.18,12.07,14.38,21.7,17.6,15.35,14.08,10.2,11.53,12.97,14.08,14.9,15.91,15.97,18.33,19.97,132.66
2015-12-03,15.6425,16.1947,22.9,19.6,16.65,13.01,14.4,16.65,23.72,19.4,16.93,15.62,11.44,13.02,14.53,15.62,16.19,18.11,18.71,20.11,21.28,135.26
2015-12-04,12.594,14.4549,17.7,15.63,13.04,10.35,11.31,13.04,20.21,16.32,14.25,13.16,9.83,10.94,12.3,13.16,14.45,14.81,13.65,18.17,19.65,136.31
2015-12-07,13.6388,14.9836,20.08,17.3,14.63,11.69,12.63,14.63,20.89,17.07,14.93,13.9,10.41,11.6,12.88,13.9,14.98,15.84,16.0,18.65,19.95,136.77
2015-12-08,15.1212,15.9199,23.24,20.01,17.03,13.56,15.04,17.03,22.66,18.68,16.41,15.14,11.38,12.87,14.44,15.14,15.92,17.6,18.81,20.06,20.8,131.25
2015-12-09,16.5327,16.6758,27.13,23.45,20.18,16.46,17.88,20.18,24.74,20.42,17.98,16.64,12.52,14.11,15.76,16.64,16.68,19.61,22.07,21.05,21.56,134.26
2015-12-10,16.4635,17.1824,25.74,22.38,19.25,14.86,16.37,19.25,24.44,20.23,17.78,16.58,12.09,13.73,15.33,16.58,17.18,19.34,20.42,20.76,21.74,134.94
2015-12-11,20.0797,19.0034,41.7,30.28,26.78,21.32,22.6,26.78,30.4,24.52,21.43,19.78,14.63,16.45,18.42,19.78,19.0,24.39,28.0,24.38,24.59,146.53
2015-12-14,19.0667,18.3244,32.21,29.54,27.02,24.72,25.51,27.02,27.68,22.95,20.41,19.0,14.22,16.14,17.76,19.0,18.32,22.73,25.78,23.3,23.4,140.92
2015-12-15,17.6301,17.3617,38.89,32.39,28.51,21.97,24.93,28.51,25.93,21.47,18.96,17.66,13.36,14.87,16.46,17.66,17.36,20.95,23.05,21.86,22.45,143.35
2015-12-16,15.3101,15.8851,30.06,25.25,21.55,18.57,19.18,21.55,22.21,18.67,16.54,15.4,11.82,12.94,14.33,15.4,15.89,17.86,18.81,19.57,20.73,135.5
2015-12-17,16.3904,16.8742,19.58,18.57,17.76,16.05,16.86,17.76,23.3,19.78,17.59,16.66,12.55,14.01,15.96,16.66,16.87,18.94,18.88,20.37,21.47,131.2
2015-12-18,17.7766,18.1924,25.53,21.44,17.85,13.57,14.95,17.85,27.11,22.17,19.43,17.9,12.64,14.7,16.48,17.9,18.19,20.7,19.38,21.26,22.51,140.84
2015-12-21,16.3493,17.2318,22.33,19.6,16.64,12.59,14.06,16.64,24.86,20.58,18.1,16.75,12.18,13.85,15.55,16.75,17.23,18.7,17.55,21.11,21.87,125.18
2015-12-22,14.7127,16.2102,20.05,17.23,14.76,11.2,12.6,14.76,22.79,18.94,16.74,15.44,11.23,12.75,14.3,15.44,16.21,16.6,15.06,19.84,20.98,133.63
2015-12-23,13.6761,15.5592,18.89,16.09,13.45,10.52,11.68,13.45,22.27,18.29,16.07,14.79,10.8,12.28,13.85,14.79,15.56,15.57,13.64,19.33,20.61,134.69
2015-12-24,13.6388,15.6104,19.81,16.04,13.35,10.29,11.6,13.35,22.45,18.31,16.2,14.92,10.65,12.17,13.89,14.92,15.61,15.74,13.47,19.69,20.75,128.78
2015-12-28,14.714,15.8539,20.53,17.09,14.03,10.93,12.24,14.03,22.92,18.72,16.43,15.16,10.94,12.53,14.11,15.16,15.85,16.91,15.79,19.68,20.65,136.29
2015-12-29,13.5484,15.061,19.04,15.84,12.7,9.94,10.8,12.7,22.07,17.73,15.4,14.2,10.17,11.61,13.1,14.2,15.06,16.08,14.74,19.1,20.23,139.26
2015-12-30,14.4734,15.6431,20.26,16.73,13.88,10.72,11.65,13.88,23.09,18.51,16.19,14.86,10.66,12.15,13.66,14.86,15.64,17.29,15.96,19.59,20.38,143.0
2015-12-31,15.5819,16.1913,21.4,18.16,15.42,11.92,13.19,15.42,23.56,19.18,16.74,15.46,11.24,12.75,14.4,15.46,16.19,18.21,17.52,19.8,20.59,124.43
2016-01-04,17.9375,17.6937,25.04,22.74,19.51,15.35,16.8,19.51,25.85,21.22,18.68,17.38,12.51,13.87,15.57,17.38,17.69,20.7,21.93,22.01,22.13,140.0
2016-01-05,17.0818,17.1602,22.56,20.46,18.21,14.56,15.95,18.21,24.3,20.33,18.04,16.76,12.11,13.88,15.54,16.76,17.16,19.34,19.37,20.52,21.21,135.07
2016-01-06,18.3738,18.0552,23.76,21.76,19.92,16.56,17.85,19.92,25.46,21.54,19.32,17.74,13.05,14.77,16.43,17.74,18.06,20.59,20.6,21.27,22.14,128.31
2016-01-07,21.5618,20.212,29.67,27.01,24.44,20.47,21.83,24.44,29.42,24.88,22.25,20.89,15.68,17.56,19.49,20.89,20.21,24.99,26.19,24.62,24.2,135.94
2016-01-08,22.7447,21.1934,33.05,28.26,25.12,22.05,22.44,25.12,31.39,26.35,23.47,21.93,16.37,18.42,20.45,21.93,21.19,27.01,27.98,26.23,25.49,138.83
2016-01-11,20.7487,19.9539,28.71,25.71,23.84,22.88,23.46,23.84,28.94,23.98,21.47,20.11,15.2,17.08,18.91,20.11,19.95,24.3,24.21,24.73,24.53,142.52
2016-01-12,19.2662,18.9716,25.9,23.7,21.25,20.75,22.68,21.25,26.8,22.56,20.2,18.88,14.33,16.08,17.82,18.88,18.97,22.47,22.3,22.53,23.4,138.67
2016-01-13,21.7662,20.7847,32.6,29.44,28.52,25.03,26.78,28.52,29.54,25.1,22.58,21.18,15.97,17.98,19.84,21.18,20.78,25.22,25.57,24.89,24.82,145.88
2016-01-14,20.708,19.8927,24.86,23.9,23.37,21.37,22.24,23.37,28.75,24.26,21.64,20.27,15.15,17.1,18.95,20.27,19.89,23.95,24.63,23.53,24.09,138.79
2016-01-15,22.6213,21.4086,32.51,26.88,21.92,16.41,18.34,21.92,32.32,26.69,23.36,21.61,15.62,17.84,20.01,21.61,21.41,27.02,29.6,26.88,26.19,145.03
2016-01-19,22.2189,21.3114,32.33,26.19,22.25,16.43,18.53,22.25,32.83,26.67,23.45,21.19,15.76,17.91,19.77,21.19,21.31,26.05,30.43,26.44,25.64,137.9
2016-01-20,23.623,22.0301,34.37,28.47,23.43,17.71,19.73,23.43,34.09,27.7,24.26,22.49,16.65,18.74,20.86,22.49,22.03,27.59,32.85,27.81,26.8,134.82
2016-01-21,22.8532,21.861,33.03,27.57,22.89,17.37,19.42,22.89,33.56,27.42,24.08,22.28,16.31,18.52,20.66,22.28,21.86,26.69,29.99,26.71,26.54,132.99
2016-01-22,19.228,19.6235,27.24,23.09,19.42,14.94,16.53,19.42,28.47,24.11,21.29,19.66,14.55,16.38,18.23,19.66,19.62,22.34,22.59,24.28,24.58,133.64
2016-01-25,21.0703,20.9091,29.03,24.98,21.12,16.65,18.22,21.12,30.84,25.63,22.69,21.0,15.73,17.69,19.58,21.0,20.91,24.15,26.04,25.25,25.45,132.27
2016-01-26,19.9738,19.9896,26.58,23.15,20.07,16.07,17.46,20.07,28.69,24.08,21.45,20.07,14.74,17.08,18.82,20.07,19.99,22.5,24.25,23.29,24.34,129.53
2016-01-27,20.5376,20.6756,27.13,23.98,20.86,16.56,18.12,20.86,29.64,24.97,22.27,20.77,15.72,17.56,19.37,20.77,20.68,23.11,24.51,24.47,25.05,129.06
2016-01-28,19.6027,20.0698,26.04,22.98,19.95,16.31,17.86,19.95,28.62,24.18,21.57,20.15,14.66,17.23,18.98,20.15,20.07,22.42,23.4,24.02,24.61,129.23
2016-01-29,17.3199,18.5551,23.24,20.2,17.43,14.23,15.65,17.43,26.45,22.03,19.52,18.2,13.72,15.48,17.15,18.2,18.56,20.2,19.37,22.66,22.82,120.86
2016-02-01,17.4202,18.6604,22.59,20.1,17.46,14.18,15.61,17.46,26.3,22.03,19.58,18.22,13.69,15.46,17.14,18.22,18.66,19.98,19.68,22.01,22.42,126.38
2016-02-02,19.586,20.1067,24.87,22.56,19.82,15.92,17.36,19.82,28.15,23.96,21.47,20.0,14.78,16.77,18.73,20.0,20.11,21.98,22.19,23.41,23.71,119.83
2016-02-03,19.4571,19.8476,24.58,22.37,19.59,15.91,17.32,19.59,27.81,23.68,21.23,19.82,14.7,16.69,18.48,19.82,19.85,21.65,22.35,23.2,23.64,122.04
2016-02-04,19.7459,20.1224,24.37,22.01,19.42,15.96,17.26,19.42,28.08,23.77,21.55,20.23,14.93,16.87,18.63,20.23,20.12,21.84,21.75,23.66,24.18,122.69
2016-02-05,21.5201,21.3868,25.84,23.9,21.29,17.65,19.16,21.29,29.18,25.38,23.0,21.58,16.24,18.48,20.25,21.58,21.39,23.38,22.96,24.48,25.03,119.01
2016-02-08,23.7319,22.728,29.97,27.52,24.65,20.68,22.13,24.65,31.42,27.41,24.85,23.51,18.06,20.25,22.18,23.51,22.73,26.0,26.4,25.98,26.29,120.25
2016-02-09,24.1064,23.0174,31.23,28.41,25.28,20.9,22.52,25.28,32.28,27.92,25.3,23.83,18.16,20.5,22.45,23.83,23.02,26.54,26.84,26.8,26.65,120.74
2016-02-10,23.9166,22.9872,29.88,27.21,24.69,20.64,22.33,24.69,32.29,27.94,25.32,23.91,18.41,20.6,22.6,23.91,22.99,26.29,25.53,26.72,26.65,120.36
2016-02-11,25.4174,24.084,31.84,29.15,26.17,21.36,23.69,26.17,32.87,29.72,26.92,25.29,19.73,21.74,23.82,25.29,24.08,28.14,27.36,27.72,27.85,122.38
2016-02-12,22.9304,22.7806,25.15,22.96,20.83,16.8,18.48,20.83,32.41,27.21,24.61,23.13,17.74,19.78,21.77,23.13,22.78,25.4,22.71,26.23,26.96,117.75
2016-02-16,21.2671,21.4464,24.63,21.21,18.73,17.08,18.39,18.73,29.84,25.46,22.93,21.51,16.4,18.3,20.22,21.51,21.45,24.11,21.81,25.01,25.97,125.77
2016-02-17,19.761,20.2018,21.86,19.29,17.27,16.87,16.84,17.27,27.65,23.39,21.06,19.82,15.07,17.03,18.72,19.82,20.2,22.31,20.27,23.55,24.77,124.99
2016-02-18,19.3263,19.9404,19.36,18.63,17.87,16.6,17.12,17.87,26.74,22.81,20.62,19.32,14.75,16.56,18.17,19.32,19.94,21.64,19.53,23.2,24.46,125.33
2016-02-19,18.2431,19.3817,25.85,21.55,18.31,14.31,15.78,18.31,27.85,22.84,20.19,18.76,13.63,15.69,17.45,18.76,19.38,20.53,18.22,22.8,24.11,123.61
2016-02-22,16.9196,18.1777,23.53,20.22,17.22,13.51,14.96,17.22,25.66,21.4,18.88,17.59,13.04,14.7,16.42,17.59,18.18,19.38,18.39,21.62,23.25,117.46
2016-02-23,18.5314,19.1688,25.48,22.11,18.82,14.79,16.25,18.82,27.22,22.77,20.12,18.75,13.84,15.65,17.46,18.75,19.17,20.98,20.69,22.44,24.01,119.67
2016-02-24,18.4507,18.9965,25.29,22.1,18.85,14.84,16.39,18.85,26.88,22.53,20.04,18.49,13.81,15.52,17.26,18.49,19.0,20.72,20.72,22.34,23.62,119.46
2016-02-25,16.8646,17.8908,23.2,20.18,17.3,13.49,14.83,17.3,25.47,21.01,18.64,17.36,13.46,14.58,16.23,17.36,17.89,19.11,17.79,21.24,22.84,122.02
2016-02-26,17.4839,18.32,24.17,20.94,17.92,14.07,15.59,17.92,25.59,21.86,19.33,18.13,12.91,14.98,16.71,18.13,18.32,19.81,18.56,21.86,23.11,118.65
2016-02-29,18.3053,18.7888,24.94,22.06,19.07,14.83,16.46,19.07,26.86,22.56,20.06,18.56,13.55,15.47,17.21,18.56,18.79,20.55,20.36,22.39,23.57,117.68
2016-03-01,15.7478,16.7596,21.45,18.57,16.21,12.49,13.85,16.21,23.81,19.6,17.35,16.18,11.72,13.41,15.01,16.18,16.76,17.7,17.04,20.28,21.99,119.81
2016-03-02,15.0617,16.4394,20.21,17.58,15.29,12.09,13.3,15.29,22.78,18.99,16.89,15.77,11.47,13.02,14.51,15.77,16.44,17.09,15.78,19.92,21.5,122.35
2016-03-03,14.9578,16.1455,19.77,17.28,15.21,12.35,13.53,15.21,22.04,18.53,16.56,15.45,11.42,12.92,14.3,15.45,16.15,16.7,15.91,19.49,21.11,125.27
2016-03-04,14.9212,16.1532,20.57,17.79,15.49,12.29,13.63,15.49,22.14,18.68,16.56,15.42,11.21,12.82,14.25,15.42,16.15,16.86,15.86,19.63,21.17,121.65
2016-03-07,15.29,16.4009,21.01,18.5,16.36,13.45,14.65,16.36,22.48,18.83,16.7,15.51,11.47,13.06,14.51,15.51,16.4,17.35,17.66,19.9,21.54,124.01
2016-03-08,16.5369,17.4652,22.55,19.88,17.8,14.57,15.93,17.8,24.14,20.08,17.89,16.61,12.4,13.98,15.53,16.61,17.47,18.67,19.17,21.04,22.45,123.53
2016-03-09,16.2546,17.0801,21.71,19.28,17.28,15.01,16.1,17.28,23.47,19.62,17.42,16.34,12.24,13.83,15.37,16.34,17.08,18.34,18.79,20.75,22.17,123.47
2016-03-10,15.8459,17.0996,20.92,18.34,16.39,13.71,14.79,16.39,23.31,19.44,17.29,16.06,11.83,13.43,14.96,16.06,17.1,18.05,17.66,20.71,22.08,130.04
2016-03-11,14.3475,15.9479,17.41,15.24,13.62,11.72,12.64,13.62,21.28,17.76,15.71,14.6,10.77,12.22,13.61,14.6,15.95,16.5,15.2,19.47,21.3,128.99
2016-03-14,14.5144,15.8983,19.02,17.08,16.0,13.58,14.86,16.0,21.67,17.79,15.69,14.58,10.92,12.24,13.61,14.58,15.9,16.92,15.99,19.42,21.06,133.3
2016-03-15,14.4785,15.9502,22.02,19.59,18.28,16.53,16.87,18.28,21.36,17.68,15.62,14.5,11.08,12.36,13.66,14.5,15.95,16.84,16.46,19.33,20.91,132.45
2016-03-16,13.1692,15.2661,18.67,15.46,14.37,15.28,15.15,14.37,18.88,15.78,14.04,13.1,10.08,11.29,12.5,13.1,15.27,14.99,14.07,18.48,20.19,125.42
2016-03-17,12.6788,14.7425,11.68,11.42,10.85,9.96,10.25,10.85,17.83,15.03,13.43,12.6,9.62,10.66,11.79,12.6,14.74,14.44,13.05,18.14,19.83,126.65
2016-03-18,12.2279,14.5332,17.08,14.39,12.04,9.39,10.39,12.04,21.22,17.23,14.99,13.78,9.85,11.29,12.74,13.78,14.53,14.02,12.47,17.93,19.78,126.75
2016-03-21,11.9622,14.279,16.64,13.96,11.63,9.06,9.99,11.63,20.65,16.78,14.62,13.43,9.54,10.98,12.4,13.43,14.28,13.79,12.77,17.59,19.49,129.35
2016-03-22,12.2061,14.3792,17.14,14.25,11.76,9.14,10.13,11.76,20.92,16.92,14.65,13.46,9.54,11.02,12.5,13.46,14.38,14.17,13.14,17.75,19.59,130.99
2016-03-23,13.1069,15.0173,17.48,14.88,12.68,9.94,10.93,12.68,21.49,17.64,15.29,14.08,10.15,11.61,13.08,14.08,15.02,14.94,13.36,18.3,20.13,129.67
2016-03-24,12.989,15.0623,16.93,14.66,12.41,9.7,10.65,12.41,21.49,17.58,15.37,14.11,10.02,11.56,13.0,14.11,15.06,14.74,12.35,18.27,20.06,119.02
2016-03-28,13.402,15.1184,17.33,15.01,12.73,10.01,11.01,12.73,21.29,17.51,15.37,14.14,10.22,11.65,13.06,14.14,15.12,15.24,14.07,18.3,20.06,127.74
2016-03-29,12.0854,14.217,15.45,12.98,11.08,8.81,9.6,11.08,19.54,16.0,13.99,12.91,9.33,10.64,11.94,12.91,14.22,13.82,12.17,17.24,19.18,132.61
2016-03-30,11.6999,13.772,14.76,12.39,10.74,8.6,9.38,10.74,19.02,15.43,13.42,12.38,9.08,10.38,11.68,12.38,13.77,13.56,11.87,16.92,18.93,128.67
2016-03-31,12.0958,14.0241,15.46,12.87,11.01,8.94,9.73,11.01,19.46,15.77,13.8,12.71,9.21,10.56,11.91,12.71,14.02,13.95,12.25,17.08,19.03,122.03
2016-04-01,11.1926,13.4466,13.98,11.85,10.14,8.04,8.64,10.14,18.44,15.02,13.1,12.1,8.65,9.94,11.2,12.1,13.45,13.1,10.92,16.5,18.58,124.03
2016-04-04,12.1854,14.141,14.7,12.68,11.31,9.21,9.91,11.31,19.06,15.7,13.83,12.83,9.36,10.67,11.93,12.83,14.14,14.12,12.5,17.23,19.14,125.23
2016-04-05,13.4519,15.1555,16.64,14.19,12.62,10.75,11.78,12.62,20.63,17.05,15.02,13.9,10.17,11.62,13.04,13.9,15.16,15.42,13.96,18.38,20.06,120.27
2016-04-06,12.2162,14.1843,14.62,12.7,11.23,9.24,9.96,11.23,19.0,15.73,13.82,12.8,9.17,10.56,11.86,12.8,14.18,14.09,12.56,17.28,19.25,125.06
2016-04-07,14.1363,15.6128,17.68,15.3,13.43,11.28,12.33,13.43,21.56,17.62,15.65,14.44,10.27,11.81,13.29,14.44,15.61,16.16,15.2,18.86,20.61,125.13
2016-04-08,13.3155,15.1032,15.41,13.25,11.44,9.22,10.33,11.44,20.53,16.89,14.85,13.72,9.69,11.22,12.69,13.72,15.1,15.36,13.59,18.32,20.26,113.84
2016-04-11,12.9192,15.5781,17.8,16.1,14.21,13.7,14.39,14.21,21.2,17.54,15.5,14.37,10.36,11.83,13.31,14.37,15.58,16.26,15.59,18.89,20.74,119.13
2016-04-12,12.757,14.7225,16.08,13.32,11.69,11.29,11.46,11.69,19.68,16.12,14.2,13.12,9.35,10.83,12.16,13.12,14.72,14.85,13.71,17.97,19.94,126.17
2016-04-13,11.631,13.9518,14.32,11.54,9.87,10.61,10.18,9.87,18.13,14.82,12.98,12.01,8.91,10.01,11.18,12.01,13.95,13.84,12.45,17.26,19.39,127.13
2016-04-14,11.533,13.8704,9.84,9.42,8.99,8.39,8.62,8.99,18.02,14.63,12.81,11.84,8.91,9.88,11.0,11.84,13.87,13.72,12.32,17.24,19.4,126.23
2016-04-15,11.4163,13.6798,17.83,14.5,11.63,8.92,9.87,11.63,20.64,16.49,14.19,12.97,9.53,10.71,12.14,12.97,13.68,13.62,12.2,17.16,19.3,123.1
2016-04-18,11.1215,13.2354,16.89,13.68,11.05,8.72,9.38,11.05,19.37,15.45,13.33,12.21,9.22,10.08,11.28,12.21,13.24,13.35,12.86,16.51,18.75,120.55
2016-04-19,11.0693,13.1333,16.74,13.61,11.1,8.83,9.56,11.1,19.27,15.45,13.38,12.31,9.31,10.25,11.44,12.31,13.13,13.24,12.86,16.47,18.59,126.19
2016-04-20,11.2188,13.2772,16.61,13.66,11.37,9.08,9.66,11.37,19.55,15.61,13.55,12.51,9.59,10.36,11.54,12.51,13.28,13.28,12.8,16.6,18.74,126.2
2016-04-21,11.7748,13.7772,17.5,14.39,11.96,9.51,10.3,11.96,20.42,16.25,14.18,13.09,9.96,10.91,12.12,13.09,13.78,13.95,13.18,17.14,19.28,127.06
2016-04-22,11.261,13.4519,16.3,13.52,11.23,8.84,9.66,11.23,19.51,15.59,13.6,12.53,9.51,10.47,11.67,12.53,13.45,13.22,11.93,16.64,19.02,123.25
2016-04-25,12.04,13.8705,17.14,14.25,11.94,9.4,10.23,11.94,20.1,16.11,14.02,12.95,9.84,10.78,12.01,12.95,13.87,14.08,13.62,17.22,19.31,126.78
2016-04-26,11.9541,13.6624,16.78,13.95,11.8,9.66,10.34,11.8,19.63,15.7,13.7,12.7,9.72,10.6,11.79,12.7,13.66,13.96,13.5,16.92,19.11,127.4
2016-04-27,11.8104,13.5088,16.42,13.8,11.71,9.51,10.24,11.71,19.17,15.49,13.54,12.54,9.62,10.52,11.65,12.54,13.51,13.77,12.81,16.77,19.01,126.09
2016-04-28,12.9275,14.4123,18.37,15.4,12.86,10.18,11.2,12.86,20.79,16.64,14.56,13.44,10.1,11.21,12.52,13.44,14.41,15.22,14.55,17.78,19.75,125.44
2016-04-29,13.2908,14.9234,19.85,16.49,13.68,10.76,11.71,13.68,22.04,17.74,15.45,14.19,10.3,11.67,13.09,14.19,14.92,15.7,14.79,18.45,20.28,126.49
2016-05-02,12.2421,14.228,17.62,14.7,12.34,9.88,10.74,12.34,20.24,16.37,14.27,13.12,9.6,10.85,12.18,13.12,14.23,14.68,13.77,17.78,19.82,127.67
2016-05-03,13.3962,15.0283,18.54,15.91,13.34,10.66,11.86,13.34,21.0,17.17,15.13,13.98,10.29,11.65,13.0,13.98,15.03,15.6,15.17,18.57,20.47,125.94
2016-05-04,14.0642,15.5201,18.98,16.43,14.14,11.51,12.4,14.14,21.29,17.59,15.58,14.47,10.88,12.09,13.43,14.47,15.52,16.05,15.47,18.91,20.76,124.31
2016-05-05,13.9125,15.5847,18.27,16.21,14.22,11.32,12.2,14.22,21.13,17.5,15.54,14.44,10.75,12.02,13.41,14.44,15.58,15.91,15.37,18.92,20.83,123.74
2016-05-06,12.9692,15.0502,16.3,14.45,12.47,10.43,11.38,12.47,19.76,16.41,14.55,13.51,10.17,11.42,12.62,13.51,15.05,14.72,13.38,18.27,20.4,120.82
2016-05-09,12.7049,14.8042,16.17,14.53,12.76,10.35,11.06,12.76,19.38,16.18,14.36,13.29,9.94,11.1,12.32,13.29,14.8,14.57,13.86,18.05,20.18,123.17
2016-05-10,11.6603,13.9955,14.91,12.99,11.3,9.87,9.88,11.3,18.11,14.97,13.25,12.37,9.42,10.39,11.46,12.37,14.0,13.63,12.8,17.18,19.53,124.1
2016-05-11,12.7928,14.8672,16.08,13.94,12.38,10.39,11.16,12.38,19.17,16.01,14.23,13.21,10.03,11.22,12.37,13.21,14.87,14.69,13.75,18.02,20.11,122.19
2016-05-12,12.6332,14.6878,15.59,13.62,11.89,10.17,11.14,11.89,18.8,15.72,14.03,13.01,9.77,10.94,12.11,13.01,14.69,14.41,13.46,17.75,19.9,123.52
2016-05-13,13.2639,15.2154,16.88,14.8,13.01,10.73,11.13,13.01,19.53,16.41,14.62,13.62,10.23,11.41,12.72,13.62,15.22,15.04,14.15,18.25,20.25,121.46
2016-05-16,12.7696,14.6537,16.45,13.89,12.33,11.03,11.5,12.33,18.74,15.72,13.92,12.94,9.75,10.86,12.05,12.94,14.65,14.68,13.59,17.7,19.87,124.13
2016-05-17,13.6447,15.2837,19.84,17.18,15.12,12.61,13.54,15.12,19.75,16.57,14.75,13.75,10.41,11.57,12.82,13.75,15.28,15.57,15.11,18.43,20.41,122.96
2016-05-18,14.1066,15.4021,20.2,16.79,14.68,13.84,14.9,14.68,20.03,16.93,15.07,14.12,10.59,11.82,13.13,14.12,15.4,15.95,15.34,18.54,20.47,122.22
2016-05-19,14.4884,15.6995,14.44,13.86,13.22,12.23,12.7,13.22,20.2,16.94,15.17,14.15,10.78,12.04,13.34,14.15,15.7,16.33,15.28,18.77,20.75,123.66
2016-05-20,13.4132,14.9954,18.16,15.39,12.86,9.63,10.85,12.86,21.26,17.58,15.46,14.29,10.16,11.69,13.22,14.29,15.0,15.2,12.73,18.05,20.32,125.61
2016-05-23,14.0647,15.1274,18.26,15.47,13.11,10.08,11.11,13.11,21.24,17.58,15.53,14.41,10.2,11.77,13.29,14.41,15.13,15.82,13.6,18.15,20.35,124.74
2016-05-24,12.5838,13.9023,16.33,13.86,11.49,8.97,9.82,11.49,19.63,15.99,13.93,12.86,9.18,10.45,11.88,12.86,13.9,14.42,11.91,17.08,19.37,124.74
2016-05-25,11.9755,13.5149,15.58,13.03,10.95,8.9,9.53,10.95,19.04,15.3,13.3,12.33,8.98,10.23,11.48,12.33,13.51,13.9,11.41,16.77,19.09,127.13
2016-05-26,11.5702,13.3426,14.92,12.57,10.56,8.44,9.08,10.56,18.46,14.89,12.96,11.98,8.78,9.97,11.19,11.98,13.34,13.43,10.46,16.56,18.94,129.28
2016-05-27,11.0065,12.9749,14.25,11.79,9.88,7.99,8.55,9.88,17.83,14.38,12.48,11.48,8.49,9.51,10.66,11.48,12.97,13.12,9.77,16.31,18.72,129.61
2016-05-31,11.968,13.4453,15.7,13.16,11.11,8.87,9.56,11.11,18.54,15.04,13.13,12.13,8.82,10.0,11.15,12.13,13.45,14.19,11.85,16.63,19.03,127.7
2016-06-01,11.9117,13.3616,15.43,12.93,10.79,8.75,9.46,10.79,18.42,14.78,12.92,11.9,8.73,9.93,11.08,11.9,13.36,14.2,11.61,16.7,18.98,132.46
2016-06-02,11.5113,13.1371,14.28,12.12,10.36,8.39,9.02,10.36,17.77,14.34,12.55,11.58,8.5,9.6,10.73,11.58,13.14,13.63,11.01,16.37,18.77,134.15
2016-06-03,11.3351,13.1369,13.36,11.24,9.59,7.87,8.45,9.59,17.56,14.22,12.42,11.47,8.31,9.46,10.59,11.47,13.14,13.47,10.11,16.49,19.01,125.04
2016-06-06,11.4576,13.1154,13.41,11.65,9.93,8.25,8.83,9.93,17.65,14.27,12.48,11.54,8.49,9.6,10.7,11.54,13.12,13.65,11.26,16.44,18.87,125.57
2016-06-07,11.5593,13.178,13.41,11.45,10.04,8.88,9.02,10.04,18.08,14.52,12.7,11.77,8.68,9.74,10.82,11.77,13.18,14.05,11.56,16.63,19.03,128.54
2016-06-08,11.5432,13.1249,12.46,10.53,9.16,8.5,8.49,9.16,18.26,14.57,12.7,11.67,8.71,9.71,10.82,11.67,13.12,14.08,10.89,16.79,19.04,129.23
2016-06-09,12.0708,13.559,12.94,10.86,9.44,9.01,8.59,9.44,18.94,15.14,13.16,12.17,8.96,10.05,11.2,12.17,13.56,14.64,12.23,17.32,19.53,129.31
2016-06-10,14.0218,14.953,17.47,13.44,11.29,9.57,10.3,11.29,22.27,17.56,15.18,13.91,9.83,11.35,12.85,13.91,14.95,17.03,15.83,18.94,20.74,133.67
2016-06-13,16.889,16.9607,23.83,18.27,15.31,13.18,13.85,15.31,27.48,21.32,18.13,16.83,11.42,13.48,15.39,16.83,16.96,20.97,22.94,21.87,22.94,137.49
2016-06-14,16.843,16.9158,19.94,16.67,14.21,12.59,12.55,14.21,26.27,20.96,18.16,16.63,11.36,13.31,15.16,16.63,16.92,20.5,23.35,21.94,22.62,138.02
2016-06-15,16.5357,16.7618,19.41,15.83,13.15,12.32,12.24,13.15,25.79,20.67,17.95,16.52,11.42,13.33,15.07,16.52,16.76,20.14,22.6,21.81,22.32,140.91
2016-06-16,15.8817,16.1488,14.7,13.64,13.0,11.32,12.16,13.0,24.45,19.8,17.19,15.88,10.93,12.77,14.63,15.88,16.15,19.37,21.89,21.16,21.8,142.5
2016-06-17,16.2731,16.5297,24.76,20.43,16.31,11.36,13.3,16.31,26.4,20.96,17.91,16.3,11.11,13.11,15.13,16.3,16.53,19.41,22.0,21.31,22.08,137.94
2016-06-20,15.1334,15.4516,23.5,19.38,15.42,10.62,12.32,15.42,24.57,19.56,16.69,15.17,10.4,12.06,13.87,15.17,15.45,18.37,22.21,19.81,20.87,137.81
2016-06-21,15.2427,15.4563,23.9,19.79,15.56,10.53,12.42,15.56,24.79,19.61,16.71,15.16,10.34,11.99,13.79,15.16,15.46,18.48,22.47,19.69,20.76,135.92
2016-06-22,17.5194,16.3941,27.64,22.82,18.17,12.9,14.66,18.17,26.96,21.28,18.14,16.54,11.46,13.16,15.07,16.54,16.39,21.17,27.86,21.08,21.39,136.48
2016-06-23,13.7923,14.1917,22.58,18.22,14.09,10.32,11.23,14.09,22.71,17.91,15.22,13.81,9.76,11.06,12.61,13.81,14.19,17.25,21.13,18.42,19.53,145.7
2016-06-24,20.1843,18.6205,32.59,26.29,21.21,14.58,17.32,21.21,30.86,24.55,21.08,19.27,12.86,15.24,17.64,19.27,18.62,25.76,30.71,23.93,23.55,142.92
2016-06-27,20.1992,18.968,28.55,24.56,21.01,15.49,17.55,21.01,29.64,24.17,21.12,19.5,13.68,15.79,17.96,19.5,18.97,23.85,25.06,23.68,23.74,136.43
2016-06-28,15.933,16.3165,21.84,18.82,16.05,12.67,13.84,16.05,23.84,19.63,17.26,15.96,11.5,13.08,14.81,15.96,16.32,18.75,19.08,20.26,21.23,153.66
2016-06-29,13.9114,15.1236,19.34,16.03,13.51,10.99,12.0,13.51,22.1,17.78,15.47,14.24,10.17,11.62,13.1,14.24,15.12,16.64,15.86,18.73,20.19,136.46
2016-06-30,12.7464,14.2449,18.75,15.15,12.23,9.31,10.29,12.23,21.17,16.71,14.41,13.23,9.49,10.81,12.18,13.23,14.24,15.63,14.05,18.09,19.79,140.58
2016-07-01,12.1719,14.0106,16.0,12.98,10.77,8.92,9.4,10.77,20.07,16.07,13.89,12.69,9.25,10.44,11.76,12.69,14.01,14.77,11.85,17.65,19.55,128.53
2016-07-05,13.0849,14.6506,17.5,14.84,12.55,10.34,11.03,12.55,21.01,16.84,14.59,13.38,9.59,10.88,12.27,13.38,14.65,15.58,14.19,18.24,19.99,125.35
2016-07-06,12.7247,14.4073,16.63,14.32,12.14,9.53,10.47,12.14,20.27,16.24,14.1,13.04,9.33,10.66,11.93,13.04,14.41,14.96,13.18,17.74,19.77,123.14
2016-07-07,12.239,14.121,16.14,13.63,11.49,9.49,9.94,11.49,19.93,15.9,13.76,12.63,9.19,10.34,11.64,12.63,14.12,14.76,13.11,17.76,19.6,124.72
2016-07-08,10.6131,12.8886,12.42,10.31,9.28,9.06,9.0,9.28,17.71,13.99,12.12,11.17,8.5,9.34,10.4,11.17,12.89,13.2,11.43,16.49,18.76,127.2
2016-07-11,10.9619,12.9487,13.24,11.29,10.23,9.9,9.87,10.23,17.82,14.06,12.24,11.28,9.16,9.66,10.55,11.28,12.95,13.54,12.23,16.49,18.6,125.03
2016-07-12,10.6892,12.518,13.38,10.96,10.17,11.52,11.19,10.17,17.11,13.45,11.74,11.0,9.62,9.64,10.31,11.0,12.52,13.55,12.25,16.17,18.27,126.1
2016-07-13,10.4361,12.2864,12.23,10.4,9.45,11.38,10.41,9.45,16.73,13.24,11.52,10.74,9.2,9.31,10.04,10.74,12.29,13.04,11.11,15.97,18.07,127.29
2016-07-14,10.3369,12.2389,8.2,7.95,8.27,8.34,8.37,8.27,16.0,12.86,11.29,10.57,9.63,9.42,10.03,10.57,12.24,12.82,10.93,15.86,18.03,128.28
2016-07-15,10.0859,12.2732,16.28,12.82,10.45,9.03,9.16,10.45,19.24,14.85,12.67,11.63,9.41,9.78,10.79,11.63,12.27,12.67,10.26,15.99,18.15,129.76
2016-07-18,10.0557,12.099,16.17,12.75,10.27,8.66,8.88,10.27,19.01,14.62,12.44,11.4,9.11,9.55,10.56,11.4,12.1,12.44,10.99,15.77,17.99,125.38
2016-07-19,9.7257,12.0078,15.28,12.06,9.78,8.06,8.44,9.78,18.56,14.26,12.07,11.08,8.7,9.25,10.27,11.08,12.01,11.97,11.02,15.74,17.92,129.92
2016-07-20,9.6786,11.9665,14.9,11.94,9.73,8.3,8.45,9.73,18.3,14.15,12.08,11.1,8.89,9.33,10.28,11.1,11.97,11.77,10.43,15.44,17.86,128.49
2016-07-21,10.4512,12.5216,16.28,12.91,10.39,8.53,9.01,10.39,19.15,14.87,12.73,11.68,9.18,9.7,10.81,11.68,12.52,12.74,11.5,16.1,18.45,128.01
2016-07-22,9.6934,12.2654,15.0,11.91,9.61,8.09,8.34,9.61,18.32,14.29,12.22,11.17,8.89,9.37,10.37,11.17,12.27,12.02,10.22,15.8,18.2,128.36
2016-07-25,10.4905,12.6818,15.82,12.72,10.34,8.26,8.85,10.34,18.94,14.81,12.64,11.61,9.05,9.63,10.69,11.61,12.68,12.87,11.93,16.27,18.44,129.65
2016-07-26,10.5909,12.6151,16.0,12.79,10.33,8.41,8.86,10.33,18.8,14.68,12.55,11.48,8.93,9.54,10.58,11.48,12.62,13.05,11.98,16.32,18.43,130.02
2016-07-27,10.3313,12.5353,15.44,12.5,10.25,8.18,8.74,10.25,18.36,14.35,12.33,11.34,8.79,9.46,10.53,11.34,12.54,12.83,11.61,16.1,18.39,125.68
2016-07-28,10.3412,12.5511,15.13,12.29,10.1,8.33,8.85,10.1,17.89,14.14,12.15,11.2,8.75,9.43,10.44,11.2,12.55,12.72,11.79,16.0,18.32,128.51
2016-07-29,9.4901,12.0166,13.67,10.97,9.08,7.71,7.97,9.08,16.8,13.24,11.35,10.4,8.19,8.76,9.69,10.4,12.02,11.87,10.01,15.42,17.88,128.25
2016-08-01,9.9451,12.2157,14.45,11.67,9.55,7.97,8.4,9.55,17.22,13.61,11.7,10.74,8.28,8.95,9.96,10.74,12.22,12.44,11.1,15.7,18.08,128.01
2016-08-02,11.0467,12.9304,15.55,12.82,10.6,8.48,9.17,10.6,18.1,14.47,12.53,11.5,8.67,9.52,10.64,11.5,12.93,13.37,12.35,16.39,18.64,129.25
2016-08-03,10.3898,12.5507,14.56,12.1,10.06,8.0,8.59,10.06,17.76,14.1,12.12,11.14,8.27,9.11,10.19,11.14,12.55,12.86,11.29,16.08,18.36,129.99
2016-08-04,10.1603,12.362,14.1,11.65,9.66,7.92,8.37,9.66,17.16,13.65,11.72,10.76,7.99,8.84,9.96,10.76,12.36,12.42,10.8,15.71,18.01,127.06
2016-08-05,8.9722,11.7271,11.82,9.47,7.86,7.03,7.4,7.86,15.7,12.35,10.61,9.76,7.72,8.15,9.05,9.76,11.73,11.39,9.18,15.14,17.59,130.6
2016-08-08,9.005,11.785,12.32,9.86,8.2,7.39,7.56,8.2,15.82,12.35,10.59,9.71,7.63,8.06,8.96,9.71,11.79,11.5,10.1,15.16,17.53,132.94
2016-08-09,9.0636,11.7291,12.87,10.29,8.42,7.38,7.63,8.42,16.11,12.46,10.68,9.8,7.58,8.05,8.93,9.8,11.73,11.66,10.49,15.11,17.4,135.56
2016-08-10,9.5919,12.1143,13.91,10.68,8.62,7.24,7.56,8.62,16.45,12.81,10.93,10.01,7.78,8.28,9.21,10.01,12.11,12.05,10.68,15.41,17.58,133.25
2016-08-11,9.2664,12.0327,11.91,9.0,7.8,7.06,6.97,7.8,16.05,12.36,10.57,9.68,7.79,8.11,8.96,9.68,12.03,11.68,9.74,15.3,17.56,131.28
2016-08-12,9.0423,11.9857,11.75,8.48,6.94,5.78,6.45,6.94,15.89,12.13,10.3,9.43,7.34,7.84,8.74,9.43,11.99,11.55,9.54,15.26,17.62,132.13
2016-08-15,9.2166,12.1118,11.23,8.43,7.39,7.4,7.7,7.39,15.83,11.98,10.22,9.36,7.45,7.89,8.71,9.36,12.11,11.81,9.72,15.38,17.73,134.45
2016-08-16,9.9455,12.575,13.84,10.26,8.49,8.42,7.84,8.49,16.76,12.96,11.04,9.99,7.66,8.28,9.21,9.99,12.58,12.64,10.87,16.02,18.18,132.27
2016-08-17,9.7498,12.3723,15.14,10.27,8.01,7.97,7.76,8.01,16.16,12.48,10.59,9.64,7.05,7.9,8.87,9.64,12.37,12.19,10.76,15.52,17.89,136.71
2016-08-18,9.1689,12.0715,6.09,5.58,5.28,5.07,5.25,5.28,14.84,11.46,9.73,8.88,6.59,7.23,8.11,8.88,12.07,11.43,9.9,15.16,17.7,134.87
2016-08-19,9.0358,11.9585,14.47,11.0,8.47,6.4,6.96,8.47,18.02,13.92,11.76,10.67,7.96,8.68,9.8,10.67,11.96,11.34,9.4,15.13,17.71,136.58
2016-08-22,9.8497,12.1901,14.96,11.56,8.99,6.67,7.35,8.99,18.19,14.22,11.99,10.88,8.02,8.8,9.92,10.88,12.19,12.27,10.95,15.5,17.9,135.2
2016-08-23,9.9635,12.0916,15.27,11.78,9.09,7.04,7.52,9.09,18.18,14.08,11.89,10.78,7.97,8.77,9.9,10.78,12.09,12.38,11.37,15.42,17.93,131.79
2016-08-24,10.9675,12.6531,16.58,12.91,10.05,7.24,8.24,10.05,19.12,14.94,12.61,11.42,8.33,9.25,10.46,11.42,12.65,13.45,12.67,16.0,18.27,130.43
2016-08-25,11.2684,12.6638,16.55,13.09,10.2,7.6,8.42,10.2,19.23,15.11,12.8,11.52,8.42,9.35,10.55,11.52,12.66,13.63,12.77,16.13,18.28,131.06
2016-08-26,11.1336,12.8502,16.63,13.21,10.33,7.56,8.41,10.33,19.53,15.28,12.91,11.68,8.38,9.37,10.67,11.68,12.85,13.65,12.1,16.24,18.42,132.4
2016-08-29,10.4415,12.4627,15.2,11.83,9.32,7.16,7.74,9.32,18.5,14.38,12.18,11.02,7.93,8.88,10.1,11.02,12.46,12.94,11.14,15.93,18.18,131.3
2016-08-30,10.6552,12.6046,15.13,11.98,9.49,6.96,7.87,9.49,18.54,14.52,12.33,11.19,7.97,8.98,10.22,11.19,12.6,13.12,11.21,16.03,18.29,136.14
2016-08-31,11.1608,12.8755,15.48,12.41,10.01,7.53,8.33,10.01,18.78,14.82,12.66,11.51,8.22,9.25,10.49,11.51,12.88,13.42,11.64,16.14,18.5,129.25
2016-09-01,11.1415,12.9612,15.56,12.48,10.18,7.85,8.65,10.18,18.73,14.88,12.72,11.54,8.14,9.29,10.58,11.54,12.96,13.48,11.89,16.31,18.56,129.83
2016-09-02,9.8555,12.33,12.5,10.01,7.97,5.99,6.66,7.97,17.13,13.52,11.55,10.53,7.47,8.43,9.64,10.53,12.33,11.98,9.1,15.65,18.19,128.4
2016-09-06,9.6434,12.1847,12.64,9.87,7.91,6.37,6.84,7.91,16.76,13.24,11.29,10.27,7.37,8.26,9.44,10.27,12.18,12.02,9.98,15.56,18.03,131.16
2016-09-07,9.6612,12.1027,12.72,9.8,7.85,6.34,6.73,7.85,16.67,13.09,11.16,10.12,7.29,8.15,9.28,10.12,12.1,11.94,9.8,15.49,18.01,130.94
2016-09-08,10.0282,12.3567,13.68,10.6,8.31,6.64,7.24,8.31,17.4,13.61,11.56,10.5,7.46,8.33,9.54,10.5,12.36,12.51,10.99,15.81,18.31,129.74
2016-09-09,14.8666,15.2435,23.76,19.63,16.31,13.15,14.52,16.31,23.14,18.54,15.97,14.55,10.21,11.78,13.44,14.55,15.24,17.5,18.78,18.83,20.3,125.25
2016-09-12,12.731,13.8976,18.54,14.79,12.53,10.42,11.0,12.53,20.06,16.02,13.8,12.62,8.86,10.09,11.55,12.62,13.9,15.16,16.03,17.27,19.12,134.18
2016-09-13,15.455,15.7081,22.44,20.21,18.87,15.28,16.7,18.87,23.12,18.81,16.4,15.24,10.6,12.29,13.99,15.24,15.71,17.85,19.55,19.05,20.32,131.56
2016-09-14,15.4302,15.8173,22.94,19.67,17.33,15.19,15.59,17.33,23.2,18.93,16.61,15.26,10.63,12.3,13.97,15.26,15.82,18.14,19.38,19.35,20.75,127.4
2016-09-15,13.6302,14.9409,13.02,12.2,11.46,11.19,11.71,11.46,21.29,17.29,15.01,13.73,9.68,11.13,12.72,13.73,14.94,16.3,17.0,18.19,19.93,130.57
2016-09-16,13.2124,14.646,20.24,16.45,13.18,9.24,10.67,13.18,22.64,18.02,15.65,14.27,9.71,11.34,13.02,14.27,14.65,15.37,15.27,17.88,19.58,125.25
2016-09-19,13.3188,14.6294,20.24,16.57,13.27,9.38,10.83,13.27,22.45,18.19,15.76,14.25,9.7,11.34,13.0,14.25,14.63,15.53,16.31,17.78,19.51,125.81
2016-09-20,13.7787,14.8028,20.69,17.14,13.9,9.77,11.28,13.9,22.77,18.5,16.02,14.65,9.9,11.64,13.35,14.65,14.8,15.92,17.22,17.99,19.65,126.85
2016-09-21,11.5781,13.5341,17.3,14.5,11.65,8.19,9.34,11.65,20.29,16.6,14.32,13.05,8.82,10.29,11.85,13.05,13.53,13.3,12.83,16.66,18.72,122.13
2016-09-22,10.2055,12.7735,15.85,12.86,10.24,7.44,8.34,10.24,19.43,15.56,13.35,12.15,8.4,9.61,11.03,12.15,12.77,12.02,10.79,15.94,18.2,124.29
2016-09-23,10.5328,12.9646,15.77,13.05,10.46,7.52,8.5,10.46,19.46,15.71,13.5,12.28,8.46,9.79,11.2,12.28,12.96,12.29,11.39,16.05,18.27,125.13
2016-09-26,12.6992,14.1769,18.3,15.4,12.63,9.16,10.54,12.63,21.22,17.37,15.19,13.9,9.51,11.09,12.69,13.9,14.18,14.5,15.67,17.28,18.99,121.72
2016-09-27,11.2476,13.3611,16.47,13.68,11.18,7.86,9.05,11.18,19.76,16.11,13.97,12.77,8.7,10.14,11.6,12.77,13.36,13.1,12.8,16.45,18.38,123.74
2016-09-28,10.5889,12.8562,15.46,12.98,10.45,7.57,8.52,10.45,19.06,15.56,13.45,12.24,8.42,9.75,11.18,12.24,12.86,12.39,11.72,16.01,18.13,126.85
2016-09-29,12.2977,13.8983,18.0,15.25,12.43,8.95,10.32,12.43,21.09,17.2,14.9,13.59,9.16,10.72,12.36,13.59,13.9,14.02,14.71,16.87,18.87,122.67
2016-09-30,10.9424,13.0098,16.71,13.65,10.94,7.78,8.88,10.94,19.87,16.12,13.88,12.61,8.51,9.92,11.43,12.61,13.01,13.29,12.37,16.37,18.44,124.58
2016-10-03,11.7042,13.2282,16.65,14.25,11.67,8.44,9.63,11.67,19.87,16.3,14.12,12.89,8.85,10.24,11.77,12.89,13.23,13.57,13.0,16.4,18.3,122.86
2016-10-04,12.1622,13.4712,16.52,14.47,12.17,8.86,10.04,12.17,20.02,16.62,14.49,13.24,9.0,10.49,12.05,13.24,13.47,13.63,12.95,16.47,18.33,119.67
2016-10-05,11.7654,13.1534,15.9,13.43,11.1,8.02,9.1,11.1,19.67,16.08,13.95,12.73,8.69,10.09,11.57,12.73,13.15,12.99,12.03,16.22,18.16,121.54
2016-10-06,11.7167,12.9944,14.49,12.42,10.49,7.76,8.8,10.49,19.01,15.64,13.61,12.45,8.6,9.94,11.41,12.45,12.99,12.84,11.47,16.07,18.06,120.48
2016-10-07,11.2716,13.3146,14.63,12.91,10.84,8.1,8.99,10.84,19.44,16.14,14.11,12.91,8.98,10.35,11.86,12.91,13.31,13.48,11.47,16.44,18.37,119.95
2016-10-10,12.0018,12.8144,13.95,11.69,9.78,7.23,8.17,9.78,18.47,15.25,13.25,12.12,8.38,9.75,11.11,12.12,12.81,13.38,10.81,15.95,18.05,123.84
2016-10-11,14.0776,13.9134,15.81,14.04,13.0,9.76,11.04,13.0,20.08,16.86,14.88,13.63,9.66,11.08,12.55,13.63,13.91,15.36,13.34,16.94,18.76,119.79
2016-10-12,13.993,13.9448,15.61,14.28,12.51,9.67,10.76,12.51,20.12,16.95,14.99,13.8,9.71,11.19,12.68,13.8,13.94,15.91,13.16,17.02,18.91,122.34
2016-10-13,14.6868,14.4989,16.37,14.81,13.13,10.19,11.43,13.13,21.06,17.71,15.72,14.52,10.18,11.83,13.4,14.52,14.5,16.69,14.07,17.59,19.27,123.32
2016-10-14,14.0458,14.4103,14.87,13.48,12.04,9.59,10.63,12.04,20.62,17.36,15.34,14.17,9.91,11.55,13.06,14.17,14.41,16.12,12.94,17.42,19.14,121.86
2016-10-17,14.2348,14.5042,15.4,14.49,14.01,11.25,12.51,14.01,20.56,17.45,15.46,14.2,10.18,11.71,13.15,14.2,14.5,16.21,13.81,17.47,19.18,124.08
2016-10-18,13.2858,13.8816,14.34,12.76,11.94,10.97,11.51,11.94,19.79,16.54,14.68,13.55,9.61,11.05,12.48,13.55,13.88,15.28,12.45,16.92,18.86,122.76
2016-10-19,12.6104,13.4846,15.62,12.83,11.01,10.12,9.87,11.01,18.68,15.71,13.83,12.76,9.12,10.43,11.8,12.76,13.48,14.41,11.97,16.46,18.52,122.56
2016-10-20,11.9042,13.2478,8.99,8.6,7.97,7.16,7.49,7.97,17.91,14.86,13.05,12.06,8.79,9.96,11.18,12.06,13.25,13.75,11.07,16.23,18.37,123.91
2016-10-21,11.4706,13.0275,17.44,14.57,11.77,8.53,9.61,11.77,19.24,15.81,13.87,12.71,9.07,10.28,11.66,12.71,13.03,13.34,10.68,16.04,18.24,123.0
2016-10-24,11.0791,12.724,17.22,14.41,11.63,8.32,9.38,11.63,18.85,15.48,13.49,12.37,8.93,10.0,11.29,12.37,12.72,13.02,11.35,15.61,17.98,124.6
2016-10-25,11.6517,12.8237,17.75,15.06,12.26,9.19,10.23,12.26,19.08,15.68,13.68,12.55,9.15,10.26,11.58,12.55,12.82,13.46,11.9,15.81,18.05,122.83
2016-10-26,12.3731,13.2012,19.12,16.17,13.2,9.56,10.82,13.2,19.85,16.35,14.27,13.13,9.46,10.67,12.05,13.13,13.2,14.24,12.58,16.25,18.35,123.31
2016-10-27,13.1358,13.7486,20.39,17.49,14.5,10.61,11.85,14.5,20.97,17.25,15.13,13.97,10.07,11.35,12.75,13.97,13.75,15.36,14.59,16.93,18.81,122.35
2016-10-28,13.7194,14.2092,21.99,18.47,15.15,10.84,12.52,15.15,21.82,17.9,15.63,14.32,10.29,11.6,13.14,14.32,14.21,16.19,16.69,17.37,19.03,126.35
2016-10-31,14.5431,14.4914,23.9,20.27,16.53,11.76,13.46,16.53,22.74,18.63,16.18,14.83,10.46,11.97,13.58,14.83,14.49,17.06,20.19,17.85,19.23,126.12
2016-11-01,15.725,15.2465,25.13,21.76,18.22,13.04,15.11,18.22,24.12,19.72,17.25,15.9,11.24,12.98,14.66,15.9,15.25,18.56,22.86,18.74,19.88,124.46
2016-11-02,16.7344,15.73,25.22,22.68,19.55,14.24,16.31,19.55,24.62,20.39,17.99,16.59,11.87,13.55,15.33,16.59,15.73,19.32,24.16,19.18,20.11,126.15
2016-11-03,18.0242,16.3952,29.87,26.11,22.0,15.58,17.72,22.0,26.6,21.71,19.12,17.64,12.44,14.33,16.26,17.64,16.4,22.08,27.9,20.7,21.0,141.18
2016-11-04,18.4944,16.7104,32.29,28.13,23.12,16.65,19.11,23.12,27.21,22.42,19.64,18.1,12.98,14.78,16.75,18.1,16.71,22.51,28.82,21.13,21.44,133.03
2016-11-07,15.1271,14.2458,32.01,26.28,20.33,14.14,15.91,20.33,24.17,19.41,16.65,15.2,10.87,12.16,13.91,15.2,14.25,18.71,24.67,18.15,19.24,134.91
2016-11-08,14.7722,14.2126,34.11,27.1,20.24,13.74,15.55,20.24,24.35,19.34,16.48,14.96,10.74,12.08,13.66,14.96,14.21,18.74,25.31,18.1,19.26,135.6
2016-11-09,11.8561,12.788,19.82,15.42,12.82,9.83,10.78,12.82,19.62,15.7,13.53,12.5,9.35,10.31,11.53,12.5,12.79,14.38,15.36,16.28,18.09,134.61
2016-11-10,12.2228,13.2903,19.0,14.73,11.78,9.5,10.2,11.78,20.08,16.22,14.01,12.95,9.9,10.86,12.01,12.95,13.29,14.74,14.12,16.75,18.56,127.0
2016-11-11,11.8024,13.3767,16.88,13.78,11.44,9.37,10.0,11.44,19.1,15.8,13.79,12.82,9.75,10.74,11.94,12.82,13.38,14.17,12.84,16.49,18.45,121.71
2016-11-14,12.0874,13.5305,17.49,14.1,12.17,10.51,11.0,12.17,18.95,15.5,13.59,12.64,9.93,10.73,11.81,12.64,13.53,14.48,12.51,16.7,18.62,122.71
2016-11-15,11.4731,12.6729,14.74,12.24,10.49,10.35,9.54,10.49,16.95,13.92,12.35,11.6,9.63,10.19,11.01,11.6,12.67,13.37,10.64,15.75,18.03,119.79
2016-11-16,11.6704,12.9495,11.6,9.63,8.67,11.02,9.63,8.67,17.26,14.18,12.55,11.71,9.5,10.24,11.16,11.71,12.95,13.72,9.52,16.07,18.27,123.77
2016-11-17,11.3274,12.7035,6.87,6.54,6.36,6.54,6.49,6.36,16.41,13.61,12.08,11.35,9.19,9.96,10.81,11.35,12.7,13.35,9.38,15.64,17.96,123.06
2016-11-18,10.779,12.6056,15.96,13.2,10.95,8.79,9.38,10.95,18.12,14.66,12.73,11.7,8.74,9.65,10.78,11.7,12.61,12.85,8.63,15.52,18.02,126.38
2016-11-21,10.4077,12.2207,15.12,12.56,10.51,8.41,8.96,10.51,17.27,13.98,12.17,11.17,8.45,9.26,10.31,11.17,12.22,12.42,10.0,15.32,17.82,124.01
2016-11-22,10.2483,12.1965,14.87,12.26,10.26,8.28,8.94,10.26,17.21,13.75,11.95,11.08,8.55,9.25,10.31,11.08,12.2,12.41,10.2,15.35,17.81,127.98
2016-11-23,10.3635,12.2306,15.03,12.36,10.32,8.65,9.1,10.32,17.08,13.78,11.99,11.12,8.73,9.37,10.36,11.12,12.23,12.43,10.06,15.43,17.86,125.33
2016-11-25,9.9056,12.1268,15.13,12.29,10.22,8.6,8.98,10.22,16.95,13.52,11.79,10.86,8.66,9.17,10.08,10.86,12.13,12.34,10.43,15.51,17.93,126.27
2016-11-28,10.4977,12.5459,16.28,13.35,11.07,9.12,9.7,11.07,17.66,13.96,12.12,11.27,9.0,9.6,10.57,11.27,12.55,13.15,12.86,16.02,18.2,125.75
2016-11-29,10.4496,12.4229,16.31,13.15,10.93,8.88,9.55,10.93,17.45,13.92,12.07,11.18,8.82,9.42,10.37,11.18,12.42,12.9,12.64,15.9,18.14,128.31
2016-11-30,10.9776,12.6943,17.25,13.77,11.54,9.4,10.08,11.54,17.86,14.18,12.33,11.39,9.07,9.58,10.56,11.39,12.69,13.33,13.23,16.1,18.25,126.39
2016-12-01,11.5862,13.1185,18.07,14.66,12.33,10.03,10.77,12.33,18.74,14.93,12.94,11.95,9.54,10.11,11.14,11.95,13.12,14.07,13.96,16.67,18.64,128.37
2016-12-02,11.2003,13.1289,17.86,14.32,11.87,9.54,10.38,11.87,18.83,14.9,12.87,11.89,9.55,10.1,11.06,11.89,13.13,14.12,13.64,16.78,18.75,128.99
2016-12-05,9.96,12.5375,13.99,11.45,9.8,8.34,8.89,9.8,16.43,13.23,11.54,10.7,8.85,9.18,9.99,10.7,12.54,12.14,11.41,15.77,18.02,128.35
2016-12-06,9.7765,12.2872,12.66,10.44,8.99,7.86,8.08,8.99,15.93,12.78,11.12,10.34,8.67,8.94,9.72,10.34,12.29,11.79,10.84,15.48,17.84,130.92
2016-12-07,10.0318,12.156,13.2,10.94,9.74,9.55,9.09,9.74,15.91,12.87,11.33,10.53,9.37,9.36,9.98,10.53,12.16,12.22,11.79,15.48,17.75,123.61
2016-12-08,10.5479,12.5566,14.36,12.18,10.73,10.75,10.26,10.73,15.88,12.97,11.56,10.93,9.78,9.78,10.39,10.93,12.56,12.64,12.92,15.72,17.95,119.08
2016-12-09,9.4253,12.1895,12.27,10.8,9.24,10.11,9.42,9.24,15.22,12.33,10.94,10.27,9.15,9.21,9.76,10.27,12.19,11.75,11.1,15.22,17.66,119.51
2016-12-12,10.428,12.6515,15.21,12.94,11.62,11.78,11.17,11.62,15.9,12.9,11.5,10.77,9.51,9.7,10.2,10.77,12.65,12.64,12.25,15.73,17.85,123.28
2016-12-13,10.7629,12.7535,15.3,13.27,12.82,14.12,13.15,12.82,15.61,12.85,11.6,11.04,10.05,10.2,10.63,11.04,12.75,12.72,12.25,15.7,17.82,119.34
2016-12-14,11.215,12.7245,18.06,13.44,13.13,13.51,12.83,13.13,16.33,13.07,11.56,11.28,10.05,10.21,10.75,11.28,12.72,13.19,12.84,15.87,17.91,125.43
2016-12-15,10.4424,12.3832,8.64,8.17,8.29,8.37,8.41,8.29,15.63,12.56,11.11,10.53,9.22,9.52,10.02,10.53,12.38,12.79,11.85,15.75,17.9,129.44
2016-12-16,9.8095,12.1731,15.08,11.93,10.29,8.84,9.11,10.29,18.18,14.04,12.1,11.22,9.39,9.72,10.53,11.22,12.17,12.2,10.67,15.57,17.77,131.95
2016-12-19,9.5246,12.0936,14.28,11.45,9.66,8.86,8.83,9.66,17.42,13.66,11.85,10.97,9.39,9.6,10.28,10.97,12.09,11.71,9.95,15.31,17.57,130.47
2016-12-20,9.674,12.0054,13.95,11.34,9.64,8.95,8.91,9.64,16.94,13.44,11.71,10.9,9.21,9.5,10.19,10.9,12.01,11.45,9.85,15.14,17.52,122.09
2016-12-21,9.777,12.0911,13.43,11.08,9.67,8.85,8.89,9.67,16.7,13.38,11.66,10.9,9.36,9.55,10.26,10.9,12.09,11.27,9.33,15.09,17.52,124.9
2016-12-22,9.8,12.1827,13.84,11.31,9.59,8.46,8.62,9.59,17.08,13.54,11.76,10.92,9.11,9.41,10.24,10.92,12.18,11.43,9.34,15.29,17.69,128.02
2016-12-23,9.485,12.1539,13.66,11.14,9.5,8.29,8.55,9.5,16.93,13.44,11.68,10.83,9.03,9.37,10.16,10.83,12.15,11.44,8.98,15.25,17.63,120.51
2016-12-27,10.1848,12.316,13.78,11.48,9.69,8.69,8.83,9.69,16.97,13.6,11.82,10.99,9.2,9.49,10.29,10.99,12.32,11.99,10.22,15.36,17.64,123.65
2016-12-28,10.9846,12.8674,15.02,12.39,10.4,8.98,9.34,10.4,17.94,14.42,12.51,11.6,9.47,9.93,10.83,11.6,12.87,12.95,11.22,15.93,18.04,122.37
2016-12-29,11.2597,13.1052,15.54,12.91,10.64,8.98,9.34,10.64,18.35,14.79,12.79,11.79,9.44,9.97,10.88,11.79,13.11,13.37,11.64,16.16,18.22,124.57
2016-12-30,11.507,13.4647,16.58,13.58,11.18,9.35,9.81,11.18,19.03,15.31,13.23,12.19,9.63,10.22,11.26,12.19,13.46,14.04,12.68,16.54,18.57,127.26
2017-01-03,10.8614,12.6314,14.61,12.21,10.15,8.5,9.01,10.15,17.2,13.89,12.09,11.19,9.03,9.52,10.4,11.19,12.63,12.85,11.99,15.56,17.77,125.79
2017-01-04,9.9548,11.9721,12.67,10.58,9.19,8.17,8.33,9.19,15.8,12.71,11.08,10.32,8.82,9.01,9.72,10.32,11.97,11.85,10.68,14.84,17.16,124.4
2017-01-05,9.7517,11.821,12.28,10.13,8.64,8.02,7.91,8.64,15.47,12.53,10.93,10.13,8.76,8.95,9.66,10.13,11.82,11.67,9.95,14.7,17.03,128.21
2017-01-06,9.1486,11.6785,11.25,9.5,8.15,8.0,7.82,8.15,15.01,12.16,10.73,9.99,8.79,8.84,9.28,9.99,11.68,11.32,9.19,14.56,16.92,123.67
2017-01-09,9.6877,11.8945,10.95,9.22,7.83,8.05,7.89,7.83,15.09,12.23,10.76,10.02,8.77,8.94,9.54,10.02,11.89,11.56,9.44,14.63,17.04,122.59
2017-01-10,9.6741,11.9171,9.92,8.43,7.78,7.91,7.48,7.78,15.07,12.18,10.79,10.05,8.94,8.94,9.51,10.05,11.92,11.49,8.88,14.66,17.09,121.84
2017-01-11,9.5711,11.7581,10.28,8.46,7.42,7.33,7.23,7.42,14.59,11.95,10.54,9.84,8.65,8.82,9.42,9.84,11.76,11.26,8.88,14.47,16.97,123.06
2017-01-12,9.59,11.7893,10.44,8.39,7.19,7.33,6.85,7.19,15.16,12.24,10.63,9.88,8.32,8.57,9.29,9.88,11.79,11.54,9.32,14.58,17.13,126.22
2017-01-13,8.7545,11.5402,9.02,7.22,6.27,6.56,6.03,6.27,14.81,11.71,10.12,9.43,8.18,8.19,8.78,9.43,11.54,11.23,8.99,14.54,17.16,132.32
2017-01-17,9.4454,11.6642,13.64,9.62,8.13,8.3,7.98,8.13,15.53,12.13,10.36,9.57,7.83,8.2,8.9,9.57,11.66,11.87,10.85,14.89,17.45,131.55
2017-01-18,9.4379,11.5499,15.12,10.56,8.3,8.97,7.71,8.3,15.93,12.15,10.25,9.49,7.97,8.22,8.97,9.49,11.55,12.48,11.29,14.94,17.41,143.43
2017-01-19,9.815,11.6899,9.05,8.29,7.67,6.84,7.04,7.67,16.47,12.61,10.73,9.9,7.99,8.38,9.1,9.9,11.69,12.78,11.5,15.02,17.38,141.03
2017-01-20,8.5843,11.2489,14.62,11.17,8.79,7.29,7.59,8.79,17.17,13.16,11.17,10.24,8.21,8.7,9.53,10.24,11.25,11.54,9.72,14.49,17.07,146.33
2017-01-23,9.1629,11.4016,14.96,11.72,9.24,7.4,7.88,9.24,17.28,13.31,11.37,10.42,8.31,8.82,9.72,10.42,11.4,11.77,10.92,14.54,16.94,137.78
2017-01-24,8.7005,10.8902,13.59,10.7,8.59,7.61,7.68,8.59,16.05,12.53,10.77,9.94,8.14,8.46,9.21,9.94,10.89,11.07,10.08,13.87,16.25,138.16
2017-01-25,8.5242,10.7872,12.85,10.13,8.54,8.37,7.93,8.54,15.43,12.0,10.45,9.75,8.63,8.73,9.26,9.75,10.79,10.81,10.06,13.61,15.95,128.8
2017-01-26,8.3915,10.793,12.93,9.94,8.32,8.03,7.84,8.32,15.24,11.86,10.31,9.6,8.52,8.58,9.13,9.6,10.79,10.63,9.71,13.63,16.07,129.58
2017-01-27,8.0992,10.8237,12.66,9.63,8.11,7.79,7.63,8.11,15.08,11.73,10.16,9.49,8.51,8.49,8.99,9.49,10.82,10.58,9.36,13.68,16.21,129.95
2017-01-30,8.9441,11.4403,14.88,11.57,9.3,8.25,8.41,9.3,16.37,12.9,11.15,10.26,8.57,8.97,9.62,10.26,11.44,11.88,11.66,14.41,16.63,134.32
2017-01-31,8.9907,11.4308,14.87,11.26,9.18,8.07,8.32,9.18,16.53,12.83,11.11,10.28,8.63,8.99,9.7,10.28,11.43,11.99,11.77,14.48,16.7,138.08
2017-02-01,8.6472,11.3277,14.8,11.05,8.85,7.79,7.8,8.85,16.18,12.67,10.91,10.09,8.39,8.74,9.45,10.09,11.33,11.81,12.04,14.29,16.53,133.97
2017-02-02,8.9084,11.4756,14.99,11.09,8.71,7.66,7.82,8.71,16.62,12.83,11.03,10.17,8.4,8.83,9.59,10.17,11.48,11.93,11.16,14.59,16.65,136.65
2017-02-03,8.1362,11.0347,11.79,8.88,7.4,7.16,6.92,7.4,15.05,11.81,10.25,9.61,8.35,8.47,9.05,9.61,11.03,10.97,9.19,14.05,16.27,133.25
2017-02-06,8.2883,11.2879,12.83,9.42,7.74,7.3,7.33,7.74,15.38,12.06,10.44,9.74,8.24,8.56,9.2,9.74,11.29,11.37,10.17,14.24,16.41,131.41
2017-02-07,8.4027,11.3197,11.81,8.87,7.23,6.95,6.95,7.23,15.55,12.15,10.6,9.85,8.22,8.52,9.12,9.85,11.32,11.29,9.47,14.35,16.44,130.46
2017-02-08,8.4275,11.4859,12.23,8.75,7.19,6.73,6.61,7.19,15.7,12.2,10.51,9.74,8.07,8.48,9.21,9.74,11.49,11.45,9.6,14.56,16.6,134.01
2017-02-09,8.3266,11.2995,9.61,7.68,6.84,7.3,6.92,6.84,14.49,11.59,10.14,9.46,8.21,8.35,8.88,9.46,11.3,10.88,8.85,14.17,16.35,129.19
2017-02-10,8.2535,11.076,9.56,7.72,7.04,7.48,6.79,7.04,14.04,11.24,9.87,9.25,8.42,8.36,8.76,9.25,11.08,10.85,9.02,13.91,16.17,130.47
2017-02-13,8.0678,10.8,10.99,8.76,7.49,8.12,7.49,7.49,13.74,10.85,9.63,9.12,8.33,8.34,8.72,9.12,10.8,11.07,9.32,13.68,15.91,130.1
2017-02-14,7.9836,10.3281,10.74,8.2,7.01,8.18,7.49,7.01,13.12,10.22,9.08,8.56,8.1,7.91,8.25,8.56,10.33,10.74,8.94,13.19,15.44,133.66
2017-02-15,9.1661,10.5413,12.17,10.02,8.6,9.13,8.59,8.6,14.14,11.07,9.77,9.27,9.04,8.65,8.96,9.27,10.54,11.97,10.26,13.41,15.43,137.55
2017-02-16,9.0458,10.7676,7.07,6.73,6.34,6.16,6.15,6.34,13.74,10.94,9.66,9.11,8.53,8.39,8.79,9.11,10.77,11.76,10.02,13.63,15.68,141.41
2017-02-17,8.7492,10.8355,13.86,10.71,8.82,7.86,7.88,8.82,15.76,12.15,10.55,9.85,8.06,8.38,9.04,9.85,10.84,11.49,9.03,13.72,15.79,141.13
2017-02-21,8.9156,11.1294,13.74,10.69,9.04,8.6,8.48,9.04,15.6,12.21,10.66,9.88,8.39,8.71,9.31,9.88,11.13,11.57,10.22,14.04,15.99,136.93
2017-02-22,9.0192,11.4343,13.91,10.95,9.22,8.54,8.49,9.22,15.89,12.39,10.78,10.0,8.27,8.68,9.36,10.0,11.43,11.74,10.39,14.39,16.25,138.24
2017-02-23,9.0811,11.7587,14.0,10.87,9.1,8.13,8.25,9.1,16.0,12.44,10.87,10.11,8.27,8.73,9.39,10.11,11.76,11.71,10.15,14.74,16.54,137.91
2017-02-24,8.8203,11.8557,14.16,10.94,8.93,7.72,7.8,8.93,16.05,12.46,10.81,9.93,8.05,8.49,9.2,9.93,11.86,11.47,9.41,14.76,16.68,138.66
2017-02-27,9.2885,12.1259,14.29,11.44,9.59,8.9,8.96,9.59,16.04,12.55,10.91,10.19,8.52,8.85,9.5,10.19,12.13,12.09,10.83,14.91,16.62,134.39
2017-02-28,10.1242,12.5,15.58,12.38,10.62,10.12,10.02,10.62,16.55,12.97,11.33,10.59,8.91,9.34,9.98,10.59,12.5,12.92,11.89,15.28,16.95,131.98
2017-03-01,10.0745,12.1189,13.48,11.15,10.13,9.76,9.81,10.13,15.51,12.31,10.91,10.27,8.9,9.2,9.74,10.27,12.12,12.54,10.57,14.86,16.62,132.16
2017-03-02,9.6137,12.1561,12.42,10.29,9.08,8.17,8.5,9.08,15.13,12.07,10.73,10.1,8.77,9.13,9.66,10.1,12.16,11.81,9.6,14.77,16.63,133.36
2017-03-03,8.4932,11.6931,10.61,8.89,7.87,7.41,7.28,7.87,13.97,11.31,10.14,9.53,8.46,8.67,9.07,9.53,11.69,10.96,8.56,14.26,16.25,136.1
2017-03-06,8.9896,11.7878,10.92,8.99,8.17,7.47,7.6,8.17,14.14,11.35,10.08,9.54,8.4,8.67,9.09,9.54,11.79,11.24,9.67,14.34,16.32,140.17
2017-03-07,9.1373,11.7317,11.84,9.68,8.53,7.74,7.98,8.53,14.59,11.45,10.12,9.51,8.19,8.5,9.02,9.51,11.73,11.45,10.23,14.41,16.38,138.85
2017-03-08,9.347,11.8374,12.44,10.22,8.85,8.44,8.28,8.85,14.97,11.71,10.2,9.65,8.21,8.6,9.19,9.65,11.84,11.86,10.91,14.54,16.41,139.63
2017-03-09,9.7148,12.073,14.74,11.05,9.37,8.66,8.82,9.37,15.8,12.19,10.56,9.9,8.12,8.72,9.39,9.9,12.07,12.3,11.78,14.78,16.62,139.48
2017-03-10,8.8036,11.6632,12.83,9.91,8.34,8.01,8.31,8.34,15.21,11.61,10.06,9.34,7.44,8.14,8.87,9.34,11.66,11.66,10.67,14.38,16.33,138.99
2017-03-13,8.9845,11.6919,14.87,11.57,9.58,8.83,9.21,9.58,14.62,11.37,9.88,9.16,7.51,8.06,8.67,9.16,11.69,11.35,10.78,14.36,16.27,145.75
2017-03-14,9.4963,11.9342,16.88,12.89,10.88,10.13,10.31,10.88,15.36,11.78,10.26,9.59,7.76,8.38,9.08,9.59,11.93,12.3,11.78,14.63,16.4,146.11
2017-03-15,9.0161,11.4889,13.36,9.9,9.42,10.36,9.72,9.42,14.27,11.06,9.56,9.18,7.66,8.13,8.71,9.18,11.49,11.63,10.76,14.2,16.13,147.2
2017-03-16,8.4385,11.0508,6.51,5.85,5.44,5.14,5.23,5.44,13.81,10.47,9.07,8.62,7.53,7.75,8.22,8.62,11.05,11.21,9.74,13.78,15.78,149.49
2017-03-17,8.0872,11.0885,13.64,10.27,8.51,7.31,7.61,8.51,16.29,12.67,10.95,10.28,8.17,8.87,9.68,10.28,11.09,11.28,9.87,13.92,15.85,154.34
2017-03-20,8.459,11.0783,13.99,10.61,8.55,7.22,7.59,8.55,16.32,12.75,11.01,10.18,8.02,8.78,9.53,10.18,11.08,11.34,10.23,13.9,15.86,152.93
2017-03-21,9.7695,11.8406,15.77,12.12,9.75,7.82,8.4,9.75,17.63,13.8,11.93,11.0,8.42,9.26,10.17,11.0,11.84,12.47,14.23,14.62,16.43,141.02
2017-03-22,10.3404,11.8597,16.42,12.7,10.27,8.23,8.88,10.27,17.9,13.89,11.93,11.06,8.61,9.38,10.34,11.06,11.86,12.81,14.51,14.68,16.4,136.07
2017-03-23,10.8757,12.0977,16.33,13.05,10.77,8.59,9.24,10.77,18.16,14.28,12.3,11.31,8.92,9.64,10.57,11.31,12.1,13.12,15.14,14.91,16.52,132.54
2017-03-24,10.4849,11.9187,15.88,12.56,10.32,8.34,9.16,10.32,17.71,13.86,11.97,11.05,8.56,9.37,10.29,11.05,11.92,12.96,13.43,14.55,16.28,136.62
2017-03-27,10.3795,11.6417,14.68,11.77,9.89,8.2,8.71,9.89,17.05,13.34,11.58,10.73,8.46,9.24,10.1,10.73,11.64,12.5,12.12,14.23,15.99,135.37
2017-03-28,9.3209,11.0541,12.86,10.4,8.76,7.82,8.0,8.76,15.69,12.36,10.81,10.07,8.31,8.8,9.49,10.07,11.05,11.53,10.51,13.68,15.4,134.43
2017-03-29,9.1528,10.8997,12.73,10.08,8.44,7.44,7.68,8.44,15.31,12.07,10.57,9.86,8.26,8.67,9.31,9.86,10.9,11.42,10.08,13.43,15.19,132.37
2017-03-30,9.1333,10.8116,12.22,9.68,8.15,7.12,7.32,8.15,15.27,12.01,10.51,9.82,8.07,8.6,9.25,9.82,10.81,11.54,9.58,13.37,15.09,138.84
2017-03-31,9.445,10.9391,12.46,9.88,8.25,7.28,7.47,8.25,15.75,12.26,10.7,9.97,8.19,8.7,9.4,9.97,10.94,12.37,9.66,13.6,15.25,138.31
2017-04-03,9.8792,11.0391,12.59,9.99,8.87,7.4,7.72,8.87,15.91,12.46,10.8,10.07,8.06,8.65,9.46,10.07,11.04,12.38,10.16,13.67,15.27,135.23
2017-04-04,9.3165,10.8128,11.62,9.54,7.93,6.92,7.14,7.93,15.6,12.17,10.51,9.73,7.74,8.37,9.14,9.73,10.81,11.79,9.51,13.37,14.94,132.28
2017-04-05,10.1121,11.2771,13.99,11.27,9.23,7.99,8.35,9.23,16.93,13.2,11.4,10.49,8.3,8.95,9.83,10.49,11.28,12.89,11.89,14.12,15.45,130.91
2017-04-06,10.0553,10.9652,12.75,10.38,8.8,7.21,7.77,8.8,16.48,12.92,11.11,10.26,8.06,8.69,9.43,10.26,10.97,12.39,10.27,13.66,15.13,131.27
2017-04-07,10.4152,11.2099,12.89,10.39,8.68,7.02,7.5,8.68,17.18,13.38,11.44,10.48,8.15,8.77,9.73,10.48,11.21,12.87,10.06,14.06,15.44,132.7
2017-04-10,11.5021,11.6538,12.81,10.5,8.74,7.26,7.65,8.74,18.55,14.47,12.35,11.29,8.28,9.24,10.38,11.29,11.65,14.05,10.36,14.58,15.83,132.86
2017-04-11,12.1658,11.9796,13.03,10.63,8.64,7.33,7.7,8.64,19.85,15.37,13.05,11.87,8.53,9.6,10.8,11.87,11.98,15.07,10.54,15.16,16.19,136.66
2017-04-12,12.6407,12.0954,12.62,10.54,8.91,7.73,8.21,8.91,19.96,15.67,13.33,12.14,8.58,9.78,11.07,12.14,12.1,15.77,10.91,15.28,16.29,131.93
2017-04-13,13.2146,12.524,14.75,11.98,10.65,8.7,9.42,10.65,20.3,16.11,13.92,12.81,8.98,10.28,11.75,12.81,12.52,15.96,12.75,15.75,16.57,134.36
2017-04-17,11.7385,11.7626,13.11,11.33,9.78,8.97,9.06,9.78,19.36,15.21,12.99,11.82,8.5,9.45,10.79,11.82,11.76,14.66,13.44,14.86,16.06,139.63
2017-04-18,11.7485,11.7581,12.84,10.52,9.31,9.19,9.23,9.31,18.81,14.99,12.9,11.79,8.45,9.46,10.86,11.79,11.76,14.42,14.2,14.76,16.02,137.2
2017-04-19,12.0232,12.0121,14.59,11.54,9.89,9.58,9.67,9.89,19.1,15.25,13.18,12.07,8.88,9.77,11.06,12.07,12.01,14.93,16.2,15.08,16.21,140.2
2017-04-20,10.7576,11.3481,17.3,15.36,13.4,11.03,11.98,13.4,18.07,13.98,11.89,10.81,8.55,9.03,10.02,10.81,11.35,14.15,15.83,14.53,15.76,146.85
2017-04-21,11.2054,11.4886,18.52,14.85,11.49,8.51,9.28,11.49,18.93,14.6,12.42,11.39,8.74,9.52,10.58,11.39,11.49,14.63,17.09,14.75,15.93,148.42
2017-04-24,8.262,9.9947,13.13,10.3,8.25,7.26,7.4,8.25,14.97,11.56,9.94,9.21,7.56,7.96,8.66,9.21,9.99,10.84,9.96,12.9,14.72,144.45
2017-04-25,8.1749,9.8847,12.47,9.71,8.07,7.99,7.69,8.07,14.52,11.21,9.74,9.11,7.94,8.11,8.59,9.11,9.88,10.76,9.8,12.85,14.62,139.04
2017-04-26,8.271,10.1002,12.73,9.75,8.12,7.65,7.72,8.12,14.68,11.36,9.83,9.17,8.01,8.22,8.76,9.17,10.1,10.85,9.79,12.98,14.77,142.13
2017-04-27,7.899,10.0233,12.29,9.46,7.84,7.01,7.17,7.84,14.29,11.11,9.69,9.02,7.72,7.99,8.53,9.02,10.02,10.36,9.24,12.8,14.7,142.55
2017-04-28,7.767,10.0624,13.54,10.1,7.81,6.36,6.82,7.81,14.86,11.33,9.7,9.07,7.4,7.85,8.49,9.07,10.06,10.82,9.42,12.93,14.74,146.98
2017-05-01,7.7014,9.9547,12.49,9.41,7.73,6.52,6.81,7.73,14.25,10.96,9.49,8.82,7.39,7.77,8.32,8.82,9.95,10.11,9.49,12.63,14.48,128.46
2017-05-02,7.9748,10.0349,13.42,10.07,8.22,7.22,7.51,8.22,14.56,11.12,9.6,8.91,7.47,7.85,8.38,8.91,10.03,10.59,10.49,12.83,14.66,127.49
2017-05-03,8.0701,10.2783,13.85,10.27,8.37,6.77,7.24,8.37,14.89,11.41,9.89,9.1,7.55,7.94,8.53,9.1,10.28,10.68,10.78,13.09,14.87,129.39
2017-05-04,7.8509,10.1157,13.51,10.04,8.27,6.99,7.43,8.27,14.33,11.09,9.68,8.97,7.64,7.94,8.42,8.97,10.12,10.46,11.04,12.83,14.71,130.48
2017-05-05,7.4469,9.9911,14.18,10.11,7.64,6.83,7.16,7.64,14.5,11.1,9.48,8.8,7.79,7.89,8.4,8.8,9.99,10.57,11.44,12.85,14.65,131.36
2017-05-08,7.2731,9.8486,11.39,8.45,7.06,6.47,6.69,7.06,13.52,10.4,9.0,8.38,7.22,7.45,7.97,8.38,9.85,9.77,9.09,12.59,14.64,128.12
2017-05-09,7.4823,9.9664,11.29,8.79,7.3,6.84,6.76,7.3,13.75,10.66,9.13,8.53,7.37,7.49,8.09,8.53,9.97,9.96,9.31,12.71,14.72,128.28
2017-05-10,7.5293,10.1312,11.78,8.55,7.01,6.56,6.57,7.01,14.23,10.86,9.21,8.54,7.39,7.57,8.14,8.54,10.13,10.21,9.43,12.91,14.88,128.27
2017-05-11,7.8271,10.3237,13.23,9.55,7.4,6.46,6.51,7.4,14.5,11.24,9.62,8.87,7.42,7.78,8.34,8.87,10.32,10.6,10.35,13.01,14.99,128.21
2017-05-12,7.5553,10.2635,10.98,8.2,6.54,5.71,5.62,6.54,14.13,10.97,9.34,8.61,7.1,7.45,8.04,8.61,10.26,10.4,9.4,12.97,15.1,129.65
2017-05-15,8.0196,10.0775,11.14,7.95,6.23,6.99,6.54,6.23,13.64,10.42,8.85,8.18,6.83,7.2,7.8,8.18,10.08,10.42,9.16,12.78,14.97,129.44
2017-05-16,7.9862,9.9635,11.71,7.77,6.01,6.77,6.25,6.01,13.82,10.45,8.74,8.07,6.71,7.03,7.61,8.07,9.96,10.65,8.96,12.65,14.97,131.24
2017-05-17,11.8331,12.107,30.69,21.32,16.36,12.48,13.7,16.36,20.74,15.73,13.13,11.91,8.18,9.53,10.9,11.91,12.11,15.59,20.17,15.6,16.8,133.51
2017-05-18,10.8397,11.7502,18.55,15.12,12.82,11.94,11.64,12.82,19.1,14.35,12.15,10.93,7.92,8.81,10.04,10.93,11.75,14.66,16.67,14.97,16.42,137.01
2017-05-19,9.0602,10.7918,6.2,5.81,5.28,4.6,4.81,5.28,15.78,11.94,10.09,9.24,6.76,7.57,8.43,9.24,10.79,12.04,10.98,13.49,15.57,131.39
2017-05-22,8.4872,10.3026,13.93,10.62,8.26,6.46,7.02,8.26,15.59,11.96,10.17,9.35,6.86,7.7,8.62,9.35,10.3,10.93,9.39,12.96,15.25,128.57
2017-05-23,8.3634,10.1897,13.63,10.43,8.12,6.45,6.87,8.12,15.59,11.88,10.03,9.13,6.74,7.52,8.47,9.13,10.19,10.72,9.32,12.9,15.16,124.54
2017-05-24,7.8262,9.9612,12.32,9.67,7.69,6.37,6.64,7.69,15.02,11.39,9.71,8.87,6.58,7.32,8.21,8.87,9.96,10.02,8.56,12.59,14.9,123.11
2017-05-25,7.4891,9.7204,12.29,9.3,7.55,6.37,6.6,7.55,14.94,11.19,9.45,8.66,6.67,7.21,8.01,8.66,9.72,9.99,8.12,12.51,14.82,123.65
2017-05-26,7.2212,9.6971,12.29,9.31,7.45,6.34,6.52,7.45,14.83,11.15,9.37,8.54,6.55,7.06,7.87,8.54,9.7,9.81,7.6,12.44,14.84,125.41
2017-05-30,7.9838,10.0124,12.78,9.71,7.89,6.74,6.92,7.89,14.99,11.38,9.63,8.76,6.78,7.3,8.1,8.76,10.01,10.38,9.04,12.74,15.03,125.37
2017-05-31,7.9684,9.9091,12.72,9.73,7.9,6.57,6.81,7.9,14.79,11.19,9.4,8.66,6.68,7.17,7.99,8.66,9.91,10.41,8.71,12.63,14.94,125.11
2017-06-01,7.4703,9.635,12.35,9.56,7.76,6.75,6.85,7.76,14.34,10.69,8.98,8.21,6.65,6.91,7.63,8.21,9.64,9.89,8.5,12.42,14.83,124.55
2017-06-02,7.171,9.5879,11.78,9.07,7.57,7.34,7.08,7.57,14.19,10.51,8.85,8.15,7.1,7.06,7.63,8.15,9.59,9.75,8.47,12.46,14.88,124.23
2017-06-05,7.2827,9.8583,12.47,9.51,7.98,7.53,7.5,7.98,14.83,10.88,9.06,8.28,7.01,7.17,7.79,8.28,9.86,10.07,9.69,12.85,15.08,125.05
2017-06-06,7.8921,10.1456,12.94,10.01,8.45,8.08,8.04,8.45,15.02,11.13,9.37,8.69,7.3,7.55,8.15,8.69,10.15,10.45,10.39,13.08,15.3,125.72
2017-06-07,7.914,10.1618,12.85,10.02,8.39,7.74,7.81,8.39,14.99,11.12,9.36,8.69,7.3,7.51,8.16,8.69,10.16,10.39,10.13,13.09,15.27,125.98
2017-06-08,7.5668,9.9782,11.64,9.12,7.83,7.29,7.41,7.83,14.45,10.77,9.05,8.42,7.02,7.24,7.84,8.42,9.98,10.16,9.62,12.76,15.01,127.09
2017-06-09,7.5709,9.942,13.66,9.94,7.75,6.94,7.29,7.75,15.16,10.96,9.12,8.33,6.73,7.08,7.79,8.33,9.94,10.7,10.37,12.96,15.17,131.26
2017-06-12,8.181,10.1891,15.43,11.91,9.76,8.49,8.71,9.76,15.73,11.39,9.45,8.65,6.62,7.09,7.93,8.65,10.19,11.46,11.35,13.3,15.32,136.86
2017-06-13,7.5537,9.7941,12.15,9.28,7.95,7.9,7.74,7.95,14.39,10.51,8.77,8.07,6.26,6.69,7.45,8.07,9.79,10.42,9.35,12.73,14.96,136.41
2017-06-14,7.6855,9.8637,14.12,10.63,8.41,8.22,8.26,8.41,14.59,10.66,8.84,8.19,6.3,6.74,7.54,8.19,9.86,10.64,9.91,12.77,14.94,135.89
2017-06-15,7.9726,10.0183,15.28,10.83,9.64,9.93,9.3,9.64,14.9,11.03,9.2,8.47,6.44,6.96,7.77,8.47,10.02,10.9,10.14,12.91,15.07,134.12
2017-06-16,7.4175,9.7938,4.02,3.95,4.0,3.81,3.96,4.0,14.02,10.32,8.62,7.9,5.98,6.58,7.29,7.9,9.79,10.38,8.33,12.71,14.87,135.02
2017-06-19,7.515,9.5635,13.42,9.89,7.65,6.34,6.61,7.65,14.9,11.03,9.27,8.46,6.62,7.06,7.8,8.46,9.56,10.37,8.52,12.4,14.49,138.77
2017-06-20,8.4001,9.9108,14.04,10.51,8.59,6.58,7.13,8.59,15.38,11.47,9.62,8.82,6.7,7.3,8.15,8.82,9.91,10.86,9.42,12.69,14.66,133.37
2017-06-21,8.4711,9.9682,13.98,10.71,8.45,6.51,7.14,8.45,15.36,11.57,9.76,8.91,6.68,7.33,8.17,8.91,9.97,10.75,9.56,12.76,14.73,129.89
2017-06-22,8.1301,9.9084,13.59,10.36,8.11,6.23,6.91,8.11,15.2,11.42,9.6,8.77,6.58,7.23,8.07,8.77,9.91,10.48,9.23,12.62,14.65,130.86
2017-06-23,7.5716,9.7362,12.99,9.81,7.56,5.82,6.4,7.56,14.82,11.11,9.33,8.46,6.35,6.92,7.77,8.46,9.74,10.02,8.38,12.36,14.49,132.76
2017-06-26,7.6042,9.616,12.53,9.51,7.46,5.81,6.31,7.46,14.59,10.84,9.1,8.23,6.21,6.75,7.56,8.23,9.62,9.9,8.7,12.27,14.28,128.6
2017-06-27,8.5742,10.3568,14.18,10.74,8.56,7.0,7.62,8.56,15.84,11.88,9.96,9.06,6.78,7.44,8.33,9.06,10.36,11.06,10.5,12.96,14.78,125.46
2017-06-28,7.8052,9.7939,12.38,9.43,7.54,6.1,6.52,7.54,14.69,10.92,9.17,8.31,6.38,6.86,7.64,8.31,9.79,10.03,8.49,12.4,14.44,126.95
2017-06-29,8.8702,10.6258,14.85,11.48,9.0,6.78,7.68,9.0,16.36,12.25,10.24,9.28,6.72,7.52,8.47,9.28,10.63,11.44,11.37,13.15,14.88,129.15
2017-06-30,8.636,10.5105,14.19,10.86,8.72,6.75,7.41,8.72,15.94,11.92,9.97,9.06,6.82,7.44,8.33,9.06,10.51,11.18,9.93,13.14,14.86,129.51
2017-07-03,8.8223,10.6379,13.69,11.01,8.85,7.26,7.89,8.85,16.01,12.03,10.12,9.2,6.98,7.67,8.64,9.2,10.64,11.22,10.21,13.31,14.96,126.63
2017-07-05,8.4654,10.5226,13.47,10.64,8.47,6.77,7.41,8.47,15.79,11.78,9.81,9.01,6.66,7.31,8.23,9.01,10.52,11.07,9.65,13.31,14.94,128.67
2017-07-06,9.7904,11.3045,15.57,12.42,10.45,7.77,8.69,10.45,17.22,13.0,11.04,9.9,7.2,8.04,9.08,9.9,11.3,12.54,11.53,14.11,15.48,127.25
2017-07-07,8.3058,10.6834,12.86,10.29,8.23,6.62,7.18,8.23,15.58,11.71,9.8,8.93,6.61,7.34,8.21,8.93,10.68,11.19,9.26,13.52,15.11,131.58
2017-07-10,8.4085,10.5564,12.33,9.88,8.19,6.91,7.35,8.19,15.23,11.43,9.64,8.78,6.59,7.26,8.11,8.78,10.56,11.11,9.9,13.35,14.9,133.4
2017-07-11,8.3931,10.4525,11.53,9.36,7.9,6.86,7.27,7.9,15.03,11.34,9.51,8.67,6.4,7.07,7.96,8.67,10.45,10.89,9.37,13.16,14.74,132.75
2017-07-12,7.6122,10.0118,9.92,7.93,6.81,6.05,6.35,6.81,14.25,10.52,8.81,8.01,6.21,6.61,7.4,8.01,10.01,10.3,8.06,12.78,14.48,134.95
2017-07-13,7.186,9.7821,9.26,7.2,6.49,6.16,6.17,6.49,13.74,9.98,8.41,7.66,6.03,6.4,7.13,7.66,9.78,9.9,8.01,12.55,14.32,138.35
2017-07-14,6.8516,9.5688,7.68,6.54,6.04,5.84,5.94,6.04,13.03,9.46,7.96,7.36,6.0,6.33,6.93,7.36,9.57,9.51,7.55,12.23,14.01,137.71
2017-07-17,7.1665,9.5889,9.62,7.64,7.53,6.93,6.97,7.53,13.03,9.3,7.8,7.31,5.96,6.29,6.84,7.31,9.59,9.82,8.39,12.28,14.04,139.87
2017-07-18,7.2169,9.5133,10.17,8.06,7.11,6.8,7.27,7.11,13.16,9.41,7.88,7.28,5.81,6.2,6.78,7.28,9.51,9.89,8.44,12.25,14.04,137.53
2017-07-19,7.1027,9.2488,9.97,7.58,6.59,6.35,5.96,6.59,12.79,9.27,7.77,7.16,6.03,6.29,6.78,7.16,9.25,9.79,7.85,12.0,13.91,136.88
2017-07-20,6.9728,9.2211,10.41,7.95,7.25,7.3,6.8,7.25,12.26,9.04,7.69,7.05,6.14,6.23,6.69,7.05,9.22,9.58,7.69,12.04,13.9,130.88
2017-07-21,6.6736,9.1639,3.91,3.61,3.61,3.58,3.62,3.61,12.0,8.75,7.35,6.8,5.54,5.86,6.42,6.8,9.16,9.36,7.1,12.06,13.89,134.53
2017-07-24,6.8941,9.1924,11.9,8.65,6.79,5.73,5.94,6.79,13.84,10.23,8.57,7.84,6.22,6.66,7.28,7.84,9.19,9.43,7.64,12.04,13.82,132.67
2017-07-25,6.7458,9.0712,11.93,8.56,6.59,5.64,5.79,6.59,13.9,10.1,8.4,7.71,6.13,6.46,7.11,7.71,9.07,9.43,7.87,12.05,13.75,135.61
2017-07-26,6.692,9.0509,12.03,8.43,6.57,5.61,5.75,6.57,14.05,10.16,8.4,7.67,6.12,6.44,7.03,7.67,9.05,9.6,8.07,12.11,13.79,135.61
2017-07-27,6.9288,9.1966,13.21,9.27,7.02,5.62,5.93,7.02,14.8,10.62,8.75,7.94,6.13,6.54,7.24,7.94,9.2,10.11,9.03,12.42,13.87,140.81
2017-07-28,6.9433,9.4024,13.22,9.11,6.92,5.46,5.79,6.92,14.95,10.77,8.82,7.99,6.14,6.54,7.32,7.99,9.4,10.29,8.55,12.58,13.96,139.91
2017-07-31,7.2544,9.446,12.8,9.04,6.96,5.62,5.99,6.96,14.55,10.56,8.63,7.89,6.14,6.52,7.26,7.89,9.45,10.26,9.43,12.47,13.94,139.82
2017-08-01,6.8607,9.1749,12.27,8.55,6.52,5.4,5.68,6.52,14.3,10.23,8.36,7.57,6.01,6.36,7.05,7.57,9.17,10.09,8.93,12.4,13.76,138.72
2017-08-02,6.8932,9.3529,12.23,8.34,6.36,5.14,5.45,6.36,14.42,10.39,8.43,7.67,5.91,6.35,7.05,7.67,9.35,10.28,8.68,12.56,13.92,142.02
2017-08-03,7.2477,9.6478,12.71,8.83,6.74,5.37,5.7,6.74,14.88,10.82,8.7,7.91,5.99,6.51,7.27,7.91,9.65,10.44,9.31,12.74,14.15,138.32
2017-08-04,6.7478,9.6069,12.05,8.23,6.22,4.78,5.14,6.22,14.57,10.56,8.58,7.74,5.75,6.29,7.08,7.74,9.61,10.03,8.58,12.75,14.25,139.81
2017-08-07,6.8372,9.5539,11.28,7.96,6.17,5.08,5.39,6.17,14.26,10.33,8.42,7.6,5.78,6.33,7.04,7.6,9.55,9.93,8.43,12.66,14.16,138.91
2017-08-08,7.7808,10.0808,14.77,10.04,7.39,5.57,6.0,7.39,15.52,11.37,9.23,8.38,6.07,6.75,7.67,8.38,10.08,10.96,10.5,13.2,14.6,140.05
2017-08-09,7.8615,10.3692,14.87,10.19,7.55,5.35,5.74,7.55,15.62,11.54,9.4,8.49,5.97,6.72,7.7,8.49,10.37,11.11,10.72,13.49,14.89,141.2
2017-08-10,11.5521,12.579,24.67,18.66,13.49,9.21,10.72,13.49,21.53,15.89,13.14,11.71,7.59,9.06,10.51,11.71,12.58,16.04,17.83,16.21,16.74,136.48
2017-08-11,11.0758,12.5138,21.2,16.13,11.96,7.91,9.08,11.96,20.78,15.56,12.79,11.46,7.31,8.79,10.25,11.46,12.51,15.51,15.53,16.39,16.86,135.43
2017-08-14,8.6649,10.6175,15.92,12.15,9.3,7.87,8.55,9.3,16.65,12.19,9.87,8.88,6.06,6.89,7.97,8.88,10.62,12.33,11.63,13.92,15.18,142.07
2017-08-15,8.5702,10.4665,14.24,11.1,9.27,7.28,7.14,9.27,16.24,11.85,9.62,8.6,6.03,6.73,7.7,8.6,10.47,12.04,10.41,13.9,15.11,143.23
2017-08-16,8.2649,10.2799,12.55,10.05,8.13,7.74,7.64,8.13,15.57,11.44,9.27,8.31,6.05,6.67,7.54,8.31,10.28,11.74,9.73,13.58,14.92,148.62
2017-08-17,11.2631,12.3721,20.19,16.86,14.35,12.86,13.07,14.35,20.57,15.33,12.82,11.37,7.48,8.73,10.19,11.37,12.37,15.55,15.77,16.14,16.5,142.73
2017-08-18,10.9531,12.3461,8.36,7.93,7.63,7.41,7.76,7.63,18.62,14.43,12.25,11.09,7.65,8.76,10.09,11.09,12.35,14.26,13.17,15.65,16.38,128.86
2017-08-21,10.7675,11.8954,16.69,13.41,10.58,7.52,8.46,10.58,18.43,14.54,12.36,11.21,7.69,8.82,10.2,11.21,11.9,13.19,12.48,14.99,15.92,131.61
2017-08-22,9.0687,10.6413,14.19,11.15,8.78,6.53,7.2,8.78,16.27,12.61,10.73,9.76,6.78,7.71,8.86,9.76,10.64,11.35,9.92,13.63,14.99,135.72
2017-08-23,9.8769,11.3085,15.17,12.03,9.69,7.09,7.9,9.69,17.31,13.55,11.51,10.58,7.23,8.34,9.59,10.58,11.31,12.25,11.14,14.33,15.53,129.98
2017-08-24,9.713,11.4589,15.08,11.88,9.51,6.81,7.73,9.51,17.61,13.77,11.66,10.6,7.32,8.34,9.58,10.6,11.46,12.23,10.33,14.39,15.63,129.95
2017-08-25,8.9371,11.0946,13.73,10.84,8.58,6.34,7.0,8.58,16.95,13.25,11.21,10.07,6.94,7.98,9.14,10.07,11.09,11.28,8.97,13.99,15.42,130.16
2017-08-28,9.1309,11.0938,13.58,10.69,8.53,6.48,7.02,8.53,16.79,13.16,11.15,10.07,6.84,7.93,9.11,10.07,11.09,11.32,9.45,13.99,15.41,128.32
2017-08-29,9.2579,11.0609,13.89,10.83,8.51,6.51,7.01,8.51,16.96,13.22,11.14,10.07,6.85,7.86,9.09,10.07,11.06,11.7,9.81,14.12,15.52,131.48
2017-08-30,8.7885,11.026,13.29,10.28,7.83,6.27,6.66,7.83,16.79,12.89,10.83,9.85,6.97,7.81,9.01,9.85,11.03,11.22,9.15,14.14,15.6,130.53
2017-08-31,7.9919,10.6132,11.64,8.92,7.1,6.49,6.54,7.1,15.76,12.12,10.18,9.23,6.8,7.46,8.4,9.23,10.61,10.59,8.66,13.8,15.46,134.0
2017-09-01,7.4047,10.4016,11.09,8.03,6.49,6.0,5.86,6.49,15.44,11.75,9.77,8.77,6.54,7.14,8.07,8.77,10.4,10.13,7.94,13.59,15.33,134.85
2017-09-05,9.492,11.5037,14.64,11.12,8.78,7.04,7.41,8.78,17.47,13.17,10.94,10.12,6.94,7.96,9.18,10.12,11.5,12.23,11.34,14.58,16.05,133.48
2017-09-06,8.6376,11.2059,13.51,9.78,7.74,6.32,6.6,7.74,16.87,12.63,10.45,9.36,6.5,7.36,8.52,9.36,11.21,11.63,10.22,14.4,16.02,136.48
2017-09-07,8.4306,11.188,12.64,9.3,7.23,6.04,6.12,7.23,16.69,12.46,10.25,9.19,6.35,7.25,8.34,9.19,11.19,11.55,9.75,14.32,15.98,135.39
2017-09-08,8.8193,11.5641,15.31,11.53,8.43,6.7,7.01,8.43,17.52,13.01,10.61,9.62,6.56,7.52,8.75,9.62,11.56,12.12,11.29,14.69,16.37,130.57
2017-09-11,7.4359,10.7048,10.4,7.57,6.29,6.69,6.15,6.29,15.58,11.26,9.11,8.29,6.27,6.72,7.55,8.29,10.7,10.73,9.01,13.86,15.77,136.96
2017-09-12,7.1151,10.3736,10.56,7.64,6.55,7.91,6.98,6.55,15.3,10.8,8.68,7.88,6.26,6.63,7.32,7.88,10.37,10.58,9.25,13.56,15.49,139.6
2017-09-13,7.1548,10.1718,11.05,8.0,6.41,8.72,7.4,6.41,14.95,10.57,8.5,7.75,6.28,6.58,7.17,7.75,10.17,10.5,9.38,13.23,15.22,142.74
2017-09-14,7.0205,10.0836,11.7,8.36,7.11,8.68,7.01,7.11,14.78,10.4,8.34,7.54,6.04,6.31,6.9,7.54,10.08,10.44,9.29,13.16,15.2,142.74
2017-09-15,6.652,9.8641,4.12,4.2,4.41,4.17,4.32,4.41,14.12,9.66,7.8,7.28,5.61,6.0,6.68,7.28,9.86,10.17,8.3,12.96,15.09,144.54
2017-09-18,6.7875,9.6853,13.68,9.52,7.09,5.77,5.94,7.09,15.67,11.37,9.27,8.41,6.08,6.71,7.62,8.41,9.69,10.15,8.72,12.69,14.84,143.65
2017-09-19,6.9588,9.6015,13.64,9.45,7.06,5.82,6.04,7.06,15.65,11.27,9.19,8.29,6.11,6.73,7.61,8.29,9.6,10.18,9.09,12.73,14.85,142.64
2017-09-20,6.9339,9.5331,13.12,9.34,6.92,5.52,5.81,6.92,15.42,11.13,9.13,8.22,6.01,6.62,7.45,8.22,9.53,9.78,8.95,12.66,14.71,138.94
2017-09-21,6.864,9.5731,12.78,9.01,6.9,5.5,5.84,6.9,15.2,10.98,9.02,8.14,5.98,6.59,7.45,8.14,9.57,9.67,8.44,12.66,14.8,137.87
2017-09-22,6.7316,9.7193,12.67,9.05,6.79,5.37,5.74,6.79,15.29,11.15,9.1,8.2,5.99,6.61,7.47,8.2,9.72,9.59,7.98,12.85,14.97,137.5
2017-09-25,7.4028,10.0126,13.26,9.54,7.38,5.56,6.17,7.38,15.61,11.41,9.41,8.41,6.08,6.76,7.66,8.41,10.01,10.21,9.21,13.06,15.14,135.07
2017-09-26,7.4358,10.0157,13.22,9.65,7.34,5.58,6.1,7.34,15.56,11.41,9.43,8.46,6.16,6.81,7.73,8.46,10.02,10.17,9.34,13.02,15.1,134.25
2017-09-27,7.3589,9.9005,12.54,9.37,7.13,5.94,6.01,7.13,15.25,11.24,9.32,8.42,6.32,6.83,7.65,8.42,9.9,9.87,9.03,12.91,15.04,129.49
2017-09-28,7.0107,9.7238,11.94,8.72,6.75,5.7,5.73,6.75,14.78,10.85,8.95,8.11,6.34,6.73,7.47,8.11,9.72,9.55,8.39,12.76,14.93,132.99
2017-09-29,6.587,9.5295,11.38,8.19,6.41,5.72,5.56,6.41,14.07,10.32,8.55,7.76,6.41,6.51,7.15,7.76,9.53,9.51,7.95,12.49,14.81,137.75
2017-10-02,6.7903,9.314,10.94,7.79,6.16,5.86,5.6,6.16,13.86,10.09,8.33,7.58,6.47,6.53,7.07,7.58,9.31,9.45,8.18,12.36,14.57,138.02
2017-10-03,6.8205,9.2486,11.02,7.91,6.18,5.93,5.82,6.18,13.89,10.01,8.24,7.53,6.33,6.49,7.03,7.53,9.25,9.51,8.04,12.31,14.46,137.15
2017-10-04,6.5494,9.1995,11.14,7.81,5.96,5.39,5.35,5.96,14.0,9.94,8.13,7.38,6.06,6.24,6.82,7.38,9.2,9.63,8.02,12.38,14.44,144.19
2017-10-05,6.3725,8.9501,9.92,7.22,5.95,6.0,5.69,5.95,13.04,9.28,7.72,7.09,6.26,6.26,6.68,7.09,8.95,9.19,7.81,12.18,14.25,140.33
2017-10-06,6.457,9.2062,10.42,7.31,5.92,5.77,5.62,5.92,13.57,9.47,7.9,7.25,6.24,6.37,6.82,7.25,9.21,9.65,7.88,12.44,14.59,140.35
2017-10-09,7.051,9.3645,12.16,8.4,6.43,6.02,6.01,6.43,14.3,10.0,8.2,7.47,6.35,6.54,7.05,7.47,9.36,10.33,9.34,12.73,14.94,139.83
2017-10-10,6.9543,9.1176,11.37,7.9,6.15,5.96,5.75,6.15,13.92,9.8,8.07,7.33,6.27,6.4,6.83,7.33,9.12,10.08,8.72,12.47,14.82,139.24
2017-10-11,6.6784,8.9331,10.39,7.44,5.95,5.77,5.52,5.95,13.63,9.56,7.79,7.11,6.03,6.15,6.62,7.11,8.93,9.85,8.32,12.24,14.66,138.74
2017-10-12,6.809,8.9961,9.89,7.3,5.79,5.55,5.35,5.79,13.88,9.74,7.99,7.24,6.1,6.28,6.75,7.24,9.0,9.91,8.34,12.26,14.72,136.36
2017-10-13,6.254,8.7738,9.09,6.17,4.88,5.1,4.93,4.88,13.35,9.21,7.54,6.84,5.79,5.9,6.37,6.84,8.77,9.61,8.03,11.98,14.52,138.28
2017-10-16,6.6079,8.7029,9.64,6.67,5.56,5.6,5.45,5.56,13.36,9.13,7.45,6.76,5.54,5.75,6.3,6.76,8.7,9.91,8.46,11.94,14.48,147.53
2017-10-17,6.8292,8.7582,10.74,6.93,5.77,5.85,5.86,5.77,13.73,9.36,7.57,6.86,5.57,5.84,6.33,6.86,8.76,10.31,8.69,12.05,14.54,150.12
2017-10-18,6.6623,8.6525,9.43,6.17,5.45,5.92,5.32,5.45,13.44,9.06,7.33,6.74,5.58,5.76,6.2,6.74,8.65,10.07,8.37,11.92,14.48,147.95
2017-10-19,6.6466,8.6662,9.78,6.82,6.09,6.6,6.16,6.09,13.59,9.24,7.38,6.69,5.56,5.71,6.3,6.69,8.67,10.05,8.88,11.96,14.48,146.16
2017-10-20,6.4926,8.4666,4.53,4.06,3.8,3.62,3.68,3.8,13.09,9.04,7.32,6.62,5.68,5.72,6.14,6.62,8.47,9.97,8.41,11.85,14.35,148.81
2017-10-23,7.5952,9.0475,15.19,10.51,7.68,6.29,6.46,7.68,15.77,11.35,9.19,8.24,6.98,7.11,7.65,8.24,9.05,11.07,10.77,12.55,14.85,142.46
2017-10-24,7.5087,9.0254,15.18,10.65,7.72,6.28,6.53,7.72,16.01,11.5,9.33,8.38,6.78,7.07,7.73,8.38,9.03,11.16,10.48,12.67,14.79,142.15
2017-10-25,8.1196,9.4295,15.76,11.41,8.24,6.1,6.73,8.24,16.46,11.91,9.83,8.81,6.65,7.21,8.09,8.81,9.43,11.23,11.09,12.95,15.0,138.0
2017-10-26,7.8978,9.3872,15.72,11.2,8.21,6.33,6.66,8.21,16.44,11.95,9.77,8.83,6.84,7.32,8.15,8.83,9.39,11.3,10.69,12.93,14.94,135.36
2017-10-27,6.6792,8.7838,13.0,9.34,6.93,5.62,5.76,6.93,14.87,10.77,8.81,7.97,6.52,6.74,7.37,7.97,8.78,9.8,8.61,12.23,14.48,135.7
2017-10-30,7.5559,9.1902,14.16,10.22,7.56,6.02,6.41,7.56,15.38,11.39,9.26,8.36,6.7,7.08,7.77,8.36,9.19,10.5,9.81,12.57,14.75,132.54
2017-10-31,7.2083,9.0614,13.13,9.49,7.24,6.07,6.25,7.24,14.82,10.8,8.9,8.07,6.67,6.9,7.53,8.07,9.06,10.18,9.32,12.38,14.6,131.81
2017-11-01,7.4715,9.3309,12.46,9.3,7.48,6.62,6.7,7.48,14.65,10.86,9.04,8.28,7.05,7.19,7.72,8.28,9.33,10.2,9.29,12.57,14.75,129.05
2017-11-02,7.4257,9.497,11.45,8.91,7.28,6.4,6.51,7.28,14.18,10.72,9.04,8.35,7.03,7.24,7.78,8.35,9.5,9.93,8.54,12.68,14.9,128.97
2017-11-03,6.5225,9.2703,10.42,7.94,6.38,5.65,5.79,6.38,13.47,10.04,8.45,7.79,6.65,6.78,7.24,7.79,9.27,9.14,7.84,12.42,14.81,130.34
2017-11-06,6.7819,9.4352,10.15,7.6,6.16,5.73,5.77,6.16,13.63,10.09,8.47,7.77,6.76,6.91,7.31,7.77,9.44,9.4,8.09,12.57,14.87,130.52
2017-11-07,7.2392,9.6769,11.22,8.47,6.83,5.81,6.17,6.83,14.12,10.49,8.89,8.16,6.8,7.05,7.58,8.16,9.68,9.89,8.83,12.76,15.12,129.15
2017-11-08,7.1842,9.7542,10.68,7.7,6.32,5.53,5.75,6.32,14.07,10.39,8.66,8.01,6.76,7.01,7.51,8.01,9.75,9.78,8.28,12.88,15.21,131.5
2017-11-09,7.6939,10.0784,13.67,9.91,7.63,5.86,6.19,7.63,14.87,11.08,9.31,8.47,6.85,7.13,7.79,8.47,10.08,10.5,9.65,13.14,15.43,128.95
2017-11-10,8.0892,10.5776,14.81,10.61,7.78,6.5,6.85,7.78,15.98,11.82,9.72,8.87,6.92,7.34,8.11,8.87,10.58,11.29,10.31,13.61,15.91,130.56
2017-11-13,8.4806,10.6467,14.79,10.81,8.27,7.1,7.36,8.27,15.78,11.8,9.72,8.79,7.0,7.35,8.15,8.79,10.65,11.5,9.84,13.75,15.91,129.75
2017-11-14,8.6222,10.7641,14.75,10.96,8.47,7.17,7.25,8.47,16.03,11.82,9.65,8.8,6.73,7.18,8.02,8.8,10.76,11.59,9.73,13.93,16.15,130.15
2017-11-15,9.9901,11.3899,18.4,14.39,11.01,9.15,9.76,11.01,17.58,13.35,11.0,9.98,7.26,7.89,9.04,9.98,11.39,13.13,11.73,14.66,16.72,135.21
2017-11-16,8.2937,10.5566,10.82,8.5,7.35,7.34,6.76,7.35,15.64,11.32,9.27,8.36,6.81,6.96,7.63,8.36,10.56,11.76,8.74,13.96,16.06,136.3
2017-11-17,7.9905,10.5243,4.11,3.82,3.78,3.79,3.76,3.78,15.08,11.0,8.93,8.07,6.33,6.67,7.42,8.07,10.52,11.43,8.49,13.8,15.98,137.19
2017-11-20,7.674,10.1738,13.81,10.15,7.57,6.15,6.46,7.57,15.83,11.89,9.79,8.88,6.79,7.32,8.21,8.88,10.17,10.65,8.6,13.28,15.51,135.83
2017-11-21,7.0076,9.5834,12.13,8.86,6.89,6.22,5.98,6.89,14.63,10.92,9.12,8.31,6.72,6.94,7.63,8.31,9.58,9.73,7.97,12.55,14.91,133.56
2017-11-22,7.1109,9.4999,12.05,8.95,7.01,6.48,6.22,7.01,14.38,10.78,8.98,8.21,6.75,6.96,7.57,8.21,9.5,9.88,7.87,12.44,14.85,132.52
2017-11-24,6.9505,9.4214,11.55,8.64,6.88,6.77,6.39,6.88,14.12,10.53,8.82,8.16,6.94,6.99,7.6,8.16,9.42,9.67,7.87,12.42,14.8,130.98
2017-11-27,7.1421,9.5805,11.97,8.95,7.16,6.98,6.66,7.16,14.19,10.62,8.91,8.3,6.98,7.13,7.74,8.3,9.58,9.87,9.0,12.57,14.87,130.18
2017-11-28,7.6676,9.3729,11.54,8.9,7.59,8.03,7.65,7.59,13.92,10.41,8.83,8.25,7.13,7.25,7.73,8.25,9.37,10.03,9.18,12.27,14.63,124.08
2017-11-29,8.3127,9.6757,12.61,9.69,8.19,7.98,7.98,8.19,14.49,10.98,9.21,8.66,7.15,7.52,8.12,8.66,9.68,10.7,10.16,12.82,15.17,126.28
2017-11-30,8.8841,9.7437,13.04,10.37,9.22,8.69,8.85,9.22,14.85,11.33,9.66,9.0,7.28,7.81,8.45,9.0,9.74,11.28,11.38,13.04,15.15,128.9
2017-12-01,9.004,10.0381,14.91,11.37,9.39,8.46,8.65,9.39,15.48,11.59,9.84,9.23,6.96,7.74,8.51,9.23,10.04,11.43,11.98,13.28,15.3,128.83
2017-12-04,8.9917,10.2061,15.3,11.78,9.63,8.45,8.63,9.63,15.96,11.85,9.94,9.19,7.12,7.75,8.57,9.19,10.21,11.68,12.21,13.55,15.27,132.14
2017-12-05,8.7787,10.2377,14.07,10.61,8.63,7.6,7.98,8.63,15.69,11.51,9.58,8.99,6.79,7.55,8.32,8.99,10.24,11.33,11.11,13.54,15.37,132.07
2017-12-06,8.5541,10.1759,13.75,10.15,8.25,8.17,7.92,8.25,15.41,11.25,9.36,8.85,6.91,7.43,8.19,8.85,10.18,11.02,10.9,13.45,15.3,130.98
2017-12-07,7.9052,9.8626,10.8,8.62,7.58,8.09,7.6,7.58,14.13,10.4,8.77,8.34,6.7,7.15,7.84,8.34,9.86,10.16,9.51,12.93,14.97,130.84
2017-12-08,7.0465,9.3631,8.94,7.15,6.72,7.19,6.83,6.72,13.17,9.61,8.13,7.68,6.36,6.67,7.19,7.68,9.36,9.58,8.44,12.46,14.61,132.54
2017-12-11,7.0276,9.1102,9.53,7.98,7.22,8.16,7.52,7.22,12.47,9.05,7.76,7.4,6.18,6.47,6.94,7.4,9.11,9.34,8.79,12.28,14.44,133.98
2017-12-12,7.6456,9.2766,10.63,8.97,8.17,8.99,8.46,8.17,12.94,9.4,7.92,7.73,6.53,6.8,7.27,7.73,9.28,9.92,9.24,12.48,14.59,133.02
2017-12-13,7.3925,9.3346,11.0,8.94,8.09,9.14,8.7,8.09,13.33,9.35,7.92,7.66,6.93,6.92,7.29,7.66,9.33,10.18,9.35,12.5,14.71,134.71
2017-12-14,7.4734,9.5622,15.49,12.03,9.98,11.74,10.81,9.98,13.58,9.69,8.14,7.77,6.84,6.93,7.34,7.77,9.56,10.49,9.87,12.8,14.76,134.03
2017-12-15,6.7306,8.9942,4.75,4.42,4.89,4.84,5.06,4.89,12.14,8.42,7.02,7.09,6.51,6.39,6.71,7.09,8.99,9.42,8.25,12.08,14.38,135.73
2017-12-18,7.2494,9.0578,11.86,8.54,7.31,6.88,6.75,7.31,13.98,10.09,8.46,7.88,6.82,6.84,7.35,7.88,9.06,9.53,8.05,12.07,14.28,132.72
2017-12-19,7.6082,9.4248,12.78,9.26,7.62,6.81,6.97,7.62,14.64,10.69,8.95,8.22,6.86,7.08,7.68,8.22,9.42,10.03,9.03,12.51,14.57,130.69
2017-12-20,7.3612,9.315,12.41,8.94,7.36,6.42,6.49,7.36,14.44,10.45,8.74,8.06,6.66,6.92,7.51,8.06,9.32,9.72,8.34,12.37,14.44,133.15
2017-12-21,7.1177,9.3712,12.25,8.87,7.18,6.3,6.41,7.18,14.21,10.43,8.71,8.05,6.7,6.94,7.52,8.05,9.37,9.62,7.63,12.35,14.46,132.63
2017-12-22,7.2552,9.5655,12.57,9.04,7.63,6.16,6.49,7.63,14.62,10.71,8.92,8.12,6.59,6.92,7.58,8.12,9.57,9.9,7.51,12.49,14.66,134.4
2017-12-26,7.4252,9.8406,12.98,9.32,7.85,6.35,6.8,7.85,14.64,10.79,9.02,8.3,6.65,7.04,7.74,8.3,9.84,10.25,8.48,12.62,14.82,135.6
2017-12-27,7.6371,9.7359,13.82,9.59,7.37,5.76,6.17,7.37,14.88,10.85,8.97,8.18,6.27,6.82,7.57,8.18,9.74,10.47,9.71,12.65,14.74,138.43
2017-12-28,7.1627,9.5789,13.17,9.29,6.89,5.68,5.95,6.89,14.78,10.8,8.87,8.02,6.21,6.68,7.4,8.02,9.58,10.18,9.27,12.76,14.91,137.82
2017-12-29,7.7151,9.9218,14.16,10.31,7.79,6.16,6.52,7.79,15.49,11.32,9.35,8.45,6.4,6.93,7.73,8.45,9.92,11.04,10.42,13.09,15.11,137.05
2018-01-02,7.2198,9.5226,11.84,8.74,6.71,5.78,5.93,6.71,14.25,10.32,8.54,7.81,6.21,6.58,7.24,7.81,9.52,9.77,8.54,12.61,14.72,135.37
2018-01-03,6.7954,9.2322,10.0,7.53,6.27,5.94,5.83,6.27,13.23,9.66,8.08,7.5,6.38,6.53,7.04,7.5,9.23,9.15,7.85,12.32,14.41,133.43
2018-01-04,7.0008,9.3266,9.61,7.29,6.49,6.48,6.41,6.49,12.99,9.56,8.2,7.69,6.81,6.92,7.32,7.69,9.33,9.22,7.73,12.24,14.38,131.24
2018-01-05,6.9662,9.2412,9.35,7.28,6.5,6.88,6.75,6.5,12.56,9.51,8.22,7.69,6.94,7.06,7.38,7.69,9.24,9.22,7.7,12.06,14.19,127.03
2018-01-08,7.3319,9.3161,8.68,7.11,6.48,6.9,6.68,6.48,12.55,9.49,8.28,7.83,7.09,7.18,7.47,7.83,9.32,9.52,7.9,12.15,14.21,128.0
2018-01-09,7.8763,9.4877,9.1,7.67,6.98,7.28,7.07,6.98,13.1,9.81,8.59,8.13,7.27,7.52,7.74,8.13,9.49,10.08,8.35,12.41,14.32,126.37
2018-01-10,7.629,9.4342,8.69,7.49,6.52,6.67,6.51,6.52,12.87,9.67,8.42,7.94,6.89,7.22,7.61,7.94,9.43,9.82,7.85,12.36,14.31,129.12
2018-01-11,7.5866,9.2573,8.48,7.03,6.55,6.56,6.32,6.55,12.51,9.46,8.31,7.86,7.19,7.32,7.55,7.86,9.26,9.88,7.84,12.16,14.11,126.1
2018-01-12,7.9159,9.4715,9.6,7.92,7.21,7.1,6.89,7.21,12.75,9.67,8.59,8.18,7.43,7.65,7.96,8.18,9.47,10.16,8.68,12.2,14.18,124.95
2018-01-16,9.3623,10.3216,14.28,11.59,11.91,9.67,10.4,11.91,14.9,11.18,9.72,9.3,7.73,8.23,8.79,9.3,10.32,11.66,11.25,13.23,14.99,128.65
2018-01-17,9.1543,10.2649,15.63,11.67,10.91,10.44,10.19,10.91,14.57,11.02,9.77,9.15,8.17,8.4,8.76,9.15,10.26,11.91,11.66,13.25,14.88,136.19
2018-01-18,9.3517,10.5614,13.59,11.53,10.69,11.33,10.94,10.69,15.33,11.48,9.95,9.49,8.42,8.63,9.11,9.49,10.56,12.22,12.37,13.58,15.15,131.41
2018-01-19,8.4749,10.0327,6.7,6.44,6.15,5.97,6.06,6.15,14.14,10.47,9.13,8.65,7.78,7.82,8.26,8.65,10.03,11.27,10.41,13.04,14.86,132.28
2018-01-22,8.7549,10.089,13.78,10.49,8.91,8.02,8.0,8.91,15.43,11.64,10.05,9.44,8.04,8.4,8.94,9.44,10.09,11.03,10.86,12.99,14.84,127.18
2018-01-23,9.0007,10.2302,13.52,10.62,9.02,8.68,8.43,9.02,15.29,11.82,10.26,9.62,8.61,8.7,9.19,9.62,10.23,11.1,11.02,13.22,14.94,122.95
2018-01-24,9.5085,10.5809,13.77,11.11,9.73,9.12,9.0,9.73,15.49,12.19,10.75,10.1,9.23,9.21,9.64,10.1,10.58,11.47,11.45,13.53,15.25,120.2
2018-01-25,9.4484,10.6634,14.03,11.3,9.8,8.96,9.0,9.8,15.72,12.32,10.84,10.17,9.31,9.29,9.71,10.17,10.66,11.58,11.64,13.68,15.39,121.87
2018-01-26,9.1222,10.5974,12.91,10.71,9.35,8.68,8.86,9.35,15.02,11.99,10.68,10.1,9.21,9.32,9.75,10.1,10.6,11.08,10.46,13.46,15.11,117.99
2018-01-29,11.38,11.8372,17.58,14.31,12.09,10.54,11.02,12.09,18.06,14.21,12.44,11.65,10.33,10.59,11.18,11.65,11.84,13.84,14.91,14.99,16.14,118.8
2018-01-30,12.1023,12.4566,18.88,15.46,12.96,10.82,11.54,12.96,19.25,15.13,13.14,12.16,10.12,10.6,11.4,12.16,12.46,14.79,16.2,15.83,16.78,122.85
2018-01-31,11.214,11.9087,17.15,14.02,11.92,10.07,10.66,11.92,17.94,14.17,12.4,11.48,9.57,9.97,10.73,11.48,11.91,13.54,13.86,14.9,16.06,121.23
2018-02-01,11.2463,11.7991,16.62,13.81,12.0,10.49,10.69,12.0,17.34,13.8,12.15,11.43,9.75,9.98,10.74,11.43,11.8,13.47,13.86,14.72,15.9,120.59
2018-02-02,13.7845,13.5858,24.11,18.23,14.72,11.78,12.5,14.72,23.22,18.18,15.59,14.32,10.64,11.85,13.26,14.32,13.59,17.31,18.86,17.03,17.49,126.45
2018-02-05,30.8825,23.8836,81.06,56.02,40.83,27.49,32.5,40.83,51.56,39.22,32.31,28.25,17.96,21.46,25.75,28.25,23.88,37.32,59.34,28.13,24.55,117.33
2018-02-06,21.1676,16.5084,55.17,35.06,27.06,24.84,23.53,27.06,37.14,24.86,20.69,19.2,19.2,17.76,17.69,19.2,16.51,29.98,39.46,23.75,21.54,129.61
2018-02-07,18.0385,16.5676,43.32,29.59,21.69,18.22,18.39,21.69,33.98,23.19,19.11,17.29,14.53,14.74,15.93,17.29,16.57,27.73,32.86,23.03,21.76,136.9
2018-02-08,25.0653,21.4878,57.34,43.17,32.78,24.56,27.98,32.78,43.0,31.58,26.41,23.76,17.69,19.59,21.87,23.76,21.49,33.46,41.44,27.33,24.89,130.92
2018-02-09,22.3442,19.9219,38.77,31.09,25.58,22.16,22.57,25.58,37.07,27.79,23.44,21.29,16.22,17.55,19.61,21.29,19.92,29.06,31.64,24.92,23.18,128.51
2018-02-12,17.4851,17.1936,29.26,26.62,23.2,20.6,20.52,23.2,31.37,22.9,19.17,17.49,14.33,14.77,16.1,17.49,17.19,25.61,26.83,22.86,22.08,148.02
2018-02-13,17.1081,16.81,30.33,27.9,25.17,20.9,23.82,25.17,31.18,22.6,18.66,17.06,14.36,14.76,15.8,17.06,16.81,24.97,25.29,22.65,21.67,143.07
2018-02-14,14.6893,15.0426,22.59,21.62,19.17,16.79,16.46,19.17,24.5,18.74,16.0,14.8,13.36,13.16,14.06,14.8,15.04,19.26,18.73,19.34,19.75,127.84
2018-02-15,14.2867,14.6501,23.27,18.86,16.19,17.46,16.1,16.19,23.56,18.12,15.5,14.33,13.57,13.05,13.66,14.33,14.65,19.13,18.58,19.08,19.4,131.67
2018-02-16,13.8736,14.5377,10.87,10.41,9.83,9.87,9.97,9.83,24.46,17.78,15.06,13.9,12.36,12.45,13.26,13.9,14.54,19.46,18.68,19.17,19.48,137.8
2018-02-20,14.9949,15.2185,26.51,19.88,15.24,12.57,13.11,15.24,26.37,19.44,16.15,14.64,11.56,12.36,13.6,14.64,15.22,20.6,20.64,20.01,20.04,131.63
2018-02-21,15.3441,15.3816,26.02,20.03,15.65,12.6,13.57,15.65,26.57,19.79,16.57,14.97,11.61,12.48,13.81,14.97,15.38,20.02,20.01,20.03,20.14,130.03
2018-02-22,14.0945,14.5701,23.49,18.12,14.23,11.46,12.29,14.23,24.61,18.23,15.22,13.94,11.06,11.79,12.92,13.94,14.57,18.72,18.13,19.06,19.36,134.31
2018-02-23,12.0224,13.1614,19.7,14.87,12.03,10.68,10.67,12.03,21.84,15.94,13.47,12.23,10.25,10.64,11.46,12.23,13.16,16.49,14.98,17.5,18.21,139.2
2018-02-26,11.6974,12.8177,18.23,14.14,11.85,11.24,11.11,11.85,20.48,15.25,13.06,12.2,10.48,10.79,11.54,12.2,12.82,15.8,15.16,16.92,17.6,131.72
2018-02-27,13.7695,14.2923,23.83,17.85,14.33,12.21,12.63,14.33,24.67,18.0,15.08,13.85,11.49,12.01,12.95,13.85,14.29,18.59,18.12,19.02,19.26,132.27
2018-02-28,14.2852,14.8659,24.49,18.55,14.65,12.2,12.8,14.65,25.64,18.71,15.64,14.39,11.55,12.25,13.34,14.39,14.87,19.85,19.19,19.89,19.99,138.95
2018-03-01,15.7928,16.4341,27.99,21.85,17.12,14.05,14.56,17.12,28.33,20.81,17.44,15.96,12.63,13.39,14.71,15.96,16.43,22.47,23.89,21.42,21.1,136.54
2018-03-02,14.5456,15.6496,23.35,19.08,15.47,12.89,13.21,15.47,26.14,19.45,16.37,14.95,11.81,12.6,13.81,14.95,15.65,19.59,18.87,19.86,19.97,127.48
2018-03-05,13.818,14.9055,22.24,18.05,14.65,13.41,13.64,14.65,24.52,18.23,15.36,14.16,11.48,12.14,13.24,14.16,14.91,18.73,18.26,19.21,19.52,130.12
2018-03-06,13.6545,14.9711,20.96,17.22,14.09,12.74,12.94,14.09,24.15,18.08,15.37,13.96,11.45,12.0,13.02,13.96,14.97,18.36,17.23,19.24,19.6,128.41
2018-03-07,13.3472,14.8109,20.55,17.21,14.1,12.06,12.39,14.1,23.37,17.72,15.12,13.8,11.09,11.74,12.89,13.8,14.81,17.76,16.71,18.84,19.44,128.17
2018-03-08,12.3409,14.2389,19.02,15.36,13.05,11.78,12.0,13.05,21.72,16.43,14.04,12.95,10.81,11.23,12.13,12.95,14.24,16.54,15.86,18.18,18.88,129.62
2018-03-09,10.8088,13.0874,13.79,11.71,10.19,11.66,11.38,10.19,18.69,14.31,12.39,11.61,10.29,10.41,11.0,11.61,13.09,14.64,13.53,17.01,17.95,127.79
2018-03-12,11.7878,13.6397,16.57,14.3,13.41,14.13,13.32,13.41,20.01,15.02,12.93,12.17,10.64,10.9,11.55,12.17,13.64,15.78,15.24,17.8,18.65,141.98
2018-03-13,12.2152,13.9423,17.71,14.62,12.55,12.77,12.08,12.55,20.73,15.42,13.23,12.4,10.74,11.11,11.68,12.4,13.94,16.35,15.36,18.05,18.86,140.43
2018-03-14,12.5708,14.6092,24.4,18.15,14.13,15.53,14.92,14.13,21.82,16.3,13.9,13.21,10.96,11.35,12.37,13.21,14.61,17.23,17.28,18.78,19.4,141.66
2018-03-15,11.5077,14.2346,15.85,12.27,10.74,13.28,12.81,10.74,20.47,15.11,12.84,12.55,10.46,10.75,11.71,12.55,14.23,16.59,15.96,18.21,19.11,146.55
2018-03-16,10.8738,13.8366,7.22,6.84,6.56,6.47,6.5,6.56,19.68,14.5,12.27,11.46,9.92,10.05,10.81,11.46,13.84,15.8,14.93,17.74,18.69,147.35
2018-03-19,13.8893,15.299,24.13,17.81,13.87,11.14,11.71,13.87,24.5,18.37,15.64,14.35,11.46,12.09,13.33,14.35,15.3,19.02,21.95,19.38,19.7,143.96
2018-03-20,13.8096,15.037,23.42,17.22,13.7,10.89,11.51,13.7,24.07,18.06,15.33,14.06,11.18,11.81,13.04,14.06,15.04,18.2,19.7,18.88,19.54,139.52
2018-03-21,13.6835,14.878,23.29,17.28,13.56,10.74,11.36,13.56,23.92,17.99,15.24,13.93,10.99,11.65,12.89,13.93,14.88,17.86,18.52,18.71,19.49,133.69
2018-03-22,17.706,17.2306,30.46,22.86,18.1,13.46,14.99,18.1,29.64,22.07,18.49,17.12,12.84,14.06,15.77,17.12,17.23,23.34,26.31,21.66,21.44,131.52
2018-03-23,19.2979,18.6514,31.76,24.61,19.84,14.87,16.43,19.84,30.79,23.73,20.26,18.28,13.86,15.22,16.95,18.28,18.65,24.87,28.22,22.79,22.86,130.79
2018-03-26,16.894,16.9471,26.3,20.91,17.16,14.08,14.96,17.16,26.88,20.86,17.86,16.51,13.17,13.99,15.35,16.51,16.95,21.03,22.28,20.7,20.9,128.96
2018-03-27,18.8237,18.4462,27.1,22.3,19.63,15.62,16.8,19.63,28.4,22.56,19.46,18.02,14.06,15.21,16.72,18.02,18.45,22.5,22.95,21.94,22.0,128.65
2018-03-28,18.8115,18.6912,27.53,22.93,19.68,16.47,17.1,19.68,28.62,22.89,19.91,18.46,14.63,15.69,17.2,18.46,18.69,22.87,24.94,22.31,22.29,128.33
2018-03-29,16.9603,17.3686,24.11,20.52,17.82,15.66,16.04,17.82,25.33,20.55,18.03,16.95,13.92,14.72,15.95,16.95,17.37,19.97,20.57,20.55,21.05,119.34
2018-04-02,20.3137,19.3741,28.85,25.18,22.73,19.18,20.48,22.73,28.53,23.56,20.96,19.61,15.77,16.94,18.38,19.61,19.37,23.62,27.31,22.57,22.33,119.68
2018-04-03,18.4298,18.0081,26.06,23.01,20.22,16.34,17.85,20.22,26.08,21.65,19.11,17.87,14.49,15.43,16.75,17.87,18.01,21.1,23.48,21.02,21.26,118.38
2018-04-04,17.3354,17.1135,24.78,21.56,18.85,15.57,16.84,18.85,25.47,20.74,18.19,17.01,13.84,14.68,16.01,17.01,17.11,20.06,21.95,20.42,20.85,119.23
2018-04-05,16.1121,16.3259,23.31,19.99,17.31,14.03,15.16,17.31,23.77,19.5,17.17,16.08,12.91,13.85,15.06,16.08,16.33,18.94,19.93,19.61,20.13,121.51
2018-04-06,18.0856,18.0364,26.91,23.38,20.27,15.85,17.63,20.27,26.52,21.84,19.32,18.04,14.57,15.5,16.99,18.04,18.04,21.49,23.06,21.2,21.41,122.39
2018-04-09,18.6562,18.0245,27.55,24.67,21.51,17.75,19.16,21.51,26.41,21.95,19.6,18.36,14.92,15.96,17.28,18.36,18.02,21.77,23.83,21.23,21.29,119.9
2018-04-10,17.5,17.2585,24.48,21.6,19.05,16.66,17.23,19.05,24.6,20.43,18.34,17.13,14.32,14.92,16.18,17.13,17.26,20.47,20.92,20.4,20.75,121.25
2018-04-11,17.282,17.2334,24.7,21.25,18.45,16.29,16.93,18.45,24.33,20.29,18.1,16.99,14.11,14.82,16.07,16.99,17.23,20.24,20.37,20.37,20.8,122.27
2018-04-12,15.6659,16.1143,21.75,18.6,16.0,13.73,14.38,16.0,22.28,18.41,16.62,15.6,13.11,13.7,14.72,15.6,16.11,18.49,17.82,19.28,19.98,122.29
2018-04-13,14.3703,15.4017,18.63,16.66,14.0,12.29,13.35,14.0,20.91,17.42,15.43,14.57,12.08,12.8,13.74,14.57,15.4,17.41,16.36,18.55,19.35,126.0
2018-04-16,13.0173,14.2786,19.85,15.21,13.85,13.35,12.86,13.85,19.8,15.88,13.99,13.24,11.57,11.78,12.54,13.24,14.28,16.56,16.57,17.82,18.77,131.47
2018-04-17,12.1051,13.3034,18.0,14.01,12.2,12.02,11.52,12.2,18.39,14.55,12.94,12.07,10.8,10.84,11.56,12.07,13.3,15.25,15.35,16.8,18.03,130.57
2018-04-18,11.891,13.0081,18.21,14.53,11.53,10.71,10.04,11.53,18.38,14.47,12.72,11.85,10.54,10.57,11.26,11.85,13.01,15.6,14.64,16.8,17.93,146.26
2018-04-19,12.5611,13.5642,17.59,15.52,13.7,13.26,13.01,13.7,19.38,15.32,13.48,12.59,10.55,11.04,11.88,12.59,13.56,15.96,15.5,17.12,18.21,138.2
2018-04-20,13.3847,14.18,10.55,9.98,9.62,9.55,9.96,9.62,20.47,16.56,14.44,13.61,10.94,11.76,12.87,13.61,14.18,16.88,16.23,17.72,18.65,133.07
2018-04-23,13.3743,14.0699,19.77,16.18,13.67,10.92,11.95,13.67,21.25,16.9,14.66,13.54,10.87,11.56,12.71,13.54,14.07,16.34,16.44,17.35,18.38,126.48
2018-04-24,15.2691,15.0963,21.38,17.97,15.45,12.58,13.41,15.45,22.52,18.06,15.89,14.7,11.74,12.57,13.76,14.7,15.1,18.02,19.17,18.23,19.0,126.5
2018-04-25,15.3846,15.0019,21.28,18.21,15.47,12.43,13.5,15.47,22.45,18.02,15.9,14.74,11.72,12.7,13.82,14.74,15.0,17.84,18.71,18.23,18.99,124.29
2018-04-26,13.6438,14.0623,19.4,16.03,13.88,11.32,12.24,13.88,20.82,16.62,14.68,13.64,11.16,11.89,12.89,13.64,14.06,16.24,16.01,17.29,18.29,127.08
2018-04-27,12.6056,13.9558,17.99,14.97,12.78,10.6,11.48,12.78,20.03,16.11,14.26,13.28,10.82,11.57,12.6,13.28,13.96,15.41,14.44,17.08,18.22,128.4
2018-04-30,13.0927,14.3337,18.75,15.86,13.69,11.31,12.09,13.69,20.15,16.46,14.65,13.65,11.16,11.86,12.92,13.65,14.33,15.93,16.45,17.34,18.33,130.77
2018-05-01,12.8089,13.94,18.12,15.55,13.39,11.22,11.83,13.39,19.7,15.98,14.15,13.33,10.85,11.53,12.54,13.33,13.94,15.49,15.7,16.91,18.08,128.21
2018-05-02,13.311,14.2681,18.87,16.22,14.13,11.72,12.54,14.13,20.28,16.57,14.65,13.8,11.3,12.03,13.04,13.8,14.27,15.97,16.53,17.26,18.32,122.42
2018-05-03,13.152,14.2049,18.67,15.82,13.47,10.93,11.76,13.47,20.09,16.42,14.47,13.59,11.15,11.89,12.91,13.59,14.2,15.9,15.75,17.03,18.16,126.79
2018-05-04,11.9272,13.6267,17.07,14.06,11.91,10.34,10.64,11.91,19.09,15.38,13.62,12.79,10.62,11.23,12.06,12.79,13.63,14.77,13.86,16.65,17.84,127.37
2018-05-07,12.2941,13.6729,17.02,14.45,12.38,10.87,11.31,12.38,18.94,15.26,13.58,12.79,10.7,11.36,12.17,12.79,13.67,14.75,14.22,16.65,17.89,123.04
2018-05-08,12.2725,13.5164,16.99,14.26,12.24,10.87,11.12,12.24,18.76,15.15,13.56,12.65,10.54,11.17,12.07,12.65,13.52,14.71,13.98,16.48,17.76,125.1
2018-05-09,11.0889,12.7907,14.3,11.99,10.79,9.57,10.05,10.79,16.89,13.87,12.36,11.69,9.91,10.44,11.1,11.69,12.79,13.42,12.13,15.78,17.27,126.05
2018-05-10,10.3757,12.1148,13.65,11.66,10.25,10.16,9.76,10.25,16.35,13.12,11.72,11.11,9.91,10.02,10.55,11.11,12.11,13.23,12.43,15.24,16.83,129.35
2018-05-11,9.748,11.7237,12.18,10.48,9.27,8.81,8.46,9.27,15.67,12.59,11.2,10.56,9.3,9.51,10.1,10.56,11.72,12.65,11.24,14.82,16.57,131.59
2018-05-14,10.3065,11.3452,14.07,11.45,10.22,9.52,10.1,10.22,15.68,12.41,11.08,10.41,9.22,9.33,9.87,10.41,11.35,12.93,11.92,14.53,16.26,133.97
2018-05-15,11.4198,12.186,18.22,14.98,12.83,11.37,11.88,12.83,18.02,14.16,12.25,11.41,9.25,9.92,10.77,11.41,12.19,14.63,14.29,15.79,17.05,136.76
2018-05-16,10.5586,11.7194,14.46,11.75,11.31,10.64,10.5,11.31,16.73,13.03,11.41,10.56,8.72,9.21,9.9,10.56,11.72,13.42,12.36,15.14,16.6,134.45
2018-05-17,10.4632,11.6887,14.57,12.58,11.01,11.21,10.63,11.01,16.64,12.95,11.3,10.58,8.65,9.23,9.9,10.58,11.69,13.43,12.02,15.02,16.63,134.78
2018-05-18,10.3842,11.867,7.07,6.77,6.46,6.11,6.21,6.46,16.4,12.86,11.3,10.57,8.62,9.22,9.92,10.57,11.87,13.42,11.48,15.19,16.79,133.32
2018-05-21,10.2076,11.3796,15.59,12.24,10.18,8.63,9.0,10.18,17.74,13.37,11.45,10.63,8.54,9.05,9.96,10.63,11.38,13.08,11.37,14.69,16.28,134.02
2018-05-22,10.2127,11.502,15.73,12.33,10.08,8.57,9.11,10.08,17.82,13.46,11.47,10.54,8.47,8.99,9.83,10.54,11.5,13.22,10.92,14.88,16.4,134.61
2018-05-23,9.6001,11.1733,14.77,11.71,9.61,7.99,8.49,9.61,17.25,13.01,11.12,10.16,8.08,8.6,9.48,10.16,11.17,12.58,10.06,14.48,16.19,135.61
2018-05-24,9.3816,11.1058,14.68,11.47,9.25,7.65,8.21,9.25,17.28,12.93,10.98,10.06,7.86,8.44,9.32,10.06,11.11,12.53,10.33,14.43,16.16,139.24
2018-05-25,9.6087,11.3425,15.48,12.18,9.87,7.95,8.53,9.87,17.76,13.32,11.28,10.32,7.92,8.57,9.52,10.32,11.34,13.22,11.46,14.83,16.43,140.78
2018-05-29,12.7819,13.2352,21.04,16.5,13.26,10.45,11.43,13.26,21.51,16.12,13.64,12.46,9.28,10.26,11.47,12.46,13.24,17.02,17.24,17.13,17.94,141.84
2018-05-30,10.8009,12.2312,17.14,13.3,10.77,9.14,9.54,10.77,19.13,14.3,12.08,11.1,8.72,9.37,10.29,11.1,12.23,14.94,13.26,16.0,17.26,143.89
2018-05-31,11.2372,12.6738,18.14,14.04,11.54,9.33,9.94,11.54,19.55,14.72,12.46,11.52,8.9,9.61,10.62,11.52,12.67,15.43,14.12,16.33,17.54,140.07
2018-06-01,9.8844,11.7464,15.29,12.07,10.04,8.65,9.02,10.04,17.71,13.29,11.31,10.41,8.38,8.89,9.73,10.41,11.75,13.46,11.44,15.27,16.81,134.53
2018-06-04,9.3946,11.4602,14.85,11.79,9.85,9.1,9.03,9.85,16.89,12.68,10.82,10.06,8.19,8.59,9.4,10.06,11.46,12.74,12.02,14.9,16.47,132.7
2018-06-05,9.4354,11.3709,14.55,11.6,9.55,8.66,8.93,9.55,16.61,12.52,10.7,9.99,8.01,8.55,9.33,9.99,11.37,12.4,11.68,14.72,16.31,132.58
2018-06-06,8.5795,10.8113,13.58,10.29,9.05,8.42,8.39,9.05,15.68,11.75,9.95,9.23,7.67,8.02,8.61,9.23,10.81,11.64,11.03,14.19,15.97,136.57
2018-06-07,8.7342,10.9832,14.6,11.17,9.35,8.8,8.91,9.35,16.18,11.93,10.04,9.63,7.83,8.19,8.94,9.63,10.98,12.13,11.9,14.43,16.06,133.84
2018-06-08,8.6725,10.972,14.0,10.73,9.4,8.73,8.55,9.4,16.34,12.14,10.29,9.4,7.8,8.1,8.77,9.4,10.97,12.18,11.56,14.6,16.13,133.11
2018-06-11,8.9611,11.0727,16.52,12.96,11.38,10.8,10.49,11.38,16.17,12.02,10.23,9.46,7.92,8.23,8.83,9.46,11.07,12.35,12.53,14.55,16.12,138.93
2018-06-12,8.8946,11.0682,14.77,11.72,10.26,10.63,10.74,10.26,15.85,11.77,10.0,9.35,8.11,8.26,8.76,9.35,11.07,12.34,12.03,14.59,16.17,142.82
2018-06-13,9.6195,11.4006,14.65,12.16,11.78,10.83,11.14,11.78,16.25,12.12,10.37,9.87,8.48,8.62,9.29,9.87,11.4,12.94,12.66,14.92,16.43,141.74
2018-06-14,8.788,10.9749,10.6,9.05,8.81,10.21,9.18,8.81,15.25,11.36,9.71,9.21,8.01,8.08,8.61,9.21,10.97,12.12,11.04,14.4,16.09,142.39
2018-06-15,8.5646,11.0175,6.2,5.8,5.47,5.67,5.67,5.47,15.22,11.3,9.66,8.97,7.62,7.82,8.49,8.97,11.02,11.98,10.84,14.42,16.32,140.92
2018-06-18,9.1159,11.0892,15.48,11.55,9.17,7.6,7.98,9.17,16.99,12.71,10.73,9.86,8.13,8.4,9.14,9.86,11.09,12.31,11.69,14.48,16.35,140.92
2018-06-19,9.8754,11.6474,17.17,12.81,9.88,7.78,8.27,9.88,18.25,13.64,11.48,10.45,8.19,8.74,9.7,10.45,11.65,13.35,12.97,15.17,16.89,139.35
2018-06-20,9.6381,11.3791,16.33,12.12,9.63,7.53,8.01,9.63,17.66,13.16,11.07,10.06,7.98,8.39,9.35,10.06,11.38,12.79,12.16,14.79,16.52,140.82
2018-06-21,10.8417,12.1779,18.81,13.95,10.76,8.23,8.97,10.76,19.59,14.51,12.12,11.06,8.52,9.09,10.1,11.06,12.18,14.64,14.56,15.87,17.2,139.94
2018-06-22,10.3901,11.9381,17.51,12.95,10.43,7.89,8.66,10.43,19.02,13.92,11.58,10.59,8.24,8.72,9.71,10.59,11.94,13.77,12.16,15.5,16.92,140.54
2018-06-25,13.2027,13.8714,22.83,17.38,13.31,9.69,10.9,13.31,22.79,17.01,14.32,12.98,9.62,10.65,11.99,12.98,13.87,17.33,17.68,17.52,18.27,134.66
2018-06-26,12.2392,13.4297,20.02,15.55,12.39,9.26,10.32,12.39,21.29,16.02,13.5,12.25,9.08,10.03,11.31,12.25,13.43,15.92,15.16,16.87,17.79,134.92
2018-06-27,14.2353,14.5143,22.45,17.74,14.64,10.8,12.03,14.64,23.04,17.59,14.89,13.68,9.92,11.07,12.51,13.68,14.51,17.91,17.91,18.05,18.66,131.3
2018-06-28,13.088,14.0052,21.04,16.42,13.22,9.84,11.03,13.22,22.32,16.8,14.27,12.98,9.42,10.52,11.84,12.98,14.01,16.85,15.83,17.52,18.29,136.34
2018-06-29,12.3426,13.607,19.6,15.3,12.82,9.52,10.61,12.82,21.0,15.89,13.48,12.23,8.93,9.96,11.25,12.23,13.61,16.09,14.93,17.14,18.09,141.72
2018-07-02,11.885,13.3742,18.38,14.73,11.97,9.25,10.17,11.97,20.44,15.54,13.14,11.98,8.92,9.82,11.09,11.98,13.37,15.6,14.42,16.95,17.97,140.89
2018-07-03,12.6967,13.8458,19.42,15.7,12.86,9.99,10.91,12.86,21.26,16.19,13.78,12.8,9.11,10.26,11.68,12.8,13.85,16.14,15.17,17.35,18.23,134.57
2018-07-05,11.2386,12.9995,17.46,14.19,11.53,9.41,9.95,11.53,19.55,14.87,12.61,11.45,8.52,9.41,10.54,11.45,13.0,14.97,14.14,16.53,17.63,139.86
2018-07-06,9.8489,12.2226,14.46,11.6,9.63,8.2,8.54,9.63,17.61,13.31,11.3,10.45,8.15,8.76,9.68,10.45,12.22,13.37,11.49,15.71,17.07,141.02
2018-07-09,9.4079,11.5289,13.37,10.36,8.78,7.85,8.15,8.78,16.26,12.31,10.39,9.64,7.8,8.18,8.98,9.64,11.53,12.69,10.79,14.87,16.29,138.96
2018-07-10,9.2886,11.2895,13.57,10.11,8.3,7.27,7.62,8.3,16.2,12.09,10.22,9.46,7.81,8.03,8.79,9.46,11.29,12.64,10.66,14.71,16.11,139.26
2018-07-11,10.1172,11.909,15.19,11.97,9.73,8.19,8.71,9.73,17.54,13.13,11.17,10.24,8.19,8.63,9.53,10.24,11.91,13.63,11.8,15.38,16.54,136.85
2018-07-12,9.1892,11.3463,12.75,10.2,8.5,7.98,8.14,8.5,16.09,12.09,10.28,9.43,7.97,8.17,8.86,9.43,11.35,12.58,10.6,14.76,16.1,138.22
2018-07-13,8.6826,11.0845,11.27,9.02,7.7,7.23,7.3,7.7,15.37,11.55,9.77,9.02,7.55,7.74,8.5,9.02,11.08,12.18,10.07,14.54,15.9,142.48
2018-07-16,9.2967,11.3264,12.84,10.87,9.29,8.33,8.51,9.29,16.08,11.99,10.07,9.3,7.76,8.04,8.73,9.3,11.33,12.83,11.5,14.85,16.1,148.16
2018-07-17,8.7156,10.8432,11.46,9.21,8.4,8.5,8.2,8.4,14.66,10.91,9.27,8.69,7.83,7.75,8.21,8.69,10.84,12.06,10.56,14.4,15.83,149.58
2018-07-18,8.4677,10.6848,10.38,8.16,7.62,7.79,7.38,7.62,14.44,10.68,9.08,8.5,7.65,7.58,8.06,8.5,10.68,12.1,10.03,14.39,15.88,154.25
2018-07-19,9.0348,11.1563,12.53,10.62,8.9,8.22,8.21,8.9,15.86,11.76,9.95,9.12,7.87,7.94,8.51,9.12,11.16,12.87,11.15,14.97,16.22,150.98
2018-07-20,8.8678,11.2061,6.95,6.59,6.09,5.45,5.56,6.09,15.62,11.69,9.77,8.91,7.34,7.66,8.36,8.91,11.21,12.86,11.01,15.08,16.41,152.72
2018-07-23,8.9097,11.0922,15.22,11.34,8.72,7.24,7.54,8.72,17.93,13.07,10.81,9.84,7.97,8.26,9.1,9.84,11.09,12.62,11.34,14.86,16.24,153.78
2018-07-24,8.9268,10.8607,15.15,11.24,8.77,7.47,7.66,8.77,17.55,12.78,10.57,9.64,7.91,8.14,8.89,9.64,10.86,12.41,11.15,14.7,16.09,145.94
2018-07-25,8.7164,10.6701,14.75,10.81,8.73,7.73,7.74,8.73,17.26,12.4,10.3,9.47,8.04,8.19,8.83,9.47,10.67,12.29,11.27,14.55,15.89,145.09
2018-07-26,8.622,10.6848,14.53,10.77,8.64,7.57,7.72,8.64,16.9,12.27,10.3,9.42,8.05,8.15,8.81,9.42,10.68,12.14,11.07,14.4,15.87,142.18
2018-07-27,9.0158,11.0172,15.6,11.65,9.1,7.62,7.91,9.1,17.77,12.82,10.71,9.75,8.07,8.32,9.05,9.75,11.02,13.03,11.59,15.0,16.22,144.57
2018-07-30,10.317,11.7002,17.57,13.26,10.36,8.29,8.77,10.36,19.01,13.8,11.55,10.52,8.56,8.81,9.68,10.52,11.7,14.26,13.57,15.66,16.68,141.57
2018-07-31,9.1523,10.9467,14.95,11.31,8.83,7.81,7.74,8.83,17.16,12.4,10.34,9.44,8.1,8.1,8.82,9.44,10.95,12.83,11.64,14.87,16.21,144.49
2018-08-01,9.3441,11.1786,15.94,11.97,9.55,7.95,8.3,9.55,17.8,12.95,10.83,9.9,8.25,8.44,9.21,9.9,11.18,13.15,12.29,15.22,16.41,142.77
2018-08-02,8.6448,10.8593,13.7,10.45,8.28,7.38,7.33,8.28,16.59,12.15,10.16,9.32,8.01,8.05,8.73,9.32,10.86,12.19,10.51,14.76,16.08,143.83
2018-08-03,7.8479,10.5286,12.53,9.07,7.38,6.72,6.74,7.38,15.93,11.51,9.68,8.89,7.81,7.78,8.38,8.89,10.53,11.64,9.58,14.49,15.9,146.19
2018-08-06,7.9531,10.4335,11.72,8.94,7.54,7.13,7.07,7.54,15.23,11.18,9.41,8.75,7.91,7.73,8.21,8.75,10.43,11.27,9.74,14.23,15.68,142.01
2018-08-07,7.9277,10.2339,10.49,8.41,7.31,7.36,6.91,7.31,14.71,10.85,9.19,8.6,7.98,7.72,8.09,8.6,10.23,10.93,9.13,13.93,15.41,138.94
2018-08-08,7.8159,10.2986,10.08,7.94,7.14,7.01,6.64,7.14,14.43,10.72,9.1,8.55,7.96,7.69,8.07,8.55,10.3,10.85,8.86,13.96,15.45,139.84
2018-08-09,8.0042,10.5875,10.85,8.33,7.3,6.6,6.83,7.3,14.98,10.99,9.27,8.66,7.91,7.79,8.19,8.66,10.59,11.27,9.46,14.13,15.54,138.61
2018-08-10,8.9749,11.3182,16.39,12.18,8.78,6.92,7.54,8.78,17.4,12.49,10.41,9.42,7.79,7.95,8.69,9.42,11.32,13.16,13.09,15.22,16.29,149.2
2018-08-13,10.265,12.0966,20.86,15.32,11.84,9.35,9.53,11.84,18.98,13.67,11.47,10.39,8.39,8.65,9.53,10.39,12.1,14.78,15.34,16.21,16.97,159.03
2018-08-14,9.2902,11.3395,14.75,11.32,9.27,8.79,8.35,9.27,17.34,12.42,10.37,9.47,8.08,8.11,8.78,9.47,11.34,13.31,12.62,15.35,16.39,152.41
2018-08-15,10.4111,12.1443,17.34,14.36,12.36,10.05,9.88,12.36,18.88,13.76,11.6,10.48,8.31,8.68,9.72,10.48,12.14,14.64,15.01,16.19,16.94,148.4
2018-08-16,9.2729,11.5694,15.32,12.32,9.93,9.63,9.11,9.93,17.46,12.5,10.47,9.51,8.17,8.16,8.83,9.51,11.57,13.45,12.92,15.51,16.47,148.45
2018-08-17,8.6756,11.2712,6.5,6.13,5.83,5.53,5.54,5.83,16.23,11.8,9.79,8.95,8.04,7.82,8.36,8.95,11.27,12.64,11.57,15.17,16.26,146.01
2018-08-20,8.7988,11.1673,15.73,11.5,8.87,8.21,7.91,8.87,17.85,13.02,10.77,9.82,8.35,8.44,9.14,9.82,11.17,12.49,11.42,15.0,16.15,145.55
2018-08-21,9.0438,11.1827,16.18,11.7,9.03,8.3,8.02,9.03,18.21,13.12,10.85,9.85,8.42,8.53,9.2,9.85,11.18,12.86,11.55,15.19,16.33,144.7
2018-08-22,8.7938,11.2512,15.33,11.32,8.78,7.78,7.79,8.78,17.71,12.85,10.72,9.77,8.31,8.46,9.14,9.77,11.25,12.25,10.77,15.08,16.25,143.75
2018-08-23,8.8416,11.3357,15.16,11.24,8.84,7.85,7.76,8.84,17.42,12.92,10.86,9.85,8.34,8.49,9.19,9.85,11.34,12.41,10.8,15.06,16.28,147.38
2018-08-24,8.4047,11.0958,14.2,10.62,8.31,7.92,7.61,8.31,16.91,12.45,10.45,9.53,8.32,8.32,8.9,9.53,11.1,11.99,10.17,14.82,16.07,148.2
2018-08-27,8.628,10.9268,13.46,10.02,8.16,8.3,7.73,8.16,16.29,11.99,10.2,9.25,8.45,8.31,8.81,9.25,10.93,12.16,10.23,14.79,16.0,144.85
2018-08-28,8.8668,11.1056,14.05,10.23,8.3,8.35,7.8,8.3,16.68,12.22,10.29,9.41,8.68,8.52,8.9,9.41,11.11,12.5,10.2,15.11,16.25,140.88
2018-08-29,8.6759,11.1029,13.41,9.89,8.24,8.3,7.85,8.24,16.09,11.81,10.13,9.25,8.47,8.43,8.84,9.25,11.1,12.25,9.77,14.95,16.2,140.76
2018-08-30,9.4827,11.7396,15.62,11.39,9.1,8.37,8.29,9.1,17.46,12.77,10.87,9.9,8.5,8.75,9.38,9.9,11.74,13.53,11.49,15.54,16.69,141.82
2018-08-31,8.6655,11.2395,14.75,10.51,8.38,7.69,7.66,8.38,16.83,12.15,10.24,9.3,8.08,8.22,8.81,9.3,11.24,12.86,11.01,15.15,16.43,146.91
2018-09-04,9.3276,11.5729,15.01,11.1,8.76,7.94,7.99,8.76,17.07,12.55,10.62,9.57,8.32,8.46,9.09,9.57,11.57,13.16,11.97,15.45,16.59,142.18
2018-09-05,10.0262,12.0777,16.38,12.23,9.67,8.07,8.34,9.67,18.18,13.34,11.2,10.23,8.46,8.82,9.48,10.23,12.08,13.91,12.65,15.92,16.93,142.22
2018-09-06,10.4527,12.4057,17.67,13.16,10.33,8.61,8.81,10.33,18.76,13.81,11.65,10.56,8.71,9.07,9.9,10.56,12.41,14.65,13.46,16.34,17.26,140.56
2018-09-07,10.3401,12.5527,17.6,12.92,10.08,8.27,8.84,10.08,19.13,13.95,11.73,10.63,8.48,8.95,9.84,10.63,12.55,14.88,13.49,16.59,17.47,145.87
2018-09-10,9.867,12.2948,15.92,11.96,9.61,8.18,8.5,9.61,18.06,13.2,11.12,10.11,8.28,8.57,9.46,10.11,12.29,14.16,12.57,16.17,17.15,144.88
2018-09-11,9.2628,11.7902,13.11,10.34,8.56,7.72,7.69,8.56,16.66,12.27,10.37,9.48,8.09,8.18,8.89,9.48,11.79,13.22,11.0,15.54,16.64,147.88
2018-09-12,9.0257,11.528,13.28,10.1,8.29,7.36,7.47,8.29,16.57,12.15,10.23,9.19,7.79,7.94,8.59,9.19,11.53,13.14,10.67,15.32,16.4,148.75
2018-09-13,8.337,11.0772,10.74,8.58,7.46,7.57,6.93,7.46,14.87,10.99,9.25,8.64,7.91,7.72,8.18,8.64,11.08,12.37,10.03,14.77,15.86,150.64
2018-09-14,8.1085,10.8343,10.36,8.42,7.13,6.99,6.94,7.13,14.56,10.57,8.96,8.48,7.76,7.46,7.98,8.48,10.83,12.07,9.93,14.37,15.6,151.59
2018-09-17,9.5013,11.4376,17.02,12.48,11.47,9.82,10.2,11.47,16.59,12.18,10.15,9.55,8.03,8.11,8.86,9.55,11.44,13.68,13.5,15.28,16.1,150.95
2018-09-18,8.968,11.2652,12.22,9.37,9.42,8.99,8.19,9.42,15.61,11.5,9.64,8.93,7.71,7.75,8.39,8.93,11.27,12.79,11.74,15.04,15.99,151.37
2018-09-19,8.397,10.92,12.9,9.35,7.46,8.09,7.27,7.46,14.56,10.74,8.99,8.26,7.15,7.25,7.82,8.26,10.92,11.75,11.45,14.65,15.85,145.19
2018-09-20,8.3093,10.7411,12.03,8.81,7.74,9.66,7.96,7.74,14.57,10.48,8.96,8.22,7.79,7.46,7.88,8.22,10.74,11.8,11.04,14.51,15.7,144.84
2018-09-21,8.3631,10.9008,5.43,5.03,5.36,5.48,5.72,5.36,14.45,10.57,8.84,8.53,7.6,7.56,8.09,8.53,10.9,11.68,10.63,14.58,15.9,141.55
2018-09-24,8.8079,11.0551,15.32,11.25,8.72,7.6,7.56,8.72,17.33,12.78,10.69,9.74,8.16,8.31,9.11,9.74,11.06,12.2,11.63,14.77,15.96,138.84
2018-09-25,9.0967,11.2361,15.42,11.56,8.9,7.83,7.76,8.9,17.62,13.05,10.98,10.01,8.45,8.59,9.32,10.01,11.24,12.42,11.76,14.92,16.05,137.68
2018-09-26,9.4627,11.4321,16.16,11.95,9.32,8.03,8.05,9.32,18.1,13.43,11.25,10.41,8.69,8.82,9.65,10.41,11.43,12.89,12.7,15.15,16.2,140.98
2018-09-27,8.814,11.0285,15.34,11.16,8.61,7.65,7.57,8.61,17.5,12.93,10.86,9.92,8.21,8.44,9.24,9.92,11.03,12.41,12.09,14.89,16.07,142.1
2018-09-28,8.7312,11.0829,14.83,10.59,8.48,7.49,7.39,8.48,17.41,12.64,10.64,9.67,7.95,8.21,8.98,9.67,11.08,12.12,11.17,14.77,15.98,144.43
2018-10-01,8.7411,11.0971,14.5,10.52,8.25,7.65,7.36,8.25,17.33,12.62,10.6,9.76,8.2,8.38,9.1,9.76,11.1,12.0,11.19,14.74,15.95,141.52
2018-10-02,8.9408,11.2423,14.46,10.57,8.32,7.81,7.5,8.32,17.52,12.84,10.81,9.92,8.31,8.48,9.23,9.92,11.24,12.05,11.13,14.84,16.03,137.98
2018-10-03,8.7487,11.1589,13.77,10.41,8.18,7.46,7.36,8.18,17.11,12.7,10.81,9.86,8.18,8.42,9.2,9.86,11.16,11.61,10.81,14.68,15.96,136.33
2018-10-04,10.4709,12.1022,18.76,14.24,11.2,8.53,9.2,11.2,19.8,14.82,12.34,11.23,8.45,9.09,10.27,11.23,12.1,14.22,15.42,15.84,16.7,136.73
2018-10-05,11.2527,12.6105,19.03,15.04,11.88,8.55,9.69,11.88,20.63,15.6,13.09,11.9,8.74,9.61,10.82,11.9,12.61,14.82,14.86,16.25,17.14,130.28
2018-10-08,12.4734,12.8363,19.65,15.7,12.55,8.87,9.87,12.55,20.89,15.92,13.39,12.2,8.79,9.69,11.01,12.2,12.84,15.69,14.92,16.51,17.36,129.64
2018-10-09,12.8163,13.0046,18.62,15.34,12.68,9.14,10.08,12.68,21.13,16.08,13.71,12.4,8.99,10.02,11.31,12.4,13.0,15.95,14.4,16.63,17.4,128.98
2018-10-10,18.5745,16.5394,32.38,26.42,22.74,16.57,18.81,22.74,28.31,22.45,19.24,17.71,12.68,14.37,16.38,17.71,16.54,22.96,25.98,20.7,20.31,127.65
2018-10-11,20.6225,17.6016,38.28,32.36,26.74,21.35,22.92,26.74,29.58,23.97,21.11,19.51,14.74,16.39,18.25,19.51,17.6,24.98,29.58,21.56,20.88,130.85
2018-10-12,17.399,16.061,28.2,24.32,20.75,15.75,16.95,20.75,26.38,21.13,18.39,16.92,12.48,14.0,15.57,16.92,16.06,21.31,22.84,19.84,19.87,125.51
2018-10-15,17.5361,16.5242,31.35,27.02,22.82,17.66,19.49,22.82,26.93,21.53,18.7,17.31,12.6,14.05,15.82,17.31,16.52,21.3,23.91,20.29,20.27,128.32
2018-10-16,14.0565,14.3724,21.81,19.24,16.55,14.31,15.13,16.55,22.44,17.72,15.2,13.97,10.88,11.74,13.03,13.97,14.37,17.62,17.85,17.96,18.58,132.15
2018-10-17,13.9191,14.5791,23.85,19.16,17.22,15.2,15.28,17.22,22.31,17.51,15.13,13.92,11.07,11.73,12.95,13.92,14.58,17.4,17.75,18.1,18.64,130.65
2018-10-18,16.3211,16.255,30.8,27.26,24.25,20.11,21.0,24.25,26.01,20.59,17.79,16.41,12.46,13.78,15.16,16.41,16.26,20.06,22.31,19.86,19.93,125.96
2018-10-19,16.2625,16.3289,16.02,14.97,14.7,13.27,13.97,14.7,26.05,20.73,18.16,16.72,12.44,13.76,15.48,16.72,16.33,19.89,21.13,19.84,20.03,124.94
2018-10-22,16.2586,16.274,25.27,20.64,16.62,12.69,14.06,16.62,25.52,20.17,17.45,16.03,12.28,13.37,14.9,16.03,16.27,19.64,20.67,19.82,20.01,125.68
2018-10-23,16.9661,16.6703,26.59,21.83,17.88,13.88,15.09,17.88,26.03,20.55,17.76,16.4,12.82,13.93,15.35,16.4,16.67,20.71,23.43,20.28,20.29,126.54
2018-10-24,20.8439,18.8178,32.41,26.65,22.27,17.56,19.03,22.27,29.58,23.48,20.76,19.06,14.97,16.29,17.91,19.06,18.82,25.23,31.91,22.62,22.04,128.91
2018-10-25,19.6421,18.2836,30.91,25.7,21.41,17.6,19.54,21.41,28.96,23.16,20.34,18.91,14.99,16.14,17.71,18.91,18.28,24.22,29.62,22.44,21.84,125.26
2018-10-26,20.2923,18.7211,32.42,27.23,22.79,17.78,19.51,22.79,29.17,23.49,20.57,19.16,15.04,16.31,17.88,19.16,18.72,24.16,29.89,22.48,21.97,121.7
2018-10-29,20.8354,19.2389,33.49,28.15,24.07,19.1,20.76,24.07,29.59,24.08,21.2,19.94,15.84,17.12,18.68,19.94,19.24,24.7,31.03,23.06,22.27,120.83
2018-10-30,20.0904,18.7135,31.49,26.99,22.99,18.51,20.09,22.99,28.1,23.24,20.63,19.32,15.42,16.78,18.18,19.32,18.71,23.35,28.87,22.23,21.72,118.11
2018-10-31,18.3452,17.9113,28.41,24.12,20.47,16.5,17.75,20.47,26.05,21.71,19.35,18.24,14.41,15.81,17.11,18.24,17.91,21.23,25.16,21.15,21.0,117.64
2018-11-01,16.3911,16.9942,25.48,21.58,17.89,14.46,15.7,17.89,24.69,20.44,18.14,17.03,13.46,14.63,15.97,17.03,16.99,19.34,21.54,20.07,20.23,118.28
2018-11-02,16.7642,17.4474,25.73,22.18,18.43,14.44,15.68,18.43,24.88,20.8,18.62,17.49,13.72,15.04,16.49,17.49,17.45,19.51,21.17,20.3,20.45,115.73
2018-11-05,16.9565,17.3248,26.79,22.97,19.1,14.51,16.09,19.1,24.84,20.8,18.68,17.35,13.76,14.94,16.45,17.35,17.32,19.96,21.63,20.2,20.25,118.89
2018-11-06,16.631,16.7025,26.8,22.28,18.75,15.22,15.89,18.75,24.41,20.27,17.96,16.88,13.39,14.54,15.92,16.88,16.7,19.91,21.62,19.58,19.7,119.93
2018-11-07,13.6183,14.7536,19.2,15.44,13.58,12.05,12.39,13.58,21.13,17.24,15.31,14.32,11.33,12.3,13.37,14.32,14.75,16.36,15.54,17.62,18.29,120.56
2018-11-08,13.6882,14.635,19.33,16.02,13.41,12.11,12.21,13.41,21.5,17.42,15.44,14.24,11.47,12.2,13.33,14.24,14.64,16.72,15.56,17.68,18.24,121.85
2018-11-09,14.4426,15.3895,19.12,16.07,13.55,12.55,12.9,13.55,22.43,18.38,16.16,15.17,11.79,12.72,14.13,15.17,15.39,17.36,15.63,18.46,18.94,120.06
2018-11-12,17.3319,17.0238,30.0,25.01,20.75,17.39,18.25,20.75,25.45,21.12,18.69,17.29,13.35,14.68,16.16,17.29,17.02,20.45,20.69,20.23,20.16,121.35
2018-11-13,17.1734,17.1035,26.99,23.19,20.46,18.18,19.69,20.46,25.18,20.8,18.44,17.15,13.44,14.59,16.05,17.15,17.1,20.02,19.38,20.27,20.29,122.06
2018-11-14,18.6042,18.1038,29.71,26.28,23.73,23.2,22.68,23.73,26.06,22.09,19.64,18.56,14.53,16.0,17.31,18.56,18.1,21.25,21.39,21.22,21.04,120.68
2018-11-15,17.2519,17.405,28.66,24.73,22.06,20.92,20.56,22.06,24.53,20.59,18.43,17.34,13.9,15.07,16.35,17.34,17.41,19.98,19.5,20.31,20.48,120.76
2018-11-16,15.6655,16.4637,12.84,12.3,11.07,10.16,10.43,11.07,22.6,19.04,16.97,15.82,12.67,13.65,15.05,15.82,16.46,18.14,16.35,19.35,19.82,118.71
2018-11-19,18.0906,17.9897,24.65,21.05,17.91,14.41,15.57,17.91,25.57,21.23,18.74,17.36,13.37,14.69,16.27,17.36,17.99,20.1,20.43,20.64,20.79,115.79
2018-11-20,20.0412,19.4905,26.96,23.16,19.94,15.99,17.24,19.94,27.65,23.06,20.55,19.04,14.76,16.17,17.84,19.04,19.49,22.48,23.63,22.27,22.09,119.55
2018-11-21,18.5532,18.5394,25.04,21.47,18.41,15.06,16.04,18.41,26.13,21.63,19.15,17.86,14.0,15.19,16.74,17.86,18.54,20.8,19.86,21.32,21.47,119.31
2018-11-23,18.8505,18.8295,25.95,22.23,19.16,16.3,17.34,19.16,26.63,22.16,19.7,18.81,14.83,16.19,17.67,18.81,18.83,21.52,21.42,21.75,21.79,117.21
2018-11-26,16.4484,17.393,22.72,19.85,16.87,14.8,15.24,16.87,23.97,20.09,17.94,16.59,13.44,14.38,15.62,16.59,17.39,18.9,20.04,20.11,20.55,117.57
2018-11-27,16.9131,17.398,23.21,20.13,17.64,15.27,15.86,17.64,23.81,20.03,17.95,16.78,13.58,14.58,15.8,16.78,17.4,19.02,21.33,19.94,20.4,115.83
2018-11-28,16.4144,16.6463,22.44,19.76,17.36,15.41,16.09,17.36,22.96,19.36,17.37,16.21,13.46,14.36,15.31,16.21,16.65,18.49,22.06,19.28,19.79,115.96
2018-11-29,16.5465,16.939,23.47,20.5,17.57,15.13,16.02,17.57,23.63,19.87,17.69,16.5,13.33,14.35,15.47,16.5,16.94,18.79,22.13,19.59,19.92,115.49
2018-11-30,15.9416,16.2152,23.21,20.05,17.34,14.48,15.45,17.34,22.73,19.18,17.11,15.88,12.76,13.67,14.94,15.88,16.22,18.07,21.46,18.89,19.49,114.71
2018-12-03,14.0183,15.0348,20.5,17.45,15.3,12.98,13.62,15.3,21.16,17.4,15.48,14.36,11.67,12.47,13.53,14.36,15.03,16.44,17.21,17.95,18.66,118.46
2018-12-04,18.1654,17.9355,27.52,23.42,20.4,16.91,18.09,20.4,25.82,21.54,19.18,17.85,13.97,15.31,16.77,17.85,17.94,20.74,25.1,20.75,20.6,117.76
2018-12-06,18.3074,18.3922,28.41,23.84,20.63,17.08,18.27,20.63,26.42,22.24,19.8,18.53,14.3,15.8,17.36,18.53,18.39,21.19,25.11,21.06,20.83,116.68
2018-12-07,20.3897,20.0,32.15,27.44,24.02,19.27,21.05,24.02,28.88,24.39,22.06,20.71,16.21,17.89,19.42,20.71,20.0,23.23,27.42,22.44,21.89,114.3
2018-12-10,19.9096,19.6059,29.23,25.41,22.72,19.07,20.28,22.72,27.6,23.39,20.97,19.97,15.93,17.39,18.77,19.97,19.61,22.64,25.53,22.01,21.68,117.64
2018-12-11,19.4529,19.2963,28.22,24.36,21.41,18.16,19.25,21.41,26.65,22.87,20.64,19.46,15.66,17.02,18.4,19.46,19.3,21.76,23.49,21.72,21.57,116.8
2018-12-12,18.6337,18.9854,26.88,23.84,21.19,18.45,19.68,21.19,26.33,22.39,20.21,18.77,15.4,16.55,17.82,18.77,18.99,21.46,22.86,21.59,21.57,116.78
2018-12-13,17.8511,18.882,23.64,21.41,19.16,17.93,18.29,19.16,24.94,21.38,19.3,18.27,15.25,16.37,17.44,18.27,18.88,20.65,20.57,21.35,21.61,117.03
2018-12-14,18.844,19.9198,25.27,22.82,21.36,19.45,19.45,21.36,25.81,22.38,20.16,19.5,16.38,17.4,18.75,19.5,19.92,21.63,21.47,21.96,22.02,118.6
2018-12-17,21.7888,21.1727,37.13,30.91,31.47,28.05,28.65,31.47,28.2,24.09,21.91,21.98,18.13,19.47,20.85,21.98,21.17,24.52,27.07,23.41,23.05,123.96
2018-12-18,22.1675,21.3104,38.52,34.05,31.15,32.92,34.05,31.15,29.53,25.03,22.97,21.96,18.62,19.72,20.91,21.96,21.31,25.58,28.36,23.9,23.39,124.23
2018-12-19,21.858,21.3774,42.55,34.57,30.9,28.91,28.78,30.9,29.74,25.04,23.0,21.91,18.25,19.45,21.05,21.91,21.38,25.58,26.65,24.02,23.62,125.38
2018-12-20,23.9276,22.7241,45.37,39.84,39.92,39.82,40.35,39.92,32.84,27.63,24.9,25.05,20.46,21.88,23.43,25.05,22.72,28.38,30.42,25.24,24.33,124.07
2018-12-21,25.9255,23.6205,25.2,23.23,24.96,25.56,26.72,24.96,36.38,30.27,27.05,27.76,21.95,24.05,25.91,27.76,23.62,30.11,33.74,26.23,24.86,122.17
2018-12-24,30.4934,26.0867,44.39,37.95,34.42,26.62,29.73,34.42,38.05,32.32,29.04,28.27,22.45,24.56,26.69,28.27,26.09,36.07,42.4,28.84,26.36,118.27
2018-12-26,27.7322,23.163,36.96,31.31,29.23,23.47,25.55,29.23,32.82,28.15,25.41,24.97,19.84,21.75,23.57,24.97,23.16,30.41,34.71,25.69,24.37,116.47
2018-12-27,28.4771,23.5788,38.09,32.28,29.63,23.18,25.37,29.63,33.76,28.94,26.14,25.33,20.07,22.04,23.87,25.33,23.58,29.96,33.88,25.89,24.23,115.18
2018-12-28,27.7508,23.0225,35.36,30.35,27.77,21.93,23.74,27.77,32.91,28.17,25.34,24.44,19.47,21.18,23.01,24.44,23.02,28.34,31.02,25.32,23.95,117.26
2018-12-31,22.3888,21.1925,30.88,26.92,23.48,19.39,20.81,23.48,29.67,25.7,23.13,21.81,17.78,19.07,20.66,21.81,21.19,25.42,27.35,23.73,22.93,117.8
2019-01-02,20.4143,20.4132,27.67,23.96,20.62,16.74,18.14,20.62,28.16,24.06,21.64,20.35,16.57,17.84,19.35,20.35,20.41,23.22,23.02,22.75,22.31,116.06
2019-01-03,22.9257,22.1584,31.34,27.57,24.25,19.27,21.2,24.25,30.3,26.18,23.99,22.42,17.93,19.5,21.27,22.42,22.16,25.45,26.96,24.11,23.36,112.22
2019-01-04,18.8575,19.9468,25.27,22.14,19.52,16.96,17.6,19.52,26.06,22.82,20.54,19.28,15.78,16.98,18.3,19.28,19.95,21.38,21.27,21.86,21.76,111.44
2019-01-07,19.1001,19.7453,26.2,22.78,20.07,17.16,17.99,20.07,26.18,22.63,20.41,19.14,15.38,16.63,18.12,19.14,19.75,21.4,21.68,21.62,21.53,113.56
2019-01-08,17.9953,18.978,24.86,21.17,18.62,16.26,17.08,18.62,25.3,21.58,19.26,18.09,14.54,15.7,17.09,18.09,18.98,20.47,20.57,21.14,21.17,115.3
2019-01-09,17.3782,18.5609,23.26,20.3,17.75,15.3,15.98,17.75,24.83,20.97,18.7,17.6,13.98,15.14,16.52,17.6,18.56,19.98,19.18,20.69,20.9,117.01
2019-01-10,16.7623,18.17,21.21,18.37,16.03,14.88,15.82,16.03,24.31,20.57,18.1,16.99,13.82,14.86,16.07,16.99,18.17,19.5,17.88,20.52,20.86,117.72
2019-01-11,15.4957,17.4842,18.08,15.92,14.25,13.43,14.18,14.25,22.91,19.24,16.9,15.83,12.71,13.74,14.99,15.83,17.48,18.19,16.1,19.74,20.35,119.09
2019-01-14,16.3223,17.5987,20.29,18.24,17.08,15.9,15.83,17.08,23.99,19.81,17.34,16.38,13.07,13.93,15.31,16.38,17.6,19.07,17.57,19.93,20.39,125.2
2019-01-15,15.1579,16.4968,20.23,17.43,15.25,15.82,15.79,15.25,23.88,18.82,16.28,15.05,12.4,13.12,14.14,15.05,16.5,18.6,16.84,19.24,19.73,126.87
2019-01-16,14.9986,16.5349,19.47,17.39,15.58,16.58,15.45,15.58,24.1,18.79,16.19,14.98,12.76,13.36,14.2,14.98,16.53,19.04,16.73,19.53,19.84,131.66
2019-01-17,14.2792,16.2818,19.32,17.54,16.67,19.6,17.14,16.67,22.9,17.57,15.37,14.36,12.32,12.84,13.6,14.36,16.28,18.06,15.75,19.17,19.62,133.02
2019-01-18,13.9795,15.8971,8.33,8.15,8.26,8.78,8.69,8.26,22.13,17.31,15.07,14.16,12.58,12.92,13.73,14.16,15.9,17.8,15.22,18.84,19.27,131.19
2019-01-22,16.9977,17.5662,26.87,21.06,17.36,14.04,15.17,17.36,26.25,21.1,18.44,17.18,13.55,14.72,16.06,17.18,17.57,20.8,21.57,20.69,20.55,122.82
2019-01-23,16.2525,17.2058,24.97,20.2,16.73,13.44,14.64,16.73,25.35,20.69,18.08,16.69,13.07,14.27,15.65,16.69,17.21,19.52,19.36,20.08,20.09,123.88
2019-01-24,15.0563,16.5764,23.44,19.03,15.7,12.99,13.73,15.7,24.52,19.77,17.24,15.94,12.63,13.7,14.89,15.94,16.58,18.89,18.09,19.67,19.85,130.92
2019-01-25,14.2643,16.063,21.15,17.3,14.67,12.72,13.37,14.67,22.82,18.63,16.44,15.37,12.37,13.37,14.48,15.37,16.06,17.42,16.35,18.82,19.3,126.11
2019-01-28,15.9297,16.8303,23.34,19.39,16.45,13.51,14.54,16.45,24.13,20.0,17.65,16.41,12.92,14.14,15.4,16.41,16.83,18.87,19.38,19.58,19.68,123.06
2019-01-29,16.2337,16.8268,23.81,19.94,17.07,13.97,14.92,17.07,24.36,20.24,17.86,16.51,13.09,14.24,15.45,16.51,16.83,19.13,19.85,19.6,19.68,121.9
2019-01-30,14.6949,15.8199,20.89,17.37,15.12,13.24,13.68,15.12,22.33,18.25,16.16,15.14,12.43,13.25,14.39,15.14,15.82,17.66,17.32,18.68,19.04,123.28
2019-01-31,13.5336,14.9331,19.02,15.85,13.89,12.48,12.69,13.89,20.74,16.92,14.92,14.16,11.81,12.49,13.33,14.16,14.93,16.57,15.51,17.88,18.44,126.53
2019-02-01,13.3461,14.6946,17.84,14.89,13.04,11.68,12.01,13.04,20.42,16.56,14.55,13.79,11.42,12.13,13.01,13.79,14.69,16.14,14.13,17.59,18.32,126.03
2019-02-04,12.4231,14.2403,16.43,13.44,11.75,11.22,11.08,11.75,19.73,15.82,13.89,13.12,11.28,11.8,12.51,13.12,14.24,15.73,13.58,17.19,17.96,128.4
2019-02-05,12.5575,14.0893,16.46,13.3,11.79,11.54,11.29,11.79,19.8,15.7,14.01,13.26,11.37,11.81,12.54,13.26,14.09,15.57,13.58,17.07,17.79,123.42
2019-02-06,12.4405,14.0342,15.74,12.87,10.9,10.63,10.32,10.9,19.72,15.63,13.77,13.05,10.94,11.59,12.37,13.05,14.03,15.38,12.73,16.9,17.69,123.72
2019-02-07,13.5096,14.7398,18.48,15.12,13.2,10.59,11.29,13.2,21.03,16.8,14.82,13.82,11.07,11.91,13.09,13.82,14.74,16.37,14.89,17.52,18.05,124.45
2019-02-08,13.0819,14.5413,16.73,13.92,12.46,10.18,10.93,12.46,19.96,16.06,14.21,13.37,10.59,11.44,12.6,13.37,14.54,15.72,13.61,17.26,17.9,127.72
2019-02-11,13.0955,14.6095,19.28,16.84,15.05,12.54,13.27,15.05,19.9,16.19,14.36,13.65,10.82,11.77,12.7,13.65,14.61,15.97,14.67,17.22,17.85,129.19
2019-02-12,12.4867,14.0841,17.39,14.3,12.22,11.54,11.64,12.22,18.93,15.17,13.61,12.85,11.0,11.54,12.15,12.85,14.08,15.43,13.47,16.82,17.51,128.6
2019-02-13,12.7337,14.1147,16.53,13.4,11.36,13.06,12.28,11.36,19.19,15.56,13.68,12.94,10.99,11.61,12.31,12.94,14.11,15.65,13.49,16.96,17.62,127.12
2019-02-14,13.2482,14.4517,20.97,17.6,14.21,13.5,13.33,14.21,19.95,16.03,14.23,13.34,11.08,11.84,12.51,13.34,14.45,16.22,14.11,17.32,17.98,126.89
2019-02-15,12.0191,13.6846,7.15,6.98,6.85,6.67,6.76,6.85,18.38,14.6,12.8,11.97,10.0,10.58,11.36,11.97,13.68,14.91,12.18,16.48,17.4,129.55
2019-02-19,12.001,13.5584,18.24,14.59,11.92,9.95,10.58,11.92,19.98,15.97,13.89,12.89,10.27,11.08,12.13,12.89,13.56,14.88,13.38,16.45,17.19,124.68
2019-02-20,11.4834,12.996,16.92,13.68,11.38,9.4,9.96,11.38,19.0,15.05,13.1,12.18,9.81,10.47,11.43,12.18,13.0,14.02,12.6,15.82,16.75,123.39
2019-02-21,12.0599,13.1986,17.52,14.34,11.71,9.55,10.36,11.71,19.25,15.4,13.39,12.37,9.67,10.55,11.58,12.37,13.2,14.46,13.18,16.16,16.97,122.42
2019-02-22,11.3191,12.6367,16.13,13.05,10.93,9.15,9.57,10.93,18.18,14.52,12.63,11.73,9.45,10.1,11.01,11.73,12.64,13.51,11.49,15.46,16.53,121.08
2019-02-25,11.6229,12.9248,17.92,14.14,11.61,9.77,10.46,11.61,19.16,15.03,13.1,12.06,9.74,10.33,11.27,12.06,12.92,14.85,14.06,16.0,16.81,127.67
2019-02-26,11.9838,13.1543,18.56,14.51,11.92,9.89,10.49,11.92,19.71,15.33,13.26,12.28,9.7,10.48,11.45,12.28,13.15,15.17,14.2,16.3,17.08,125.53
2019-02-27,11.6601,12.9544,17.85,13.75,11.11,9.14,9.9,11.11,19.39,15.06,13.01,11.97,9.33,10.1,11.17,11.97,12.95,14.7,13.14,15.99,16.83,126.44
2019-02-28,11.7747,12.9827,18.02,14.06,11.07,9.23,9.84,11.07,19.59,15.21,13.01,11.97,9.27,10.06,11.1,11.97,12.98,14.78,13.18,16.1,16.93,128.85
2019-03-01,10.4651,12.3241,15.69,11.83,9.91,8.28,8.81,9.91,18.29,14.05,11.96,11.01,8.66,9.28,10.29,11.01,12.32,13.57,11.33,15.38,16.48,126.97
2019-03-04,11.8349,12.9494,17.54,14.18,11.23,9.13,9.73,11.23,19.5,15.11,12.97,11.83,8.96,9.76,10.89,11.83,12.95,14.63,13.4,16.03,16.93,125.04
2019-03-05,11.884,13.0142,17.39,13.96,11.07,9.19,9.71,11.07,19.57,15.06,12.94,11.82,9.12,9.86,10.93,11.82,13.01,14.74,13.36,16.15,16.99,126.4
2019-03-06,12.9303,13.686,19.88,15.38,12.43,10.32,11.09,12.43,20.5,16.02,13.74,12.69,9.49,10.5,11.71,12.69,13.69,15.74,14.99,16.74,17.47,125.8
2019-03-07,14.0838,14.4187,20.55,16.91,14.45,10.8,11.81,14.45,21.55,17.17,14.75,13.67,10.06,11.18,12.67,13.67,14.42,16.59,16.15,17.3,17.87,123.14
2019-03-08,13.3106,14.3829,17.35,15.51,12.57,9.57,10.41,12.57,20.68,16.61,14.57,13.42,9.9,11.07,12.47,13.42,14.38,16.05,14.63,17.11,17.81,125.73
2019-03-11,11.8332,13.1859,15.87,13.2,12.39,11.11,11.75,12.39,18.56,14.74,12.74,11.88,9.06,9.9,10.97,11.88,13.19,14.33,13.4,16.01,17.0,132.93
2019-03-12,11.3465,12.8175,15.28,12.54,11.08,10.71,11.18,11.08,17.72,13.95,12.19,11.2,8.75,9.46,10.4,11.2,12.82,13.77,12.73,15.65,16.74,130.17
2019-03-13,10.9318,12.4139,13.32,11.68,11.79,11.64,11.72,11.79,16.76,13.15,11.49,10.88,8.98,9.45,10.3,10.88,12.41,13.41,12.53,15.33,16.46,132.57
2019-03-14,11.075,12.4693,16.02,13.35,11.87,12.09,11.5,11.87,16.81,13.4,11.81,10.92,9.02,9.48,10.3,10.92,12.47,13.5,12.52,15.3,16.45,130.57
2019-03-15,10.2752,12.1737,6.18,5.95,6.24,6.13,6.25,6.24,16.13,12.73,11.2,10.44,8.8,9.27,9.9,10.44,12.17,12.88,11.22,14.98,16.24,128.76
2019-03-18,11.0261,12.4174,16.25,13.03,10.9,9.15,9.67,10.9,17.83,14.17,12.33,11.49,9.32,9.92,10.8,11.49,12.42,13.1,12.53,15.24,16.36,127.1
2019-03-19,11.5978,12.6993,16.83,13.71,11.57,9.48,10.18,11.57,18.23,14.62,12.72,11.92,9.51,10.25,11.13,11.92,12.7,13.56,13.53,15.56,16.61,123.13
2019-03-20,11.8824,13.0125,17.32,14.09,11.85,9.88,10.6,11.85,18.75,15.01,13.13,12.24,9.7,10.49,11.49,12.24,13.01,13.91,13.49,15.79,16.78,120.59
2019-03-21,11.6874,12.7003,16.96,13.82,11.66,9.79,10.39,11.66,18.26,14.57,12.74,11.88,9.64,10.24,11.16,11.88,12.7,13.63,13.11,15.51,16.5,120.67
2019-03-22,14.2646,14.6589,20.85,17.31,15.04,11.45,12.67,15.04,21.35,17.34,15.18,14.11,10.76,11.86,13.14,14.11,14.66,16.48,16.85,17.37,17.78,117.55
2019-03-25,14.4806,14.8342,20.41,17.13,14.71,11.5,12.6,14.71,21.29,17.48,15.4,14.31,10.89,12.06,13.33,14.31,14.83,16.33,16.41,17.45,17.83,117.6
2019-03-26,13.1458,13.9567,17.85,15.33,12.92,10.16,11.15,12.92,19.53,16.06,14.19,13.18,10.07,11.12,12.35,13.18,13.96,14.68,13.95,16.45,17.28,117.8
2019-03-27,13.5509,14.3405,18.68,16.01,13.47,10.33,11.45,13.47,20.08,16.56,14.67,13.6,10.36,11.44,12.69,13.6,14.34,15.15,14.7,16.78,17.56,117.66
2019-03-28,12.6823,13.8433,17.49,14.94,12.5,9.68,10.67,12.5,19.17,15.84,13.94,12.91,9.91,10.87,12.07,12.91,13.84,14.43,13.7,16.3,17.25,119.25
2019-03-29,11.6604,13.3647,16.1,13.68,11.46,9.28,9.95,11.46,18.28,15.07,13.26,12.28,9.52,10.44,11.48,12.28,13.36,13.71,12.34,15.8,16.89,120.96
2019-04-01,11.0029,12.7345,15.51,12.45,10.38,9.05,9.47,10.38,17.7,14.25,12.44,11.6,9.39,10.02,10.92,11.6,12.73,13.4,12.11,15.46,16.53,126.77
2019-04-02,10.9517,12.7413,14.9,11.99,10.26,8.89,9.19,10.26,17.75,14.16,12.24,11.51,9.29,9.95,10.78,11.51,12.74,13.36,11.86,15.54,16.63,127.31
2019-04-03,11.4558,12.7837,15.25,12.33,10.48,9.39,9.62,10.48,17.95,14.42,12.52,11.69,9.22,10.07,10.94,11.69,12.78,13.74,12.29,15.63,16.6,125.96
2019-04-04,11.1607,12.6121,14.59,11.69,10.18,8.93,9.26,10.18,17.53,14.01,12.22,11.35,9.1,9.81,10.63,11.35,12.61,13.58,11.58,15.48,16.56,126.23
2019-04-05,10.1825,12.1124,12.86,10.31,9.11,8.14,8.34,9.11,16.76,13.28,11.53,10.68,8.75,9.27,9.98,10.68,12.11,12.82,10.12,15.06,16.28,128.75
2019-04-08,10.4103,12.1951,13.43,10.58,9.04,8.54,8.88,9.04,17.16,13.44,11.59,10.74,8.87,9.33,10.05,10.74,12.2,13.18,10.74,15.28,16.38,129.13
2019-04-09,11.5001,12.8748,14.77,12.15,10.17,8.95,9.34,10.17,18.69,14.59,12.49,11.62,9.26,9.85,10.87,11.62,12.87,14.28,11.78,15.99,16.9,127.66
2019-04-10,10.7368,12.3788,12.45,10.2,8.9,8.43,8.36,8.9,17.39,13.56,11.64,10.81,8.8,9.35,10.11,10.81,12.38,13.3,10.14,15.38,16.49,127.61
2019-04-11,10.5399,12.3164,11.72,9.28,8.15,8.28,8.04,8.15,17.06,13.22,11.36,10.59,8.63,9.23,10.02,10.59,12.32,13.02,10.52,15.25,16.43,126.23
2019-04-12,9.6472,11.7097,9.96,8.41,7.77,7.46,7.9,7.77,15.54,12.2,10.53,9.88,8.21,8.7,9.26,9.88,11.71,12.01,9.74,14.46,16.04,124.22
2019-04-15,9.817,11.7045,11.62,9.62,9.05,8.64,8.67,9.05,15.89,12.37,10.62,9.88,8.22,8.64,9.29,9.88,11.7,12.32,10.61,14.53,16.09,127.69
2019-04-16,9.843,11.6252,11.59,9.29,8.1,9.63,9.13,8.1,15.7,12.24,10.52,9.87,8.18,8.73,9.36,9.87,11.63,12.18,10.76,14.47,16.06,125.81
2019-04-17,10.0787,11.8659,13.72,11.17,9.82,9.97,9.46,9.82,16.1,12.59,10.84,10.03,8.27,8.8,9.48,10.03,11.87,12.6,11.0,14.82,16.29,125.78
2019-04-18,9.7602,11.7159,5.38,5.27,4.99,4.63,4.61,4.99,15.71,12.12,10.52,9.73,8.11,8.44,9.06,9.73,11.72,12.09,9.93,14.57,16.14,123.6
2019-04-22,9.8859,11.7068,15.76,12.01,9.68,8.13,8.57,9.68,17.87,13.68,11.57,10.64,8.89,9.19,9.99,10.64,11.71,12.42,11.63,14.72,16.19,124.24
2019-04-23,9.711,11.397,15.64,11.85,9.53,8.32,8.55,9.53,17.64,13.27,11.21,10.36,8.82,8.94,9.69,10.36,11.4,12.28,11.64,14.54,16.0,124.65
2019-04-24,10.4131,11.7171,16.77,12.7,10.19,8.79,9.03,10.19,18.35,13.83,11.64,10.75,9.04,9.26,10.05,10.75,11.72,13.14,12.54,15.04,16.28,123.81
2019-04-25,10.3354,11.9321,16.65,12.68,10.2,8.61,8.97,10.2,18.7,14.14,11.87,10.95,9.1,9.38,10.21,10.95,11.93,13.25,12.36,15.21,16.44,124.18
2019-04-26,9.7098,11.6311,16.08,11.99,9.61,8.32,8.56,9.61,18.13,13.62,11.46,10.57,8.92,9.11,9.87,10.57,11.63,12.73,11.81,14.89,16.2,126.29
2019-04-29,9.9756,11.8756,16.44,12.35,9.98,8.56,8.84,9.98,18.44,13.87,11.74,10.8,9.06,9.33,10.08,10.8,11.88,13.11,12.52,15.23,16.46,125.79
2019-04-30,10.0077,11.8664,16.62,12.33,9.92,8.37,8.8,9.92,18.55,13.93,11.72,10.83,9.02,9.32,10.12,10.83,11.87,13.12,12.44,15.23,16.43,126.47
2019-05-01,11.6807,12.8179,19.17,14.91,11.98,9.74,10.5,11.98,20.21,15.45,13.03,11.97,9.54,10.11,11.17,11.97,12.82,14.8,14.95,16.19,17.09,125.32
2019-05-02,11.5706,12.7589,18.32,14.5,11.45,8.9,9.76,11.45,19.79,15.22,13.01,11.88,9.36,9.92,10.97,11.88,12.76,14.42,13.92,16.03,17.0,124.59
2019-05-03,10.0301,11.9532,14.95,11.6,9.64,8.3,8.49,9.64,17.97,13.8,11.74,10.78,9.08,9.28,10.08,10.78,11.95,12.87,10.96,15.07,16.38,122.22
2019-05-06,12.3513,13.101,20.57,16.3,12.79,9.59,10.86,12.79,20.92,16.01,13.56,12.44,9.6,10.31,11.43,12.44,13.1,15.44,15.45,16.4,17.15,123.23
2019-05-07,16.7446,15.61,28.2,23.38,18.81,13.51,15.53,18.81,25.48,20.48,17.62,16.02,11.31,12.86,14.59,16.02,15.61,19.32,20.74,18.78,18.63,116.88
2019-05-08,16.6319,15.3052,28.89,24.23,19.83,13.62,15.89,19.83,25.71,20.49,17.5,15.86,10.9,12.46,14.33,15.86,15.31,19.4,21.33,18.75,18.6,117.79
2019-05-09,16.8473,15.4781,29.03,25.54,21.6,14.67,17.3,21.6,24.58,20.26,17.69,15.96,11.04,12.62,14.58,15.96,15.48,19.1,21.86,18.44,18.38,117.68
2019-05-10,13.6875,14.0996,21.52,19.18,15.85,11.66,13.19,15.85,21.37,17.6,15.19,13.8,9.74,10.94,12.49,13.8,14.1,16.04,16.57,16.9,17.47,118.54
2019-05-13,18.1544,16.8355,29.46,26.55,23.55,19.35,22.41,23.55,26.01,21.89,19.28,17.67,12.33,14.35,16.38,17.67,16.84,20.55,22.76,19.79,19.34,119.36
2019-05-14,16.0701,15.5878,23.69,21.04,19.17,15.33,16.28,19.17,23.47,19.55,17.14,15.9,10.98,12.61,14.44,15.9,15.59,18.06,18.76,18.29,18.37,119.95
2019-05-15,14.6074,14.8505,20.68,18.69,17.0,13.19,14.25,17.0,21.34,17.83,15.67,14.48,10.52,11.75,13.4,14.48,14.85,16.44,16.31,17.49,17.81,120.87
2019-05-16,13.2486,13.9959,21.0,18.35,15.93,14.12,14.6,15.93,19.9,16.49,14.42,13.29,9.88,10.86,12.2,13.29,14.0,15.29,15.06,16.74,17.35,121.09
2019-05-17,13.6791,14.3988,12.8,12.19,11.54,10.29,10.81,11.54,20.67,17.17,15.16,13.87,10.04,11.27,12.89,13.87,14.4,15.96,16.26,17.06,17.57,118.69
2019-05-20,14.8294,14.874,20.69,17.71,14.74,10.67,11.97,14.74,21.76,18.08,15.84,14.5,10.65,11.91,13.36,14.5,14.87,16.31,16.82,17.29,17.69,115.25
2019-05-21,13.281,13.9402,19.15,16.17,13.28,9.9,10.91,13.28,20.33,16.79,14.64,13.49,10.07,11.13,12.39,13.49,13.94,14.95,14.5,16.42,17.12,117.17
2019-05-22,13.275,13.9624,19.03,16.05,13.02,9.64,10.74,13.02,20.2,16.72,14.59,13.39,9.92,11.05,12.39,13.39,13.96,14.75,13.92,16.42,17.1,115.42
2019-05-23,15.3814,15.3112,21.35,18.21,15.21,11.25,12.74,15.21,21.97,18.5,16.41,15.03,11.17,12.38,13.91,15.03,15.31,16.92,17.4,17.69,18.01,114.71
2019-05-24,14.1775,14.9776,19.98,17.05,14.3,10.47,11.91,14.3,21.04,17.77,15.68,14.35,10.63,11.85,13.31,14.35,14.98,15.85,15.36,17.09,17.72,114.12
2019-05-28,16.2024,15.7195,21.41,18.6,15.87,11.8,13.38,15.87,22.09,18.93,16.83,15.46,11.5,12.82,14.36,15.46,15.72,17.5,17.98,17.9,18.29,112.58
2019-05-29,16.7553,16.2641,21.35,18.99,16.45,12.66,14.13,16.45,22.06,19.17,17.23,16.14,12.14,13.53,14.98,16.14,16.26,17.9,18.34,18.24,18.61,111.93
2019-05-30,16.1972,15.9285,20.2,18.06,15.54,12.05,13.49,15.54,21.55,18.67,16.75,15.71,11.91,13.13,14.6,15.71,15.93,17.3,17.12,17.96,18.48,112.68
2019-05-31,17.7821,16.9089,21.78,19.57,17.35,13.49,15.06,17.35,22.72,19.79,17.91,16.82,12.71,14.16,15.73,16.82,16.91,18.71,19.0,18.83,19.14,112.65
2019-06-03,17.7555,16.7541,21.86,19.45,17.26,13.99,15.3,17.26,22.63,19.59,17.8,16.63,12.85,14.19,15.69,16.63,16.75,18.86,19.26,18.77,19.09,112.32
2019-06-04,15.8529,15.5357,19.38,17.44,15.38,12.26,13.45,15.38,20.88,18.07,16.21,15.19,11.72,13.02,14.3,15.19,15.54,16.97,16.65,17.59,18.17,112.74
2019-06-05,14.7876,15.0584,18.09,15.89,14.22,11.89,12.68,14.22,19.76,17.01,15.45,14.42,11.47,12.37,13.51,14.42,15.06,16.09,14.9,17.13,17.82,112.91
2019-06-06,14.164,14.66,18.03,15.78,14.0,12.14,12.57,14.0,19.7,16.74,14.87,13.87,11.21,12.0,13.1,13.87,14.66,15.93,14.88,16.92,17.67,113.89
2019-06-07,14.0554,14.5836,18.59,16.08,13.8,12.16,12.44,13.8,20.58,17.02,15.11,14.05,11.44,12.12,13.13,14.05,14.58,16.3,15.02,17.15,17.86,114.67
2019-06-10,13.8976,14.3916,18.54,16.3,14.09,12.36,12.84,14.09,20.11,16.7,14.85,13.89,11.53,12.13,13.04,13.89,14.39,15.94,15.25,16.88,17.66,114.38
2019-06-11,14.2268,14.5968,18.63,16.44,14.33,12.2,12.72,14.33,20.25,16.98,15.06,14.15,11.34,12.17,13.23,14.15,14.6,15.99,15.15,16.99,17.81,113.81
2019-06-12,14.2636,14.6502,18.19,15.85,13.87,11.55,12.16,13.87,20.36,16.99,14.97,14.14,11.12,12.01,13.16,14.14,14.65,15.91,14.66,17.05,17.82,114.66
2019-06-13,14.0788,14.4733,16.66,15.23,13.59,11.62,12.06,13.59,20.07,16.85,14.84,14.06,11.02,12.04,13.08,14.06,14.47,15.82,14.59,16.86,17.64,113.33
2019-06-14,13.5861,14.399,14.54,13.42,12.76,10.61,11.21,12.76,19.29,16.28,14.34,13.9,10.81,11.8,13.03,13.9,14.4,15.28,13.56,16.6,17.48,113.16
2019-06-17,13.5992,14.3655,17.17,15.14,14.08,12.54,12.68,14.08,19.49,16.3,14.54,13.72,10.74,11.67,12.82,13.72,14.37,15.35,14.99,16.61,17.49,115.3
2019-06-18,13.3927,14.1258,20.36,18.39,16.68,15.34,15.52,16.68,19.28,16.0,14.1,13.22,10.79,11.52,12.49,13.22,14.13,15.15,15.29,16.5,17.38,116.21
2019-06-19,12.3364,13.6018,15.88,14.38,12.75,13.34,12.76,12.75,18.25,14.85,13.03,12.22,10.32,10.91,11.55,12.22,13.6,14.33,13.87,16.1,17.14,115.93
2019-06-20,12.4178,13.5764,18.91,14.94,13.81,15.41,13.77,13.81,18.23,14.63,13.05,12.38,11.18,11.28,11.85,12.38,13.58,14.75,14.77,16.14,17.05,119.23
2019-06-21,12.9007,14.126,7.91,7.51,7.37,7.21,7.34,7.37,18.95,15.38,13.72,13.06,11.23,11.68,12.44,13.06,14.13,15.4,14.83,16.67,17.43,118.46
2019-06-24,13.0455,13.9135,18.69,15.37,13.09,11.23,11.69,13.09,20.13,16.43,14.34,13.45,10.81,11.64,12.66,13.45,13.91,15.26,15.8,16.47,17.27,117.09
2019-06-25,14.2043,14.6596,20.35,16.82,14.02,11.39,12.43,14.02,21.19,17.38,15.36,14.23,11.16,12.21,13.38,14.23,14.66,16.28,17.01,17.12,17.78,116.83
2019-06-26,14.0758,14.5413,20.21,16.76,13.91,11.15,12.2,13.91,21.12,17.26,15.21,14.09,10.91,11.94,13.17,14.09,14.54,16.21,16.8,17.05,17.8,117.16
2019-06-27,13.4424,14.2085,19.77,16.16,13.53,10.88,11.91,13.53,20.65,16.79,14.7,13.63,10.53,11.52,12.71,13.63,14.21,15.82,16.34,16.76,17.52,117.5
2019-06-28,12.6588,13.599,18.9,15.1,12.96,10.76,11.33,12.96,19.74,16.01,13.93,13.05,10.19,11.06,12.18,13.05,13.6,15.08,15.67,16.06,16.96,118.12
2019-07-01,11.9499,12.8135,16.38,12.98,10.85,8.94,9.36,10.85,18.75,15.03,12.91,11.99,9.43,10.16,11.22,11.99,12.81,14.06,12.51,15.43,16.38,119.86
2019-07-02,10.8743,11.9625,13.9,10.8,8.92,7.62,7.88,8.92,17.47,13.81,11.95,10.85,8.5,9.12,10.06,10.85,11.96,12.93,10.42,14.72,15.92,122.14
2019-07-03,10.4181,11.741,13.21,10.29,8.41,8.01,7.8,8.41,16.83,13.25,11.53,10.4,8.61,8.97,9.78,10.4,11.74,12.57,9.91,14.53,15.74,120.82
2019-07-05,10.6338,12.067,13.07,10.25,8.85,7.83,8.13,8.85,17.37,13.61,11.79,10.89,8.81,9.34,10.23,10.89,12.07,13.28,10.57,14.98,15.99,126.66
2019-07-08,11.5172,12.6743,13.75,10.73,9.13,8.26,8.71,9.13,18.28,14.39,12.39,11.47,9.0,9.71,10.69,11.47,12.67,13.96,11.12,15.48,16.36,121.42
2019-07-09,11.8266,12.781,13.62,11.11,9.35,8.31,8.78,9.35,18.45,14.57,12.61,11.59,8.86,9.72,10.77,11.59,12.78,14.09,11.08,15.57,16.47,120.44
2019-07-10,10.8268,12.4522,11.85,9.62,8.88,7.76,8.0,8.88,17.29,13.61,11.72,10.88,8.62,9.23,10.16,10.88,12.45,13.03,9.94,15.19,16.25,120.66
2019-07-11,10.5092,12.2049,11.91,9.33,8.51,7.24,7.75,8.51,17.27,13.41,11.52,10.58,8.42,8.98,9.86,10.58,12.2,12.93,10.08,14.98,16.15,122.45
2019-07-12,9.937,11.9975,10.78,8.88,8.02,7.32,7.65,8.02,16.34,12.7,11.02,10.22,8.2,8.68,9.48,10.22,12.0,12.39,9.88,14.8,16.09,123.65
2019-07-15,10.1893,12.1852,11.83,9.74,8.79,7.65,8.37,8.79,16.79,12.73,10.95,10.19,8.2,8.69,9.54,10.19,12.19,12.68,11.01,15.04,16.28,126.22
2019-07-16,10.3256,12.3403,12.5,9.75,9.13,8.05,7.97,9.13,17.17,12.98,11.05,10.22,8.3,8.75,9.52,10.22,12.34,12.86,11.71,15.22,16.39,125.15
2019-07-17,11.29,13.0405,14.47,11.42,10.06,9.97,10.37,10.06,18.75,14.41,12.19,11.26,8.61,9.47,10.46,11.26,13.04,13.97,13.42,15.82,16.84,123.98
2019-07-18,10.7494,12.7339,14.98,12.85,11.24,10.18,10.18,11.24,17.78,13.74,11.8,10.75,8.54,9.1,10.1,10.75,12.73,13.53,12.68,15.54,16.61,125.42
2019-07-19,11.5472,13.3162,8.23,7.91,7.63,7.03,7.33,7.63,18.84,14.79,12.6,11.68,8.85,9.71,10.71,11.68,13.32,14.45,13.56,15.93,16.9,125.5
2019-07-22,11.0218,12.8327,17.33,13.64,10.93,8.46,9.25,10.93,19.07,14.97,12.83,11.72,9.06,9.79,10.89,11.72,12.83,13.53,13.64,15.47,16.57,125.36
2019-07-23,10.3494,12.3615,15.86,12.54,10.2,8.23,8.73,10.2,18.06,14.28,12.25,11.2,8.88,9.45,10.4,11.2,12.36,12.61,12.82,14.93,16.18,124.65
2019-07-24,9.8641,12.0674,15.05,11.83,9.69,8.2,8.48,9.69,17.44,13.68,11.78,10.91,8.75,9.24,10.12,10.91,12.07,12.07,12.19,14.56,15.93,123.08
2019-07-25,10.3732,12.5661,15.69,12.57,10.33,8.18,8.86,10.33,18.1,14.32,12.34,11.35,8.92,9.57,10.53,11.35,12.57,12.74,12.53,15.05,16.25,121.88
2019-07-26,9.6942,12.1503,15.05,11.99,9.79,8.02,8.45,9.79,17.75,13.76,11.8,10.88,8.55,9.18,10.11,10.88,12.15,12.16,11.54,14.69,15.95,123.27
2019-07-29,10.2684,12.3777,15.58,12.48,10.14,8.28,8.8,10.14,18.08,13.96,11.92,11.05,8.66,9.29,10.27,11.05,12.38,12.83,12.67,15.0,16.16,125.1
2019-07-30,11.4963,12.9703,17.36,13.98,11.56,9.4,10.05,11.56,19.3,14.98,12.8,11.87,9.18,9.94,11.01,11.87,12.97,13.94,14.46,15.7,16.61,121.94
2019-07-31,13.106,14.1208,21.34,17.03,13.58,10.12,11.46,13.58,21.24,16.83,14.34,13.27,9.89,10.96,12.28,13.27,14.12,16.12,18.41,16.91,17.47,121.71
2019-08-01,15.1873,15.4292,23.97,19.48,15.88,11.15,12.95,15.88,23.64,19.06,16.39,15.03,10.68,12.17,13.83,15.03,15.43,17.87,19.32,17.99,18.17,117.07
2019-08-02,15.1606,15.5767,22.62,18.7,15.55,10.75,12.46,15.55,23.53,19.23,16.65,15.32,10.67,12.27,13.99,15.32,15.58,17.61,17.69,17.89,18.11,117.25
2019-08-05,21.9303,19.4995,35.58,30.77,25.92,18.55,21.79,25.92,30.13,25.62,22.69,20.89,14.47,16.82,19.24,20.89,19.5,24.59,29.14,21.9,20.81,113.3
2019-08-06,18.0486,17.3971,28.07,24.18,19.99,14.5,16.6,19.99,26.39,22.14,19.34,17.58,12.2,13.95,16.02,17.58,17.4,20.17,21.84,19.69,19.41,114.2
2019-08-07,17.4938,17.261,26.76,23.57,20.0,14.18,16.27,20.0,26.03,21.97,19.11,17.41,11.91,13.65,15.8,17.41,17.26,19.49,20.95,19.5,19.26,113.96
2019-08-08,14.1638,15.2608,22.73,18.33,14.14,11.43,12.2,14.14,23.69,19.15,16.26,14.65,10.48,11.82,13.37,14.65,15.26,16.91,16.77,17.86,18.05,117.71
2019-08-09,15.2667,16.0403,23.23,19.34,14.95,11.86,13.04,14.95,24.58,20.2,17.3,15.72,11.09,12.64,14.43,15.72,16.04,17.97,17.75,18.56,18.56,116.34
2019-08-12,18.8303,18.0996,28.94,26.69,22.7,17.31,19.38,22.7,27.67,23.46,20.55,18.73,13.04,14.93,17.13,18.73,18.1,21.09,22.45,20.5,19.87,115.15
2019-08-13,15.2644,15.9114,24.2,20.63,17.45,13.83,14.95,17.45,23.96,19.82,17.12,15.64,11.0,12.52,14.27,15.64,15.91,17.52,17.49,18.53,18.69,117.58
2019-08-14,20.5474,19.3842,37.6,34.63,30.83,22.49,24.81,30.83,27.86,24.35,21.89,20.41,14.51,16.5,18.79,20.41,19.38,22.1,24.42,21.3,20.73,113.48
2019-08-15,19.3804,18.7968,30.99,30.16,25.24,21.66,22.57,25.24,26.79,23.55,21.19,19.52,13.92,15.86,18.07,19.52,18.8,21.18,22.45,21.07,20.58,112.52
2019-08-16,16.1928,17.2457,14.29,13.44,12.05,10.94,11.49,12.05,24.02,20.65,18.25,16.8,11.84,13.38,15.34,16.8,17.25,18.47,18.36,19.7,19.64,115.84
2019-08-19,14.8795,15.9804,21.95,18.82,14.88,10.95,12.15,14.88,23.15,19.49,16.93,15.37,11.14,12.49,14.12,15.37,15.98,16.88,17.2,18.36,18.82,116.48
2019-08-20,15.8519,16.5062,22.32,19.38,15.83,11.31,12.74,15.83,23.62,20.09,17.56,16.02,11.5,12.91,14.67,16.02,16.51,17.5,18.43,18.87,19.15,114.78
2019-08-21,14.2723,15.4487,20.14,17.63,14.24,10.63,11.66,14.24,21.98,18.59,16.15,14.64,10.76,11.98,13.45,14.64,15.45,15.8,16.09,17.72,18.37,114.48
2019-08-22,14.8924,15.8406,21.38,18.6,14.77,10.78,12.02,14.77,22.98,19.41,16.8,15.23,10.87,12.3,13.98,15.23,15.84,16.68,16.71,18.23,18.75,114.46
2019-08-23,18.13,18.0816,24.69,21.89,18.5,13.0,14.96,18.5,25.91,22.49,19.97,18.15,12.57,14.48,16.62,18.15,18.08,19.87,21.55,20.36,20.22,112.62
2019-08-26,17.7215,17.699,24.42,21.39,17.57,12.56,14.25,17.57,25.4,21.98,19.23,17.33,12.3,13.84,15.82,17.33,17.7,19.32,19.82,19.82,19.88,113.07
2019-08-27,18.7379,18.1686,25.03,22.36,18.83,13.31,15.05,18.83,26.31,22.84,20.17,18.22,12.85,14.54,16.56,18.22,18.17,20.31,20.81,20.64,20.56,111.76
2019-08-28,17.4182,17.4784,24.33,21.22,17.33,12.8,14.17,17.33,25.49,21.86,19.09,17.3,12.42,13.81,15.76,17.3,17.48,19.35,19.16,20.05,20.16,113.65
2019-08-29,15.4648,16.3323,23.08,19.64,15.36,11.46,12.53,15.36,24.23,20.38,17.44,15.67,11.41,12.73,14.37,15.67,16.33,17.88,16.85,19.03,19.45,115.02
2019-08-30,16.0514,16.6678,24.62,20.86,16.27,11.76,13.35,16.27,25.57,21.2,18.23,16.39,11.63,13.05,14.96,16.39,16.67,18.98,18.6,19.54,19.85,115.37
2019-09-03,17.2008,17.3644,24.88,21.64,17.26,12.17,14.05,17.26,26.1,21.87,18.94,17.17,11.84,13.54,15.51,17.17,17.36,19.66,19.07,20.12,20.36,114.68
2019-09-04,14.9763,16.0135,21.61,18.51,14.54,10.79,12.1,14.54,23.7,19.72,16.8,15.09,10.72,12.13,13.81,15.09,16.01,17.33,15.6,18.81,19.43,115.99
2019-09-05,13.2053,15.0197,20.32,15.97,12.7,10.67,11.3,12.7,22.9,18.22,15.23,13.81,10.42,11.36,12.6,13.81,15.02,16.27,14.59,18.08,18.88,118.58
2019-09-06,12.21,14.521,17.2,13.94,11.32,9.65,10.13,11.32,21.42,17.05,14.26,12.92,9.88,10.67,11.78,12.92,14.52,15.0,12.39,17.46,18.51,118.87
2019-09-09,12.2648,14.5555,17.93,14.45,11.54,10.11,10.48,11.54,21.51,17.04,14.22,12.85,9.73,10.55,11.71,12.85,14.56,15.27,13.66,17.55,18.58,118.79
2019-09-10,12.3323,14.4562,17.63,14.4,11.62,10.21,10.55,11.62,21.14,16.88,14.16,12.8,9.68,10.48,11.67,12.8,14.46,15.2,13.76,17.41,18.48,119.01
2019-09-11,11.936,14.1988,16.32,13.33,11.23,9.95,10.43,11.23,20.29,15.88,13.34,12.25,9.57,10.2,11.29,12.25,14.2,14.61,13.13,17.1,18.25,119.95
2019-09-12,11.3374,13.8393,16.43,13.08,11.09,9.96,10.19,11.09,19.74,15.21,12.71,11.92,9.59,10.06,11.05,11.92,13.84,14.22,13.1,16.81,18.07,119.95
2019-09-13,11.1044,13.8738,15.52,12.96,10.73,9.63,10.02,10.73,19.13,14.88,12.64,11.5,9.42,9.8,10.72,11.5,13.87,13.74,12.62,16.67,18.04,118.4
2019-09-16,12.1789,14.448,19.29,16.59,13.99,12.21,12.84,13.99,19.83,15.78,13.31,12.36,9.76,10.34,11.44,12.36,14.45,14.67,14.6,17.2,18.47,119.16
2019-09-17,12.1818,14.5819,20.02,16.42,14.08,13.4,13.5,14.08,19.4,15.4,13.22,12.13,9.84,10.31,11.31,12.13,14.58,14.44,14.54,17.23,18.54,117.94
2019-09-18,11.6313,14.2805,20.9,15.67,13.39,14.56,14.2,13.39,18.49,14.76,12.53,11.69,9.49,9.95,10.91,11.69,14.28,13.95,14.13,16.86,18.31,118.09
2019-09-19,11.6486,14.2869,18.03,13.66,11.52,12.49,11.76,11.52,18.69,14.78,12.61,11.62,9.54,9.98,10.94,11.62,14.29,14.05,13.18,16.79,18.26,118.77
2019-09-20,12.9214,15.1487,10.59,10.0,9.13,8.18,8.54,9.13,20.43,16.57,14.3,12.84,9.51,10.49,11.8,12.84,15.15,15.32,14.68,17.71,18.96,117.5
2019-09-23,12.6975,14.9094,19.49,15.86,12.58,9.2,10.16,12.58,21.56,17.48,14.94,13.55,10.16,11.1,12.48,13.55,14.91,14.91,13.91,17.43,18.7,118.78
2019-09-24,14.9423,16.0059,21.87,18.08,14.97,10.61,12.08,14.97,23.17,19.06,16.37,15.14,11.0,12.31,13.86,15.14,16.01,17.05,17.73,18.55,19.44,118.01
2019-09-25,13.8093,15.4042,20.89,16.92,13.35,9.72,10.84,13.35,22.49,18.39,15.7,14.23,10.45,11.62,13.11,14.23,15.4,15.96,15.3,18.0,19.06,117.98
2019-09-26,13.8151,15.5417,20.71,16.79,13.8,9.94,11.17,13.8,22.5,18.43,15.76,14.4,10.48,11.65,13.09,14.4,15.54,16.07,15.2,18.12,19.16,117.51
2019-09-27,14.8335,16.1793,21.93,18.63,15.09,10.52,12.02,15.09,23.34,19.44,16.74,15.3,10.89,12.28,13.96,15.3,16.18,17.22,16.77,18.75,19.62,116.61
2019-09-30,13.9141,15.3349,20.74,17.14,13.85,9.67,11.07,13.85,22.29,18.34,15.55,14.23,10.09,11.33,12.92,14.23,15.33,16.24,15.28,17.96,19.02,117.67
2019-10-01,16.8572,16.8719,23.73,20.5,16.79,11.69,13.41,16.79,24.35,20.63,17.86,16.3,11.14,12.95,14.92,16.3,16.87,18.56,18.94,19.35,20.03,114.01
2019-10-02,19.252,18.618,25.66,23.02,19.9,14.29,16.35,19.9,25.91,22.77,20.17,18.72,13.02,14.98,17.16,18.72,18.62,20.56,21.71,20.74,21.0,111.47
2019-10-03,17.6026,17.5886,24.0,21.52,18.21,12.62,14.76,18.21,24.73,21.51,18.93,17.33,11.88,13.68,15.74,17.33,17.59,19.12,19.48,19.78,20.4,112.44
2019-10-04,14.9694,15.9597,20.88,18.44,15.04,10.86,12.4,15.04,22.91,19.5,16.77,15.14,10.45,12.04,13.72,15.14,15.96,17.04,16.27,18.59,19.51,114.54
2019-10-07,16.0946,16.4004,22.47,19.81,16.57,12.16,14.01,16.57,23.77,20.33,17.48,15.89,10.99,12.54,14.43,15.89,16.4,17.86,17.7,18.91,19.76,118.76
2019-10-08,18.88,18.0837,24.19,22.21,19.72,15.01,16.76,19.72,26.04,22.65,20.01,18.34,12.45,14.53,16.7,18.34,18.08,20.28,20.29,20.39,20.82,118.42
2019-10-09,16.9337,17.019,22.59,20.52,17.66,13.38,15.33,17.66,24.13,20.85,18.35,16.76,11.56,13.29,15.28,16.76,17.02,18.64,18.26,19.51,20.26,119.95
2019-10-10,15.8395,16.3462,21.28,19.49,17.37,13.6,15.21,17.37,22.81,19.64,17.17,15.68,10.98,12.53,14.38,15.68,16.35,17.57,17.78,18.79,19.74,120.85
2019-10-11,13.6838,15.1074,19.32,16.96,13.91,11.73,12.23,13.91,20.08,17.22,15.11,13.92,10.09,11.3,12.78,13.92,15.11,15.58,15.28,17.55,18.86,122.4
2019-10-14,13.0563,14.657,17.99,15.29,13.29,10.56,11.08,13.29,18.92,16.29,14.14,13.01,9.55,10.61,11.82,13.01,14.66,14.57,14.01,17.12,18.58,124.85
2019-10-15,11.6943,13.8701,16.42,13.44,10.99,11.88,10.86,10.99,17.71,14.78,12.76,11.6,9.11,9.84,10.8,11.6,13.87,13.54,12.3,16.48,18.1,127.17
2019-10-16,11.9753,13.9021,15.06,12.17,9.92,10.15,10.32,9.92,17.68,14.81,12.97,11.76,9.13,9.96,10.91,11.76,13.9,13.68,11.92,16.48,18.12,125.53
2019-10-17,11.9334,13.8303,15.06,12.13,10.64,10.52,10.17,10.64,17.75,14.7,12.81,11.73,9.13,10.02,10.97,11.73,13.83,13.79,11.9,16.44,18.01,128.01
2019-10-18,12.3246,14.0861,8.06,7.74,7.47,7.19,7.27,7.47,18.03,15.08,13.23,11.99,9.23,10.06,11.14,11.99,14.09,14.25,12.35,16.65,18.21,126.24
2019-10-21,11.9599,13.5741,17.2,14.05,11.4,9.12,9.87,11.4,19.73,16.23,13.82,12.75,10.13,10.77,11.74,12.75,13.57,14.0,12.61,16.28,17.82,128.44
2019-10-22,12.447,13.8501,17.76,14.6,11.7,9.46,10.08,11.7,20.09,16.53,14.23,12.99,10.24,10.88,11.95,12.99,13.85,14.46,13.3,16.55,18.02,125.79
2019-10-23,11.8636,13.5904,16.95,13.89,11.3,8.91,9.77,11.3,19.8,16.18,13.78,12.71,10.04,10.74,11.7,12.71,13.59,14.01,12.27,16.29,17.84,127.92
2019-10-24,11.57,13.5724,16.55,13.49,10.95,8.7,9.34,10.95,19.65,15.98,13.66,12.59,9.99,10.63,11.58,12.59,13.57,13.71,11.89,16.25,17.84,125.22
2019-10-25,10.4749,12.9443,14.96,12.12,9.69,8.42,8.77,9.69,18.72,15.09,12.78,11.77,9.7,10.11,10.93,11.77,12.94,12.65,10.33,15.71,17.45,125.7
2019-10-28,10.8041,12.9928,15.39,12.5,10.31,9.29,9.46,10.31,19.25,15.2,12.88,11.88,10.06,10.36,11.14,11.88,12.99,13.11,11.7,15.99,17.59,125.26
2019-10-29,10.9595,13.1275,15.74,12.49,10.19,8.81,9.35,10.19,19.51,15.36,12.98,12.02,9.88,10.3,11.22,12.02,13.13,13.2,11.75,16.09,17.77,127.29
2019-10-30,10.1135,12.8168,14.46,11.61,9.54,8.29,8.71,9.54,18.64,14.73,12.53,11.55,9.36,9.85,10.71,11.55,12.82,12.33,10.67,15.69,17.48,129.64
2019-10-31,10.6209,13.0999,15.68,12.47,9.88,8.76,9.03,9.88,19.37,15.21,12.86,11.84,9.4,9.96,10.96,11.84,13.1,13.22,11.58,16.05,17.71,130.71
2019-11-01,9.7994,12.5171,13.45,10.53,8.8,8.64,8.57,8.8,18.1,14.17,12.13,11.15,9.38,9.63,10.44,11.15,12.52,12.3,9.84,15.42,17.29,126.88
2019-11-04,10.182,12.6523,13.53,11.11,9.46,8.85,8.71,9.46,18.5,14.26,12.13,11.16,9.55,9.8,10.47,11.16,12.65,12.83,11.08,15.62,17.38,129.74
2019-11-05,10.5124,12.8479,13.58,11.05,9.46,8.57,8.76,9.46,18.77,14.6,12.39,11.41,9.68,9.99,10.75,11.41,12.85,13.1,10.99,15.91,17.65,126.78
2019-11-06,10.3385,12.8574,11.95,9.59,8.53,7.67,7.69,8.53,18.42,14.4,12.17,11.24,9.38,9.77,10.55,11.24,12.86,12.62,9.47,15.83,17.66,125.2
2019-11-07,10.3878,12.9116,12.12,9.69,8.7,7.81,8.2,8.7,18.38,14.35,12.27,11.24,9.38,9.79,10.54,11.24,12.91,12.73,10.16,15.8,17.64,124.68
2019-11-08,9.775,12.7705,10.0,8.41,7.73,6.84,7.41,7.73,17.51,13.81,11.83,10.93,9.21,9.56,10.26,10.93,12.77,12.07,9.32,15.53,17.5,123.3
2019-11-11,10.5548,12.9251,11.6,9.94,9.23,8.12,8.54,9.23,17.68,14.24,12.19,11.21,9.26,9.69,10.49,11.21,12.93,12.69,10.69,15.6,17.54,123.85
2019-11-12,10.5925,12.8449,10.78,9.96,8.84,8.17,8.66,8.84,17.56,14.07,12.01,11.16,9.18,9.61,10.47,11.16,12.84,12.68,10.8,15.49,17.45,123.18
2019-11-13,10.8276,12.9631,11.29,10.79,8.26,7.82,8.15,8.26,18.02,14.27,12.13,11.2,8.97,9.48,10.41,11.2,12.96,13.0,10.97,15.62,17.48,124.61
2019-11-14,10.6061,12.8787,13.12,10.86,8.9,8.53,8.52,8.9,17.86,14.03,12.1,11.09,8.83,9.34,10.33,11.09,12.88,13.05,11.23,15.6,17.48,126.28
2019-11-15,9.6591,12.309,5.72,5.5,5.42,5.09,5.24,5.42,16.58,12.93,11.08,10.21,8.36,8.69,9.53,10.21,12.31,12.05,9.67,14.99,17.1,124.95
2019-11-18,10.1642,12.4174,16.88,13.21,10.29,8.39,8.82,10.29,18.73,14.65,12.4,11.24,9.05,9.48,10.42,11.24,12.42,12.46,10.18,15.17,17.16,126.59
2019-11-19,10.3911,12.6608,17.37,13.58,10.46,8.43,8.88,10.46,19.32,15.07,12.7,11.46,9.13,9.62,10.57,11.46,12.66,12.86,10.25,15.5,17.4,127.46
2019-11-20,10.6786,12.843,17.64,13.71,10.67,8.21,8.7,10.67,19.44,15.4,12.95,11.64,8.9,9.53,10.59,11.64,12.84,12.78,10.2,15.64,17.6,125.64
2019-11-21,10.9672,13.1106,17.71,14.05,11.0,8.45,8.96,11.0,19.52,15.64,13.19,11.9,8.99,9.73,10.83,11.9,13.11,13.13,10.56,15.82,17.84,124.87
2019-11-22,10.2252,12.8347,16.84,13.51,10.27,7.89,8.3,10.27,18.93,15.17,12.82,11.43,8.66,9.35,10.45,11.43,12.83,12.34,9.22,15.4,17.53,125.53
2019-11-25,9.6053,12.3442,15.65,12.25,9.64,7.76,8.07,9.64,17.9,14.22,11.99,10.83,8.48,9.02,9.96,10.83,12.34,11.87,9.76,14.99,17.15,128.65
2019-11-26,9.2492,12.1435,15.53,11.98,9.06,7.63,7.79,9.06,17.72,13.96,11.67,10.49,8.35,8.77,9.68,10.49,12.14,11.54,9.5,14.85,17.0,130.28
2019-11-27,9.3722,12.2103,15.39,11.72,9.26,8.15,8.28,9.26,17.74,13.98,11.67,10.54,8.57,8.94,9.76,10.54,12.21,11.75,9.9,14.96,17.06,130.37
2019-11-29,10.1102,12.8819,17.39,13.41,9.77,8.11,8.47,9.77,18.78,14.87,12.48,10.98,8.62,9.17,10.14,10.98,12.88,12.62,11.36,15.51,17.41,129.83
2019-12-02,12.6075,14.1537,20.93,16.43,12.9,9.48,10.63,12.9,20.89,17.1,14.54,12.96,9.43,10.47,11.82,12.96,14.15,14.91,15.3,16.84,18.2,126.35
2019-12-03,14.0379,15.1725,22.21,18.11,14.41,10.56,11.69,14.41,22.13,18.29,15.78,14.37,10.24,11.44,13.01,14.37,15.17,15.96,16.86,17.63,18.84,122.78
2019-12-04,12.9521,14.5365,20.15,16.68,13.24,9.87,10.92,13.24,20.93,17.28,14.79,13.44,9.66,10.74,12.27,13.44,14.54,14.8,14.92,16.98,18.27,123.31
2019-12-05,12.4972,14.3769,19.4,15.93,12.74,9.54,10.64,12.74,20.43,16.79,14.36,13.09,9.49,10.56,11.93,13.09,14.38,14.52,13.94,16.78,18.13,123.64
2019-12-06,11.0703,13.5981,17.75,14.43,11.06,8.83,9.33,11.06,19.54,15.59,13.14,11.88,8.8,9.67,10.88,11.88,13.6,13.62,12.81,16.21,17.74,131.48
2019-12-09,12.9465,14.435,22.5,17.46,13.32,10.14,11.08,13.32,21.96,17.29,14.56,13.04,9.52,10.55,11.82,13.04,14.44,15.86,17.06,17.3,18.43,136.56
2019-12-10,12.9465,14.3993,21.24,17.04,13.05,9.72,10.85,13.05,21.45,16.98,14.34,13.09,9.38,10.47,11.83,13.09,14.4,15.68,16.24,17.13,18.37,135.0
2019-12-11,12.2544,14.0929,20.13,15.74,12.21,9.31,10.23,12.21,20.56,16.22,13.62,12.5,9.14,10.15,11.42,12.5,14.09,14.99,15.27,16.91,18.18,134.37
2019-12-12,10.941,13.178,19.19,14.78,11.84,10.09,10.31,11.84,19.02,14.99,12.66,11.2,8.61,9.18,10.22,11.2,13.18,13.94,14.67,16.09,17.61,132.68
2019-12-13,9.6176,12.5182,16.81,11.7,9.03,8.15,7.94,9.03,17.08,13.0,10.91,10.1,7.9,8.29,9.18,10.1,12.52,12.63,12.41,15.28,17.05,144.51
2019-12-16,9.2146,12.1258,14.14,10.12,8.86,10.48,9.48,8.86,16.22,11.85,9.85,9.32,8.28,8.15,8.71,9.32,12.13,12.14,11.63,14.98,16.68,143.85
2019-12-17,9.4884,12.1981,12.34,9.3,8.4,9.6,8.83,8.4,16.51,12.09,10.09,9.37,8.27,8.17,8.73,9.37,12.2,12.29,11.16,15.15,16.89,137.48
2019-12-18,9.6993,12.3836,11.34,8.66,8.29,9.55,8.45,8.29,16.68,12.17,10.05,9.72,8.29,8.44,9.07,9.72,12.38,12.58,10.3,15.2,16.91,144.56
2019-12-19,9.1343,12.1703,10.86,8.93,8.13,10.28,9.19,8.13,16.33,11.83,9.88,9.24,7.94,8.13,8.67,9.24,12.17,12.5,9.39,15.14,16.77,150.14
2019-12-20,9.1866,12.3229,4.65,4.53,4.46,4.59,4.47,4.46,16.65,11.96,9.84,9.27,7.79,8.05,8.61,9.27,12.32,12.51,9.27,15.32,16.85,147.17
2019-12-23,9.4578,12.4101,17.05,12.16,9.2,7.68,8.0,9.2,19.11,14.42,11.99,10.78,8.91,9.22,10.05,10.78,12.41,12.61,9.83,15.5,17.0,143.91
2019-12-24,9.6926,12.5268,17.05,12.37,9.28,7.62,7.95,9.28,19.01,14.47,12.06,10.84,8.85,9.22,10.08,10.84,12.53,12.67,9.56,15.52,16.97,143.87
2019-12-26,9.5329,12.5472,16.49,11.89,9.4,7.81,8.13,9.4,18.75,14.29,11.95,10.9,9.03,9.35,10.13,10.9,12.55,12.65,9.94,15.52,16.92,143.07
2019-12-27,10.2723,12.9156,17.29,12.88,10.06,8.09,8.65,10.06,19.26,14.92,12.55,11.36,9.02,9.55,10.47,11.36,12.92,13.43,11.0,15.95,17.28,140.29
2019-12-30,12.1187,13.7126,18.97,14.6,11.65,9.12,9.81,11.65,20.48,16.29,13.69,12.36,9.49,10.21,11.35,12.36,13.71,14.82,13.77,16.68,17.7,133.56
2019-12-31,11.1441,12.9572,17.68,13.07,10.48,8.46,8.95,10.48,19.27,15.14,12.74,11.47,8.88,9.5,10.57,11.47,12.96,13.78,13.26,15.87,17.13,139.52
2020-01-02,9.9923,12.3817,14.8,11.15,9.14,7.71,8.03,9.14,17.98,14.1,11.73,10.67,8.4,8.86,9.81,10.67,12.38,12.47,10.6,15.19,16.58,137.7
2020-01-03,11.4691,13.3278,17.59,13.99,10.98,8.28,9.07,10.98,19.73,15.7,13.26,11.81,8.51,9.48,10.76,11.81,13.33,14.02,12.78,16.01,17.16,133.46
2020-01-06,11.5509,13.239,16.07,12.85,10.66,8.13,8.95,10.66,19.26,15.39,12.93,11.68,8.53,9.44,10.64,11.68,13.24,13.85,12.42,15.92,17.08,132.51
2020-01-07,11.6143,13.1583,15.73,13.06,10.48,8.27,9.15,10.48,19.15,15.33,12.96,11.67,8.39,9.37,10.62,11.67,13.16,13.79,12.34,15.86,17.02,129.78
2020-01-08,10.9557,12.6443,15.46,12.05,10.23,8.29,8.83,10.23,18.61,14.66,12.23,11.02,8.28,9.07,10.12,11.02,12.64,13.45,12.22,15.4,16.65,136.42
2020-01-09,10.0622,12.1497,14.11,10.48,8.92,7.59,8.07,8.92,17.6,13.62,11.38,10.37,7.96,8.65,9.56,10.37,12.15,12.54,10.86,14.95,16.36,133.47
2020-01-10,10.1844,12.2538,12.76,10.33,8.87,7.95,8.08,8.87,17.66,13.85,11.62,10.6,8.05,8.75,9.77,10.6,12.25,12.56,10.57,14.95,16.33,128.15
2020-01-13,10.1157,11.9532,12.73,10.64,9.18,8.28,9.01,9.18,16.92,13.26,11.24,10.23,7.86,8.49,9.38,10.23,11.95,12.32,10.05,14.64,16.03,131.27
2020-01-14,10.3544,11.9659,13.93,11.56,10.01,9.17,9.38,10.01,16.73,13.23,11.27,10.3,7.89,8.55,9.46,10.3,11.97,12.39,10.18,14.64,16.01,130.82
2020-01-15,10.0599,11.9331,13.03,10.62,8.99,9.25,9.6,8.99,16.56,12.9,10.98,10.17,8.06,8.62,9.41,10.17,11.93,12.42,9.69,14.63,15.98,135.53
2020-01-16,9.7479,11.7026,13.5,10.37,8.81,9.13,8.85,8.81,16.56,12.71,10.68,9.8,8.15,8.68,9.33,9.8,11.7,12.32,9.71,14.45,15.78,133.13
2020-01-17,9.5251,11.62,4.42,4.22,4.29,4.89,4.96,4.29,16.15,12.31,10.54,9.68,7.9,8.45,9.16,9.68,11.62,12.1,9.04,14.41,15.76,134.62
2020-01-21,10.5942,12.112,17.17,13.47,10.57,8.22,8.94,10.57,18.73,14.91,12.63,11.6,8.98,9.74,10.73,11.6,12.11,12.85,11.38,14.87,15.94,132.7
2020-01-22,10.7048,12.2243,17.34,13.64,10.72,8.17,8.96,10.72,18.89,15.04,12.75,11.71,8.94,9.75,10.8,11.71,12.22,12.91,11.03,14.98,16.11,129.93
2020-01-23,10.5993,12.2097,17.49,13.69,10.59,7.97,8.86,10.59,18.94,15.09,12.76,11.68,8.81,9.62,10.77,11.68,12.21,12.98,11.4,14.99,16.11,131.76
2020-01-24,12.3413,13.3027,19.17,15.74,12.45,8.64,10.03,12.45,20.5,16.7,14.29,12.98,9.26,10.45,11.86,12.98,13.3,14.56,14.65,16.07,16.78,127.02
2020-01-27,15.8379,15.2467,23.53,19.98,15.97,10.84,12.7,15.97,24.07,19.84,17.17,15.61,10.74,12.32,14.21,15.61,15.25,18.23,21.3,18.16,18.11,127.21
2020-01-28,14.1654,14.1896,21.15,17.62,14.29,10.11,11.38,14.29,22.25,18.13,15.58,14.19,10.24,11.52,13.03,14.19,14.19,16.28,18.34,17.03,17.35,125.61
2020-01-29,14.229,14.2086,21.26,17.68,14.24,10.21,11.58,14.24,22.1,18.15,15.7,14.26,10.29,11.64,13.13,14.26,14.21,16.39,18.12,17.03,17.36,125.15
2020-01-30,13.2583,13.7016,19.48,16.41,13.23,9.59,10.67,13.23,21.12,17.19,14.76,13.55,9.81,10.97,12.4,13.55,13.7,15.49,16.41,16.59,17.03,129.95
2020-01-31,16.063,15.4004,23.19,20.08,16.56,11.33,13.28,16.56,24.2,19.97,17.45,15.93,10.97,12.66,14.47,15.93,15.4,18.84,21.66,18.63,18.34,135.73
2020-02-03,15.5772,14.9903,21.94,19.24,15.75,11.19,12.97,15.75,23.69,19.48,16.93,15.39,10.81,12.3,14.08,15.39,14.99,17.97,19.23,18.04,18.09,127.7
2020-02-04,13.7856,13.5461,19.16,15.94,12.99,10.23,11.09,12.99,21.23,17.15,14.85,13.45,10.21,11.19,12.42,13.45,13.55,16.05,15.81,16.7,17.06,128.65
2020-02-05,12.6816,12.888,17.29,14.11,11.59,9.05,9.79,11.59,20.18,16.0,13.67,12.48,9.58,10.43,11.56,12.48,12.89,15.15,13.69,16.11,16.67,129.78
2020-02-06,12.3145,12.5743,17.09,13.53,10.71,8.43,9.14,10.71,19.98,15.65,13.25,12.12,9.21,10.05,11.23,12.12,12.57,14.96,12.98,15.89,16.57,134.48
2020-02-07,12.9469,13.1616,18.23,14.66,11.69,9.17,10.01,11.69,20.76,16.46,13.99,12.74,9.45,10.55,11.8,12.74,13.16,15.47,13.73,16.29,16.94,132.21
2020-02-10,12.1833,12.8064,17.06,13.44,10.78,8.41,9.47,10.78,20.24,15.92,13.48,12.2,9.04,10.03,11.26,12.2,12.81,15.04,12.89,16.13,16.78,133.29
2020-02-11,12.3011,12.8537,16.89,13.53,10.96,8.93,9.81,10.96,20.35,15.84,13.4,12.22,9.26,10.17,11.31,12.22,12.85,15.18,13.04,16.14,16.83,132.95
2020-02-12,10.98,12.186,13.67,11.22,9.19,8.23,8.32,9.19,18.49,14.22,12.02,11.1,8.89,9.44,10.23,11.1,12.19,13.74,10.84,15.36,16.34,133.2
2020-02-13,11.4702,12.5228,15.19,12.03,9.61,8.41,8.62,9.61,19.16,14.85,12.57,11.4,9.11,9.7,10.64,11.4,12.52,14.15,11.83,15.68,16.55,133.04
2020-02-14,10.9283,12.333,13.23,10.41,8.76,7.44,7.84,8.76,18.32,14.34,12.13,11.07,8.83,9.41,10.38,11.07,12.33,13.68,10.98,15.5,16.46,132.67
2020-02-18,11.7696,12.7614,16.35,13.08,10.87,9.19,9.67,10.87,19.53,15.32,12.98,11.81,9.02,9.81,10.87,11.81,12.76,14.83,13.02,16.1,16.86,137.66
2020-02-19,11.2648,12.4515,13.07,10.43,9.58,8.54,8.73,9.58,18.81,14.56,12.38,11.24,8.92,9.53,10.55,11.24,12.45,14.38,11.88,15.82,16.76,141.81
2020-02-20,12.4344,13.1144,18.04,15.21,13.43,11.05,11.84,13.43,20.46,16.15,13.57,12.38,9.36,10.23,11.46,12.38,13.11,15.56,13.86,16.6,17.24,137.12
2020-02-21,14.1324,14.1222,10.98,10.47,9.39,8.48,8.89,9.39,22.57,18.25,15.69,14.17,9.68,11.24,12.89,14.17,14.12,17.08,15.77,17.61,17.92,135.14
2020-02-24,21.5916,18.3681,34.27,27.66,22.11,14.64,17.42,22.11,30.5,24.78,21.3,19.4,13.07,15.21,17.63,19.4,18.37,25.03,31.9,21.92,20.48,130.48
2020-02-25,24.1259,20.4637,35.64,29.66,24.89,17.89,20.67,24.89,32.08,26.8,23.67,21.89,15.25,17.62,20.13,21.89,20.46,27.85,36.35,23.86,21.88,130.79
2020-02-26,24.1925,20.4777,34.82,29.71,25.04,18.83,21.18,25.04,31.44,26.71,23.88,21.95,15.77,17.89,20.36,21.95,20.48,27.56,34.84,23.7,21.85,130.65
2020-02-27,35.6046,27.0807,52.44,44.7,37.73,26.6,30.82,37.73,41.98,36.52,32.69,30.38,21.13,24.74,28.13,30.38,27.08,39.16,54.74,29.92,25.61,128.93
2020-02-28,37.0755,27.0351,56.36,49.64,39.73,26.47,31.04,39.73,45.22,39.11,34.56,31.6,20.82,24.41,28.53,31.6,27.04,40.11,52.9,29.85,25.91,115.74
2020-03-02,27.6655,23.729,47.04,38.55,29.8,20.46,23.77,29.8,40.11,33.53,28.73,26.03,17.61,20.32,23.64,26.03,23.73,33.42,42.17,27.7,24.73,126.84
2020-03-03,32.3989,26.468,53.45,45.23,35.9,24.15,28.23,35.9,44.25,37.59,32.62,29.54,19.64,22.97,26.66,29.54,26.47,36.82,47.34,30.17,26.34,123.06
2020-03-04,25.9788,23.0158,45.64,36.66,28.43,20.23,23.06,28.43,40.15,33.08,28.13,24.71,18.36,20.04,22.73,24.71,23.02,31.99,37.06,27.51,24.88,127.38
2020-03-05,34.2156,28.8182,58.75,48.67,38.84,26.07,30.2,38.84,48.66,41.07,35.59,32.49,21.75,25.43,29.39,32.49,28.82,39.62,48.63,32.57,28.9,123.61
2020-03-06,36.2459,31.7518,60.78,51.62,40.58,26.84,31.5,40.58,51.23,44.19,38.51,34.93,23.06,26.88,31.62,34.93,31.75,41.94,48.55,35.46,31.4,126.08
2020-03-09,49.362,40.4157,82.93,71.96,60.42,43.47,49.87,60.42,62.68,55.35,50.18,45.53,32.32,37.51,42.76,45.53,40.42,54.46,70.3,43.05,36.89,121.57
2020-03-10,42.4224,36.5348,69.97,61.96,50.64,35.54,41.68,50.64,57.17,49.95,44.4,40.63,27.17,31.82,37.2,40.63,36.53,47.3,57.39,39.44,34.34,121.38
2020-03-11,48.5054,41.2355,80.73,74.07,64.15,45.53,52.06,64.15,62.8,55.18,50.1,47.27,31.76,37.67,43.82,47.27,41.24,53.9,68.21,44.37,38.54,121.72
2020-03-12,68.7552,53.9566,128.14,112.64,102.61,68.19,84.04,102.61,85.33,76.94,69.76,67.33,43.6,53.95,62.58,67.33,53.96,75.47,103.56,57.24,47.81,115.79
2020-03-13,50.7714,43.5195,94.34,81.73,65.61,42.67,52.67,65.61,69.49,61.3,54.79,50.17,30.49,37.4,45.21,50.17,43.52,57.83,69.87,48.31,41.23,132.37
2020-03-16,77.6917,63.2599,168.2,146.99,122.18,84.11,98.11,122.18,97.65,87.77,80.48,76.32,48.76,60.98,70.4,76.32,63.26,82.69,106.66,67.7,55.4,114.66
2020-03-17,68.7048,57.5602,139.43,116.74,95.18,76.54,83.44,95.18,91.38,80.47,71.77,67.2,45.11,53.59,61.73,67.2,57.56,75.91,92.93,65.27,54.81,116.67
2020-03-18,71.9113,62.686,147.36,125.17,107.01,86.18,89.59,107.01,94.51,84.9,76.04,71.24,47.06,56.77,65.67,71.24,62.69,76.45,97.22,72.98,61.11,113.54
2020-03-19,65.8214,56.5911,117.64,111.29,103.43,103.74,97.8,103.43,89.22,78.79,70.46,65.7,46.18,53.36,60.63,65.7,56.59,72.0,91.02,69.47,56.06,115.44
2020-03-20,58.3169,51.7809,84.35,81.41,80.12,78.3,80.05,80.12,81.86,70.16,62.73,58.68,44.24,48.83,54.6,58.68,51.78,66.04,83.47,65.59,53.12,118.12
2020-03-23,56.1492,44.8564,72.2,66.36,58.91,48.11,50.97,58.91,71.07,61.03,54.26,50.51,39.51,42.49,46.95,50.51,44.86,61.59,78.76,56.64,46.59,117.05
2020-03-24,54.6356,40.8872,74.92,65.84,57.27,50.13,52.02,57.27,68.07,57.49,51.27,47.88,40.98,42.54,45.4,47.88,40.89,61.67,78.04,52.11,41.59,117.75
2020-03-25,57.8384,44.0636,80.36,70.9,60.97,47.9,52.62,60.97,72.17,61.67,54.58,51.34,39.17,43.47,48.13,51.34,44.06,63.95,81.3,53.85,44.31,116.6
2020-03-26,53.1404,40.0781,82.59,68.87,56.11,41.29,46.53,56.11,70.99,58.82,51.2,47.23,34.25,38.86,43.73,47.23,40.08,61.0,73.61,49.79,40.85,118.97
2020-03-27,57.1803,44.3799,86.22,73.43,60.74,43.62,49.45,60.74,77.13,65.01,56.66,51.78,35.69,41.57,47.79,51.78,44.38,65.54,72.33,55.75,47.71,117.41
2020-03-30,49.0078,40.7053,75.15,62.59,50.98,37.79,42.54,50.98,70.57,58.4,50.26,46.34,32.43,37.2,42.33,46.34,40.71,57.08,62.8,51.26,43.89,122.18
2020-03-31,45.3788,38.819,71.9,59.3,47.29,33.55,38.35,47.29,65.84,54.73,47.54,43.41,29.52,34.36,39.67,43.41,38.82,53.54,60.16,48.32,42.47,125.49
2020-04-01,52.4298,44.231,72.26,63.88,53.33,39.03,44.63,53.33,68.37,60.02,53.49,49.39,33.58,39.24,45.24,49.39,44.23,57.06,61.33,51.17,45.18,115.48
2020-04-02,46.0033,40.6256,65.44,56.98,47.02,34.2,38.31,47.02,62.8,54.63,47.75,44.24,29.96,35.05,40.26,44.24,40.63,50.91,52.81,47.3,42.67,118.43
2020-04-03,42.0797,38.6936,58.82,50.87,42.48,31.64,35.38,42.48,57.62,50.43,44.51,41.21,29.0,33.22,37.74,41.21,38.69,46.8,46.66,44.84,40.84,120.57
2020-04-06,38.5344,35.1535,59.97,49.74,41.39,33.46,34.93,41.39,57.99,48.11,41.5,37.77,27.23,30.86,34.69,37.77,35.15,45.24,47.02,43.09,39.15,121.01
2020-04-07,40.981,36.1926,59.56,50.47,42.57,36.77,38.84,42.57,58.81,49.78,43.42,39.62,28.41,32.19,36.62,39.62,36.19,46.7,48.34,43.42,39.54,118.48
2020-04-08,37.759,34.878,52.58,45.64,38.14,30.95,33.44,38.14,55.34,46.55,40.19,36.87,26.78,30.2,34.08,36.87,34.88,43.35,42.46,41.59,38.32,119.3
2020-04-09,36.6013,34.1223,47.38,42.4,37.48,30.94,32.89,37.48,53.1,44.78,39.01,35.93,26.29,29.5,33.33,35.93,34.12,41.67,40.42,40.61,37.42,120.85
2020-04-13,36.8316,34.2174,48.47,44.32,40.89,36.47,36.67,40.89,52.04,44.78,39.42,36.6,26.87,30.29,33.74,36.6,34.22,41.17,41.74,39.97,37.0,119.6
2020-04-14,33.0478,31.1807,45.18,42.34,36.13,32.43,33.83,36.13,47.89,40.4,35.27,32.8,25.2,27.72,30.48,32.8,31.18,37.76,38.81,36.46,34.91,122.33
2020-04-15,35.9447,33.766,44.3,44.17,40.58,36.53,36.45,40.58,51.7,43.82,38.43,35.55,26.22,29.51,33.16,35.55,33.77,40.84,41.64,39.28,36.94,122.42
2020-04-16,35.2187,33.8308,44.51,41.63,38.87,37.56,37.63,38.87,50.63,43.3,37.91,35.27,25.55,28.75,32.28,35.27,33.83,40.11,40.49,39.21,37.04,122.33
2020-04-17,32.338,31.9123,27.1,26.36,25.99,24.74,25.36,25.99,48.22,40.78,35.44,32.38,24.14,26.86,30.26,32.38,31.91,38.15,36.18,37.28,35.66,126.43
2020-04-20,37.9284,35.6055,55.54,47.17,37.92,26.94,30.81,37.92,53.59,45.58,39.5,35.86,24.59,28.65,32.74,35.86,35.61,43.83,44.0,40.97,38.29,125.34
2020-04-21,40.7113,38.2604,55.41,48.74,40.9,29.53,33.42,40.9,55.09,47.79,41.98,38.43,26.4,30.71,35.23,38.43,38.26,45.41,45.46,43.28,40.39,123.71
2020-04-22,36.8308,35.5113,52.22,44.95,36.67,26.47,30.27,36.67,52.26,44.82,38.85,35.31,24.12,28.05,32.37,35.31,35.51,41.98,40.21,40.92,38.89,126.19
2020-04-23,36.1632,35.4928,51.37,43.86,35.77,26.18,29.86,35.77,51.72,44.41,38.48,35.19,24.17,28.07,32.15,35.19,35.49,41.38,39.35,40.86,39.16,125.22
2020-04-24,30.5321,32.4732,43.88,37.31,30.53,23.41,25.34,30.53,47.15,39.86,34.47,31.53,22.76,25.61,28.95,31.53,32.47,35.93,31.72,37.81,37.1,126.51
2020-04-27,27.3895,29.8674,41.96,34.78,27.67,21.91,23.55,27.67,44.2,36.71,31.56,29.01,21.3,23.74,26.6,29.01,29.87,33.29,31.41,35.33,35.12,129.29
2020-04-28,28.0394,29.793,42.78,35.4,28.07,21.78,23.56,28.07,44.62,37.05,31.67,28.86,20.71,23.37,26.44,28.86,29.79,33.57,32.44,35.37,34.95,129.23
2020-04-29,25.4106,27.5573,39.56,32.18,25.56,21.05,21.95,25.56,41.99,34.21,29.03,26.52,19.77,21.81,24.35,26.52,27.56,31.23,29.66,33.33,33.19,132.6
2020-04-30,28.1566,29.0998,44.55,36.91,29.06,22.8,24.32,29.06,44.98,37.1,31.67,28.83,20.78,23.27,26.44,28.83,29.1,34.15,32.88,35.05,34.49,130.38
2020-05-01,31.4435,32.1472,45.73,39.82,32.99,23.38,26.93,32.99,47.31,40.38,35.29,32.08,21.96,25.34,29.12,32.08,32.15,37.19,35.57,37.97,36.85,129.97
2020-05-04,30.7248,31.198,43.56,37.84,31.84,23.84,26.42,31.84,45.58,38.81,33.89,31.1,21.97,24.96,28.38,31.1,31.2,35.97,35.45,37.0,36.43,131.29
2020-05-05,29.0428,29.9788,41.38,36.21,29.08,22.35,25.02,29.08,43.41,36.93,32.06,29.46,21.03,23.67,26.92,29.46,29.98,33.61,33.19,35.52,35.29,128.26
2020-05-06,29.7218,30.3009,41.63,36.43,30.58,23.09,25.98,30.58,43.85,37.47,32.99,29.97,21.44,24.26,27.44,29.97,30.3,34.12,33.98,35.68,35.58,128.59
2020-05-07,27.2314,28.8783,36.6,31.17,25.75,20.47,22.48,25.75,41.35,35.08,30.54,27.69,20.13,22.47,25.54,27.69,28.88,31.44,29.75,34.01,34.45,130.67
2020-05-08,22.683,26.1648,28.84,24.35,21.46,17.87,18.79,21.46,37.55,30.88,26.55,24.33,18.58,20.15,22.42,24.33,26.16,27.98,24.89,31.64,32.73,132.21
2020-05-11,23.0179,25.2054,30.58,25.47,22.44,22.03,21.47,22.44,36.76,30.14,25.91,23.58,18.0,19.69,21.73,23.58,25.21,27.57,26.17,30.39,32.13,129.1
2020-05-12,28.0177,28.1562,38.65,33.63,29.54,28.06,28.72,29.54,42.62,35.41,30.43,27.94,20.39,22.9,25.66,27.94,28.16,33.04,33.36,34.26,34.77,125.97
2020-05-13,31.0922,30.3917,38.99,39.7,35.4,27.43,30.8,35.4,45.09,37.8,33.42,30.81,21.46,24.81,28.18,30.81,30.39,35.28,34.63,36.51,36.72,123.43
2020-05-14,28.2311,28.4762,36.32,33.28,30.26,27.29,28.36,30.26,41.8,35.18,30.42,27.83,19.92,22.48,25.5,27.83,28.48,32.61,31.66,34.9,35.66,124.35
2020-05-15,26.9704,28.1453,20.98,20.09,19.04,19.38,20.26,19.04,40.98,34.54,29.9,27.35,19.63,22.08,25.16,27.35,28.15,31.89,29.71,34.51,35.57,124.47
2020-05-18,24.2177,25.2669,38.11,31.02,24.3,19.22,20.48,24.3,39.73,31.8,26.96,24.61,18.63,20.26,22.65,24.61,25.27,29.3,27.62,31.77,33.14,129.23
2020-05-19,25.7002,26.2455,39.96,32.65,25.61,19.72,21.56,25.61,41.04,33.29,28.31,25.76,18.98,20.96,23.6,25.76,26.25,30.53,28.03,32.81,33.59,127.48
2020-05-20,23.8638,24.8322,36.12,29.43,23.74,18.79,20.11,23.74,38.05,30.69,26.28,23.97,18.28,19.9,22.13,23.97,24.83,27.99,24.93,31.11,32.45,125.95
2020-05-21,25.2329,26.0689,37.17,31.09,25.02,19.38,21.18,25.02,39.22,32.17,27.74,25.51,18.96,20.84,23.51,25.51,26.07,29.53,26.15,32.38,33.59,124.53
2020-05-22,23.6511,25.6116,35.12,29.51,23.88,18.64,20.12,23.88,38.01,31.29,27.03,24.82,18.53,20.36,22.89,24.82,25.61,28.16,23.47,31.54,33.16,125.78
2020-05-26,23.3836,24.6336,35.49,28.7,22.8,18.26,19.41,22.8,37.64,30.52,26.06,23.51,17.83,19.51,21.7,23.51,24.63,28.01,25.5,30.85,32.55,129.11
2020-05-27,22.6353,23.6369,35.14,28.11,22.33,17.65,18.93,22.33,36.95,29.57,25.27,22.86,17.37,18.9,21.1,22.86,23.64,27.62,25.17,30.19,31.85,129.96
2020-05-28,23.172,24.4501,36.18,28.82,22.86,18.0,19.39,22.86,38.1,30.34,25.73,23.31,17.69,19.27,21.47,23.31,24.45,28.59,26.02,31.21,32.59,130.78
2020-05-29,22.0075,23.5184,34.52,27.45,22.35,17.6,18.97,22.35,36.45,29.25,24.9,22.65,17.51,18.84,20.85,22.65,23.52,27.51,24.59,30.27,31.96,131.72
2020-06-01,23.0154,24.1294,34.85,28.39,23.37,18.32,19.82,23.37,37.01,30.03,25.61,23.53,17.9,19.48,21.58,23.53,24.13,28.23,27.08,30.92,32.41,132.09
2020-06-02,21.8861,23.2999,32.61,26.48,21.42,17.26,18.57,21.42,35.38,28.49,24.28,22.25,17.38,18.66,20.63,22.25,23.3,26.84,25.06,29.93,31.78,132.61
2020-06-03,21.0866,22.6707,29.91,24.87,20.41,17.63,18.23,20.41,33.61,27.11,23.27,21.39,17.49,18.49,20.05,21.39,22.67,25.66,23.97,28.91,31.07,131.5
2020-06-04,21.5097,22.8532,29.96,24.82,21.03,17.24,18.18,21.03,33.56,27.18,23.53,21.59,17.33,18.42,20.09,21.59,22.85,25.81,23.56,28.85,30.99,130.77
2020-06-05,19.513,21.0359,26.99,22.65,19.33,18.95,18.31,19.33,31.79,25.17,21.75,20.03,17.03,17.49,18.89,20.03,21.04,24.52,22.63,27.42,29.68,129.87
2020-06-08,20.7379,21.6011,29.34,24.68,21.29,20.73,20.28,21.29,33.1,26.35,22.65,21.07,17.93,18.4,19.83,21.07,21.6,25.81,25.18,28.08,30.04,129.11
2020-06-09,22.9232,23.1917,31.96,27.45,23.35,21.48,21.6,23.35,35.6,28.47,24.74,22.93,18.86,19.77,21.47,22.93,23.19,27.57,26.92,29.67,31.24,124.93
2020-06-10,23.0098,23.2781,31.93,27.6,23.8,21.95,21.93,23.8,35.81,28.79,24.71,22.86,18.57,19.43,21.18,22.86,23.28,27.57,27.1,29.57,31.23,127.74
2020-06-11,34.0521,32.1974,52.61,43.54,37.73,30.98,32.9,37.73,50.98,41.49,35.86,33.34,24.15,27.27,30.65,33.34,32.2,40.79,42.06,40.43,39.68,131.29
2020-06-12,29.838,29.5624,42.76,38.58,33.0,27.84,29.74,33.0,45.68,37.68,32.42,29.75,22.34,24.52,27.37,29.75,29.56,36.09,36.52,38.05,37.79,133.54
2020-06-15,28.4144,28.3601,42.79,38.08,34.49,31.02,32.36,34.49,43.29,35.48,30.94,28.58,22.61,24.03,26.52,28.58,28.36,34.4,35.98,36.43,36.66,137.33
2020-06-16,28.0349,27.4309,42.49,39.66,34.97,32.71,33.46,34.97,42.25,34.66,29.99,28.02,22.34,23.71,26.12,28.02,27.43,33.67,35.38,35.8,36.26,133.85
2020-06-17,28.2072,27.5508,34.8,33.06,29.56,28.0,27.2,29.56,42.04,34.38,29.67,27.97,21.88,23.48,26.0,27.97,27.55,33.47,33.98,35.72,36.59,135.49
2020-06-18,27.3585,27.567,36.6,31.55,27.26,27.91,26.33,27.26,40.95,33.99,29.35,27.25,21.48,22.77,25.23,27.25,27.57,32.94,32.05,35.14,36.11,134.9
2020-06-19,28.6505,28.5646,22.29,20.86,21.33,23.64,24.75,21.33,42.78,35.68,30.98,28.19,21.55,23.86,26.99,28.19,28.56,35.12,33.92,36.68,37.74,125.38
2020-06-22,25.9797,26.6588,39.37,32.45,25.99,20.09,21.79,25.99,41.54,33.58,28.7,26.26,20.12,21.55,24.1,26.26,26.66,31.77,31.23,33.75,35.0,135.54
2020-06-23,25.6692,26.3954,38.88,32.03,25.57,19.8,21.2,25.57,41.18,33.33,28.52,25.83,19.75,21.24,23.6,25.83,26.4,31.37,30.29,33.06,34.17,135.2
2020-06-24,29.1181,28.6781,40.93,35.25,29.29,21.43,23.91,29.29,43.38,35.9,30.92,28.24,20.95,22.88,25.94,28.24,28.68,33.84,33.25,35.39,35.57,134.05
2020-06-25,26.4503,27.1074,38.66,32.46,26.67,20.5,22.27,26.67,40.96,33.73,29.05,26.77,20.3,21.72,24.52,26.77,27.11,32.22,30.92,34.09,34.84,131.92
2020-06-26,28.7167,28.9659,41.5,35.3,29.98,21.62,24.37,29.98,43.25,36.01,31.34,28.98,21.14,23.27,26.58,28.98,28.97,34.73,33.31,35.8,36.23,137.47
2020-06-29,25.9504,27.0043,37.92,31.98,26.14,20.3,21.9,26.14,40.18,33.31,28.86,26.35,19.71,21.35,24.12,26.35,27.0,31.78,30.42,33.91,34.48,135.75
2020-06-30,24.3482,25.3868,36.02,29.94,24.03,19.94,20.76,24.03,38.04,31.47,27.23,24.8,19.25,20.4,22.73,24.8,25.39,30.43,29.14,32.52,33.13,148.27
2020-07-01,23.1477,24.6421,32.86,27.66,22.4,18.75,19.43,22.4,36.54,30.23,25.93,23.67,18.93,19.69,21.93,23.67,24.64,28.62,25.2,31.68,32.56,142.44
2020-07-02,22.2135,24.1115,31.34,25.23,21.05,17.21,17.92,21.05,35.85,29.2,24.94,22.88,18.21,18.99,21.03,22.88,24.11,27.68,22.64,30.87,31.82,146.34
2020-07-06,22.4182,23.8445,31.99,25.74,21.35,19.11,19.02,21.35,36.06,29.13,24.81,22.77,18.79,19.38,21.05,22.77,23.84,27.94,25.23,30.98,31.66,140.98
2020-07-07,24.2002,25.0149,34.12,28.08,22.82,19.48,19.96,22.82,37.67,30.69,26.32,24.08,18.85,19.97,22.14,24.08,25.01,29.43,26.84,32.07,32.49,138.34
2020-07-08,22.9672,24.27,29.96,24.71,20.41,17.62,18.56,20.41,36.07,29.37,25.13,23.13,18.15,19.26,21.35,23.13,24.27,28.08,23.67,31.19,31.83,144.46
2020-07-09,24.3056,25.1876,31.05,26.41,21.84,18.26,19.27,21.84,37.22,30.6,26.34,24.16,18.3,19.69,22.08,24.16,25.19,29.26,25.55,32.06,32.37,138.84
2020-07-10,22.1925,24.1046,25.41,22.13,19.21,17.04,17.43,19.21,35.49,28.89,24.7,22.61,17.87,18.86,20.88,22.61,24.1,27.29,22.59,31.02,31.72,135.68
2020-07-13,26.4624,27.0068,37.05,31.4,27.38,24.08,25.61,27.38,40.74,33.24,28.59,26.15,19.96,21.52,24.03,26.15,27.01,32.19,30.31,34.54,35.02,128.52
2020-07-14,23.9278,25.013,32.82,29.9,24.88,23.53,23.98,24.88,37.25,30.19,25.91,23.77,18.61,19.84,22.09,23.77,25.01,29.52,27.78,32.56,33.28,131.1
2020-07-15,22.7924,24.359,29.69,26.4,22.13,21.13,20.52,22.13,35.27,28.81,24.61,22.74,18.61,19.23,20.98,22.74,24.36,27.76,25.22,31.56,32.74,146.53
2020-07-16,22.7651,24.3584,31.62,28.24,24.89,22.16,22.09,24.89,35.13,28.67,24.59,22.66,18.28,19.11,20.95,22.66,24.36,28.0,25.85,31.55,32.75,142.44
2020-07-17,20.6331,23.2905,13.68,13.06,13.9,13.42,13.78,13.9,32.06,26.09,22.47,21.03,17.58,17.95,19.52,21.03,23.29,25.68,22.16,30.37,31.73,140.81
2020-07-20,19.6283,21.9996,30.89,24.76,19.71,16.8,17.15,19.71,33.59,26.71,22.58,20.68,17.19,17.51,19.1,20.68,22.0,24.46,22.52,29.1,30.43,145.9
2020-07-21,20.2919,22.2284,31.54,25.43,20.29,16.77,17.41,20.29,34.12,27.12,22.89,20.82,16.89,17.53,19.22,20.82,22.23,24.84,23.33,29.47,30.7,134.84
2020-07-22,19.2605,21.8119,30.72,24.52,19.19,15.91,16.47,19.19,33.48,26.39,22.25,20.21,16.37,16.98,18.71,20.21,21.81,24.32,21.65,29.05,30.43,140.39
2020-07-23,21.0237,22.8674,32.77,26.39,20.85,16.17,17.41,20.85,35.21,28.02,23.75,21.54,16.5,17.71,19.7,21.54,22.87,26.08,24.1,30.25,31.94,140.74
2020-07-24,20.6274,23.2548,31.55,25.83,20.88,16.22,17.48,20.88,34.69,28.07,23.82,21.78,16.69,17.91,20.06,21.78,23.25,25.84,22.7,30.56,31.65,139.4
2020-07-27,19.8615,22.5872,30.5,24.72,19.42,15.5,16.4,19.42,33.74,26.88,22.73,20.78,16.17,17.22,19.06,20.78,22.59,24.74,22.38,30.0,31.33,139.61
2020-07-28,20.7336,23.1052,31.0,25.37,20.37,15.69,16.85,20.37,33.83,27.4,23.42,21.13,16.19,17.4,19.44,21.13,23.11,25.44,23.54,30.1,31.47,139.64
2020-07-29,19.1019,22.2215,28.81,23.51,18.64,15.29,16.09,18.64,32.53,26.03,22.04,20.16,15.89,16.82,18.65,20.16,22.22,24.1,21.93,29.29,30.97,140.86
2020-07-30,19.7973,22.8573,29.21,24.2,19.34,15.71,16.64,19.34,32.92,26.77,22.77,20.81,16.2,17.37,19.29,20.81,22.86,24.76,22.79,29.76,31.39,138.99
2020-07-31,19.2966,22.8326,28.6,23.32,18.81,14.79,15.98,18.81,32.65,26.52,22.54,20.51,15.78,17.05,18.96,20.51,22.83,24.46,20.61,29.71,31.21,141.56
2020-08-03,19.4065,22.6854,27.97,22.95,18.52,15.1,15.98,18.52,32.34,25.87,22.0,20.18,15.71,16.76,18.53,20.18,22.69,24.28,20.95,29.66,31.18,141.77
2020-08-04,19.0169,22.2247,26.86,21.98,18.13,14.81,15.64,18.13,31.56,25.26,21.37,19.59,15.5,16.49,18.18,19.59,22.22,23.76,20.44,29.09,30.72,141.64
2020-08-05,18.0578,21.7442,25.82,20.47,16.62,14.15,14.66,16.62,30.72,24.29,20.52,18.77,15.25,15.96,17.36,18.77,21.74,22.99,19.02,28.6,30.32,139.59
2020-08-06,17.5532,21.4451,25.61,19.55,15.97,14.18,14.41,15.97,30.61,23.65,19.89,18.16,15.2,15.6,16.9,18.16,21.45,22.65,19.4,28.2,30.11,141.75
2020-08-07,16.9332,21.5512,24.52,19.17,15.53,13.76,14.1,15.53,30.39,23.53,19.9,18.1,14.92,15.5,16.85,18.1,21.55,22.21,18.08,28.28,30.22,139.75
2020-08-10,17.2112,21.6893,24.33,19.09,15.64,13.78,14.1,15.64,30.14,23.24,19.51,17.96,14.78,15.3,16.73,17.96,21.69,22.13,18.88,28.05,29.91,137.5
2020-08-11,18.9757,23.4197,28.39,22.43,18.06,15.13,15.88,18.06,32.45,25.29,21.22,19.48,15.22,16.27,18.04,19.48,23.42,24.03,21.89,29.17,30.79,136.39
2020-08-12,17.3465,22.1963,23.89,18.53,15.44,14.03,14.08,15.44,30.38,23.27,19.42,17.78,14.76,15.34,16.66,17.78,22.2,22.28,18.9,28.12,29.85,137.01
2020-08-13,17.4762,22.2106,22.43,17.97,14.52,12.96,13.29,14.52,30.2,23.08,19.38,17.91,14.73,15.33,16.7,17.91,22.21,22.13,18.54,28.17,30.05,136.11
2020-08-14,16.9559,22.3917,19.91,16.48,13.85,12.12,12.58,13.85,30.0,23.08,19.36,17.84,14.17,15.15,16.5,17.84,22.39,22.05,17.87,28.37,30.45,136.82
2020-08-17,16.6743,21.658,18.56,15.47,13.06,12.75,12.86,13.06,28.68,22.06,18.39,16.87,14.06,14.57,15.88,16.87,21.66,21.35,17.6,27.45,29.5,137.45
2020-08-18,16.8622,21.4091,18.69,15.44,13.23,12.98,12.53,13.23,28.63,21.92,18.41,16.89,14.08,14.52,15.8,16.89,21.41,21.51,17.82,27.35,29.63,138.08
2020-08-19,17.3262,21.7977,22.63,16.39,13.58,13.54,12.68,13.58,29.71,22.62,18.84,17.28,13.98,14.69,16.09,17.28,21.8,22.54,19.23,28.11,30.3,138.2
2020-08-20,17.1296,21.7243,20.5,15.84,13.02,11.89,12.15,13.02,29.65,22.48,18.71,16.95,13.76,14.43,15.81,16.95,21.72,22.72,18.85,28.13,29.34,144.05
2020-08-21,16.4476,21.442,9.04,8.42,8.03,7.52,7.7,8.03,29.19,21.75,17.96,16.56,13.42,14.05,15.44,16.56,21.44,22.54,18.01,28.17,29.51,146.73
2020-08-24,16.5335,21.377,28.3,21.01,16.11,13.28,13.82,16.11,32.13,24.04,19.9,18.07,14.72,15.18,16.66,18.07,21.38,22.37,18.81,28.1,29.5,147.23
2020-08-25,16.4729,21.3547,27.49,20.55,16.04,13.48,13.89,16.04,31.46,23.65,19.66,17.86,14.71,15.15,16.5,17.86,21.35,22.03,18.09,27.91,29.36,146.53
2020-08-26,17.4921,21.8314,28.77,21.71,17.16,14.62,14.94,17.16,32.23,24.31,20.31,18.52,15.29,15.76,17.22,18.52,21.83,23.27,19.96,28.7,29.87,142.09
2020-08-27,18.2535,22.2992,29.43,22.19,17.74,15.62,15.52,17.74,33.4,25.17,20.98,19.04,15.97,16.25,17.72,19.04,22.3,24.47,20.19,29.93,30.63,145.07
2020-08-28,16.8818,21.9893,26.43,20.12,16.35,15.21,15.14,16.35,31.84,23.67,19.83,18.18,15.89,15.92,17.0,18.18,21.99,22.96,17.13,29.62,30.49,145.73
2020-08-31,19.3012,23.8808,31.68,23.57,18.61,16.4,16.68,18.61,35.59,26.36,21.93,20.07,17.07,17.44,18.69,20.07,23.88,26.41,21.1,31.85,32.2,144.67
2020-09-01,19.4045,24.0165,29.98,22.77,18.05,15.83,16.26,18.05,35.52,26.25,21.74,20.06,17.11,17.62,18.8,20.06,24.02,26.12,19.65,32.1,32.42,142.28
2020-09-02,20.0445,24.8911,29.21,22.36,18.74,18.25,17.63,18.74,34.78,25.81,21.92,20.43,19.11,18.76,19.43,20.43,24.89,26.57,20.71,32.67,33.24,141.1
2020-09-03,24.9915,27.7386,40.16,30.85,24.5,19.94,20.92,24.5,42.2,32.16,26.89,24.44,19.86,20.7,22.76,24.44,27.74,33.6,30.45,37.63,35.54,144.66
2020-09-04,23.7931,26.9078,39.68,30.85,24.9,19.49,21.49,24.9,39.3,30.37,25.74,23.68,18.91,19.9,21.84,23.68,26.91,30.75,29.41,34.75,33.94,133.28
2020-09-08,25.5286,27.2017,40.63,33.52,28.73,23.84,25.56,28.73,39.21,31.25,27.0,24.82,19.7,20.95,23.14,24.82,27.2,31.46,32.91,34.31,33.44,132.51
2020-09-09,23.2997,25.5439,35.57,29.87,25.7,21.77,22.83,25.7,35.81,28.84,25.1,22.69,19.16,19.64,21.15,22.69,25.54,28.81,29.09,32.12,31.99,133.2
2020-09-10,24.6218,26.6326,37.15,31.77,27.35,22.92,24.77,27.35,36.4,29.75,25.95,23.96,19.86,20.85,22.45,23.96,26.63,29.71,30.43,32.92,32.67,130.16
2020-09-11,22.6854,25.4532,30.61,27.67,24.89,20.92,22.83,24.89,33.42,27.71,24.42,22.96,18.56,19.53,21.32,22.96,25.45,26.87,26.33,31.13,31.66,125.42
2020-09-14,21.4769,24.9266,29.47,26.53,25.7,20.71,22.08,25.7,31.53,26.11,23.01,21.6,18.23,18.85,20.41,21.6,24.93,25.85,25.06,30.48,31.3,130.95
2020-09-15,21.0926,24.6601,28.53,26.28,23.58,20.59,23.04,23.58,31.84,26.01,22.46,21.28,17.92,18.49,20.01,21.28,24.66,25.59,24.22,30.27,31.29,132.95
2020-09-16,21.2746,24.8398,29.64,25.47,24.32,21.33,21.63,24.32,32.56,26.43,22.81,21.16,17.54,18.23,19.97,21.16,24.84,26.04,23.77,30.57,31.62,136.06
2020-09-17,21.5116,25.2134,34.42,28.93,25.51,27.64,27.05,25.51,32.2,26.42,23.13,21.83,17.61,18.76,20.41,21.83,25.21,26.46,24.95,30.75,31.82,139.41
2020-09-18,21.461,25.3951,16.18,15.55,14.88,14.72,15.15,14.88,30.76,25.71,22.96,21.67,17.88,18.82,20.37,21.67,25.4,25.83,24.02,30.46,31.69,132.09
2020-09-21,23.4933,26.7759,33.01,28.08,23.94,19.08,20.23,23.94,36.07,31.38,28.21,26.46,20.63,22.13,24.54,26.46,26.78,27.78,28.11,31.64,32.46,130.64
2020-09-22,22.9046,26.797,31.73,27.29,22.7,18.29,19.41,22.7,35.89,31.36,28.14,26.19,20.38,21.83,24.3,26.19,26.8,26.86,25.95,31.67,32.54,130.08
2020-09-23,24.9171,28.3043,34.1,28.98,24.75,19.05,20.98,24.75,37.92,33.12,29.88,27.8,21.12,23.03,25.9,27.8,28.3,28.58,27.97,33.28,33.49,129.84
2020-09-24,24.5775,28.0318,33.49,28.65,24.31,19.27,20.87,24.31,36.95,32.57,29.38,27.44,20.97,22.82,25.34,27.44,28.03,28.51,27.65,33.06,33.39,129.17
2020-09-25,22.1382,26.8804,30.71,26.28,21.95,17.61,18.84,21.95,35.51,31.14,28.11,26.1,20.39,21.84,24.21,26.1,26.88,26.38,24.57,32.03,32.62,129.26
2020-09-28,22.3918,26.69,29.99,25.88,22.32,18.95,19.59,22.32,35.22,31.11,27.92,26.0,20.72,22.07,24.21,26.0,26.69,26.19,25.21,31.74,32.21,126.69
2020-09-29,23.0045,26.4655,30.86,26.57,23.05,19.3,20.27,23.05,35.12,31.04,27.74,25.85,20.42,21.78,24.02,25.85,26.47,26.27,25.99,31.09,31.84,123.93
2020-09-30,22.5562,26.3509,30.6,26.52,22.27,20.36,21.01,22.27,35.92,31.56,28.11,26.12,20.77,22.04,24.24,26.12,26.35,26.37,25.77,31.64,32.18,120.94
2020-10-01,22.9831,26.6019,30.32,26.78,22.97,20.62,20.81,22.97,36.14,31.6,28.08,26.09,20.95,22.16,24.26,26.09,26.6,26.7,24.8,31.72,32.59,117.78
2020-10-02,23.5252,27.3293,29.75,26.71,23.13,19.43,20.42,23.13,36.95,32.55,29.08,27.0,21.03,22.69,25.15,27.0,27.33,27.63,24.64,32.39,33.1,119.12
2020-10-05,25.4639,26.0993,27.85,25.12,21.25,19.3,20.06,21.25,35.82,31.45,27.92,25.68,20.28,21.69,23.9,25.68,26.1,27.96,23.51,31.28,32.2,119.53
2020-10-06,26.9808,26.597,30.78,27.08,22.59,18.93,20.08,22.59,36.75,32.05,28.48,26.22,20.26,21.9,24.3,26.22,26.6,29.48,25.08,31.88,32.67,120.05
2020-10-07,24.9984,25.2263,26.36,22.89,19.39,18.37,18.97,19.39,34.9,30.3,26.63,24.88,19.53,20.89,23.02,24.88,25.23,28.06,21.74,30.7,31.6,120.6
2020-10-08,23.3441,24.1192,23.73,19.99,17.06,16.46,16.28,17.06,33.16,28.56,24.95,23.33,18.17,19.6,21.55,23.33,24.12,26.36,19.94,29.49,30.83,121.81
2020-10-09,21.4033,22.6125,20.38,18.02,17.2,15.12,15.79,17.2,32.18,26.96,23.25,21.39,17.32,18.22,19.91,21.39,22.61,25.0,18.85,28.28,29.59,121.93
2020-10-12,21.1481,22.0182,22.84,19.83,17.79,17.59,17.33,17.79,32.64,26.6,22.78,21.01,17.07,17.96,19.55,21.01,22.02,25.07,20.3,27.98,29.28,123.94
2020-10-13,22.4002,22.5508,23.92,22.54,19.47,17.15,18.71,19.47,33.07,27.59,24.02,22.03,17.36,18.56,20.47,22.03,22.55,26.07,21.39,28.35,29.45,122.54
2020-10-14,22.8185,22.7674,23.49,20.75,18.87,18.72,17.56,18.87,33.21,27.95,24.39,22.46,17.27,18.84,20.78,22.46,22.77,26.4,21.3,28.24,29.29,122.6
2020-10-15,23.1811,22.9242,23.03,20.64,19.58,18.73,18.86,19.58,33.93,28.67,25.01,22.83,17.84,19.23,21.29,22.83,22.92,26.97,21.38,28.72,28.82,123.47
2020-10-16,23.3799,23.3552,14.36,13.83,14.32,13.65,14.02,14.32,34.16,29.25,25.48,23.41,18.2,19.65,21.73,23.41,23.36,27.41,21.64,29.21,29.25,123.7
2020-10-19,25.4354,24.7015,35.9,30.87,25.51,19.26,21.06,25.51,37.31,31.33,27.18,25.03,19.45,20.83,23.11,25.03,24.7,29.18,24.65,30.4,30.18,124.75
2020-10-20,25.5951,24.4979,36.22,31.33,25.41,19.69,21.32,25.41,37.36,31.28,27.02,24.75,19.36,20.65,22.86,24.75,24.5,29.35,24.57,30.11,30.12,125.31
2020-10-21,25.1331,24.199,35.26,30.61,25.22,19.07,21.04,25.22,36.39,30.57,26.58,24.51,18.99,20.46,22.68,24.51,24.2,28.65,23.2,29.61,29.61,124.38
2020-10-22,24.4492,23.8432,35.16,30.11,24.69,18.56,20.45,24.69,36.15,30.2,26.16,24.08,18.57,20.08,22.21,24.08,23.84,28.11,24.06,29.3,29.37,124.94
2020-10-23,23.7249,23.5315,34.43,29.41,24.01,18.03,19.98,24.01,35.68,29.9,25.97,23.71,18.21,19.79,21.9,23.71,23.53,27.55,24.29,28.99,29.14,126.7
2020-10-26,28.1647,26.0322,40.62,35.08,29.19,21.82,24.27,29.19,40.28,33.92,29.68,27.15,20.53,22.42,25.05,27.15,26.03,32.46,35.91,32.07,31.23,126.05
2020-10-27,28.7234,26.3748,42.2,36.04,29.97,22.14,25.0,29.97,41.27,34.58,30.15,27.78,20.75,22.77,25.6,27.78,26.37,33.35,37.29,32.72,31.66,127.58
2020-10-28,35.0791,30.8842,51.04,43.44,36.64,26.73,30.72,36.64,48.34,40.69,36.09,33.43,23.45,27.0,30.72,33.43,30.88,40.28,47.9,37.75,35.23,129.3
2020-10-29,32.3006,29.1658,47.36,40.72,34.42,24.94,28.4,34.42,45.11,38.22,33.67,31.08,22.19,25.33,28.73,31.08,29.17,37.59,44.34,35.84,34.03,128.05
2020-10-30,32.5869,29.6145,48.81,41.91,35.12,25.28,28.82,35.12,46.02,38.62,34.21,31.68,22.33,25.33,28.9,31.68,29.61,38.02,44.33,36.27,34.3,129.01
2020-11-02,31.3598,28.0789,47.53,40.88,34.36,25.62,28.3,34.36,44.51,37.24,32.69,30.14,22.06,24.35,27.79,30.14,28.08,37.13,43.86,35.06,33.44,133.86
2020-11-03,29.7454,26.5929,45.57,39.43,32.75,26.47,28.47,32.75,42.69,35.69,31.28,28.64,21.89,23.76,26.57,28.64,26.59,35.55,43.2,33.52,32.18,136.44
2020-11-04,24.654,23.5617,37.87,31.95,26.3,20.42,22.38,26.3,37.55,30.74,26.7,24.54,19.03,20.47,22.65,24.54,23.56,29.57,32.46,29.98,29.93,133.32
2020-11-05,22.9121,22.9535,35.52,28.76,23.47,19.16,20.51,23.47,36.37,29.21,25.11,23.09,18.85,19.91,21.44,23.09,22.95,27.58,28.09,29.05,29.36,127.65
2020-11-06,20.6478,22.0189,30.4,25.89,21.2,17.44,19.03,21.2,32.91,26.89,23.31,21.45,17.33,18.39,19.91,21.45,22.02,24.86,23.96,27.37,27.91,124.56
2020-11-09,20.922,21.3226,32.37,26.29,22.46,19.81,20.41,22.46,33.27,26.71,22.92,21.46,18.12,18.7,20.14,21.46,21.32,25.75,26.71,26.88,27.13,127.41
2020-11-10,20.4046,20.8767,29.77,24.62,21.65,18.67,19.45,21.65,32.13,25.9,22.26,20.59,17.6,18.06,19.32,20.59,20.88,24.8,24.43,26.49,27.05,126.3
2020-11-11,18.9325,20.0557,26.41,21.92,18.77,16.58,17.03,18.77,30.65,24.43,20.78,19.38,16.69,17.15,18.24,19.38,20.06,23.45,21.59,25.62,26.54,129.47
2020-11-12,20.3422,21.0325,29.88,24.09,20.14,16.27,17.12,20.14,32.94,26.28,22.4,20.41,16.84,17.48,18.97,20.41,21.03,25.35,23.88,27.22,27.64,131.42
2020-11-13,18.4388,20.1044,25.0,20.96,18.38,16.2,16.45,18.38,30.05,24.02,20.5,19.07,16.38,16.68,17.93,19.07,20.1,23.1,21.01,25.69,26.82,129.33
2020-11-16,17.8668,19.7172,23.41,19.66,17.21,15.92,15.75,17.21,29.13,23.08,19.52,18.3,15.95,16.48,17.37,18.3,19.72,22.45,19.33,25.35,26.61,129.56
2020-11-17,18.4681,20.0224,23.51,20.16,18.06,16.47,16.08,18.06,29.73,23.58,19.98,18.52,15.98,16.49,17.67,18.52,20.02,22.71,18.81,25.38,26.73,128.91
2020-11-18,19.3368,20.7652,24.43,22.95,18.63,17.99,19.2,18.63,30.33,24.28,20.77,19.41,16.28,17.06,18.15,19.41,20.77,23.84,19.59,26.39,27.61,133.59
2020-11-19,18.5511,20.1913,23.56,20.33,18.09,17.46,17.24,18.09,29.64,23.32,19.99,18.57,15.68,16.3,17.56,18.57,20.19,23.11,19.26,25.8,26.82,133.55
2020-11-20,19.2534,20.6032,13.61,13.09,13.12,12.56,12.96,13.12,29.96,24.15,20.81,19.34,16.4,16.87,18.14,19.34,20.6,23.7,19.86,26.06,27.07,133.54
2020-11-23,18.084,19.9016,29.21,23.05,18.28,15.36,15.87,18.28,31.06,24.67,20.86,19.07,15.84,16.5,17.89,19.07,19.9,22.66,19.58,25.43,26.65,134.26
2020-11-24,17.2738,19.2708,27.32,21.38,17.34,15.47,15.85,17.34,29.69,23.33,19.89,18.34,15.85,16.2,17.27,18.34,19.27,21.64,18.4,24.84,26.3,134.19
2020-11-25,16.8341,18.9505,26.85,20.94,16.9,15.41,15.42,16.9,28.9,22.89,19.51,17.91,15.42,15.76,16.84,17.91,18.95,21.25,17.14,24.42,26.0,133.9
2020-11-27,16.3486,19.0968,26.51,21.24,17.13,15.28,15.53,17.13,28.57,22.9,19.69,18.09,15.38,15.86,17.01,18.09,19.1,20.84,18.25,24.43,26.05,132.43
2020-11-30,16.6194,19.1215,26.58,21.43,17.43,15.14,15.42,17.43,28.28,22.81,19.64,18.14,15.06,15.77,16.97,18.14,19.12,20.57,19.87,24.33,25.97,133.95
2020-12-01,17.3332,19.3256,26.63,21.07,17.67,15.75,16.31,17.67,28.51,22.92,19.78,18.6,15.6,16.29,17.5,18.6,19.33,20.77,19.87,24.49,26.09,132.6
2020-12-02,17.3422,19.3474,26.62,20.72,17.26,15.6,15.8,17.26,28.91,23.0,19.75,18.48,15.54,16.17,17.4,18.48,19.35,21.17,19.29,24.54,26.17,134.61
2020-12-03,17.3489,19.2431,26.2,20.37,16.89,15.56,15.69,16.89,29.01,22.98,19.64,18.28,15.37,15.95,17.14,18.28,19.24,21.28,19.35,24.56,26.25,132.46
2020-12-04,15.8816,18.9412,23.91,19.28,15.86,14.59,14.53,15.86,27.79,22.21,19.17,17.6,14.88,15.5,16.62,17.6,18.94,20.79,17.96,24.29,26.08,133.08
2020-12-07,17.3511,19.2261,23.7,19.08,15.56,13.71,14.11,15.56,27.97,22.61,19.34,17.83,14.54,15.39,16.77,17.83,19.23,21.3,18.74,24.52,26.32,132.44
2020-12-08,16.9101,18.6514,22.06,17.43,14.99,13.6,13.66,14.99,26.68,21.36,18.29,17.19,14.14,14.8,15.99,17.19,18.65,20.68,18.17,23.87,25.89,134.9
2020-12-09,18.1856,19.4885,24.83,19.9,16.87,13.91,14.67,16.87,28.03,23.01,19.95,18.18,14.5,15.54,16.95,18.18,19.49,22.27,19.99,24.73,26.55,135.75
2020-12-10,18.4125,19.7009,23.47,19.43,15.73,13.83,14.12,15.73,28.11,23.02,19.94,18.42,14.44,15.6,17.14,18.42,19.7,22.52,19.67,25.05,26.92,135.71
2020-12-11,18.559,20.2115,25.03,20.57,16.25,12.96,14.07,16.25,29.57,23.82,20.59,18.93,14.49,15.76,17.51,18.93,20.21,23.31,20.45,26.05,27.68,139.92
2020-12-14,19.9634,20.9026,30.12,24.11,20.38,18.36,18.17,20.38,31.3,24.89,21.39,19.93,15.09,16.54,18.34,19.93,20.9,24.72,23.67,27.11,28.73,139.29
2020-12-15,18.2211,19.7799,27.93,21.19,16.89,16.67,16.4,16.89,29.56,23.34,19.71,18.03,14.22,15.12,16.64,18.03,19.78,22.89,20.19,25.87,27.49,138.95
2020-12-16,17.5103,19.3292,25.52,20.92,17.84,18.0,16.63,17.84,28.55,22.45,18.95,17.69,14.28,14.88,16.35,17.69,19.33,22.5,18.8,25.47,27.21,144.79
2020-12-17,16.9288,18.9808,25.8,19.76,17.03,19.45,16.92,17.03,27.57,21.5,18.19,16.8,14.11,14.45,15.66,16.8,18.98,21.93,18.62,25.15,27.05,147.07
2020-12-18,16.715,19.3011,11.12,10.35,10.94,11.4,11.86,10.94,26.89,21.34,18.09,17.39,13.68,14.47,15.96,17.39,19.3,21.57,16.7,25.17,27.22,147.02
2020-12-21,19.5053,20.8422,31.92,25.37,19.62,15.35,16.3,19.62,33.49,26.19,22.11,20.17,15.64,16.76,18.54,20.17,20.84,25.16,21.56,27.58,28.7,146.53
2020-12-22,19.0635,20.6148,30.52,24.53,18.97,14.67,15.66,18.97,32.25,25.45,21.64,19.72,15.18,16.29,18.19,19.72,20.61,24.23,19.91,27.25,28.63,146.27
2020-12-23,18.3329,19.9481,29.73,23.72,18.21,14.16,15.03,18.21,31.22,24.53,20.81,18.92,14.64,15.64,17.48,18.92,19.95,23.31,19.2,26.26,27.96,147.39
2020-12-24,16.6191,19.0122,27.22,21.16,16.41,13.05,13.81,16.41,29.4,22.98,19.45,18.02,13.85,14.79,16.59,18.02,19.01,21.53,17.12,25.37,27.35,148.27
2020-12-28,16.6665,18.8055,27.15,20.93,16.12,13.61,13.96,16.12,29.26,22.88,19.15,17.46,13.87,14.63,16.1,17.46,18.81,21.7,20.05,25.15,27.16,145.3
2020-12-29,17.9565,19.8128,28.06,21.99,17.26,14.59,14.9,17.26,30.68,24.06,20.35,18.57,14.66,15.55,17.22,18.57,19.81,23.08,21.47,26.24,28.09,142.74
2020-12-30,17.8713,19.4607,27.98,21.69,16.96,14.35,14.96,16.96,29.71,23.48,19.98,18.27,14.7,15.4,16.95,18.27,19.46,22.77,21.31,25.44,27.5,143.03
2020-12-31,17.3381,19.1874,27.37,21.1,16.53,13.79,14.49,16.53,29.47,23.27,19.76,17.97,14.38,15.08,16.61,17.97,19.19,22.75,21.2,25.28,27.29,147.83
2021-01-04,21.2477,21.6653,34.33,27.43,21.95,16.96,18.29,21.95,33.31,26.69,22.93,20.92,15.82,17.23,19.31,20.92,21.67,26.97,27.39,28.26,29.46,143.84
2021-01-05,19.9381,20.7041,31.59,24.94,19.83,15.93,17.08,19.83,32.02,25.25,21.46,19.76,15.07,16.33,18.25,19.76,20.7,25.34,24.29,27.25,28.71,145.5
2021-01-06,19.3596,20.2739,31.32,23.89,18.54,14.53,16.1,18.54,31.2,24.8,21.19,19.19,14.51,15.88,17.65,19.19,20.27,25.07,23.77,26.79,28.29,147.06
2021-01-07,17.2944,18.9783,23.51,18.29,14.57,13.7,13.57,14.57,28.44,22.37,18.94,17.34,14.01,14.84,16.1,17.34,18.98,22.37,19.42,25.02,27.19,145.92
2021-01-08,16.6185,18.7093,21.86,17.56,14.74,13.03,13.58,14.74,28.06,21.91,18.72,17.0,13.76,14.54,15.89,17.0,18.71,21.56,18.34,24.9,27.08,139.25
2021-01-11,19.1922,20.3475,27.6,22.53,18.54,16.39,17.09,18.54,31.06,24.63,20.87,18.93,14.69,15.93,17.49,18.93,20.35,24.08,21.69,26.7,28.5,134.7
2021-01-12,18.4746,19.7502,23.43,19.0,16.37,15.11,14.82,16.37,29.94,23.49,20.01,18.21,14.21,15.23,16.98,18.21,19.75,23.33,20.65,26.2,28.09,139.99
2021-01-13,17.2927,19.2237,21.24,16.25,13.22,12.58,12.86,13.22,28.58,22.42,18.77,17.09,13.61,14.46,15.76,17.09,19.22,22.21,18.91,25.55,27.71,139.93
2021-01-14,18.148,19.7415,23.74,18.93,17.48,15.96,16.21,17.48,29.97,23.27,19.65,17.78,13.96,14.87,16.42,17.78,19.74,23.25,21.17,26.32,27.4,138.06
2021-01-15,18.9239,20.6357,13.31,12.38,12.44,12.37,13.09,12.44,31.29,24.76,20.95,19.08,14.22,15.59,17.68,19.08,20.64,24.34,21.69,27.26,28.1,136.7
2021-01-19,17.9695,20.0412,30.12,23.55,17.91,13.99,14.84,17.91,32.26,25.31,21.22,19.29,14.61,15.71,17.57,19.29,20.04,23.24,21.88,26.69,27.83,141.32
2021-01-20,16.6723,19.1158,27.85,21.54,16.56,13.45,14.2,16.56,30.58,23.74,20.02,18.09,14.19,15.2,16.71,18.09,19.12,21.58,18.85,25.72,27.17,146.66
2021-01-21,16.5624,19.2002,27.48,21.37,16.29,13.1,13.98,16.29,30.24,23.57,19.76,18.1,14.05,15.11,16.64,18.1,19.2,21.32,18.23,25.7,27.23,144.2
2021-01-22,16.5155,19.5029,27.86,21.49,16.52,13.05,13.88,16.52,30.72,24.08,20.18,18.22,14.15,15.16,16.82,18.22,19.5,21.91,18.42,25.99,27.52,145.55
2021-01-25,17.8232,20.1902,29.12,22.44,17.15,13.74,14.56,17.15,31.69,24.81,20.71,18.96,14.93,15.89,17.44,18.96,20.19,23.19,20.66,26.88,28.27,145.56
2021-01-26,17.921,20.3233,28.49,22.3,17.1,13.63,14.61,17.1,31.23,24.8,20.78,18.98,14.81,15.85,17.49,18.98,20.32,23.02,20.46,26.89,28.38,143.31
2021-01-27,29.338,27.76,46.69,37.78,29.06,19.82,22.86,29.06,45.65,36.64,31.39,28.01,19.45,22.26,25.58,28.01,27.76,37.21,41.64,35.73,34.66,137.93
2021-01-28,22.9105,23.9409,37.71,29.49,22.13,15.62,17.59,22.13,38.84,30.7,25.9,23.18,16.67,18.57,21.03,23.18,23.94,30.21,30.0,31.77,32.01,145.84
2021-01-29,26.0052,26.0605,41.7,33.87,26.12,17.0,19.63,26.12,42.62,34.09,29.05,26.08,18.05,20.25,23.41,26.08,26.06,33.09,32.63,33.88,33.96,134.3
2021-02-01,22.443,24.2943,36.61,29.75,22.51,16.36,18.14,22.51,39.37,31.17,26.34,23.79,17.37,19.02,21.51,23.79,24.29,30.24,28.99,32.53,32.71,141.63
2021-02-02,18.9245,21.8082,30.27,23.9,17.88,14.43,15.22,17.88,34.58,26.87,22.63,20.54,15.79,16.97,18.91,20.54,21.81,25.56,22.44,29.36,30.56,141.15
2021-02-03,17.5302,20.696,26.71,20.75,16.02,13.16,13.74,16.02,31.67,24.82,20.97,19.0,15.04,15.99,17.59,19.0,20.7,22.91,18.97,27.57,29.27,136.59
2021-02-04,16.5748,19.9618,23.81,18.58,14.63,12.64,13.02,14.63,29.83,23.47,19.72,17.92,14.68,15.56,16.72,17.92,19.96,21.77,17.48,26.79,28.61,136.01
2021-02-05,15.9841,19.6717,20.99,16.66,13.16,11.79,12.01,13.16,29.14,22.63,19.06,17.39,13.97,14.92,16.23,17.39,19.67,20.87,15.52,26.52,28.59,135.09
2021-02-08,15.866,19.6559,21.11,16.47,13.6,12.63,12.93,13.6,29.21,22.6,18.9,17.26,13.89,14.91,16.21,17.26,19.66,21.24,16.57,26.65,28.76,136.65
2021-02-09,16.2471,19.853,21.64,16.92,14.18,12.68,12.64,14.18,29.62,22.73,18.94,17.34,13.9,14.88,16.2,17.34,19.85,21.63,17.09,27.11,29.19,140.06
2021-02-10,16.7328,20.296,22.45,17.6,14.94,12.76,13.02,14.94,29.82,23.05,19.32,17.64,13.87,15.03,16.44,17.64,20.3,21.99,17.68,27.49,30.0,139.33
2021-02-11,16.3449,20.0505,20.82,16.8,13.79,11.91,12.72,13.79,28.7,22.24,18.66,17.13,13.46,14.64,15.97,17.13,20.05,21.25,17.09,27.22,29.57,137.6
2021-02-12,15.359,19.3302,15.41,12.53,11.24,10.62,10.66,11.24,27.02,20.87,17.45,16.05,12.85,13.94,15.01,16.05,19.33,19.97,15.05,26.5,29.34,137.66
2021-02-16,16.1661,19.9243,19.95,16.43,14.0,12.8,13.82,14.0,28.46,21.88,18.26,16.58,13.08,14.1,15.4,16.58,19.92,21.46,19.32,27.55,30.18,140.17
2021-02-17,15.9659,19.7381,19.2,14.83,12.51,11.66,12.86,12.51,28.33,21.36,17.87,16.2,12.84,13.79,15.13,16.2,19.74,21.5,18.41,27.52,30.22,144.45
2021-02-18,16.9742,20.111,21.04,17.08,14.74,13.82,14.24,14.74,29.58,22.59,18.66,17.1,13.29,14.53,15.94,17.1,20.11,22.49,19.46,27.86,29.7,142.55
2021-02-19,16.8214,19.9046,9.93,9.38,9.83,9.7,10.06,9.83,29.48,22.53,18.67,16.87,12.73,13.95,15.73,16.87,19.9,22.05,18.33,27.09,29.36,141.53
2021-02-22,18.048,20.5947,30.58,23.83,18.09,13.72,15.05,18.09,32.92,25.29,21.06,19.08,14.87,15.89,17.62,19.08,20.59,23.45,21.22,27.81,29.99,138.82
2021-02-23,17.9278,20.2212,29.89,23.43,17.88,14.01,15.1,17.88,31.79,24.49,20.51,18.7,15.02,15.74,17.33,18.7,20.22,23.11,21.3,27.12,29.4,136.64
2021-02-24,16.2805,19.2316,27.0,20.61,15.97,13.27,14.03,15.97,29.54,22.59,19.05,17.54,14.44,15.04,16.28,17.54,19.23,21.34,18.35,25.89,28.79,138.52
2021-02-25,22.3842,22.552,37.22,29.43,22.77,16.26,18.3,22.77,36.56,28.69,24.12,21.86,16.21,17.76,19.93,21.86,22.55,28.89,31.81,30.24,31.73,142.07
2021-02-26,22.403,22.1481,36.65,29.66,23.11,16.52,18.38,23.11,36.27,28.34,24.09,21.6,16.04,17.38,19.71,21.6,22.15,27.95,29.42,29.6,31.3,136.23
2021-03-01,17.4534,19.6348,30.27,23.25,17.55,14.45,15.06,17.55,31.21,23.73,19.77,18.11,14.68,15.39,16.69,18.11,19.63,23.35,22.7,26.78,28.91,141.33
2021-03-02,18.5608,20.168,31.12,24.51,19.06,14.92,16.02,19.06,31.8,24.51,20.62,18.88,14.88,15.84,17.44,18.88,20.17,24.1,23.17,27.16,29.41,141.68
2021-03-03,21.2454,21.6754,34.37,27.71,22.23,16.8,18.33,22.23,34.37,26.82,22.88,21.01,16.25,17.35,19.27,21.01,21.68,26.67,26.88,28.79,30.52,140.53
2021-03-04,22.9256,22.5313,37.55,30.78,24.53,17.62,19.97,24.53,36.51,28.52,24.36,22.27,16.78,18.16,20.28,22.27,22.53,28.57,29.3,30.08,31.52,137.19
2021-03-05,18.8119,20.6255,31.44,25.65,20.55,15.46,16.78,20.55,32.4,25.17,21.33,19.34,15.43,16.17,17.95,19.34,20.63,24.66,23.83,27.89,29.87,135.9
2021-03-08,20.2061,20.8516,33.32,27.55,22.28,17.43,18.9,22.28,33.11,26.07,22.2,20.11,15.94,16.89,18.57,20.11,20.85,25.47,25.7,28.13,29.52,137.01
2021-03-09,19.1389,20.4078,30.82,25.52,21.12,16.89,18.18,21.12,31.09,24.51,20.83,19.2,15.61,16.35,17.86,19.2,20.41,24.03,24.11,27.28,29.03,134.45
2021-03-10,17.7404,19.7121,26.75,21.92,17.65,15.2,15.69,17.65,29.4,22.78,19.35,18.0,14.8,15.52,16.84,18.0,19.71,22.56,20.98,26.68,28.73,138.57
2021-03-11,17.0338,19.2565,24.94,20.16,16.77,14.55,15.05,16.77,28.59,22.02,18.77,17.37,14.54,15.15,16.18,17.37,19.26,21.91,20.01,26.09,28.2,139.61
2021-03-12,15.7643,18.9924,20.25,16.85,14.77,13.32,13.36,14.77,26.63,20.67,17.63,16.65,14.32,14.8,15.69,16.65,18.99,20.69,17.41,25.74,28.11,140.29
2021-03-15,15.4769,18.2544,21.9,17.87,15.41,14.45,14.51,15.41,25.54,19.56,16.7,15.62,13.73,13.98,14.79,15.62,18.25,20.03,17.74,24.89,27.43,141.26
2021-03-16,15.4724,18.2753,23.36,18.92,16.07,15.22,14.86,16.07,25.49,19.57,16.66,15.42,13.12,13.56,14.48,15.42,18.28,19.79,17.93,24.71,27.25,142.56
2021-03-17,15.0565,17.7257,20.1,16.07,15.27,14.94,14.74,15.27,24.29,18.61,15.77,14.99,13.29,13.39,14.05,14.99,17.73,19.23,16.69,23.88,26.61,143.19
2021-03-18,16.4603,18.8423,28.3,23.14,20.49,20.88,21.36,20.49,26.73,20.72,17.6,16.47,13.63,14.33,15.56,16.47,18.84,21.58,20.33,25.28,27.65,148.11
2021-03-19,16.0551,18.6046,11.3,10.8,10.26,10.38,10.7,10.26,26.54,20.58,17.49,16.04,13.35,13.7,14.83,16.04,18.6,20.95,18.28,24.99,27.32,141.47
2021-03-22,14.4907,16.9929,23.33,18.07,14.15,12.14,12.44,14.15,26.96,20.36,17.19,15.81,13.21,13.57,14.65,15.81,16.99,18.88,16.4,22.94,25.47,146.14
2021-03-23,15.7028,17.4596,25.6,19.92,15.28,12.51,13.05,15.28,28.21,21.48,18.18,16.61,13.21,13.98,15.27,16.61,17.46,20.3,18.37,23.8,25.99,143.44
2021-03-24,16.4302,17.9951,26.35,20.52,15.94,12.83,13.64,15.94,28.89,22.22,18.67,16.98,13.41,14.23,15.64,16.98,18.0,21.2,19.07,24.4,26.54,143.7
2021-03-25,15.4324,17.2108,24.06,18.6,14.79,12.34,12.88,14.79,27.21,20.99,17.74,16.29,12.99,13.64,14.97,16.29,17.21,19.81,17.16,23.37,25.71,140.86
2021-03-26,13.9174,16.1546,22.85,17.29,13.46,11.99,12.18,13.46,25.75,19.76,16.61,15.27,12.76,13.25,14.18,15.27,16.15,18.86,16.32,22.32,24.79,145.46
2021-03-29,15.6895,16.7363,26.05,19.45,15.11,13.4,13.47,15.11,27.57,21.04,17.63,15.96,13.25,13.68,14.87,15.96,16.74,20.74,18.85,23.2,25.44,143.67
2021-03-30,15.2698,16.354,23.67,18.31,14.44,12.29,12.56,14.44,26.29,20.23,17.1,15.6,12.54,13.11,14.36,15.6,16.35,19.61,17.28,22.31,24.63,142.2
2021-03-31,15.2528,16.3569,22.28,17.24,13.83,12.64,12.52,13.83,25.47,19.88,16.9,15.5,12.88,13.27,14.35,15.5,16.36,19.4,15.62,22.15,24.3,140.93
2021-04-01,13.3493,15.1613,18.82,14.63,11.76,11.6,11.32,11.76,23.79,18.18,15.3,14.04,12.25,12.37,13.17,14.04,15.16,17.33,12.97,20.97,23.49,136.29
2021-04-05,13.7951,15.076,19.52,15.16,12.86,12.25,12.23,12.86,23.19,17.85,15.22,14.06,12.7,12.76,13.35,14.06,15.08,17.91,15.65,20.96,23.39,139.63
2021-04-06,13.9468,15.3415,19.43,15.15,12.8,11.91,11.95,12.8,23.84,18.12,15.35,14.25,12.55,12.63,13.39,14.25,15.34,18.12,15.71,21.16,23.46,142.44
2021-04-07,13.2871,15.0074,17.63,13.83,11.77,11.35,11.36,11.77,22.69,17.34,14.7,13.6,12.06,12.17,12.88,13.6,15.01,17.16,14.13,20.66,23.06,140.6
2021-04-08,13.198,15.1188,16.24,12.87,11.2,10.67,10.87,11.2,22.47,17.22,14.62,13.65,12.29,12.31,12.82,13.65,15.12,16.95,13.94,20.59,23.08,139.04
2021-04-09,12.9262,15.1707,13.71,11.57,10.11,11.18,10.63,10.11,22.51,17.18,14.69,13.54,12.11,12.13,12.9,13.54,15.17,16.69,13.19,20.74,23.19,132.88
2021-04-12,13.3297,15.3504,15.07,13.45,11.8,11.57,11.97,11.8,22.46,17.37,14.69,13.68,12.19,12.28,13.05,13.68,15.35,16.91,14.24,20.82,23.17,134.29
2021-04-13,13.2114,15.218,14.96,12.55,11.36,10.93,11.32,11.36,21.76,16.97,14.47,13.48,12.03,12.22,12.79,13.48,15.22,16.65,13.78,20.78,23.12,134.72
2021-04-14,13.5525,15.4616,15.61,12.44,11.84,11.33,11.26,11.84,22.29,17.17,14.64,13.61,11.54,11.98,12.83,13.61,15.46,16.99,14.1,21.06,23.51,137.67
2021-04-15,12.9466,15.0785,16.1,13.36,11.34,11.0,10.87,11.34,21.71,16.56,14.08,13.2,11.21,11.61,12.37,13.2,15.08,16.57,14.22,20.76,23.3,139.29
2021-04-16,12.5434,14.9435,6.65,6.38,6.51,6.4,6.48,6.51,21.38,16.37,14.03,13.04,10.93,11.51,12.22,13.04,14.94,16.25,12.97,20.53,23.16,138.33
2021-04-19,13.8004,15.8236,22.57,17.72,13.96,11.21,12.0,13.96,25.47,19.41,16.33,15.02,12.41,13.01,14.06,15.02,15.82,17.29,15.42,21.37,23.74,137.15
2021-04-20,15.2119,16.6907,24.7,19.54,15.38,11.77,12.85,15.38,26.79,20.86,17.69,16.11,12.82,13.64,14.93,16.11,16.69,18.68,17.33,22.35,24.46,134.87
2021-04-21,13.8869,15.8237,22.53,17.69,13.96,11.34,12.08,13.96,25.32,19.48,16.34,15.0,12.33,12.95,14.04,15.0,15.82,17.5,14.79,21.49,23.8,139.43
2021-04-22,15.2133,16.7937,24.07,19.15,15.2,11.72,12.72,15.2,26.69,20.71,17.6,16.04,12.7,13.55,14.85,16.04,16.79,18.71,16.77,22.52,24.65,138.09
2021-04-23,13.708,16.0314,21.92,17.59,13.7,11.04,11.68,13.7,25.01,19.57,16.43,15.07,12.17,12.89,14.05,15.07,16.03,17.33,14.07,21.57,23.88,140.09
2021-04-26,14.0143,16.0579,21.82,17.49,13.79,11.1,11.81,13.79,24.91,19.29,16.31,15.04,12.16,12.88,13.95,15.04,16.06,17.64,14.81,21.54,23.81,139.09
2021-04-27,13.9963,15.9,21.92,17.38,13.62,10.91,11.58,13.62,24.59,19.14,16.13,14.85,11.9,12.63,13.77,14.85,15.9,17.56,14.55,21.32,23.69,139.13
2021-04-28,13.7554,15.7724,21.38,16.81,13.24,10.46,11.19,13.24,24.2,18.92,15.85,14.61,11.73,12.38,13.51,14.61,15.77,17.28,13.62,21.13,23.61,139.37
2021-04-29,13.7669,15.8156,21.81,16.99,13.28,10.62,11.38,13.28,24.55,18.89,15.95,14.58,11.91,12.5,13.59,14.58,15.82,17.61,13.96,21.31,23.67,139.3
2021-04-30,14.3776,16.4244,22.95,17.79,14.0,11.05,11.76,14.0,25.51,19.8,16.67,15.29,12.11,12.92,14.15,15.29,16.42,18.61,15.53,22.07,24.19,146.32
2021-05-03,14.0632,16.2186,22.87,17.61,13.54,10.76,11.49,13.54,25.19,19.49,16.33,14.94,12.04,12.71,13.87,14.94,16.22,18.31,16.17,21.74,23.94,143.75
2021-05-04,15.5113,17.0798,24.25,19.13,14.93,11.47,12.52,14.93,26.42,20.84,17.54,16.0,12.52,13.4,14.79,16.0,17.08,19.48,17.75,22.67,24.64,139.23
2021-05-05,15.1158,16.7389,24.09,18.86,14.44,11.26,12.24,14.44,25.76,20.13,17.03,15.58,12.34,13.14,14.46,15.58,16.74,19.15,17.57,22.26,24.3,142.12
2021-05-06,14.0272,16.1876,22.66,17.07,12.94,10.45,11.0,12.94,25.23,19.27,16.15,14.72,11.86,12.54,13.67,14.72,16.19,18.39,16.04,21.88,23.88,144.47
2021-05-07,12.4051,15.3981,19.7,14.66,11.34,9.66,9.99,11.34,23.23,17.56,14.68,13.46,11.21,11.74,12.65,13.46,15.4,16.69,14.09,20.79,23.13,145.76
2021-05-10,15.2955,16.7915,25.74,19.49,15.17,11.96,12.79,15.17,26.12,20.26,17.09,15.64,12.25,13.17,14.44,15.64,16.79,19.66,19.68,22.4,24.28,142.72
2021-05-11,17.2338,18.0436,27.61,22.49,17.55,13.55,15.01,17.55,28.11,22.37,18.88,17.18,12.88,14.17,15.87,17.18,18.04,21.84,22.03,24.23,25.64,140.12
2021-05-12,22.0653,21.3595,37.39,30.0,24.74,17.84,20.11,24.74,35.19,27.9,23.85,21.51,15.36,17.21,19.69,21.51,21.36,27.59,29.55,28.18,28.62,142.6
2021-05-13,18.6716,19.0009,28.92,24.15,19.75,14.43,15.94,19.75,30.01,23.88,20.46,18.51,13.58,15.13,16.96,18.51,19.0,23.13,23.21,25.26,26.33,139.26
2021-05-14,14.4203,16.4611,21.89,17.5,13.55,10.71,11.29,13.55,25.01,19.61,16.4,14.98,11.7,12.6,13.88,14.98,16.46,18.81,17.41,22.26,24.23,139.05
2021-05-17,15.4141,16.907,24.37,20.12,16.09,12.62,13.0,16.09,26.19,20.48,17.27,15.59,11.87,12.98,14.33,15.59,16.91,19.72,18.83,23.14,25.09,138.35
2021-05-18,16.976,18.0009,25.08,20.85,18.45,14.3,16.15,18.45,27.92,22.07,18.67,16.98,12.49,13.84,15.49,16.98,18.0,21.34,20.99,24.22,26.07,139.46
2021-05-19,17.5038,18.6116,25.69,21.2,18.77,16.0,16.03,18.77,28.55,22.61,19.32,17.47,12.82,14.21,15.95,17.47,18.61,22.18,21.21,25.27,26.69,143.75
2021-05-20,15.6397,17.3483,18.26,16.03,14.53,15.54,15.11,14.53,26.5,20.56,17.17,15.54,12.07,13.23,14.67,15.54,17.35,20.67,18.56,23.81,25.74,142.96
2021-05-21,15.0833,17.0446,10.5,9.78,9.09,8.32,8.64,9.09,26.51,20.41,16.89,15.16,11.47,12.48,14.03,15.16,17.04,20.15,17.12,23.49,25.54,144.51
2021-05-24,13.778,16.1347,23.7,17.84,13.62,10.85,11.51,13.62,26.6,19.75,16.34,14.77,11.67,12.31,13.53,14.77,16.13,18.4,14.67,22.23,24.4,144.64
2021-05-25,14.3606,16.3056,24.08,18.44,14.05,10.99,11.95,14.05,26.45,19.97,16.55,14.99,11.69,12.56,13.89,14.99,16.31,18.84,15.79,22.4,24.6,144.6
2021-05-26,13.1292,15.4566,21.71,16.54,12.8,10.06,10.96,12.8,24.48,18.4,15.36,13.98,11.0,11.77,12.92,13.98,15.46,17.36,13.84,21.3,23.84,149.82
2021-05-27,12.4757,14.7034,20.9,15.9,12.09,9.62,10.36,12.09,23.48,17.47,14.45,13.1,10.44,11.13,12.14,13.1,14.7,16.74,13.03,20.31,23.09,149.35
2021-05-28,12.069,14.673,20.68,15.34,11.68,9.68,10.28,11.68,23.55,17.3,14.3,13.02,10.36,11.02,12.01,13.02,14.67,16.76,12.73,20.48,23.11,155.31
2021-06-01,13.3158,15.3146,22.14,16.67,13.03,10.82,11.53,13.03,24.4,17.98,14.99,13.73,11.0,11.7,12.8,13.73,15.31,17.9,15.0,21.34,23.79,149.04
2021-06-02,13.0129,15.2601,20.84,15.73,12.22,10.22,10.81,12.22,23.82,17.69,14.65,13.4,10.71,11.35,12.39,13.4,15.26,17.48,13.7,21.42,23.94,148.59
2021-06-03,13.5769,15.696,21.26,16.61,13.06,10.61,11.23,13.06,24.58,18.31,15.37,13.92,10.87,11.64,12.93,13.92,15.7,18.04,15.18,21.82,24.13,145.21
2021-06-04,12.0052,14.7819,18.01,13.8,11.09,9.24,9.64,11.09,22.41,16.7,13.9,12.74,10.17,10.71,11.85,12.74,14.78,16.42,12.7,20.62,23.3,147.76
2021-06-07,11.8622,14.7483,17.66,13.52,11.08,9.51,9.91,11.08,22.11,16.42,13.62,12.48,10.12,10.65,11.63,12.48,14.75,16.42,13.91,20.55,23.22,151.29
2021-06-08,12.3945,14.9808,20.21,15.16,12.06,10.22,10.7,12.06,22.98,16.99,14.01,12.81,10.35,10.88,11.92,12.81,14.98,17.07,15.43,20.85,23.34,150.7
2021-06-09,13.0661,15.2989,22.44,16.41,13.01,11.04,11.37,13.01,23.82,17.6,14.63,13.3,10.69,11.26,12.31,13.3,15.3,17.89,17.09,21.28,23.61,150.71
2021-06-10,11.4455,14.2533,17.25,12.64,9.9,9.34,9.27,9.9,21.56,15.71,12.88,11.85,9.79,10.1,11.04,11.85,14.25,16.1,13.83,20.08,22.59,154.81
2021-06-11,10.7769,13.8708,15.75,11.4,8.81,8.39,8.35,8.81,20.96,15.08,12.44,11.34,9.39,9.68,10.61,11.34,13.87,15.65,13.06,19.64,22.3,159.28
2021-06-14,11.4933,14.2779,18.3,13.95,11.84,11.08,11.14,11.84,21.22,15.58,12.83,11.69,9.6,10.01,11.02,11.69,14.28,16.39,14.92,20.14,22.68,160.64
2021-06-15,11.9882,14.5283,22.21,17.08,13.65,12.3,12.77,13.65,22.07,16.02,13.23,12.08,9.59,10.17,11.28,12.08,14.53,17.02,15.92,20.68,23.11,161.35
2021-06-16,13.0939,15.154,29.94,22.51,17.58,13.52,14.51,17.58,23.93,17.66,14.39,13.08,9.6,10.58,11.94,13.08,15.15,18.15,17.94,21.26,23.45,155.97
2021-06-17,12.5323,15.0416,28.25,19.37,14.5,12.65,12.95,14.5,22.98,16.8,13.96,12.49,9.4,10.15,11.35,12.49,15.04,17.75,16.67,20.98,23.15,161.01
2021-06-18,15.5283,16.7805,12.99,12.26,12.86,11.66,12.31,12.86,26.74,20.52,17.15,15.64,10.86,12.2,13.98,15.64,16.78,20.7,20.14,22.93,24.48,150.78
2021-06-21,12.7122,15.2198,22.73,17.15,12.57,9.48,10.24,12.57,25.3,19.19,15.77,14.19,10.77,11.44,12.88,14.19,15.22,17.89,16.83,21.12,23.37,158.36
2021-06-22,11.6125,14.2052,20.81,15.19,11.17,9.09,9.39,11.17,23.69,17.78,14.57,13.01,10.24,10.75,11.95,13.01,14.21,16.66,14.58,20.07,22.69,160.51
2021-06-23,11.6842,14.0241,20.14,14.88,11.08,8.92,9.39,11.08,23.2,17.51,14.3,12.79,9.96,10.52,11.71,12.79,14.02,16.32,13.63,19.7,22.23,154.85
2021-06-24,11.1608,13.6501,19.04,14.14,10.42,8.63,8.92,10.42,22.49,16.98,13.76,12.36,9.81,10.31,11.39,12.36,13.65,15.97,12.77,19.26,21.91,161.04
2021-06-25,10.1973,13.4565,18.11,12.73,9.42,7.9,8.28,9.42,22.09,16.32,13.3,11.99,9.44,9.93,10.93,11.99,13.46,15.62,11.86,19.0,21.83,170.55
2021-06-28,10.7387,13.4873,17.79,12.87,9.67,7.98,8.23,9.67,21.93,16.15,13.18,11.89,9.49,9.92,10.95,11.89,13.49,15.76,11.92,19.02,21.84,162.09
2021-06-29,11.0641,13.74,18.26,12.76,9.73,8.09,8.42,9.73,22.34,16.24,13.16,11.91,9.65,10.09,11.11,11.91,13.74,16.02,11.86,19.49,22.14,163.84
2021-06-30,11.1645,13.8007,17.45,12.54,9.72,7.84,8.24,9.72,22.13,16.22,13.17,11.94,9.55,10.01,11.0,11.94,13.8,15.83,11.11,19.51,22.29,161.85
2021-07-01,10.9155,13.7462,17.29,12.59,9.25,8.06,8.08,9.25,21.82,15.98,13.15,11.75,9.45,9.9,10.81,11.75,13.75,15.48,11.43,19.45,22.24,155.65
2021-07-02,10.3355,13.5796,15.29,11.09,8.64,8.07,7.92,8.64,21.22,15.47,12.7,11.53,9.36,9.78,10.73,11.53,13.58,15.07,10.4,19.3,21.94,157.94
2021-07-06,11.6808,14.2725,18.3,13.42,10.24,8.85,9.25,10.24,22.61,16.71,13.65,12.37,9.7,10.26,11.35,12.37,14.27,16.44,13.76,20.26,22.51,153.75
2021-07-07,11.7087,14.4726,17.1,12.77,9.9,9.02,9.09,9.9,22.3,16.55,13.65,12.36,9.81,10.43,11.4,12.36,14.47,16.2,13.07,20.41,22.65,152.15
2021-07-08,13.8409,15.5911,23.11,17.76,13.63,10.55,11.6,13.63,25.6,19.14,15.77,14.01,10.36,11.3,12.78,14.01,15.59,19.0,17.24,21.98,23.56,152.82
2021-07-09,11.1333,14.1884,16.13,12.01,9.8,8.72,8.81,9.8,22.28,16.36,13.3,12.03,9.36,10.01,11.01,12.03,14.19,16.18,13.02,20.44,22.64,155.7
2021-07-12,11.5057,14.2651,16.19,12.45,10.59,9.64,9.56,10.59,22.07,16.3,13.25,12.04,9.5,10.09,11.0,12.04,14.27,16.17,13.52,20.46,22.71,157.93
2021-07-13,12.5413,14.8874,18.22,15.02,12.52,10.06,11.11,12.52,23.16,17.39,14.34,12.87,9.68,10.5,11.67,12.87,14.89,17.12,14.98,21.13,23.3,154.4
2021-07-14,12.0249,14.7514,14.24,11.35,10.63,9.47,10.2,10.63,22.03,16.7,13.58,12.34,9.39,10.11,11.34,12.34,14.75,16.33,13.45,20.62,23.07,154.31
2021-07-15,12.6641,15.0532,17.69,14.93,12.18,10.72,10.87,12.18,22.8,17.38,14.32,12.91,9.51,10.48,11.7,12.91,15.05,17.01,14.55,21.09,23.28,154.15
2021-07-16,13.7832,16.0192,10.31,9.74,9.27,8.51,8.87,9.27,24.37,18.93,15.59,14.15,9.92,11.2,12.79,14.15,16.02,18.45,16.3,22.07,23.94,151.94
2021-07-19,17.0348,18.0098,29.17,22.72,17.08,11.35,13.16,17.08,30.82,23.85,19.72,17.61,12.1,13.63,15.76,17.61,18.01,22.5,22.15,24.9,25.66,155.74
2021-07-20,14.5917,16.3931,26.33,20.07,14.61,10.4,11.56,14.61,28.35,21.53,17.47,15.57,11.39,12.49,14.15,15.57,16.39,19.73,17.86,23.2,24.64,154.5
2021-07-21,13.1126,15.3868,23.73,17.78,12.98,9.68,10.56,12.98,26.08,19.68,16.01,14.38,10.8,11.64,13.02,14.38,15.39,17.91,14.65,21.87,23.8,155.34
2021-07-22,13.1962,15.4672,23.25,17.52,12.91,9.59,10.54,12.91,26.02,19.6,15.91,14.31,10.81,11.72,13.06,14.31,15.47,17.69,14.07,21.86,23.74,152.63
2021-07-23,11.8245,15.0843,22.25,16.14,11.88,9.38,9.94,11.88,25.38,18.91,15.4,13.85,10.67,11.39,12.7,13.85,15.08,17.2,12.87,21.65,23.62,159.44
2021-07-26,12.7577,15.2852,21.85,16.15,11.95,9.52,10.15,11.95,25.1,18.86,15.36,13.85,10.8,11.56,12.76,13.85,15.29,17.58,14.01,21.74,23.68,153.2
2021-07-27,14.3127,16.0632,24.45,18.38,13.55,9.99,10.91,13.55,26.99,20.43,16.75,15.02,11.04,12.1,13.57,15.02,16.06,19.36,17.16,23.0,24.68,151.04
2021-07-28,13.4367,15.7171,22.69,17.02,12.59,9.44,10.3,12.59,25.79,19.56,15.99,14.34,10.58,11.64,13.08,14.34,15.72,18.31,14.82,22.35,24.36,152.23
2021-07-29,12.7842,15.3998,21.49,16.07,12.02,9.26,9.99,12.02,24.92,18.79,15.37,13.82,10.38,11.33,12.62,13.82,15.4,17.7,13.65,21.88,24.14,149.96
2021-07-30,12.9332,15.7532,22.45,16.78,12.24,9.09,10.01,12.24,25.46,19.24,15.73,14.08,10.37,11.28,12.69,14.08,15.75,18.24,14.36,22.18,24.37,153.71
2021-08-02,14.2806,16.2788,23.59,17.68,13.19,9.68,10.79,13.19,26.66,20.17,16.53,14.74,10.75,11.8,13.32,14.74,16.28,19.46,16.21,23.05,24.95,153.3
2021-08-03,13.1871,15.6047,20.82,15.27,11.3,8.93,9.65,11.3,25.04,18.73,15.22,13.64,10.32,11.22,12.59,13.64,15.6,18.04,13.68,22.18,24.36,152.56
2021-08-04,13.1837,15.6673,20.42,15.39,11.8,9.11,9.79,11.8,24.99,18.82,15.4,13.72,10.1,11.1,12.5,13.72,15.67,17.97,13.62,22.17,24.37,151.4
2021-08-05,12.5388,15.2217,19.26,14.23,10.82,8.94,9.33,10.82,24.17,18.0,14.65,13.13,10.03,10.76,12.01,13.13,15.22,17.28,13.25,21.52,23.99,148.27
2021-08-06,11.4251,14.7026,16.21,11.97,9.4,8.0,8.38,9.4,22.87,16.92,13.81,12.37,9.55,10.29,11.33,12.37,14.7,16.15,10.96,20.87,23.68,148.27
2021-08-09,11.9193,15.0456,16.8,12.45,9.89,8.34,8.68,9.89,23.39,17.18,14.01,12.49,9.72,10.41,11.58,12.49,15.05,16.72,12.75,21.27,24.13,148.27
2021-08-10,12.0662,15.0945,17.38,12.76,10.02,8.17,8.54,10.02,23.38,17.28,14.05,12.59,9.67,10.36,11.52,12.59,15.09,16.79,13.23,21.21,24.06,148.27
2021-08-11,11.5111,14.7474,14.67,11.32,8.73,7.65,7.73,8.73,22.65,16.52,13.45,11.97,9.33,9.92,11.09,11.97,14.75,16.06,11.58,20.67,23.26,154.32
2021-08-12,11.0744,14.4323,13.74,10.22,7.83,7.4,7.27,7.83,21.82,15.78,12.76,11.57,9.13,9.67,10.67,11.57,14.43,15.59,11.54,20.25,22.88,157.18
2021-08-13,10.4351,14.3877,11.64,8.47,6.5,6.25,6.11,6.5,21.59,15.33,12.38,11.15,8.92,9.39,10.34,11.15,14.39,15.45,11.21,20.26,22.92,159.66
2021-08-16,11.3622,14.6997,14.39,10.26,8.34,7.85,7.8,8.34,22.04,15.89,12.83,11.56,9.16,9.68,10.72,11.56,14.7,16.12,13.07,20.64,23.13,152.54
2021-08-17,12.8774,15.5778,18.8,14.49,11.17,10.55,11.48,11.17,24.39,17.77,14.36,12.97,9.69,10.53,11.88,12.97,15.58,17.91,16.29,21.7,24.2,149.05
2021-08-18,15.9762,17.2763,31.41,22.79,18.67,15.84,17.09,18.67,29.62,22.13,17.9,15.92,11.04,12.44,14.45,15.92,17.28,21.57,23.12,23.8,25.65,148.54
2021-08-19,15.584,17.2425,23.92,20.11,16.85,13.94,14.79,16.85,29.23,21.49,17.31,15.44,10.7,12.08,13.9,15.44,17.24,21.67,21.24,24.2,25.84,151.19
2021-08-20,12.9616,16.0132,7.43,6.84,6.86,6.34,6.65,6.86,24.9,18.07,14.62,13.04,9.53,10.49,11.8,13.04,16.01,18.56,15.1,22.41,24.64,153.51
2021-08-23,11.8823,14.976,22.09,15.69,11.23,8.45,9.13,11.23,25.5,18.64,15.04,13.39,10.22,10.91,12.15,13.39,14.98,17.15,14.02,21.2,23.89,159.02
2021-08-24,12.0272,14.9869,21.97,15.46,11.12,8.34,9.1,11.12,25.34,18.48,14.98,13.36,10.15,10.92,12.21,13.36,14.99,17.22,13.94,21.22,24.01,157.13
2021-08-25,11.5228,14.6261,20.95,14.8,10.51,8.14,8.63,10.51,24.74,17.91,14.46,12.97,9.8,10.58,11.76,12.97,14.63,16.79,12.99,20.79,23.64,159.51
2021-08-26,13.1434,15.5651,24.35,17.46,12.3,8.8,9.85,12.3,26.74,19.63,15.87,14.07,10.27,11.23,12.72,14.07,15.57,18.84,17.11,21.86,24.4,157.25
2021-08-27,10.8951,14.4674,19.89,13.74,9.85,7.72,8.17,9.85,24.11,17.35,14.09,12.65,9.58,10.31,11.46,12.65,14.47,16.39,12.32,20.61,23.54,162.43
2021-08-30,11.1852,14.3831,18.56,12.88,9.57,7.92,8.38,9.57,23.67,17.03,13.87,12.44,9.63,10.25,11.46,12.44,14.38,16.19,12.0,20.4,23.43,157.99
2021-08-31,11.1919,14.3526,19.71,13.42,9.72,7.9,8.38,9.72,23.8,17.1,13.76,12.4,9.5,10.14,11.36,12.4,14.35,16.48,12.75,20.42,23.49,155.91
2021-09-01,11.2077,14.2354,18.54,12.91,9.66,7.81,8.33,9.66,23.17,16.68,13.56,12.18,9.36,10.0,11.12,12.18,14.24,16.11,11.75,20.08,23.27,154.75
2021-09-02,11.3076,14.2411,19.26,13.02,9.74,8.43,8.44,9.74,23.31,16.55,13.46,12.19,9.46,10.01,11.1,12.19,14.24,16.41,12.73,20.13,23.35,156.98
2021-09-03,10.7584,14.2544,17.49,11.79,8.72,7.38,7.55,8.72,23.42,16.49,13.33,11.88,9.14,9.72,10.88,11.88,14.25,16.41,11.66,20.32,23.47,162.27
2021-09-07,12.436,15.2354,20.38,14.58,10.62,8.79,9.11,10.62,25.31,18.03,14.49,12.96,9.65,10.55,11.79,12.96,15.24,18.14,15.33,21.53,24.28,154.76
2021-09-08,12.5466,15.3448,19.92,14.23,10.4,8.24,8.9,10.4,25.02,17.94,14.48,12.96,9.59,10.5,11.77,12.96,15.34,17.96,14.75,21.59,24.34,153.39
2021-09-09,13.594,15.925,21.05,15.58,12.0,9.16,9.87,12.0,25.64,18.8,15.29,13.77,9.92,11.1,12.58,13.77,15.93,18.8,16.55,22.06,24.63,149.97
2021-09-10,14.9287,16.7192,31.13,20.61,15.25,10.08,11.68,15.25,28.62,20.82,16.82,15.09,10.36,11.88,13.68,15.09,16.72,20.95,22.58,23.31,25.29,151.16
2021-09-13,13.9778,16.1782,26.31,18.63,14.63,11.08,12.33,14.63,26.55,19.4,15.65,14.14,10.0,11.27,12.87,14.14,16.18,19.37,20.2,22.47,24.78,148.5
2021-09-14,14.718,16.5411,23.83,18.52,15.54,12.31,13.37,15.54,26.33,19.78,16.21,14.89,10.34,11.66,13.41,14.89,16.54,19.46,19.43,22.55,24.87,146.73
2021-09-15,13.1569,15.7466,18.18,13.75,11.42,10.73,10.57,11.42,24.46,17.98,14.59,13.16,9.55,10.54,11.92,13.16,15.75,18.18,16.2,21.76,24.3,154.33
2021-09-16,13.3985,15.8206,18.05,13.91,11.83,12.66,12.05,11.83,25.05,18.43,14.92,13.33,9.63,10.74,12.09,13.33,15.82,18.69,16.64,21.81,24.34,152.88
2021-09-17,15.2561,17.0398,10.72,9.99,10.84,10.8,11.37,10.84,27.83,21.02,17.15,15.24,10.69,12.05,13.98,15.24,17.04,20.81,19.66,23.22,25.23,149.52
2021-09-20,20.3727,19.9719,33.58,26.82,20.7,13.66,15.84,20.7,34.43,26.74,22.19,19.97,13.32,15.47,18.0,19.97,19.97,25.71,27.7,26.4,27.19,141.57
2021-09-21,19.609,19.4164,31.35,25.58,19.9,13.44,15.5,19.9,32.65,25.58,21.57,19.38,13.12,15.1,17.47,19.38,19.42,24.36,25.13,25.47,26.75,139.98
2021-09-22,16.2349,17.4202,26.3,21.0,16.04,11.49,12.77,16.04,28.88,22.44,18.84,16.76,11.73,13.23,15.18,16.76,17.42,20.87,19.46,23.05,25.07,144.12
2021-09-23,13.949,15.9713,23.73,18.09,13.64,10.57,11.22,13.64,26.57,20.36,16.87,15.03,10.78,11.86,13.55,15.03,15.97,18.63,17.08,21.37,23.91,146.87
2021-09-24,13.0274,15.5983,22.8,17.26,12.78,10.0,10.61,12.78,25.55,19.58,16.18,14.51,10.36,11.45,13.08,14.51,15.6,17.75,15.24,20.82,23.66,145.67
2021-09-27,13.9241,16.0467,23.78,18.11,13.5,10.45,11.24,13.5,26.53,20.42,16.8,14.98,10.66,11.86,13.6,14.98,16.05,18.76,16.96,21.4,24.14,144.66
2021-09-28,18.7429,18.649,29.62,24.51,19.28,13.36,15.31,19.28,30.55,24.12,20.45,18.46,12.48,14.39,16.63,18.46,18.65,23.25,24.56,24.03,26.08,140.08
2021-09-29,18.3351,18.2289,27.95,23.64,18.45,12.86,14.72,18.45,30.12,23.86,20.18,18.21,12.1,14.1,16.32,18.21,18.23,22.56,21.79,23.72,25.88,137.99
2021-09-30,19.8348,18.9477,28.52,24.47,20.37,13.95,16.35,20.37,30.45,24.51,21.01,19.14,12.72,14.86,17.28,19.14,18.95,23.14,23.03,23.87,25.92,135.55
2021-10-01,17.2541,17.9253,25.74,21.67,17.36,12.87,14.19,17.36,28.81,22.93,19.28,17.44,12.23,13.78,15.76,17.44,17.93,21.15,19.42,23.05,25.3,135.05
2021-10-04,19.5918,19.1802,27.78,24.57,20.91,15.58,17.41,20.91,29.98,24.45,20.89,19.12,13.44,15.32,17.37,19.12,19.18,22.96,23.04,24.11,26.02,130.87
2021-10-05,17.9146,18.1422,25.43,21.7,17.63,13.72,15.06,17.63,28.58,22.88,19.54,17.57,12.4,14.05,16.06,17.57,18.14,21.3,20.32,23.11,25.3,131.68
2021-10-06,17.5816,17.8453,24.49,20.91,17.8,13.68,14.75,17.8,27.86,22.49,19.06,17.26,12.35,13.91,15.72,17.26,17.85,21.0,19.54,22.84,25.04,131.51
2021-10-07,16.0525,17.1117,22.47,18.9,15.37,12.28,13.45,15.37,26.35,20.88,17.75,16.01,11.62,13.0,14.65,16.01,17.11,19.54,18.13,22.12,24.64,133.32
2021-10-08,15.3472,17.029,20.54,17.54,14.66,11.01,12.4,14.66,25.78,20.59,17.61,15.86,11.33,12.69,14.38,15.86,17.03,18.77,16.74,21.88,24.46,134.46
2021-10-11,16.7913,17.6047,24.07,21.95,18.6,14.94,16.34,18.6,26.44,21.46,18.41,16.72,11.83,13.48,15.37,16.72,17.6,20.0,19.75,22.39,24.76,134.7
2021-10-12,16.4275,17.2986,23.44,21.23,17.98,15.96,16.75,17.98,26.08,21.28,18.22,16.52,11.8,13.25,15.08,16.52,17.3,19.85,19.41,22.33,24.65,134.1
2021-10-13,15.3412,16.6305,21.39,18.22,15.97,13.91,13.94,15.97,24.3,19.81,16.89,15.28,11.4,12.55,14.1,15.28,16.63,18.64,17.45,21.54,24.07,135.77
2021-10-14,13.1064,15.3562,17.9,14.86,13.19,13.54,12.83,13.19,22.48,17.6,14.66,13.22,10.56,11.19,12.32,13.22,15.36,16.86,14.8,20.37,23.27,143.78
2021-10-15,12.1174,15.0981,8.44,7.86,7.57,7.58,7.72,7.57,22.2,16.94,13.95,12.7,10.21,10.63,11.65,12.7,15.1,16.3,13.24,20.3,23.43,147.27
2021-10-18,12.3561,15.0562,21.97,16.76,12.52,10.18,10.7,12.52,24.58,18.83,15.63,14.11,11.47,11.99,13.13,14.11,15.06,16.31,13.91,20.29,23.64,143.77
2021-10-19,12.0317,14.7234,21.2,15.86,12.04,9.97,10.43,12.04,24.34,18.35,15.12,13.72,11.09,11.65,12.76,13.72,14.72,15.7,13.34,19.98,23.23,141.01
2021-10-20,11.7897,14.6449,20.93,15.56,11.78,9.64,10.31,11.78,23.95,18.01,14.84,13.51,10.91,11.54,12.6,13.51,14.64,15.49,12.69,19.87,23.06,141.23
2021-10-21,11.3387,14.3693,20.32,15.03,11.34,9.0,9.76,11.34,23.43,17.52,14.5,13.2,10.52,11.17,12.22,13.2,14.37,15.01,11.81,19.48,22.83,140.94
2021-10-22,11.6686,14.7588,20.75,15.6,11.74,8.94,9.9,11.74,23.98,18.08,14.92,13.54,10.44,11.28,12.48,13.54,14.76,15.43,11.98,20.01,23.22,139.34
2021-10-25,11.6019,14.5348,19.98,14.98,11.49,8.97,9.75,11.49,23.32,17.6,14.61,13.26,10.23,11.11,12.33,13.26,14.53,15.24,13.09,19.56,22.76,140.94
2021-10-26,12.0405,14.7121,21.15,15.84,12.11,9.32,10.16,12.11,23.91,17.88,14.85,13.57,10.33,11.23,12.44,13.57,14.71,15.98,14.33,20.11,23.03,141.3
2021-10-27,13.0338,15.5143,22.59,17.11,13.04,9.69,10.76,13.04,25.22,19.02,15.83,14.34,10.78,11.8,13.13,14.34,15.51,16.98,15.16,20.89,23.7,140.6
2021-10-28,12.2762,15.0236,21.47,15.97,12.19,9.44,10.34,12.19,24.34,18.21,15.15,13.68,10.56,11.5,12.73,13.68,15.02,16.53,14.31,20.48,23.43,144.73
2021-10-29,11.6759,14.8837,21.27,15.88,11.85,8.84,9.78,11.85,24.04,18.11,14.98,13.53,10.23,11.2,12.39,13.53,14.88,16.26,13.67,20.37,23.35,148.09
2021-11-01,12.1743,14.9719,20.89,15.77,12.12,9.34,10.23,12.12,23.75,17.88,14.93,13.59,10.4,11.36,12.52,13.59,14.97,16.41,15.02,20.39,23.33,145.81
2021-11-02,11.9609,14.7685,20.25,15.42,11.96,9.28,10.01,11.96,23.32,17.51,14.65,13.31,10.08,10.99,12.3,13.31,14.77,16.03,14.74,20.1,23.13,146.68
2021-11-03,11.3004,14.2707,17.82,13.65,10.96,9.18,9.57,10.96,21.93,16.56,13.87,12.56,9.67,10.52,11.62,12.56,14.27,15.1,13.1,19.5,22.7,149.77
2021-11-04,11.376,14.3817,17.92,13.49,10.97,9.25,9.5,10.97,22.11,16.49,13.74,12.6,9.86,10.55,11.54,12.6,14.38,15.44,13.04,19.7,22.87,151.67
2021-11-05,11.6079,14.8098,17.96,13.71,11.02,9.96,10.11,11.02,23.26,17.24,14.34,13.12,10.47,11.1,12.07,13.12,14.81,16.48,13.15,20.49,23.49,148.83
2021-11-08,12.1502,15.0754,18.61,13.93,11.24,10.24,10.21,11.24,23.97,17.83,14.73,13.3,10.69,11.21,12.26,13.3,15.08,17.22,14.43,20.98,23.8,149.24
2021-11-09,12.974,15.4307,19.46,15.18,12.62,10.44,10.88,12.62,24.51,18.37,15.33,13.82,10.76,11.53,12.79,13.82,15.43,17.78,15.19,21.41,24.12,144.09
2021-11-10,14.1336,16.0142,20.5,16.65,13.35,10.91,11.73,13.35,25.59,19.39,16.13,14.69,10.86,11.86,13.45,14.69,16.01,18.73,15.95,22.0,24.48,144.89
2021-11-11,13.4819,15.5909,17.94,14.9,11.58,9.47,10.19,11.58,23.99,18.5,15.41,14.0,10.54,11.36,12.8,14.0,15.59,17.66,14.3,21.38,24.04,144.03
2021-11-12,12.0601,15.0,13.41,10.84,9.67,8.45,8.44,9.67,22.2,16.92,14.18,12.91,10.01,10.87,11.92,12.91,15.0,16.29,11.99,20.69,23.69,144.37
2021-11-15,12.5927,15.1167,12.88,11.2,10.35,9.39,9.29,10.35,21.99,16.95,14.23,12.99,10.07,10.88,12.08,12.99,15.12,16.49,12.2,20.87,23.86,142.38
2021-11-16,12.5303,15.0799,13.22,11.3,9.99,9.35,8.91,9.99,21.79,16.65,13.96,12.69,10.08,10.86,11.89,12.69,15.08,16.37,11.94,20.9,23.93,139.56
2021-11-17,13.1058,15.6095,11.93,10.9,10.29,9.03,9.16,10.29,22.71,17.16,14.5,13.14,10.24,11.11,12.15,13.14,15.61,17.11,11.51,21.58,24.66,141.96
2021-11-18,13.1565,15.62,13.45,11.07,10.41,9.99,9.99,10.41,22.98,17.39,14.34,13.1,10.54,11.21,12.28,13.1,15.62,17.59,12.43,21.9,24.87,144.8
2021-11-19,13.0403,15.7764,7.31,6.93,6.52,6.12,6.2,6.52,23.6,17.4,14.57,13.15,10.22,11.04,12.09,13.15,15.78,17.91,12.45,21.92,24.87,148.44
2021-11-22,14.31,16.3535,24.98,19.06,14.29,10.98,11.93,14.29,27.25,20.44,16.93,15.38,11.98,12.69,14.13,15.38,16.35,19.17,16.06,22.63,25.43,147.44
2021-11-23,14.3793,16.2797,24.74,18.73,14.29,11.16,11.94,14.29,26.74,20.16,16.77,15.27,11.99,12.67,13.99,15.27,16.28,19.38,16.35,22.45,25.32,146.99
2021-11-24,13.8305,15.9284,24.02,18.21,13.59,10.72,11.41,13.59,25.9,19.63,16.3,14.91,11.76,12.36,13.68,14.91,15.93,18.58,14.82,21.9,24.97,148.15
2021-11-26,21.6859,21.5873,37.92,29.52,22.93,15.2,18.15,22.93,36.48,27.78,23.34,21.55,14.92,16.85,19.63,21.55,21.59,28.62,30.6,29.17,29.88,148.27
2021-11-29,16.8258,17.7852,29.3,22.78,17.5,12.28,13.72,17.5,30.19,23.09,19.1,17.36,12.71,13.78,15.72,17.36,17.79,22.96,21.43,25.04,26.94,149.93
2021-11-30,20.3779,20.1081,36.71,28.49,22.49,14.77,17.26,22.49,35.13,26.76,22.45,20.16,14.02,15.81,18.42,20.16,20.11,27.19,28.38,28.13,29.15,150.55
2021-12-01,23.7566,22.1403,40.75,32.15,25.9,17.54,20.54,25.9,38.71,29.41,24.79,22.48,15.53,17.57,20.39,22.48,22.14,31.12,33.93,30.79,31.08,155.21
2021-12-02,21.0933,20.7488,35.27,28.34,22.3,15.48,17.78,22.3,35.5,27.25,22.72,20.62,14.65,16.23,18.72,20.62,20.75,27.95,28.04,29.15,29.85,151.38
2021-12-03,22.4596,22.3815,41.3,32.18,24.51,16.41,19.15,24.51,38.99,29.38,24.46,22.23,15.56,17.38,20.06,22.23,22.38,30.67,31.7,31.78,31.46,149.64
2021-12-06,20.0244,20.4888,35.16,27.3,21.23,14.93,16.9,21.23,34.74,26.28,21.98,19.81,14.31,15.71,17.95,19.81,20.49,27.18,27.29,28.88,29.75,151.64
2021-12-07,16.3261,17.7625,27.14,21.27,16.68,12.81,13.55,16.68,28.93,21.95,18.35,16.6,12.76,13.59,15.26,16.6,17.76,21.89,20.83,24.96,26.77,151.66
2021-12-08,14.9916,17.026,20.89,17.5,14.09,12.09,12.43,14.09,26.1,20.19,16.86,15.52,12.29,12.82,14.17,15.52,17.03,19.9,17.5,23.63,26.01,151.2
2021-12-09,16.3631,17.8333,25.31,20.58,16.2,13.08,14.22,16.2,27.94,21.43,17.96,16.32,12.59,13.41,14.99,16.32,17.83,21.58,20.49,24.66,26.87,149.66
2021-12-10,13.6997,16.5084,18.71,15.52,12.54,10.75,11.05,12.54,25.64,19.37,15.99,14.45,11.33,11.86,13.3,14.45,16.51,18.69,15.7,23.18,26.05,147.34
2021-12-13,15.8561,17.7879,22.98,20.17,17.8,13.96,15.42,17.8,26.91,20.9,17.59,15.94,12.19,13.08,14.66,15.94,17.79,20.31,18.54,24.32,26.91,146.07
2021-12-14,17.7958,18.8733,24.94,23.66,21.14,17.41,18.16,21.14,28.6,22.56,19.23,17.4,12.74,14.03,15.87,17.4,18.87,21.89,21.02,25.35,27.64,137.76
2021-12-15,15.2519,17.1074,21.73,18.14,16.16,14.83,15.64,16.16,25.24,19.52,16.43,15.07,11.78,12.37,13.79,15.07,17.11,19.29,16.78,23.3,26.47,141.75
2021-12-16,16.1116,17.8641,26.25,23.44,20.73,18.41,19.47,20.73,26.87,20.84,17.64,16.0,12.05,13.11,14.75,16.0,17.86,20.57,18.76,24.37,27.14,140.29
2021-12-17,17.2832,18.9786,14.78,14.33,13.74,13.22,13.65,13.74,28.09,22.58,19.12,17.51,12.71,13.96,15.91,17.51,18.98,21.57,19.35,25.38,27.9,134.94
2021-12-20,19.0588,19.6904,29.62,24.16,19.3,13.8,15.46,19.3,32.11,25.34,21.58,19.44,13.98,15.45,17.62,19.44,19.69,22.87,22.21,26.31,28.34,131.71
2021-12-21,16.8572,18.4786,27.19,21.66,16.85,12.73,13.67,16.85,29.73,23.2,19.55,17.69,13.39,14.38,16.14,17.69,18.48,21.01,18.83,25.0,27.5,136.33
2021-12-22,14.5566,17.2183,24.37,18.92,14.41,11.32,12.04,14.41,27.38,21.35,17.77,16.04,12.43,13.22,14.68,16.04,17.22,18.63,14.76,23.56,26.65,142.04
2021-12-23,13.445,16.736,23.05,17.72,13.45,10.86,11.16,13.45,26.79,20.48,17.06,15.42,12.03,12.69,14.06,15.42,16.74,17.96,13.71,23.24,26.48,150.26
2021-12-27,13.1631,16.0111,21.71,16.19,12.34,10.71,10.72,12.34,25.66,19.31,15.97,14.46,11.74,12.16,13.39,14.46,16.01,17.68,14.48,22.74,25.99,151.87
2021-12-28,13.2374,15.6929,21.24,15.71,12.44,10.62,10.71,12.44,25.15,18.85,15.55,14.12,11.44,11.93,13.07,14.12,15.69,17.54,14.4,22.33,25.78,153.21
2021-12-29,12.4064,15.3309,19.57,14.7,11.85,10.18,10.38,11.85,24.03,18.16,15.03,13.66,10.98,11.42,12.57,13.66,15.33,16.95,12.85,21.83,25.42,156.24
2021-12-30,12.6489,15.456,20.47,15.31,12.01,10.16,10.41,12.01,24.36,18.47,15.29,13.89,10.96,11.43,12.73,13.89,15.46,17.33,13.86,21.88,25.39,155.27
2021-12-31,12.5331,15.5373,19.82,15.04,11.99,9.85,10.42,11.99,24.0,18.17,15.16,13.91,10.91,11.53,12.7,13.91,15.54,17.22,13.26,21.88,25.1,154.38
2022-01-03,12.3346,15.2842,18.61,14.2,11.05,9.32,9.54,11.05,23.1,17.7,14.6,13.2,10.43,10.96,12.19,13.2,15.28,16.6,13.52,21.53,24.74,151.49
2022-01-04,12.7455,15.4854,18.8,14.29,11.34,9.35,9.88,11.34,23.31,17.86,14.75,13.45,10.56,11.2,12.46,13.45,15.49,16.91,13.88,21.62,24.86,150.36
2022-01-05,15.6332,17.2144,24.0,18.97,15.03,11.0,12.41,15.03,26.72,20.83,17.53,15.94,11.38,12.75,14.5,15.94,17.21,19.73,18.07,23.47,26.0,143.41
2022-01-06,15.8054,17.393,23.19,18.54,14.83,10.66,12.19,14.83,26.43,21.02,17.66,16.07,11.37,12.82,14.56,16.07,17.39,19.61,17.06,23.5,25.93,140.77
2022-01-07,14.9986,17.0314,20.69,16.82,14.12,10.49,11.72,14.12,25.14,20.12,17.0,15.66,11.24,12.45,14.18,15.66,17.03,18.76,15.4,22.87,25.41,139.14
2022-01-10,15.5553,17.0461,22.83,18.8,14.99,11.53,12.62,14.99,25.57,20.39,17.32,15.66,11.38,12.61,14.31,15.66,17.05,19.4,17.91,22.68,25.14,139.24
2022-01-11,14.7654,16.3165,21.27,17.49,14.04,11.36,12.2,14.04,24.56,19.42,16.39,14.81,11.09,12.18,13.65,14.81,16.32,18.41,16.59,21.98,24.63,138.09
2022-01-12,14.2551,16.0373,18.68,15.7,13.18,11.02,11.75,13.18,23.62,18.72,15.83,14.36,10.8,11.89,13.26,14.36,16.04,17.62,14.68,21.58,24.34,135.73
2022-01-13,17.0308,17.8673,22.66,19.94,16.5,13.26,14.44,16.5,26.53,21.46,18.4,16.92,12.08,13.48,15.43,16.92,17.87,20.31,18.79,23.41,25.63,133.13
2022-01-14,15.7224,17.2113,19.46,17.33,14.08,11.56,13.17,14.08,24.94,20.48,17.61,16.05,11.55,12.97,14.71,16.05,17.21,19.19,17.31,22.82,25.18,133.85
2022-01-18,19.762,19.4213,29.63,26.12,23.12,19.62,20.78,23.12,29.08,24.05,21.19,19.73,13.89,16.1,18.11,19.73,19.42,22.79,24.17,25.12,26.77,129.72
2022-01-19,20.3702,19.9633,26.88,24.64,23.48,21.1,20.22,23.48,29.78,24.77,21.9,20.4,14.65,16.7,18.77,20.4,19.96,23.85,23.96,25.81,27.17,134.73
2022-01-20,21.7981,21.0428,34.66,31.17,27.71,25.06,24.92,27.71,31.99,26.55,23.42,21.71,15.75,17.81,20.25,21.71,21.04,25.59,26.73,27.25,28.08,127.58
2022-01-21,24.1913,23.0049,23.84,23.26,22.28,20.95,21.48,22.28,35.52,29.47,26.33,24.37,18.07,20.44,22.96,24.37,23.0,28.85,30.86,29.95,30.37,136.18
2022-01-24,24.8921,23.2736,37.97,31.55,25.81,19.41,21.57,25.81,38.08,30.42,26.22,24.01,17.48,19.3,21.97,24.01,23.27,29.9,35.82,30.82,30.59,136.06
2022-01-25,26.539,24.3166,39.58,32.99,27.51,20.19,22.62,27.51,39.27,31.36,27.08,25.17,18.09,20.15,22.94,25.17,24.32,31.16,37.18,31.76,31.3,133.9
2022-01-26,26.4192,24.167,40.9,33.99,27.77,20.73,22.85,27.77,40.02,31.85,27.44,24.95,18.46,20.26,22.98,24.95,24.17,31.96,37.4,31.95,31.04,133.38
2022-01-27,25.5139,23.7924,38.67,32.51,27.71,20.48,22.71,27.71,38.33,30.96,26.88,24.94,18.28,20.3,22.91,24.94,23.79,30.49,33.03,30.87,30.27,132.22
2022-01-28,22.418,21.7123,34.79,28.91,24.06,19.18,20.43,24.06,34.86,27.94,24.13,22.21,17.13,18.42,20.43,22.21,21.71,27.66,28.13,28.82,29.07,132.96
2022-01-31,19.7596,20.0474,31.13,25.9,21.03,17.38,18.24,21.03,32.13,25.64,22.02,20.11,15.91,16.9,18.61,20.11,20.05,24.83,25.33,26.85,27.56,131.44
2022-02-01,17.4234,18.5009,27.64,22.22,18.23,14.85,15.87,18.23,29.7,23.38,20.03,18.36,14.42,15.39,16.96,18.36,18.5,21.96,21.1,24.76,26.07,133.0
2022-02-02,17.8243,19.0252,26.34,21.67,17.5,14.6,15.21,17.5,29.45,23.1,19.75,17.78,14.12,15.05,16.53,17.78,19.03,22.09,21.6,25.14,26.68,132.05
2022-02-03,20.3288,20.5391,31.85,26.23,22.06,17.01,18.58,22.06,33.25,26.82,23.02,21.23,15.39,17.36,19.54,21.23,20.54,24.35,24.11,26.67,27.76,132.75
2022-02-04,19.6769,20.2258,27.26,23.4,19.71,15.83,17.3,19.71,31.16,25.25,21.88,20.04,14.84,16.41,18.39,20.04,20.23,23.22,21.86,26.25,27.58,129.29
2022-02-07,19.0561,20.0292,26.2,22.87,19.68,16.43,17.68,19.68,30.37,24.96,21.84,20.12,15.12,16.7,18.69,20.12,20.03,22.86,21.61,25.69,27.14,126.25
2022-02-08,17.4269,18.8764,24.76,21.08,18.29,15.17,16.22,18.29,28.9,23.26,20.08,18.45,14.14,15.49,17.17,18.45,18.88,21.44,20.07,24.54,26.31,127.72
2022-02-09,16.0098,17.8672,22.61,19.29,16.95,14.98,15.53,16.95,27.3,21.87,18.68,17.15,13.41,14.55,15.95,17.15,17.87,19.96,18.67,23.49,25.53,129.78
2022-02-10,19.9481,20.2287,28.74,24.76,21.72,18.3,19.24,21.72,31.65,25.86,22.28,20.71,15.36,17.07,19.04,20.71,20.23,23.91,23.71,26.07,27.28,128.11
2022-02-11,23.2202,22.4206,32.17,28.29,24.92,20.51,22.46,24.92,36.11,29.67,25.88,23.71,17.06,19.03,21.6,23.71,22.42,27.36,26.84,28.83,29.0,126.81
2022-02-14,23.2005,22.5938,33.44,29.74,26.55,22.61,24.53,26.55,36.76,30.2,26.1,24.14,17.5,19.56,22.21,24.14,22.59,28.33,27.62,29.44,29.47,128.12
2022-02-15,20.7435,20.7763,29.77,25.69,23.26,19.66,22.11,23.26,33.06,26.82,23.21,21.45,16.01,17.47,19.75,21.45,20.78,25.7,24.49,27.28,28.1,129.76
2022-02-16,19.8526,19.8376,25.05,21.95,21.24,18.67,18.15,21.24,31.08,25.51,22.1,20.18,15.2,16.47,18.59,20.18,19.84,24.29,21.32,26.26,27.24,132.75
2022-02-17,24.0453,22.5341,32.93,30.8,27.73,25.18,25.64,27.73,35.87,29.52,26.04,23.75,17.06,19.41,21.97,23.75,22.53,28.11,27.69,29.32,29.43,131.31
2022-02-18,24.3882,22.7054,21.63,20.78,19.91,18.44,19.12,19.91,35.13,29.74,26.23,24.4,17.29,19.83,22.54,24.4,22.71,27.75,26.03,29.22,29.39,128.36
2022-02-22,24.9342,22.8728,35.66,30.65,25.94,18.99,21.73,25.94,35.98,29.76,25.99,23.9,17.49,19.53,22.0,23.9,22.87,28.81,28.62,29.11,29.21,128.33
2022-02-23,27.1613,24.728,37.59,32.51,27.67,20.94,23.48,27.67,37.64,31.33,27.73,25.65,18.81,21.09,23.64,25.65,24.73,31.02,30.71,30.88,30.75,126.88
2022-02-24,25.937,23.7224,36.88,31.1,26.11,19.85,22.07,26.11,36.58,29.82,26.02,24.21,18.31,20.11,22.36,24.21,23.72,30.32,30.04,30.05,29.98,130.48
2022-02-25,23.2124,21.8846,34.67,28.92,23.64,17.58,19.62,23.64,34.34,27.91,24.09,22.22,16.63,18.42,20.63,22.22,21.88,27.59,26.15,28.04,28.67,132.51
2022-02-28,24.5254,22.9143,38.65,31.95,26.08,19.27,21.78,26.08,36.22,29.64,25.69,24.0,17.71,19.75,22.17,24.0,22.91,30.15,31.5,29.65,29.88,137.36
2022-03-01,28.1871,25.1409,43.34,36.75,30.15,21.48,25.23,30.15,40.66,33.61,29.25,26.96,19.5,22.12,24.88,26.96,25.14,33.32,34.8,32.59,32.13,134.42
2022-03-02,25.6327,23.6735,38.82,32.59,26.54,19.17,21.58,26.54,37.91,30.99,26.75,24.5,17.77,20.09,22.65,24.5,23.67,30.74,30.79,30.97,31.04,136.11
2022-03-03,25.7378,23.8581,38.74,32.96,26.69,18.73,21.62,26.69,37.89,31.26,27.04,24.85,17.63,20.04,22.66,24.85,23.86,30.48,30.02,30.8,30.92,133.28
2022-03-04,26.6352,25.2109,39.9,33.66,28.58,19.65,23.48,28.58,39.03,32.32,28.25,26.23,18.42,21.23,24.1,26.23,25.21,31.98,31.11,32.34,32.08,134.98
2022-03-07,30.4388,27.7051,46.64,40.57,33.67,26.07,29.18,33.67,43.7,36.53,32.81,29.0,21.3,24.08,27.12,29.0,27.71,36.45,38.57,35.74,34.53,136.69
2022-03-08,30.193,27.7115,43.07,38.22,33.33,26.96,29.05,33.33,41.87,34.97,31.5,28.64,21.39,23.91,26.66,28.64,27.71,35.13,36.66,35.0,34.29,135.25
2022-03-09,27.536,25.8224,39.68,35.46,30.18,23.31,25.94,30.18,39.19,32.77,28.92,26.86,19.66,22.04,24.83,26.86,25.82,32.45,33.44,33.06,32.97,134.12
2022-03-10,26.1066,24.8742,36.03,31.48,28.15,22.18,24.11,28.15,36.57,31.23,27.85,25.57,19.13,21.34,23.58,25.57,24.87,30.23,30.01,31.52,32.04,130.94
2022-03-11,26.4089,25.8351,34.95,31.7,28.83,24.61,26.04,28.83,36.66,31.34,28.16,26.51,20.06,22.08,24.5,26.51,25.84,30.75,30.63,32.34,32.98,130.7
2022-03-14,27.9893,26.5635,43.12,38.11,34.98,31.12,33.09,34.98,37.97,32.37,29.47,27.89,20.93,23.07,25.83,27.89,26.56,31.77,34.23,33.32,33.69,131.81
2022-03-15,25.6862,25.1424,37.69,34.91,32.95,28.12,30.42,32.95,35.81,31.0,27.77,25.69,19.83,21.61,23.72,25.69,25.14,29.83,30.71,31.96,32.55,130.66
2022-03-16,22.1458,22.6239,34.8,31.48,27.18,24.61,26.47,27.18,33.06,27.77,24.12,22.17,17.75,19.09,20.81,22.17,22.62,26.67,26.51,28.96,30.35,132.0
2022-03-17,21.1932,21.6292,31.22,27.13,23.88,21.36,22.13,23.88,31.95,26.03,22.54,20.87,16.82,18.01,19.56,20.87,21.63,25.67,24.94,28.22,29.62,134.93
2022-03-18,18.9548,20.1947,15.74,14.89,14.78,13.89,14.26,14.78,30.56,24.45,21.24,19.58,15.39,16.88,18.37,19.58,20.19,23.87,22.19,26.55,28.31,136.64
2022-03-21,19.3088,20.1955,29.83,24.18,19.66,15.39,17.01,19.66,31.17,25.44,21.73,19.69,14.67,16.13,18.13,19.69,20.2,23.53,22.73,26.38,28.23,135.73
2022-03-22,18.3233,19.3117,29.19,23.2,18.73,14.76,16.12,18.73,30.5,24.44,20.77,18.84,14.38,15.53,17.29,18.84,19.31,22.94,22.57,25.85,27.72,139.72
2022-03-23,19.3247,20.0831,29.63,24.09,19.59,15.39,16.58,19.59,30.65,25.17,21.56,19.7,14.77,16.14,18.13,19.7,20.08,23.57,23.21,26.41,28.16,136.71
2022-03-24,17.7405,19.1608,26.88,21.88,17.79,13.89,15.28,17.79,29.24,23.79,20.26,18.44,14.02,15.25,16.95,18.44,19.16,21.67,20.42,25.3,27.48,138.39
2022-03-25,16.4955,18.6486,25.77,21.02,16.62,12.91,14.27,16.62,28.64,23.1,19.67,17.79,13.44,14.62,16.3,17.79,18.65,20.81,18.45,24.72,27.02,140.26
2022-03-28,15.6674,18.0433,23.46,18.86,15.24,12.32,13.22,15.24,27.75,22.11,18.6,16.9,12.96,13.97,15.54,16.9,18.04,19.63,17.82,24.18,26.6,138.87
2022-03-29,15.2589,17.298,21.96,17.86,15.0,13.03,13.15,15.0,26.47,21.01,17.73,16.24,12.9,13.61,15.03,16.24,17.3,18.9,17.54,23.19,25.87,140.0
2022-03-30,16.1296,17.9014,22.01,17.93,15.71,12.97,13.6,15.71,26.68,21.53,18.42,16.95,13.07,14.03,15.61,16.95,17.9,19.33,17.43,23.57,26.18,139.28
2022-03-31,17.1512,18.7366,22.55,19.04,16.42,13.68,14.89,16.42,27.77,22.72,19.63,18.03,13.51,14.83,16.58,18.03,18.74,20.56,18.4,24.46,26.79,140.73
2022-04-01,15.4662,18.2113,19.12,16.58,14.55,12.31,13.03,14.55,26.47,21.38,18.29,16.79,12.79,13.89,15.46,16.79,18.21,19.63,16.0,24.21,26.75,145.51
2022-04-04,14.6181,17.2738,17.66,15.52,13.44,11.63,12.43,13.44,24.85,19.91,17.1,15.65,12.19,13.07,14.46,15.65,17.27,18.57,15.76,23.03,25.79,146.48
2022-04-05,17.1192,18.7972,21.78,18.79,16.14,13.43,14.82,16.14,27.9,22.27,19.09,17.49,12.89,14.37,16.05,17.49,18.8,21.03,18.62,24.9,27.28,141.33
2022-04-06,18.3562,19.6262,22.73,19.98,17.18,14.15,15.4,17.18,28.62,23.27,20.17,18.35,13.15,14.83,16.75,18.35,19.63,22.1,19.64,25.8,27.84,144.27
2022-04-07,17.9194,19.407,22.06,19.23,17.34,13.5,14.61,17.34,28.12,22.94,19.75,18.16,13.15,14.63,16.54,18.16,19.41,21.55,19.05,25.23,27.52,139.55
2022-04-08,17.5819,19.3777,19.02,16.65,15.85,12.93,13.59,15.85,27.45,22.47,19.32,18.0,12.88,14.49,16.42,18.0,19.38,21.16,17.3,25.17,27.52,141.51
2022-04-11,20.4484,20.9726,26.12,24.48,22.85,18.79,21.2,22.85,30.33,25.12,22.2,20.35,14.4,16.46,18.79,20.35,20.97,24.37,22.85,27.0,28.72,137.91
2022-04-12,20.5533,21.1057,23.74,22.12,21.47,18.18,18.55,21.47,30.53,25.17,22.3,20.57,14.53,16.51,18.77,20.57,21.11,24.26,22.49,27.17,28.88,137.62
2022-04-13,18.3174,19.5759,21.79,20.25,18.57,16.46,16.47,18.57,27.65,22.94,19.89,18.06,13.4,14.78,16.71,18.06,19.58,21.82,19.15,25.54,27.87,139.86
2022-04-14,19.4423,20.5347,12.0,11.57,11.38,11.36,11.55,11.38,28.11,23.63,21.06,19.44,14.18,15.84,17.87,19.44,20.53,22.7,19.34,26.03,28.26,134.39
2022-04-18,19.3445,20.5171,27.72,23.79,19.63,14.26,15.99,19.63,29.84,25.06,21.95,19.94,14.27,15.93,18.24,19.94,20.52,22.17,20.88,25.75,27.87,130.94
2022-04-19,18.1719,19.6763,26.38,22.56,17.86,13.56,14.87,17.86,28.47,23.89,20.69,18.56,13.89,15.17,17.01,18.56,19.68,21.37,20.7,25.06,27.34,130.94
2022-04-20,17.4691,19.1855,25.73,21.71,17.73,13.05,14.4,17.73,27.86,23.23,20.29,18.48,13.49,14.84,16.61,18.48,19.19,20.32,19.3,24.15,26.83,134.18
2022-04-21,19.739,20.7811,27.67,23.65,19.8,14.5,16.23,19.8,29.44,24.79,21.83,20.21,14.56,16.25,18.42,20.21,20.78,22.68,22.21,26.11,28.21,132.72
2022-04-22,24.4666,24.1626,33.44,28.87,24.59,17.32,20.1,24.59,34.08,28.66,25.51,23.94,16.72,19.08,22.03,23.94,24.16,28.21,29.07,29.87,30.77,136.22
2022-04-25,23.36,23.3904,32.8,28.38,23.68,16.82,19.37,23.68,33.27,27.93,24.85,23.03,16.14,18.49,21.11,23.03,23.39,27.02,28.95,29.07,30.12,133.42
2022-04-26,28.5504,26.5048,40.63,33.86,28.4,20.62,23.47,28.4,38.9,31.87,28.52,26.47,18.7,21.54,24.49,26.47,26.5,33.52,37.74,33.14,32.87,137.43
2022-04-27,25.9514,24.9189,39.44,32.37,27.18,19.6,22.51,27.18,38.07,30.98,27.53,25.59,18.16,20.96,23.65,25.59,24.92,31.6,34.82,32.2,32.32,138.09
2022-04-28,23.9521,24.0203,35.61,29.22,24.78,18.63,20.75,24.78,35.64,29.07,25.79,23.75,17.37,19.59,21.96,23.75,24.02,29.99,32.25,31.15,31.65,136.35
2022-04-29,27.7084,26.1092,42.39,34.55,29.14,21.89,24.76,29.14,39.68,32.17,28.68,26.86,19.53,22.32,25.04,26.86,26.11,33.4,36.11,33.18,33.02,136.69
2022-05-02,27.2647,25.9006,40.2,33.97,28.99,22.6,25.09,28.99,38.8,31.69,28.27,26.58,19.93,22.31,24.72,26.58,25.9,32.34,35.4,33.01,33.03,131.4
2022-05-03,25.3819,24.5473,36.26,31.23,27.16,20.57,23.24,27.16,36.0,29.84,26.68,24.99,18.72,20.91,23.36,24.99,24.55,29.25,31.61,30.81,31.31,129.0
2022-05-04,22.2618,22.6126,31.03,26.74,22.83,18.09,19.93,22.83,32.34,27.04,24.03,22.31,16.82,18.69,20.65,22.31,22.61,25.42,26.16,28.09,29.23,127.75
2022-05-05,27.0603,25.7561,38.63,33.95,29.48,23.06,25.52,29.48,38.38,31.82,28.49,26.64,20.08,22.62,25.01,26.64,25.76,31.2,33.25,32.68,32.73,128.65
2022-05-06,25.7739,25.697,33.53,30.86,27.7,22.73,24.9,27.7,36.54,30.7,27.78,26.2,20.21,22.42,24.7,26.2,25.7,30.19,29.79,32.31,32.58,126.21
2022-05-09,30.7416,28.4981,42.16,38.51,34.28,28.73,31.13,34.28,42.06,35.33,32.15,30.15,23.6,26.28,28.68,30.15,28.5,34.75,36.65,35.05,34.42,127.05
2022-05-10,29.5487,27.5845,38.87,36.43,33.24,28.06,30.17,33.24,39.2,33.43,30.76,29.14,22.6,25.21,27.59,29.14,27.58,32.99,34.7,33.97,33.67,125.86
2022-05-11,29.3002,27.5396,36.4,33.61,32.08,28.91,29.57,32.08,32.72,28.87,26.33,25.35,22.28,22.94,24.34,25.35,27.54,32.56,33.92,33.63,33.53,124.51
2022-05-12,29.4504,27.5497,36.64,34.97,32.62,28.97,31.11,32.62,36.51,32.36,30.23,28.81,23.55,25.52,27.48,28.81,27.55,31.77,33.32,33.08,33.45,119.91
2022-05-13,25.6509,25.5048,32.56,30.19,29.24,23.53,26.33,29.24,33.6,29.74,27.62,26.14,20.95,23.18,25.03,26.14,25.5,28.87,29.38,30.7,31.58,122.09
2022-05-16,25.6115,25.0796,32.23,31.1,29.49,24.92,27.08,29.49,32.33,28.86,26.96,25.56,20.49,22.49,24.45,25.56,25.08,27.47,28.52,29.51,31.03,117.53
2022-05-17,24.1861,23.9584,31.5,29.9,27.55,24.79,25.34,27.55,30.98,27.53,25.42,24.19,19.52,21.32,23.04,24.19,23.96,26.1,26.92,28.37,30.29,117.68
2022-05-18,27.8305,26.8169,36.58,34.14,29.29,31.36,31.55,29.29,36.21,31.73,29.2,27.78,22.68,24.64,26.42,27.78,26.82,30.96,32.3,32.8,33.64,123.46
2022-05-19,26.5026,25.5093,27.13,26.26,25.69,24.84,25.33,25.69,34.2,30.17,27.89,26.65,22.16,23.65,25.47,26.65,25.51,29.35,30.69,30.79,32.0,122.66
2022-05-20,25.7877,25.6065,21.08,20.74,20.94,20.6,20.81,20.94,34.27,30.02,28.02,26.53,22.22,23.57,25.14,26.53,25.61,29.43,29.19,31.14,32.21,122.32
2022-05-23,25.7898,25.3474,33.16,29.81,26.46,22.21,23.64,26.46,34.2,29.33,26.69,25.32,20.51,22.27,23.96,25.32,25.35,28.48,28.98,30.29,31.61,120.55
2022-05-24,26.8098,25.9003,34.51,30.75,27.3,23.41,24.8,27.3,35.21,30.08,27.54,25.84,21.27,22.86,24.65,25.84,25.9,29.45,29.48,30.74,31.98,122.96
2022-05-25,26.2858,25.3673,32.58,29.68,26.65,22.94,24.26,26.65,33.51,29.14,26.57,25.45,20.83,22.61,24.15,25.45,25.37,28.37,27.37,29.73,31.12,118.85
2022-05-26,24.8608,24.5659,31.63,27.82,25.02,21.71,23.03,25.02,33.0,28.32,25.65,24.39,20.2,21.67,23.19,24.39,24.57,27.5,25.67,29.28,30.83,122.28
2022-05-27,22.5835,23.2694,29.17,26.38,23.26,19.99,21.32,23.26,31.44,27.39,24.4,22.97,18.45,20.1,21.78,22.97,23.27,25.72,23.13,28.02,29.86,121.25
2022-05-31,23.8226,23.5079,30.23,27.74,24.6,20.76,22.56,24.6,31.52,27.12,24.49,23.12,18.38,20.19,21.91,23.12,23.51,26.19,25.91,27.99,29.8,119.1
2022-06-01,23.758,23.5734,29.52,27.35,24.15,20.3,21.94,24.15,31.03,27.01,24.54,23.03,18.22,20.07,21.75,23.03,23.57,25.69,25.12,27.72,29.47,119.3
2022-06-02,22.4147,22.7882,28.58,25.74,22.91,19.26,20.77,22.91,30.14,25.97,23.43,22.05,17.49,19.16,20.93,22.05,22.79,24.72,23.57,27.06,28.92,121.4
2022-06-03,22.39,23.2783,27.98,25.77,22.67,19.26,20.6,22.67,30.16,26.15,23.74,22.48,17.89,19.56,21.24,22.48,23.28,24.79,23.05,27.33,29.15,122.25
2022-06-06,22.498,23.2006,28.84,26.94,24.39,21.1,22.31,24.39,29.77,26.3,23.94,22.7,18.15,19.85,21.43,22.7,23.2,25.07,25.57,27.22,29.1,122.36
2022-06-07,21.8351,22.6965,27.53,25.93,22.94,20.24,21.16,22.94,29.09,25.41,23.16,21.61,17.36,19.03,20.53,21.61,22.7,24.02,24.23,26.52,28.56,120.66
2022-06-08,22.1419,22.8112,26.93,25.4,23.53,20.36,22.0,23.53,28.97,25.64,23.31,22.04,17.61,19.26,20.98,22.04,22.81,23.96,23.91,26.54,28.41,119.13
2022-06-09,24.1552,24.1255,30.76,28.78,27.29,24.54,25.48,27.29,30.74,27.29,25.26,24.08,19.23,20.91,22.66,24.08,24.13,26.09,27.54,28.01,29.49,120.66
2022-06-10,25.6038,25.4984,32.65,31.37,28.59,24.08,25.95,28.59,31.98,28.96,27.26,26.04,20.79,22.86,24.8,26.04,25.5,27.75,28.78,29.72,30.94,121.64
2022-06-13,30.5328,28.5293,54.45,47.5,44.6,39.1,40.41,44.6,39.86,34.39,32.14,30.78,24.66,27.03,29.29,30.78,28.53,34.02,38.86,34.24,34.16,124.14
2022-06-14,29.4024,27.4077,51.14,45.42,42.32,43.53,42.81,42.32,37.16,32.37,30.54,29.38,24.61,26.51,28.23,29.38,27.41,32.69,36.95,33.28,33.57,125.16
2022-06-15,27.4099,25.9487,41.63,40.05,39.69,41.25,39.38,39.69,33.9,30.36,28.17,27.2,23.24,24.78,26.17,27.2,25.95,29.62,32.53,30.78,31.56,118.36
2022-06-16,29.5606,27.5075,31.51,30.27,29.96,29.11,29.65,29.96,39.82,33.37,30.49,29.67,24.86,26.48,28.3,29.67,27.51,32.95,36.58,33.49,33.92,122.48
2022-06-17,27.3569,26.6356,21.4,20.9,20.91,20.92,21.07,20.91,36.45,31.09,28.7,27.75,24.55,25.56,26.56,27.75,26.64,31.13,30.4,32.36,32.81,121.15
2022-06-21,26.9657,25.8725,34.48,30.02,26.92,23.69,24.83,26.92,35.74,30.15,27.58,26.16,21.95,23.51,25.09,26.16,25.87,30.19,30.38,31.25,31.86,121.38
2022-06-22,26.3803,25.5154,32.95,29.11,26.23,23.72,24.4,26.23,34.64,29.52,26.93,25.66,21.68,22.78,24.47,25.66,25.52,28.95,28.3,30.24,31.18,119.22
2022-06-23,26.3183,25.4692,32.13,28.79,25.76,23.24,24.04,25.76,34.47,29.42,26.83,25.49,21.31,22.57,24.21,25.49,25.47,29.05,28.29,30.19,31.13,121.11
2022-06-24,23.9324,24.2357,30.8,27.13,24.04,21.53,22.29,24.04,32.92,28.03,25.51,23.94,20.33,21.43,22.79,23.94,24.24,27.23,26.04,28.95,30.16,120.43
2022-06-27,23.9236,23.8767,29.84,26.37,23.84,21.88,22.53,23.84,31.99,27.62,25.21,23.75,20.03,21.08,22.58,23.75,23.88,26.95,25.81,28.18,29.61,119.98
2022-06-28,25.7526,24.8805,31.33,27.94,25.19,22.47,23.4,25.19,33.09,29.02,26.41,24.97,20.42,21.77,23.59,24.97,24.88,28.36,27.18,29.15,30.38,120.46
2022-06-29,26.0459,24.8866,30.74,27.94,25.62,22.88,23.81,25.62,32.63,28.82,26.33,24.94,20.45,21.81,23.6,24.94,24.89,28.16,26.56,29.0,30.27,119.26
2022-06-30,26.4412,25.4747,31.28,28.43,26.06,22.92,24.05,26.06,33.55,29.49,26.7,25.46,20.84,22.14,24.05,25.46,25.47,28.71,26.86,29.71,30.85,119.94
2022-07-01,24.5228,24.6751,28.18,26.04,23.73,20.53,21.77,23.73,31.56,27.41,25.65,24.25,19.6,21.11,22.93,24.25,24.68,26.7,23.56,28.52,29.93,118.59
2022-07-05,25.7407,24.8356,30.62,28.55,25.89,22.4,23.67,25.89,32.33,28.79,26.32,24.75,19.81,21.44,23.35,24.75,24.84,27.54,27.34,28.9,30.01,118.19
2022-07-06,25.1531,24.5388,29.7,27.09,25.51,21.8,23.11,25.51,31.73,28.45,26.1,24.52,19.51,21.14,23.06,24.52,24.54,26.73,25.95,28.39,29.62,117.45
2022-07-07,24.1714,23.989,28.17,26.19,23.38,20.21,21.44,23.38,31.32,27.72,25.21,23.58,19.21,20.54,22.24,23.58,23.99,26.08,24.79,28.03,29.37,118.76
2022-07-08,22.2596,23.3811,25.11,23.0,20.44,17.58,18.65,20.44,30.01,26.66,24.03,22.64,18.42,19.71,21.3,22.64,23.38,24.64,21.91,27.3,28.89,118.13
2022-07-11,24.1865,24.2096,27.66,26.57,25.24,22.26,24.36,25.24,31.2,27.89,25.35,23.94,19.26,20.7,22.58,23.94,24.21,26.17,24.46,28.25,29.57,119.8
2022-07-12,25.0988,24.6324,35.76,32.02,30.31,27.62,28.55,30.31,32.04,28.35,25.98,24.65,19.37,21.12,23.08,24.65,24.63,27.29,27.13,28.82,30.04,121.33
2022-07-13,25.1142,24.6574,31.0,29.13,27.84,23.63,26.95,27.84,31.15,27.89,25.57,24.4,19.51,21.01,23.06,24.4,24.66,26.82,25.94,28.56,29.98,120.41
2022-07-14,24.5619,24.6327,21.27,20.7,20.17,19.39,19.91,20.17,30.55,27.51,25.61,24.16,19.28,20.93,22.88,24.16,24.63,26.4,25.22,28.61,30.06,121.92
2022-07-15,21.876,23.1939,14.57,14.16,14.16,13.51,13.89,14.16,28.73,25.59,23.48,22.2,17.93,19.34,20.84,22.2,23.19,24.23,22.14,27.08,28.96,122.48
2022-07-18,23.2229,23.712,29.76,26.94,23.1,18.49,19.93,23.1,31.16,27.32,24.81,23.2,18.65,19.9,21.61,23.2,23.71,25.3,25.6,27.82,29.53,120.55
2022-07-19,22.294,22.4715,29.47,26.27,22.3,18.34,18.66,22.3,30.99,26.96,24.09,22.49,18.56,19.63,20.93,22.49,22.47,24.5,26.2,27.31,29.01,120.04
2022-07-20,22.4696,22.94,27.98,25.02,22.05,18.81,19.51,22.05,29.91,26.15,23.44,22.07,18.81,19.6,20.87,22.07,22.94,23.88,25.18,26.7,28.53,117.24
2022-07-21,21.0182,22.2966,27.34,23.67,20.53,18.18,18.61,20.53,29.36,25.22,22.42,21.21,18.36,19.02,20.11,21.21,22.3,23.11,23.44,26.22,28.1,118.71
2022-07-22,20.2116,22.1716,26.79,23.59,20.57,17.7,18.43,20.57,29.04,25.09,22.42,21.14,18.05,18.88,20.02,21.14,22.17,23.03,22.09,25.97,28.03,119.15
2022-07-25,21.4892,22.3489,26.96,23.84,20.99,17.7,18.66,20.99,28.97,25.19,22.5,21.13,17.89,18.82,20.12,21.13,22.35,23.36,23.09,25.8,27.86,119.46
2022-07-26,22.3467,22.6259,27.94,25.43,21.95,18.3,19.5,21.95,29.71,26.08,23.56,22.02,18.09,19.3,20.84,22.02,22.63,24.69,24.95,26.42,28.31,121.29
2022-07-27,20.7318,21.6048,26.75,23.06,20.03,17.41,18.11,20.03,28.82,24.74,21.88,20.74,17.58,18.48,19.69,20.74,21.6,23.24,22.14,25.31,27.41,121.92
2022-07-28,19.3572,20.5619,26.11,21.96,19.11,17.19,17.84,19.11,27.99,23.55,21.0,19.73,17.07,17.81,18.98,19.73,20.56,22.33,20.81,24.33,26.65,122.67
2022-07-29,18.4823,20.312,23.49,20.44,18.18,16.24,16.78,18.18,26.88,22.47,20.15,19.08,16.45,17.22,18.26,19.08,20.31,21.33,18.57,23.79,26.22,122.29
2022-08-01,20.1441,21.2531,25.92,22.68,19.47,17.11,17.95,19.47,28.76,24.14,21.55,20.18,16.73,17.84,19.13,20.18,21.25,22.84,21.94,24.86,26.88,122.94
2022-08-02,21.4184,22.0699,27.09,24.28,20.82,17.4,18.6,20.82,29.72,25.46,22.49,21.09,17.08,18.42,19.96,21.09,22.07,23.93,23.25,25.66,27.6,121.78
2022-08-03,19.5934,20.9517,24.08,21.08,18.61,16.49,17.28,18.61,27.57,23.25,20.72,19.53,16.47,17.5,18.64,19.53,20.95,21.95,20.56,24.37,26.55,121.16
2022-08-04,19.1662,20.9566,23.14,20.32,18.08,16.09,16.93,18.08,27.41,22.93,20.41,19.31,16.14,17.23,18.41,19.31,20.96,21.44,19.69,24.32,26.6,122.81
2022-08-05,18.2569,20.8473,22.72,19.91,17.43,15.31,16.01,17.43,27.07,22.74,20.08,18.95,15.56,16.66,17.99,18.95,20.85,21.15,19.32,24.18,26.52,125.97
2022-08-08,18.5656,21.1065,23.01,20.41,18.16,16.18,16.85,18.16,27.62,23.02,20.42,19.2,15.8,16.93,18.26,19.2,21.11,21.29,19.93,24.48,26.75,123.69
2022-08-09,19.2279,21.4056,23.84,21.31,18.96,17.15,17.87,18.96,27.76,23.32,20.81,19.61,16.02,17.2,18.56,19.61,21.41,21.77,20.81,24.69,26.84,123.91
2022-08-10,17.437,20.1171,19.95,17.81,16.43,15.69,15.79,16.43,25.25,21.16,18.96,17.89,15.33,16.13,17.04,17.89,20.12,19.74,17.59,23.46,25.89,125.04
2022-08-11,17.6629,20.2619,20.05,17.96,16.42,14.88,15.08,16.42,25.54,21.12,19.13,18.06,15.19,16.05,17.1,18.06,20.26,20.2,18.03,23.71,26.09,126.84
2022-08-12,16.2466,19.6609,17.72,15.82,14.47,13.22,14.26,14.47,24.21,20.19,18.26,16.97,14.78,15.53,16.33,16.97,19.66,19.53,16.78,23.31,25.74,129.34
2022-08-15,17.459,19.959,18.79,17.54,17.28,16.11,16.43,17.28,23.93,20.39,18.53,17.3,14.98,15.95,16.66,17.3,19.96,19.95,18.54,23.32,25.7,127.62
2022-08-16,17.6483,19.9775,19.61,18.53,16.93,15.41,15.68,16.93,23.87,20.37,18.39,17.59,14.57,15.45,16.45,17.59,19.98,19.69,18.6,23.32,25.61,126.09
2022-08-17,17.9464,20.2815,19.87,18.51,17.33,16.43,18.11,17.33,24.09,20.83,19.06,17.62,14.83,15.88,16.95,17.62,20.28,19.9,18.64,23.6,26.05,122.06
2022-08-18,17.8227,20.0166,13.83,13.49,13.18,12.45,12.46,13.18,23.2,19.86,18.15,17.0,14.38,15.32,16.1,17.0,20.02,19.56,17.67,23.39,25.88,124.22
2022-08-19,17.9928,21.035,12.1,11.79,11.34,10.66,10.87,11.34,24.35,20.93,19.16,17.69,14.74,15.85,17.02,17.69,21.04,20.6,18.24,24.32,26.67,123.68
2022-08-22,21.2034,22.4226,27.87,23.73,20.56,16.58,17.88,20.56,30.14,25.74,23.28,21.34,16.66,18.32,20.01,21.34,22.42,23.8,22.85,26.0,27.83,123.93
2022-08-23,21.8731,22.5381,28.04,24.14,20.49,16.82,18.29,20.49,29.95,25.57,23.11,21.31,16.83,18.43,20.07,21.31,22.54,24.11,23.35,25.92,27.81,123.83
2022-08-24,20.6413,21.5364,26.47,22.77,19.82,16.1,17.41,19.82,28.6,24.52,22.18,20.34,16.13,17.6,19.17,20.34,21.54,22.82,21.2,24.89,27.04,122.78
2022-08-25,19.8255,20.9219,24.67,21.51,18.33,15.48,16.32,18.33,27.36,23.51,21.13,19.43,15.66,16.96,18.34,19.43,20.92,21.78,20.34,24.13,26.52,123.1
2022-08-26,22.7542,23.249,30.03,25.54,22.13,18.19,19.39,22.13,31.17,26.6,24.17,22.28,17.68,19.24,21.04,22.28,23.25,25.56,23.9,26.56,28.28,124.57
2022-08-29,23.1973,23.1977,30.9,26.96,22.99,19.14,20.69,22.99,31.65,27.06,24.58,22.71,18.02,19.66,21.43,22.71,23.2,26.21,24.76,26.82,28.5,121.97
2022-08-30,23.8591,23.543,30.58,26.92,23.21,19.43,21.18,23.21,31.44,27.02,24.61,22.9,18.16,19.81,21.71,22.9,23.54,26.21,24.41,26.91,28.45,121.01
2022-08-31,23.3166,23.2894,29.97,26.84,23.52,19.67,20.83,23.52,30.89,27.0,24.65,22.69,18.02,19.7,21.39,22.69,23.29,25.87,23.69,26.65,28.37,119.71
2022-09-01,22.9246,23.099,29.61,25.88,22.78,19.34,20.3,22.78,30.36,26.44,24.04,22.39,18.17,19.54,21.17,22.39,23.1,25.56,23.76,26.43,28.16,120.74
2022-09-02,22.8369,23.299,28.69,25.89,22.95,19.16,20.35,22.95,30.48,26.62,24.4,22.44,18.21,19.6,21.38,22.44,23.3,25.47,22.97,26.48,28.11,119.81
2022-09-06,24.2845,24.1701,30.79,27.95,25.28,22.16,23.01,25.28,31.76,27.75,25.32,23.6,19.45,20.65,22.34,23.6,24.17,26.91,26.99,27.59,28.89,119.84
2022-09-07,22.1996,22.9211,27.23,25.42,22.38,21.08,20.9,22.38,29.13,25.69,23.49,21.87,18.39,19.49,20.78,21.87,22.92,24.64,24.05,26.1,27.72,119.05
2022-09-08,21.304,22.2661,26.46,23.87,20.69,20.03,19.76,20.69,28.11,24.83,22.72,21.26,18.12,18.94,20.2,21.26,22.27,23.61,22.84,25.52,27.29,119.08
2022-09-09,19.8277,21.7216,23.75,20.85,19.58,18.16,19.03,19.58,27.2,24.0,22.35,20.2,17.52,18.27,19.42,20.2,21.72,22.79,21.71,25.14,27.07,119.66
2022-09-12,21.2823,22.0822,29.74,27.5,27.33,24.42,25.7,27.33,27.89,24.36,22.34,21.15,18.44,19.32,20.35,21.15,22.08,23.87,25.26,25.37,26.84,121.06
2022-09-13,24.2304,24.1233,36.52,31.63,28.82,27.43,27.83,28.82,31.44,27.24,24.91,24.07,20.01,21.16,22.86,24.07,24.12,27.27,29.14,27.95,29.04,125.46
2022-09-14,23.5814,23.7151,31.03,26.67,25.46,26.19,26.32,25.46,30.5,26.77,24.76,23.09,19.38,20.53,22.06,23.09,23.72,26.16,27.28,27.46,28.66,120.19
2022-09-15,24.7445,24.5293,22.16,21.42,21.39,20.67,21.1,21.39,30.79,27.07,25.11,23.96,19.74,21.09,22.76,23.96,24.53,26.27,27.11,27.6,28.81,119.97
2022-09-16,24.3264,24.4388,18.08,17.78,17.35,16.06,16.45,17.35,30.43,27.38,25.46,24.01,19.76,21.27,22.87,24.01,24.44,26.3,27.06,27.63,28.85,117.71
2022-09-19,24.15,23.9801,29.38,26.68,24.08,20.24,21.46,24.08,30.75,27.19,25.09,23.66,19.54,20.98,22.45,23.66,23.98,25.76,27.78,27.01,28.33,116.26
2022-09-20,47.2841,24.762,31.58,28.32,25.16,20.77,22.38,25.16,32.25,28.29,26.21,24.44,20.08,21.7,23.23,24.44,24.76,27.16,30.39,27.88,28.98,116.69
2022-09-21,26.6538,25.5903,32.36,29.17,26.24,21.68,23.46,26.24,33.26,29.1,27.18,25.56,20.93,22.63,24.4,25.56,25.59,27.99,30.34,28.76,29.66,116.21
2022-09-22,25.8115,24.9414,31.21,28.06,25.59,21.8,23.24,25.59,32.19,28.34,26.46,24.95,21.13,22.64,23.98,24.95,24.94,27.35,27.67,28.22,29.34,115.86
2022-09-23,27.0307,26.1543,34.91,30.76,27.4,23.01,24.71,27.4,35.61,30.45,28.1,26.31,22.16,23.61,25.17,26.31,26.15,29.92,30.25,30.32,30.92,118.99
2022-09-26,29.4395,27.4697,37.9,33.97,29.74,24.98,26.79,29.74,37.88,32.5,29.79,28.07,23.26,25.05,26.83,28.07,27.47,32.26,34.14,31.77,32.12,120.01
2022-09-27,29.2547,27.2376,38.22,33.85,29.82,24.52,26.28,29.82,38.44,32.72,29.94,27.94,22.84,24.64,26.58,27.94,27.24,32.6,33.49,32.12,32.45,120.39
2022-09-28,27.6012,26.2922,35.46,31.36,27.67,23.22,24.76,27.67,36.11,30.86,28.23,26.48,22.08,23.53,25.15,26.48,26.29,30.18,31.16,30.58,31.45,120.38
2022-09-29,28.435,26.9026,37.24,32.91,29.31,24.18,26.15,29.31,37.65,32.17,29.37,27.45,22.53,24.22,26.1,27.45,26.9,31.84,32.67,31.74,32.32,121.54
2022-09-30,28.0805,26.9865,36.72,31.93,29.42,24.28,26.25,29.42,37.94,32.02,29.24,27.52,22.53,24.19,26.12,27.52,26.99,31.62,31.19,31.86,32.48,123.59
2022-10-03,27.2772,25.8377,34.59,30.35,27.99,23.33,25.28,27.99,35.88,30.7,28.03,26.42,22.19,23.57,25.16,26.42,25.84,30.1,30.65,30.69,31.46,121.38
2022-10-04,25.941,24.9919,33.19,29.17,26.24,22.87,23.9,26.24,34.33,29.46,26.93,25.23,21.78,22.77,24.19,25.23,24.99,29.07,29.82,29.67,30.6,122.46
2022-10-05,26.1087,25.0718,31.77,28.57,26.36,22.55,23.97,26.36,34.05,29.24,26.78,25.21,21.37,22.68,24.11,25.21,25.07,28.55,28.81,29.43,30.63,121.78
2022-10-06,27.1456,25.9618,34.05,30.68,27.97,23.94,25.6,27.97,35.6,30.73,28.25,26.57,22.29,23.76,25.36,26.57,25.96,30.52,31.3,30.79,31.66,122.44
2022-10-07,27.5972,26.8077,33.53,30.8,28.44,24.13,25.94,28.44,36.86,31.77,29.33,27.65,23.0,24.62,26.39,27.65,26.81,31.36,30.55,32.1,32.77,121.81
2022-10-10,29.6726,27.616,34.83,32.45,30.67,27.01,28.64,30.67,37.59,32.72,30.37,28.71,24.41,25.8,27.55,28.71,27.62,32.45,32.22,32.73,33.17,120.07
2022-10-11,30.7849,28.0081,38.16,34.84,32.99,29.62,30.42,32.99,38.74,33.6,31.15,29.5,25.42,26.75,28.35,29.5,28.01,33.63,34.66,33.36,33.76,120.12
2022-10-12,30.7952,27.9359,37.21,34.61,33.79,30.89,32.18,33.79,37.96,33.07,30.94,29.51,25.72,26.97,28.48,29.51,27.94,33.57,34.61,33.13,33.44,119.99
2022-10-13,29.3556,27.2296,33.7,31.52,31.01,29.2,29.95,31.01,35.49,31.86,29.91,28.53,25.59,26.5,27.66,28.53,27.23,31.94,31.51,31.8,32.33,117.82
2022-10-14,29.317,27.5432,32.02,29.54,28.21,26.39,26.59,28.21,35.77,31.9,30.14,28.92,25.5,26.63,27.97,28.92,27.54,32.02,29.67,32.45,33.09,119.3
2022-10-17,28.9904,27.0733,34.31,32.25,31.97,30.31,31.44,31.97,35.39,31.91,30.11,28.59,25.37,26.53,27.73,28.59,27.07,31.37,30.6,31.74,32.44,116.97
2022-10-18,28.1982,26.3606,32.41,32.4,29.59,30.23,31.25,29.59,34.55,31.01,29.29,28.39,25.36,26.37,27.42,28.39,26.36,30.5,28.99,30.98,31.77,116.88
2022-10-19,28.2744,26.6674,31.68,28.83,29.23,31.2,31.49,29.23,34.8,31.17,29.28,28.21,25.21,26.19,27.17,28.21,26.67,30.76,28.67,31.35,32.13,117.26
2022-10-20,27.8021,26.771,22.02,21.88,21.66,20.81,21.07,21.66,33.71,30.67,29.18,27.92,24.78,25.88,27.03,27.92,26.77,29.98,27.87,30.81,31.76,117.41
2022-10-21,27.5204,26.5534,18.53,18.24,17.97,17.17,17.42,17.97,33.18,30.4,28.82,27.76,25.35,26.04,26.93,27.76,26.55,29.69,28.46,30.47,31.49,116.19
2022-10-24,27.818,26.4261,33.56,30.98,28.54,26.38,27.22,28.54,34.02,30.31,28.52,27.08,24.24,25.28,26.38,27.08,26.43,29.85,31.66,30.33,31.33,114.97
2022-10-25,26.4561,25.6108,32.07,29.37,27.64,25.52,26.55,27.64,33.13,29.47,27.57,26.26,23.24,24.29,25.44,26.26,25.61,28.46,30.67,29.29,30.54,114.64
2022-10-26,25.4943,24.893,31.45,29.11,26.71,24.18,25.14,26.71,31.97,28.55,26.92,25.35,22.41,23.45,24.55,25.35,24.89,27.28,29.32,28.46,29.96,113.86
2022-10-27,28.0398,25.1096,29.38,27.04,25.78,25.28,28.04,25.78,31.5,27.92,25.1,27.24,23.45,25.56,25.85,27.24,25.11,27.39,29.77,28.28,29.78,113.23
2022-10-28,23.8927,24.098,29.35,27.61,25.53,23.05,24.06,25.53,30.35,27.35,25.79,24.35,21.47,22.52,23.62,24.35,24.1,25.75,27.81,26.9,28.53,112.06
2022-10-31,24.249,24.0767,29.49,28.05,26.47,23.99,24.96,26.47,30.38,27.49,25.81,24.47,21.66,22.68,23.76,24.47,24.08,25.88,29.8,26.92,28.58,111.96
2022-11-01,24.3987,24.1171,29.54,28.1,26.73,24.23,25.27,26.73,30.11,27.4,25.82,24.51,21.78,22.75,23.8,24.51,24.12,25.81,30.51,26.69,28.25,111.44
2022-11-02,24.7331,24.6363,29.11,27.97,26.6,24.44,25.28,26.6,30.27,27.71,26.22,24.8,22.14,23.17,24.07,24.8,24.64,25.86,29.37,27.22,28.72,111.99
2022-11-03,24.3604,24.5879,27.83,27.4,26.5,24.66,25.48,26.5,29.27,27.37,26.26,24.88,22.29,23.28,24.27,24.88,24.59,25.3,28.4,26.7,28.22,110.34
2022-11-04,23.2013,23.6654,27.52,26.62,25.37,23.49,24.36,25.37,28.68,26.66,25.37,24.05,21.61,22.72,23.57,24.05,23.67,24.55,27.04,26.39,27.99,111.62
2022-11-07,23.0661,23.5999,28.08,26.86,26.02,23.9,24.93,26.02,28.53,26.28,25.11,23.93,21.56,22.5,23.48,23.93,23.6,24.35,27.16,26.26,27.85,111.67
2022-11-08,23.8193,24.1316,30.32,28.42,27.64,25.35,26.32,27.64,30.21,27.36,25.91,24.73,21.98,23.12,23.95,24.73,24.13,25.54,28.7,27.1,28.48,113.55
2022-11-09,24.6988,25.0633,30.59,29.06,28.13,25.96,26.96,28.13,30.91,27.93,26.47,25.07,22.4,23.43,24.41,25.07,25.06,26.09,28.9,27.91,29.26,114.36
2022-11-10,21.9849,23.3817,27.17,25.37,24.18,22.45,23.24,24.18,28.2,25.7,24.36,23.12,21.05,21.84,22.63,23.12,23.38,23.53,24.46,26.18,27.76,111.42
2022-11-11,20.0119,22.8252,24.29,21.96,20.47,19.6,19.86,20.47,27.61,24.43,22.9,21.64,19.3,20.06,20.96,21.64,22.83,22.52,21.31,25.74,27.74,114.09
2022-11-14,22.38,22.8277,25.9,24.27,22.46,21.54,21.58,22.46,28.31,24.96,23.38,22.06,19.5,20.25,21.24,22.06,22.83,23.73,21.19,26.13,28.15,113.67
2022-11-15,22.9228,22.8177,28.89,26.79,24.84,24.09,24.1,24.84,29.28,25.69,23.8,22.26,19.65,20.46,21.48,22.26,22.82,24.54,21.8,26.59,28.52,115.94
2022-11-16,22.4134,22.4565,24.26,22.68,21.22,21.73,22.86,21.22,28.37,24.94,23.36,22.0,19.37,20.23,21.21,22.0,22.46,24.11,19.67,26.03,28.06,115.56
2022-11-17,22.2188,22.6466,26.97,25.47,24.21,23.49,23.59,24.21,27.47,24.69,23.31,22.01,19.38,20.23,21.26,22.01,22.65,23.93,19.74,25.83,27.92,115.24
2022-11-18,21.4849,22.4492,12.95,12.89,12.74,12.94,13.09,12.74,26.37,23.92,22.62,21.33,18.68,19.55,20.72,21.33,22.45,23.12,18.34,25.33,27.61,114.97
2022-11-21,21.0486,22.0569,25.55,23.36,20.94,18.22,19.27,20.94,27.21,23.79,22.06,20.55,17.18,18.46,19.7,20.55,22.06,22.36,19.51,24.72,27.16,114.52
2022-11-22,19.9815,21.2908,24.51,22.3,19.92,17.37,18.3,19.92,26.02,22.93,21.19,19.71,16.47,17.64,18.85,19.71,21.29,21.29,19.03,23.83,26.39,116.24
2022-11-23,18.9834,20.7551,23.58,21.4,18.94,16.28,17.21,18.94,25.78,22.43,20.59,18.84,15.68,16.8,18.01,18.84,20.76,20.35,16.91,23.38,26.1,118.65
2022-11-25,18.4308,20.5493,24.03,21.14,18.96,16.26,17.15,18.96,26.02,22.49,20.54,18.99,15.73,16.91,18.1,18.99,20.55,20.5,17.06,23.59,26.32,128.11
2022-11-28,20.1084,21.8274,26.15,24.29,22.02,18.54,19.88,22.02,27.52,24.13,22.13,20.49,16.72,18.14,19.55,20.49,21.83,22.21,20.07,24.9,27.39,118.47
2022-11-29,20.351,22.0316,25.83,24.41,22.3,19.07,20.39,22.3,26.87,23.7,21.95,20.38,16.8,18.1,19.43,20.38,22.03,21.89,20.39,24.65,27.22,120.38
2022-11-30,19.1088,20.8435,24.86,23.31,20.94,19.0,19.82,20.94,25.44,22.56,20.73,19.19,16.16,17.2,18.37,19.19,20.84,20.58,18.87,23.53,26.2,118.47
2022-12-01,18.5111,20.4072,23.78,22.43,20.93,18.98,19.64,20.93,24.88,22.04,20.24,18.76,16.05,16.94,17.97,18.76,20.41,19.84,18.38,23.31,25.97,117.79
2022-12-02,17.3099,20.2567,23.27,21.74,20.03,17.98,18.69,20.03,24.14,21.39,19.71,18.26,15.48,16.48,17.51,18.26,20.26,19.06,17.95,22.96,25.72,118.11
2022-12-05,19.2299,21.299,26.29,25.13,23.37,20.54,21.53,23.37,25.48,22.65,20.95,19.54,16.23,17.36,18.65,19.54,21.3,20.75,23.81,23.89,26.2,117.75
2022-12-06,20.8216,22.0651,28.84,27.83,26.39,23.21,24.24,26.39,26.65,23.93,22.31,20.9,17.31,18.55,19.92,20.9,22.07,22.17,27.08,24.72,26.74,117.11
2022-12-07,21.2307,22.542,29.83,28.69,27.35,23.74,25.32,27.35,27.31,24.45,22.9,21.28,17.58,18.95,20.4,21.28,22.54,22.68,28.07,25.18,27.08,117.81
2022-12-08,20.2327,22.0026,29.19,28.79,27.43,24.12,25.15,27.43,26.61,23.97,22.25,20.8,17.27,18.48,19.82,20.8,22.0,22.29,26.74,24.73,26.73,117.54
2022-12-09,20.702,22.7469,29.68,29.37,28.44,24.82,26.3,28.44,26.85,24.29,22.6,21.15,17.67,18.93,20.26,21.15,22.75,22.83,26.48,25.21,27.08,119.24
2022-12-12,22.5613,22.7416,40.28,40.48,40.14,37.51,38.47,40.14,27.9,25.17,23.45,22.09,19.11,20.08,21.28,22.09,22.74,25.0,29.54,25.67,27.2,121.86
2022-12-13,21.0459,21.5095,32.96,32.38,32.67,31.46,32.02,32.67,25.28,22.69,21.08,20.06,17.51,18.32,19.31,20.06,21.51,22.55,23.7,24.29,26.26,122.73
2022-12-14,19.5888,20.9445,27.89,24.32,23.43,23.7,24.41,23.43,23.26,21.0,19.66,18.89,16.11,17.06,18.13,18.89,20.94,21.14,20.2,23.46,25.78,124.23
2022-12-15,20.7951,22.4632,30.32,28.16,27.42,27.25,27.97,27.42,25.21,22.41,21.06,20.24,17.09,18.19,19.4,20.24,22.46,22.83,21.73,25.08,27.22,124.49
2022-12-16,20.5091,22.7602,13.62,13.11,12.61,15.56,15.8,12.61,25.19,22.6,21.38,20.82,17.45,18.64,19.95,20.82,22.76,22.62,20.51,25.15,27.28,120.04
2022-12-19,20.7507,22.7261,25.08,22.62,20.64,17.96,18.82,20.64,26.67,24.34,22.92,21.72,18.21,19.42,20.8,21.72,22.73,22.42,20.83,25.08,27.11,117.09
2022-12-20,20.33,22.3071,23.98,21.92,20.05,17.48,18.19,20.05,26.05,23.84,22.33,21.2,17.91,19.05,20.32,21.2,22.31,21.48,19.78,24.4,26.69,115.57
2022-12-21,18.9625,21.4968,22.41,20.69,18.79,16.73,17.24,18.79,24.79,22.75,21.31,20.15,17.15,18.17,19.36,20.15,21.5,20.07,17.58,23.35,25.74,114.25
2022-12-22,20.5971,22.6007,24.54,22.31,20.9,18.17,19.06,20.9,26.36,24.11,22.61,21.71,18.4,19.49,20.8,21.71,22.6,21.97,19.84,24.78,26.77,114.42
2022-12-23,19.3767,22.166,23.45,21.5,19.66,16.96,17.89,19.66,25.62,23.61,22.08,20.94,17.6,18.71,20.02,20.94,22.17,20.87,17.49,24.13,26.16,114.57
2022-12-27,20.68,22.6797,23.94,22.14,20.79,18.19,19.13,20.79,25.76,23.89,22.58,21.33,18.17,19.28,20.49,21.33,22.68,21.65,19.77,24.43,26.3,113.44
2022-12-28,21.1654,22.9019,24.45,22.83,21.44,18.85,19.75,21.44,25.87,24.29,23.0,21.92,18.66,19.8,21.08,21.92,22.9,22.14,20.88,24.58,26.44,112.03
2022-12-29,19.9795,22.161,23.82,21.96,20.43,17.81,18.63,20.43,25.37,23.69,22.33,21.17,18.02,19.09,20.31,21.17,22.16,21.44,20.49,23.95,25.99,113.27
2022-12-30,19.8363,22.2735,23.82,21.93,20.68,17.7,18.9,20.68,25.44,23.7,22.36,21.18,17.9,19.09,20.33,21.18,22.27,21.67,21.14,24.29,26.2,113.57
2023-01-03,22.2373,22.6245,24.63,23.06,21.95,19.13,20.27,21.95,25.86,24.1,22.8,21.67,18.5,19.6,20.79,21.67,22.62,22.9,25.08,24.58,26.24,112.74
2023-01-04,21.0721,21.761,22.92,22.02,20.87,18.45,19.45,20.87,24.78,23.25,21.97,20.89,17.9,18.95,20.09,20.89,21.76,22.01,23.92,23.81,25.55,112.14
2023-01-05,21.3511,21.9935,23.57,22.45,21.58,19.36,20.25,21.58,25.22,23.43,22.27,21.2,18.22,19.25,20.41,21.2,21.99,22.46,24.54,24.07,25.65,112.67
2023-01-06,19.6085,20.8277,21.17,20.24,19.77,17.64,18.6,19.77,24.25,22.44,21.14,20.04,17.37,18.3,19.36,20.04,20.83,21.13,21.57,23.18,24.77,113.86
2023-01-09,20.853,21.4161,23.67,22.54,21.85,19.94,20.76,21.85,25.21,23.21,21.9,20.86,18.09,19.01,20.12,20.86,21.42,21.97,23.04,23.74,25.12,114.42
2023-01-10,19.5005,20.2742,22.4,21.6,20.82,18.67,19.76,20.82,24.04,22.1,20.74,19.7,16.97,17.93,19.02,19.7,20.27,20.58,21.5,22.74,24.23,114.65
2023-01-11,19.6789,20.2046,24.05,23.05,22.33,19.77,20.72,22.33,24.41,22.43,20.98,20.01,17.43,18.31,19.3,20.01,20.2,21.09,22.41,22.74,24.19,115.1
2023-01-12,17.125,19.0145,17.69,16.36,15.81,14.49,14.89,15.81,22.09,19.89,18.64,17.75,15.72,16.33,17.14,17.75,19.01,18.83,16.46,21.58,23.49,117.39
2023-01-13,16.2148,18.3533,15.41,13.46,12.58,12.05,12.69,12.58,21.89,19.24,17.79,16.98,14.98,15.55,16.35,16.98,18.35,18.35,14.82,21.14,23.02,121.7
2023-01-17,17.8411,18.5508,20.14,17.65,17.27,15.96,15.5,17.27,22.55,19.96,18.44,17.63,15.21,15.93,16.93,17.63,18.55,19.36,16.61,21.45,23.36,120.01
2023-01-18,18.7424,19.3623,19.33,17.85,18.85,17.86,18.12,18.85,23.6,21.03,19.6,18.59,15.84,16.74,17.76,18.59,19.36,20.34,17.24,22.27,24.0,119.91
2023-01-19,19.0451,19.6331,20.68,19.2,19.92,19.56,19.62,19.92,23.88,21.27,19.75,18.97,15.84,16.95,18.16,18.97,19.63,20.52,18.28,22.45,24.07,121.23
2023-01-20,18.1755,18.8535,11.03,10.75,10.55,10.46,10.67,10.55,23.17,20.61,19.0,18.18,15.47,16.44,17.46,18.18,18.85,19.85,18.26,21.72,23.39,120.19
2023-01-23,17.7029,18.4668,23.8,20.77,18.28,15.91,16.72,18.28,24.77,21.08,18.96,17.69,15.0,15.88,16.9,17.69,18.47,19.81,21.25,21.6,23.14,120.91
2023-01-24,17.3352,17.9097,23.1,20.11,18.08,15.68,16.47,18.08,24.07,20.43,18.42,17.17,14.63,15.45,16.41,17.17,17.91,19.2,21.84,20.91,22.59,121.34
2023-01-25,17.2212,17.8642,22.96,20.39,18.03,15.7,16.41,18.03,23.97,20.46,18.43,17.16,14.67,15.43,16.38,17.16,17.86,19.08,22.01,20.94,22.52,121.04
2023-01-26,16.7581,17.4975,22.48,19.96,17.88,15.38,16.23,17.88,23.71,20.09,18.04,16.9,14.42,15.24,16.12,16.9,17.5,18.73,21.05,20.7,22.34,121.49
2023-01-27,16.2399,17.1608,22.19,19.88,17.67,15.21,16.08,17.67,23.55,19.89,17.81,16.65,14.17,14.95,15.92,16.65,17.16,18.51,20.03,20.47,22.14,121.97
2023-01-30,17.9981,18.0518,24.28,22.01,20.02,16.97,18.09,20.02,24.92,21.26,19.13,17.84,15.01,15.95,17.06,17.84,18.05,19.94,22.42,21.37,22.71,120.69
2023-01-31,17.2262,17.5174,24.24,21.68,19.26,16.43,17.37,19.26,24.3,20.56,18.41,17.2,14.45,15.35,16.36,17.2,17.52,19.4,21.74,20.81,22.25,123.29
2023-02-01,15.8001,16.868,22.07,19.15,17.28,15.18,15.8,17.28,22.87,19.19,17.24,16.12,13.74,14.45,15.38,16.12,16.87,17.87,18.56,19.97,21.65,122.19
2023-02-02,16.0734,17.1862,22.74,19.56,17.71,16.23,16.66,17.71,24.18,19.71,17.51,16.44,14.41,14.94,15.73,16.44,17.19,18.73,19.13,20.84,22.34,123.88
2023-02-03,16.1984,17.2906,21.68,19.14,17.6,16.13,16.48,17.6,23.58,19.61,17.55,16.44,14.53,14.97,15.75,16.44,17.29,18.33,17.76,20.78,22.37,123.08
2023-02-06,16.8578,18.0947,23.51,21.21,19.4,17.76,18.26,19.4,24.48,20.63,18.55,17.37,14.94,15.64,16.59,17.37,18.09,19.43,20.67,21.43,22.86,123.01
2023-02-07,16.0662,17.522,22.01,19.88,18.42,17.2,17.77,18.42,23.36,19.79,17.96,16.89,14.46,15.27,16.11,16.89,17.52,18.66,19.62,20.78,22.38,123.36
2023-02-08,17.2247,18.4644,23.19,21.61,20.41,18.14,18.91,20.41,24.5,21.04,18.91,17.73,14.98,15.88,16.94,17.73,18.46,19.63,21.0,21.82,23.14,121.52
2023-02-09,18.5162,19.2379,26.01,24.42,22.75,19.82,20.96,22.75,25.47,22.1,20.12,18.79,15.51,16.66,17.88,18.79,19.24,20.71,22.74,22.5,23.66,120.58
2023-02-10,18.9272,19.2682,25.04,24.0,22.5,18.84,20.41,22.5,24.94,22.01,20.07,18.77,15.53,16.61,17.86,18.77,19.27,20.53,21.5,22.55,23.82,120.88
2023-02-13,17.5012,18.4594,29.41,28.05,25.06,22.24,23.44,25.06,24.47,21.4,19.4,18.28,15.28,16.33,17.43,18.28,18.46,20.34,21.41,21.97,23.35,122.48
2023-02-14,17.2803,17.8175,22.46,19.78,18.01,18.13,17.94,18.01,22.83,19.89,18.04,17.0,14.24,15.15,16.15,17.0,17.82,18.91,17.72,21.14,22.68,121.27
2023-02-15,16.6926,17.5201,19.18,18.7,16.79,16.37,16.65,16.79,22.08,19.01,17.24,16.15,13.5,14.5,15.42,16.15,17.52,18.23,16.02,20.68,22.21,121.36
2023-02-16,18.0401,18.3912,33.27,27.62,22.56,21.32,21.6,22.56,24.43,20.99,18.96,17.67,14.31,15.51,16.74,17.67,18.39,20.17,19.33,21.88,23.21,123.09
2023-02-17,17.7646,18.4361,11.43,11.33,10.68,10.21,10.34,10.68,23.65,20.68,18.77,17.55,14.06,15.32,16.56,17.55,18.44,20.02,16.94,21.77,23.19,122.89
2023-02-21,19.9822,20.1939,26.03,23.21,19.99,16.15,17.53,19.99,27.27,23.18,20.92,19.21,15.22,16.65,18.07,19.21,20.19,22.87,21.14,23.38,24.6,124.09
2023-02-22,20.4891,19.5402,25.21,22.56,19.63,15.51,17.14,19.63,26.28,22.62,20.42,18.8,14.81,16.25,17.71,18.8,19.54,22.29,19.2,22.68,24.06,122.81
2023-02-23,19.6489,18.9552,23.83,21.31,18.49,15.25,16.44,18.49,24.99,21.66,19.51,18.1,14.52,15.75,17.08,18.1,18.96,21.14,18.11,21.74,23.34,121.85
2023-02-24,20.3915,19.7421,23.71,21.71,19.37,15.96,17.26,19.37,25.55,22.36,20.31,18.84,15.19,16.48,17.82,18.84,19.74,21.67,18.38,22.43,23.98,121.22
2023-02-27,19.3382,19.1629,22.8,21.15,19.01,15.94,17.06,19.01,24.44,21.57,19.67,18.31,14.75,16.0,17.32,18.31,19.16,20.95,19.37,21.59,23.37,120.54
2023-02-28,19.152,18.8607,22.52,21.0,19.23,16.08,17.28,19.23,23.87,21.23,19.49,18.1,14.73,15.92,17.12,18.1,18.86,20.7,19.59,21.32,23.05,120.01
2023-03-01,19.3043,18.9451,22.04,21.05,19.24,16.55,17.69,19.24,23.64,21.31,19.69,18.31,15.08,16.23,17.41,18.31,18.95,20.58,19.59,21.36,23.09,118.89
2023-03-02,18.4369,18.5409,21.34,20.23,18.41,15.9,16.85,18.41,22.67,20.57,19.02,17.62,14.6,15.68,16.79,17.62,18.54,19.59,18.71,20.63,22.39,117.58
2023-03-03,16.6723,17.6387,20.59,18.87,17.04,14.98,15.77,17.04,21.9,19.55,17.83,16.71,14.23,15.08,15.98,16.71,17.64,18.49,17.76,19.98,21.82,118.14
2023-03-06,17.2851,17.8599,22.06,20.16,18.22,16.18,16.94,18.22,21.76,19.47,17.87,16.72,14.39,15.25,16.07,16.72,17.86,18.61,19.6,19.99,21.79,120.19
2023-03-07,18.2608,18.4084,23.44,21.88,19.6,17.5,18.11,19.6,22.46,20.35,18.87,17.64,14.97,15.84,16.85,17.64,18.41,19.59,20.96,20.59,22.2,120.56
2023-03-08,17.944,18.0502,23.29,21.58,19.63,17.48,18.01,19.63,22.02,19.86,18.36,17.24,14.68,15.5,16.5,17.24,18.05,19.11,20.57,20.19,21.84,119.32
2023-03-09,20.6172,19.9768,27.92,26.25,24.42,20.98,22.46,24.42,25.5,22.96,21.3,19.94,16.46,17.65,18.95,19.94,19.98,22.61,25.46,22.87,23.87,122.22
2023-03-10,21.7241,21.3627,29.37,27.12,25.09,21.38,22.95,25.09,28.51,24.66,22.46,21.3,16.65,18.36,20.11,21.3,21.36,24.8,26.86,25.39,25.97,130.27
2023-03-13,23.8981,22.1894,38.16,35.33,33.63,28.9,31.0,33.63,30.33,26.22,23.89,22.95,17.83,19.73,21.63,22.95,22.19,26.52,30.93,26.64,27.0,132.14
2023-03-14,21.1449,20.6628,30.48,26.53,23.13,21.01,23.37,23.13,27.52,23.79,21.54,20.19,16.01,17.5,19.15,20.19,20.66,23.73,25.97,24.87,25.68,132.72
2023-03-15,22.8676,22.1124,33.44,30.71,26.51,22.8,26.02,26.51,31.2,26.01,23.25,21.84,16.74,18.57,20.49,21.84,22.11,26.14,29.31,27.2,27.8,136.62
2023-03-16,19.7669,20.2964,28.04,25.54,23.77,22.16,22.89,23.77,27.39,22.94,20.54,19.35,15.59,16.85,18.19,19.35,20.3,22.99,24.61,24.56,25.72,134.53
2023-03-17,22.1144,22.3707,19.12,18.54,18.23,17.88,18.24,18.23,30.61,25.88,23.16,21.99,16.96,18.73,20.7,21.99,22.37,25.51,27.01,27.42,28.23,131.34
2023-03-20,21.1584,21.2993,29.49,24.98,21.01,16.42,17.89,21.01,30.5,25.27,22.28,20.67,15.85,17.49,19.29,20.67,21.3,24.15,25.9,25.85,26.98,129.91
2023-03-21,19.1731,19.6983,25.93,22.09,18.9,15.63,16.62,18.9,27.19,22.89,20.4,19.04,15.17,16.42,17.9,19.04,19.7,21.38,22.84,23.57,25.14,127.46
2023-03-22,20.3187,20.63,27.07,23.24,20.2,16.04,17.32,20.2,28.02,23.92,21.51,19.91,15.63,17.05,18.7,19.91,20.63,22.26,23.75,24.38,25.66,123.16
2023-03-23,20.1137,20.8121,27.66,24.03,20.08,15.61,17.14,20.08,28.46,24.39,22.0,20.15,15.74,17.23,18.97,20.15,20.81,22.61,23.11,24.53,25.94,125.5
2023-03-24,19.2177,20.3652,26.35,22.73,19.31,15.25,16.6,19.31,27.47,23.64,21.06,19.46,15.23,16.65,18.31,19.46,20.37,21.74,20.62,23.96,25.54,126.88
2023-03-27,18.7008,19.53,24.33,21.17,18.56,14.91,16.13,18.56,25.92,22.41,20.14,18.62,14.79,16.0,17.51,18.62,19.53,20.6,19.31,22.87,24.6,126.0
2023-03-28,18.4406,19.2204,23.04,20.36,17.92,14.69,15.79,17.92,24.98,21.79,19.8,18.23,14.59,15.84,17.21,18.23,19.22,19.97,18.33,22.38,24.33,122.9
2023-03-29,17.5432,18.5297,22.5,19.52,16.75,14.1,14.85,16.75,24.29,20.96,18.85,17.45,14.22,15.2,16.54,17.45,18.53,19.12,17.17,21.49,23.57,123.76
2023-03-30,16.6401,18.4219,22.46,19.1,16.32,13.6,14.49,16.32,24.22,20.73,18.49,17.1,14.03,14.92,16.13,17.1,18.42,19.02,17.3,21.45,23.55,126.31
2023-03-31,16.1835,18.0932,21.35,18.18,15.84,13.58,14.15,15.84,24.16,20.51,18.2,16.7,13.72,14.6,15.74,16.7,18.09,18.7,16.51,21.23,23.25,125.85
2023-04-03,16.2059,17.3533,20.14,17.25,15.43,13.68,14.17,15.43,23.5,19.86,17.67,16.24,13.59,14.35,15.38,16.24,17.35,18.55,17.03,20.83,22.98,126.21
2023-04-04,16.8274,17.9891,20.52,17.65,15.58,13.53,14.23,15.58,23.7,20.22,17.91,16.55,13.57,14.52,15.67,16.55,17.99,19.0,17.42,21.34,23.45,127.03
2023-04-05,17.4239,18.3655,20.07,17.3,15.63,13.36,14.14,15.63,23.75,20.38,18.16,16.75,13.6,14.57,15.8,16.75,18.37,19.08,16.99,21.48,23.76,126.98
2023-04-06,16.5633,17.6124,18.37,16.26,14.64,12.7,13.31,14.64,22.9,19.72,17.56,16.18,13.24,14.18,15.32,16.18,17.61,18.4,15.68,21.0,23.33,124.42
2023-04-10,17.0102,17.9245,19.21,16.97,15.51,13.31,14.11,15.51,23.29,19.88,17.65,16.33,13.33,14.3,15.44,16.33,17.92,18.97,16.8,21.07,23.21,126.96
2023-04-11,17.1844,17.8433,19.08,16.7,15.46,13.76,14.42,15.46,23.42,19.96,17.71,16.3,13.42,14.28,15.42,16.3,17.84,19.1,16.86,21.01,23.12,127.42
2023-04-12,17.1815,17.8428,18.35,15.92,14.92,12.84,13.6,14.92,23.36,20.04,17.79,16.4,13.09,14.13,15.42,16.4,17.84,19.09,15.9,21.05,23.13,130.0
2023-04-13,15.6557,16.9945,15.87,14.23,13.42,12.14,12.53,13.42,21.69,18.33,16.35,15.19,12.59,13.38,14.39,15.19,16.99,17.8,14.65,20.26,22.59,132.36
2023-04-14,14.7274,16.4839,13.95,12.18,11.65,10.51,10.91,11.65,20.85,17.59,15.76,14.54,12.19,12.91,13.84,14.54,16.48,17.07,13.35,20.03,22.48,134.65
2023-04-17,14.5533,15.9726,15.03,12.56,13.18,11.84,12.44,13.18,20.63,17.19,15.21,14.3,11.97,12.67,13.54,14.3,15.97,16.95,14.51,19.65,22.15,135.04
2023-04-18,14.3679,15.8828,16.68,13.16,13.56,12.64,12.9,13.56,20.88,17.24,15.08,14.03,11.65,12.31,13.25,14.03,15.88,16.83,14.71,19.82,22.34,137.12
2023-04-19,14.2154,15.9656,14.58,13.41,12.85,11.93,11.55,12.85,20.76,17.13,14.94,13.93,11.31,12.03,13.1,13.93,15.97,16.46,14.3,20.02,22.58,130.48
2023-04-20,14.7198,16.4488,16.36,14.78,13.58,12.88,13.19,13.58,21.57,17.79,15.56,14.56,11.3,12.28,13.46,14.56,16.45,17.17,15.13,20.55,23.09,133.49
2023-04-21,14.2804,16.2719,8.89,8.62,8.18,7.7,7.83,8.18,21.0,17.38,15.22,14.08,11.07,11.89,13.05,14.08,16.27,16.77,14.88,20.39,23.09,132.94
2023-04-24,14.3665,16.4379,20.96,17.41,14.25,11.17,12.08,14.25,23.82,19.11,16.27,14.61,11.22,12.19,13.5,14.61,16.44,16.89,16.65,20.4,23.15,132.4
2023-04-25,16.5229,17.7859,23.28,19.73,16.24,12.13,13.6,16.24,25.63,20.9,18.02,16.16,11.98,13.24,14.85,16.16,17.79,18.76,19.08,21.65,24.2,130.29
2023-04-26,16.7925,17.8859,23.08,19.99,16.42,12.22,13.76,16.42,25.19,20.93,18.24,16.3,11.92,13.33,14.99,16.3,17.89,18.84,19.28,21.54,24.13,130.5
2023-04-27,14.5092,16.2405,20.35,17.11,14.26,11.41,12.24,14.26,23.34,18.83,16.13,14.66,11.31,12.25,13.54,14.66,16.24,17.03,17.22,20.37,23.25,136.6
2023-04-28,12.9987,15.5698,18.9,15.63,12.82,10.63,11.29,12.82,22.09,17.64,15.11,13.6,10.81,11.5,12.61,13.6,15.57,15.78,15.53,19.54,22.78,138.44
2023-05-01,13.4277,15.9107,19.17,15.74,13.16,10.98,11.73,13.16,22.4,17.88,15.22,13.78,11.04,11.74,12.83,13.78,15.91,16.08,16.07,19.67,22.63,135.66
2023-05-02,15.3795,16.8694,21.97,18.7,15.43,12.09,13.26,15.43,24.55,20.02,17.09,15.35,11.5,12.64,14.11,15.35,16.87,17.78,18.61,20.75,23.47,131.09
2023-05-03,15.8864,17.5133,22.4,18.92,15.97,12.73,13.75,15.97,24.96,20.5,17.65,15.92,11.93,13.1,14.65,15.92,17.51,18.34,18.49,21.29,23.8,130.41
2023-05-04,17.3577,18.6165,24.54,21.1,17.87,13.64,14.98,17.87,26.66,22.27,19.37,17.59,12.77,14.25,16.06,17.59,18.62,20.09,19.88,22.77,24.92,130.54
2023-05-05,14.3024,17.0012,19.7,16.38,13.66,10.91,11.8,13.66,24.01,19.62,16.59,15.03,11.27,12.3,13.8,15.03,17.0,17.19,15.34,20.78,23.55,134.32
2023-05-08,14.3474,16.6986,19.17,15.92,13.42,10.92,11.61,13.42,23.96,19.33,16.42,14.76,11.19,12.16,13.6,14.76,16.7,16.98,15.24,20.71,23.53,132.32
2023-05-09,15.178,17.055,19.85,17.07,14.44,11.6,12.82,14.44,24.45,19.89,16.93,15.23,11.44,12.61,14.02,15.23,17.06,17.71,16.4,21.17,23.81,133.88
2023-05-10,14.1705,16.78,17.75,14.66,12.62,10.23,11.28,12.62,23.6,18.96,16.13,14.43,11.06,11.97,13.38,14.43,16.78,16.94,14.59,20.69,23.37,138.63
2023-05-11,14.015,16.6823,17.05,14.24,12.17,10.39,10.66,12.17,23.33,18.69,15.92,14.32,10.95,11.89,13.2,14.32,16.68,16.93,14.49,20.62,23.32,138.18
2023-05-12,13.7536,16.5856,16.15,13.7,11.01,9.86,10.69,11.01,23.05,18.59,15.83,14.29,10.8,11.83,13.27,14.29,16.59,17.03,14.09,20.66,23.37,140.26
2023-05-15,14.1506,15.9822,17.57,13.78,12.2,10.41,10.95,12.2,22.77,18.07,15.35,13.88,10.49,11.44,12.72,13.88,15.98,17.12,14.64,20.31,23.05,138.57
2023-05-16,15.2766,16.7606,18.93,15.46,13.6,11.94,12.54,13.6,23.5,19.11,16.26,14.73,11.06,12.21,13.48,14.73,16.76,17.99,15.99,20.9,23.54,137.32
2023-05-17,13.86,15.6121,16.79,12.73,13.01,12.94,12.92,13.01,21.81,17.35,14.83,13.44,10.84,11.47,12.52,13.44,15.61,16.87,14.67,20.05,22.86,137.53
2023-05-18,12.9812,14.7796,16.65,14.81,12.85,13.07,12.61,12.85,20.64,16.18,13.97,12.67,10.75,11.16,11.92,12.67,14.78,16.05,14.06,19.33,22.23,138.06
2023-05-19,13.6372,15.6044,9.43,9.26,9.07,8.06,8.08,9.07,21.63,17.06,14.57,13.31,11.22,11.63,12.49,13.31,15.6,16.81,14.25,20.04,22.89,135.52
2023-05-22,13.7823,15.6443,22.83,17.74,13.81,11.37,12.02,13.81,24.21,18.57,15.56,13.77,10.82,11.52,12.76,13.77,15.64,17.21,15.52,20.36,22.9,136.24
2023-05-23,15.1939,16.3671,22.86,17.88,13.86,11.7,12.15,13.86,23.11,17.53,14.25,13.02,10.97,11.23,12.05,13.02,16.37,18.53,17.37,21.06,23.37,136.42
2023-05-24,16.5956,17.2195,26.74,21.38,16.64,12.74,13.95,16.64,26.74,20.91,17.71,15.59,11.52,12.75,14.31,15.59,17.22,20.03,19.77,22.02,23.92,138.37
2023-05-25,15.3292,16.545,25.12,19.75,15.52,12.2,13.13,15.52,25.69,19.8,16.68,14.79,11.12,12.18,13.55,14.79,16.55,19.14,18.46,21.38,23.47,140.73
2023-05-26,14.0623,15.8918,23.34,18.05,13.98,11.83,12.22,13.98,24.12,18.45,15.56,13.72,10.99,11.64,12.75,13.72,15.89,17.95,17.24,20.44,22.82,146.46
2023-05-30,14.0661,15.4986,22.04,17.43,14.07,12.06,12.66,14.07,23.19,18.01,15.31,13.56,10.91,11.57,12.62,13.56,15.5,17.46,16.51,20.13,22.58,145.14
2023-05-31,14.4617,16.029,22.15,17.66,14.3,11.79,12.5,14.3,23.31,18.22,15.53,13.71,10.76,11.56,12.73,13.71,16.03,17.94,16.85,20.21,22.55,158.3
2023-06-01,12.5162,14.8008,18.31,14.57,12.1,10.84,11.13,12.1,21.01,16.34,13.97,12.41,10.25,10.78,11.62,12.41,14.8,15.65,13.98,18.75,21.37,151.98
2023-06-02,11.3713,13.7033,15.64,12.94,11.56,11.55,11.17,11.56,19.48,15.06,13.03,11.76,10.52,10.68,11.22,11.76,13.7,14.6,12.74,17.92,20.6,142.61
2023-06-05,11.8747,14.2256,16.14,13.74,12.11,12.05,11.75,12.11,19.5,15.08,13.09,11.9,10.6,10.78,11.34,11.9,14.23,14.73,14.14,17.9,20.52,143.18
2023-06-06,11.0217,13.43,15.73,13.21,11.5,11.55,11.25,11.5,18.33,14.24,12.36,11.13,10.05,10.21,10.67,11.13,13.43,13.96,13.83,17.04,19.7,146.27
2023-06-07,11.0462,13.1329,15.27,12.98,11.31,11.03,10.78,11.31,18.37,14.16,12.26,11.08,9.83,10.01,10.55,11.08,13.13,13.94,13.86,17.14,19.8,151.01
2023-06-08,11.0809,13.3556,14.81,12.47,11.34,10.79,10.86,11.34,17.92,13.75,11.95,10.6,9.46,9.64,10.16,10.6,13.36,13.65,13.59,16.86,19.47,155.53
2023-06-09,10.7294,13.1082,14.44,12.71,11.53,10.79,11.01,11.53,17.95,13.74,11.78,11.0,9.61,9.92,10.41,11.0,13.11,13.83,13.29,16.96,19.55,152.78
2023-06-12,11.7802,13.3344,19.46,17.16,17.13,15.87,16.36,17.13,18.54,14.32,12.43,11.68,10.29,10.64,11.16,11.68,13.33,15.01,15.35,17.28,19.6,157.71
2023-06-13,11.5304,13.1129,18.32,15.7,16.17,16.3,15.85,16.17,17.98,13.81,12.11,11.41,10.35,10.43,10.95,11.41,13.11,14.61,14.4,17.23,19.62,156.44
2023-06-14,11.427,13.0633,15.62,14.19,14.67,13.79,13.46,14.67,16.7,13.16,11.7,11.29,10.11,10.36,10.84,11.29,13.06,13.88,12.71,16.86,19.47,150.37
2023-06-15,11.8243,13.4635,16.93,14.54,14.05,15.96,14.61,14.05,17.19,13.62,12.29,11.64,10.68,10.79,11.18,11.64,13.46,14.5,13.58,17.18,19.5,147.86
2023-06-16,11.2765,13.1428,6.58,6.49,6.49,6.33,6.4,6.49,15.98,13.01,11.63,11.45,10.44,10.48,10.97,11.45,13.14,13.54,11.33,16.75,19.3,143.07
2023-06-20,11.8085,13.8182,16.32,13.54,11.57,10.52,10.7,11.57,19.7,15.42,13.45,12.22,10.5,10.88,11.58,12.22,13.82,13.88,12.92,17.3,19.75,138.75
2023-06-21,11.3275,13.5738,15.98,13.02,11.16,9.8,10.09,11.16,19.23,15.03,13.0,11.78,10.0,10.42,11.13,11.78,13.57,13.2,12.03,16.89,19.53,133.72
2023-06-22,10.8919,13.3978,15.33,12.54,10.62,9.51,9.71,10.62,18.6,14.67,12.68,11.44,9.72,10.11,10.82,11.44,13.4,12.91,11.15,16.56,19.27,136.15
2023-06-23,11.0289,13.5058,16.1,13.03,10.96,9.4,9.81,10.96,19.25,15.07,12.98,11.61,9.72,10.2,10.97,11.61,13.51,13.44,11.61,16.87,19.49,137.85
2023-06-26,11.7095,13.5965,16.31,12.95,11.04,9.61,9.91,11.04,19.04,14.92,12.82,11.64,9.76,10.17,10.95,11.64,13.6,14.25,12.68,17.05,19.5,140.09
2023-06-27,11.3369,13.0019,15.26,12.24,10.5,9.52,9.72,10.5,18.12,14.13,12.3,11.15,9.72,10.04,10.62,11.15,13.0,13.74,12.05,16.44,18.88,140.56
2023-06-28,11.6242,12.4822,14.82,11.95,10.85,9.51,9.85,10.85,17.51,13.68,11.91,11.03,9.54,9.87,10.43,11.03,12.48,13.43,11.74,15.9,18.34,138.37
2023-06-29,11.2869,12.8163,14.91,11.93,10.5,9.46,9.68,10.5,17.79,13.87,12.05,11.04,9.6,9.88,10.5,11.04,12.82,13.54,11.75,16.1,18.49,143.05
2023-06-30,10.9347,12.409,14.38,11.42,10.27,10.02,9.84,10.27,17.4,13.54,11.82,10.77,9.86,9.89,10.34,10.77,12.41,13.59,11.53,16.02,18.33,149.96
2023-07-03,10.8936,12.648,13.62,11.41,9.81,9.42,9.35,9.81,17.06,13.41,11.82,10.74,9.71,9.83,10.29,10.74,12.65,13.57,12.0,16.07,18.37,
2023-07-05,11.5229,13.1067,13.74,11.42,10.37,9.59,9.77,10.37,17.46,13.84,12.16,11.22,9.75,10.11,10.65,11.22,13.11,14.18,12.57,16.51,18.71,144.08
2023-07-06,12.5912,13.927,16.49,13.57,11.85,10.36,10.84,11.85,19.69,15.42,13.51,12.27,10.31,10.81,11.58,12.27,13.93,15.44,13.96,17.52,19.5,148.45
2023-07-07,12.0913,13.6531,14.6,11.84,11.01,9.88,10.13,11.01,18.46,14.58,12.8,11.79,9.89,10.42,11.14,11.79,13.65,14.83,12.6,17.24,19.31,148.13
2023-07-10,12.1139,13.4171,13.37,11.4,10.86,9.98,10.18,10.86,18.02,14.39,12.68,11.73,9.87,10.4,11.12,11.73,13.42,15.07,13.5,17.25,19.21,142.49
2023-07-11,11.8109,13.1163,13.59,11.73,10.99,10.5,10.56,10.99,17.59,14.03,12.39,11.46,9.89,10.3,10.92,11.46,13.12,14.84,13.7,16.97,18.97,143.99
2023-07-12,10.9621,12.4455,10.63,9.38,9.87,9.45,9.5,9.87,15.97,12.7,11.28,10.59,9.36,9.65,10.16,10.59,12.45,13.54,11.38,16.11,18.26,148.32
2023-07-13,10.9344,12.3464,11.27,9.73,9.93,9.73,9.74,9.93,15.93,12.65,11.32,10.55,9.64,9.83,10.22,10.55,12.35,13.61,12.13,16.12,18.24,147.08
2023-07-14,10.9735,12.3223,10.49,9.61,9.65,9.19,9.02,9.65,15.59,12.51,11.25,10.58,9.58,9.79,10.16,10.58,12.32,13.34,11.9,16.04,18.21,149.48
2023-07-17,10.8076,12.3733,9.28,8.73,8.71,8.96,9.03,8.71,14.93,12.22,11.09,10.61,9.77,9.94,10.31,10.61,12.37,13.48,13.09,16.27,18.27,142.24
2023-07-18,10.8375,12.3874,8.94,8.39,9.13,9.05,9.32,9.13,14.51,12.03,11.06,10.65,9.89,10.03,10.35,10.65,12.39,13.3,13.15,16.13,18.15,141.86
2023-07-19,11.1981,12.7688,8.95,9.24,8.15,9.11,10.21,8.15,15.25,12.5,11.48,10.95,10.06,10.28,10.64,10.95,12.77,13.76,13.36,16.56,18.59,141.25
2023-07-20,11.4389,12.6914,9.72,9.22,10.79,10.52,10.44,10.79,15.69,12.74,11.5,11.19,10.01,10.38,10.84,11.19,12.69,13.99,13.57,16.66,18.74,142.82
2023-07-21,11.0537,12.717,9.07,8.92,8.81,9.11,9.11,8.81,15.35,12.42,11.24,10.71,9.78,9.98,10.42,10.71,12.72,13.6,12.5,16.4,18.52,142.55
2023-07-24,11.0082,12.3324,14.73,12.05,10.67,9.53,9.9,10.67,17.92,13.69,11.98,11.07,9.66,9.99,10.5,11.07,12.33,13.91,13.41,16.26,18.39,143.75
2023-07-25,11.16,12.6046,14.98,12.31,10.63,9.48,9.79,10.63,18.03,13.86,12.1,11.08,9.59,9.98,10.49,11.08,12.6,13.86,13.49,16.22,18.36,142.18
2023-07-26,10.7197,12.2891,14.08,11.56,10.16,9.15,9.47,10.16,17.27,13.38,11.6,10.74,9.38,9.68,10.24,10.74,12.29,13.19,11.74,15.79,18.12,143.58
2023-07-27,11.5362,13.0171,15.94,12.81,10.96,9.52,9.93,10.96,18.9,14.36,12.4,11.37,9.68,10.08,10.72,11.37,13.02,14.41,13.47,16.63,18.74,147.93
2023-07-28,10.9952,12.5736,13.72,11.51,10.34,9.4,9.58,10.34,17.28,13.45,11.85,10.96,9.68,9.98,10.47,10.96,12.57,13.33,11.23,15.92,18.27,143.48
2023-07-31,10.9804,12.7347,13.2,11.23,10.24,9.37,9.63,10.24,16.89,13.31,11.81,10.96,9.69,10.01,10.46,10.96,12.73,13.63,12.62,16.01,18.42,145.47
2023-08-01,11.38,12.7693,13.74,11.78,10.54,9.63,9.88,10.54,17.33,13.76,12.18,11.3,9.85,10.22,10.77,11.3,12.77,13.93,13.01,16.34,18.62,142.57
2023-08-02,13.0006,14.1881,17.04,14.16,12.29,10.4,11.02,12.29,20.15,15.91,13.89,12.75,10.53,11.17,12.0,12.75,14.19,16.09,15.4,17.96,19.88,145.75
2023-08-03,12.9087,14.2774,16.95,14.03,12.22,10.51,10.99,12.22,20.17,15.79,13.78,12.66,10.58,11.08,11.94,12.66,14.28,15.92,15.06,17.72,19.68,147.38
2023-08-04,13.8789,14.8155,18.69,15.24,12.93,10.66,11.46,12.93,21.85,16.92,14.71,13.42,10.78,11.5,12.59,13.42,14.82,17.1,16.09,18.61,20.18,153.35
2023-08-07,12.6254,14.0638,15.11,12.87,11.28,9.53,10.18,11.28,19.64,15.39,13.34,12.27,10.03,10.67,11.56,12.27,14.06,15.77,14.68,17.72,19.48,148.54
2023-08-08,13.0442,14.1951,15.45,13.34,12.09,10.46,11.06,12.09,20.24,15.91,13.87,12.76,10.4,11.1,11.97,12.76,14.2,15.99,14.81,18.13,19.9,142.3
2023-08-09,13.4974,14.2519,16.21,14.46,13.13,11.29,11.95,13.13,20.35,16.24,14.25,13.09,10.6,11.38,12.33,13.09,14.25,15.96,15.33,18.05,19.86,137.12
2023-08-10,13.5141,14.4254,16.35,14.48,13.45,11.37,12.22,13.45,20.4,16.29,14.25,13.14,10.6,11.39,12.39,13.14,14.43,15.85,15.38,18.16,19.83,136.58
2023-08-11,12.8756,14.084,14.42,13.14,11.55,10.07,10.7,11.55,19.21,15.5,13.6,12.61,10.26,11.01,11.92,12.61,14.08,14.84,13.63,17.56,19.58,135.16
2023-08-14,12.5829,13.9764,12.35,11.78,10.58,9.65,10.11,10.58,18.16,14.67,12.99,12.06,9.9,10.65,11.44,12.06,13.98,14.82,14.57,17.41,19.29,136.9
2023-08-15,13.921,14.7043,14.5,13.28,13.03,11.82,12.34,13.03,20.0,16.35,14.55,13.54,11.0,11.89,12.84,13.54,14.7,16.46,16.56,18.59,20.36,136.69
2023-08-16,14.6164,15.3781,13.46,12.52,12.63,11.05,12.61,12.63,20.6,17.09,15.19,14.05,11.37,12.26,13.28,14.05,15.38,16.78,16.36,18.97,20.7,132.09
2023-08-17,15.5414,16.027,14.5,13.86,13.56,13.79,13.54,13.56,22.1,18.13,16.18,15.02,11.99,13.01,14.15,15.02,16.03,17.89,17.47,19.83,21.42,132.51
2023-08-18,14.98,15.4732,15.75,15.12,13.78,13.09,13.42,13.78,21.09,17.59,15.68,14.62,11.76,12.78,13.85,14.62,15.47,17.3,16.54,19.24,21.05,134.77
2023-08-21,14.5905,15.1993,19.79,16.46,13.85,11.34,12.14,13.85,21.83,17.55,15.39,14.09,11.25,12.14,13.22,14.09,15.2,17.13,16.82,18.77,20.63,133.59
2023-08-22,14.6638,15.1765,19.53,16.34,13.92,11.41,12.3,13.92,21.64,17.5,15.34,14.0,11.21,12.13,13.19,14.0,15.18,16.97,16.39,18.72,20.77,134.06
2023-08-23,13.8565,14.7841,18.49,15.49,13.06,10.93,11.64,13.06,20.76,16.7,14.62,13.34,10.82,11.59,12.51,13.34,14.78,15.98,15.34,17.94,20.06,131.82
2023-08-24,14.975,15.4524,19.93,16.8,14.22,11.76,12.58,14.22,21.9,17.83,15.65,14.3,11.39,12.24,13.38,14.3,15.45,17.2,16.1,18.75,20.61,132.48
2023-08-25,13.684,14.5354,18.18,15.25,12.89,11.06,11.64,12.89,20.57,16.79,14.71,13.4,10.92,11.63,12.62,13.4,14.54,15.68,13.78,17.72,19.76,132.27
2023-08-28,12.9326,13.9913,16.34,13.78,11.87,10.46,10.94,11.87,19.27,15.76,13.89,12.66,10.46,11.12,11.96,12.66,13.99,15.08,13.53,17.12,19.31,130.19
2023-08-29,12.1675,13.4622,15.5,12.97,11.35,10.45,10.63,11.35,18.41,14.93,13.21,12.06,10.22,10.71,11.43,12.06,13.46,14.45,13.3,16.56,18.71,135.23
2023-08-30,11.6976,13.236,14.81,12.24,10.79,10.11,10.16,10.79,17.63,14.26,12.63,11.58,10.02,10.41,11.04,11.58,13.24,13.88,12.42,16.18,18.55,142.14
2023-08-31,11.5426,13.1292,14.24,12.05,10.68,10.05,10.16,10.68,17.38,14.0,12.43,11.39,9.91,10.27,10.87,11.39,13.13,13.57,11.79,15.92,18.29,144.7
2023-09-01,11.2186,13.0559,13.75,11.24,9.93,9.12,9.33,9.93,17.17,13.81,12.17,11.1,9.6,10.03,10.6,11.1,13.06,13.09,10.45,15.74,18.15,144.28
2023-09-05,11.492,13.3017,13.31,11.69,10.24,9.49,9.81,10.24,17.32,13.96,12.37,11.23,9.67,10.11,10.74,11.23,13.3,14.01,12.89,16.24,18.32,139.62
2023-09-06,12.0823,13.4588,13.86,12.17,10.86,9.59,10.09,10.86,18.0,14.69,12.92,11.8,9.78,10.41,11.18,11.8,13.46,14.45,13.1,16.61,18.62,137.88
2023-09-07,12.3104,13.6485,13.56,11.98,11.12,10.02,10.27,11.12,17.91,14.67,12.99,12.03,9.92,10.62,11.37,12.03,13.65,14.4,13.1,16.58,18.61,135.59
2023-09-08,11.7293,13.4744,12.72,11.13,10.37,9.41,9.46,10.37,17.12,13.97,12.33,11.74,9.72,10.38,11.11,11.74,13.47,13.84,12.38,16.14,18.27,138.18
2023-09-11,11.2508,13.0905,11.08,10.12,9.92,9.44,9.61,9.92,16.35,13.26,11.8,11.22,9.58,10.05,10.63,11.22,13.09,13.8,13.27,16.02,18.05,138.21
2023-09-12,11.9129,13.1327,12.75,11.7,11.66,10.7,11.09,11.66,16.93,13.8,12.26,11.59,9.71,10.29,10.99,11.59,13.13,14.23,14.05,16.25,18.21,136.25
2023-09-13,11.3352,12.8248,9.84,9.14,10.14,9.94,9.88,10.14,15.96,13.01,11.57,11.09,9.48,9.93,10.54,11.09,12.82,13.48,12.47,15.92,18.01,137.42
2023-09-14,10.4165,12.3344,10.16,9.22,9.25,9.53,9.33,9.25,15.05,12.09,10.77,10.28,9.1,9.4,9.85,10.28,12.33,12.82,11.8,15.34,17.68,144.32
2023-09-15,11.5418,13.1158,10.35,10.13,9.69,9.08,9.21,9.69,16.46,13.34,11.82,11.26,9.63,10.12,10.75,11.26,13.12,13.79,12.51,16.02,18.15,142.92
2023-09-18,11.5452,13.2609,16.11,13.24,11.26,9.61,10.11,11.26,17.9,14.42,12.74,11.74,9.94,10.44,11.14,11.74,13.26,14.0,13.62,16.13,18.19,137.65
2023-09-19,11.8864,13.0837,16.18,13.52,11.62,9.7,10.34,11.62,17.94,14.61,12.91,11.87,10.01,10.53,11.27,11.87,13.08,14.11,14.23,16.13,18.17,137.31
2023-09-20,12.9775,13.8945,17.25,14.62,12.67,10.51,11.26,12.67,18.89,15.53,13.85,12.76,10.58,11.26,12.05,12.76,13.89,15.14,15.27,16.81,18.61,135.74
2023-09-21,14.9298,15.1639,20.36,16.97,14.59,11.88,12.81,14.59,21.18,17.35,15.45,14.34,11.53,12.48,13.53,14.34,15.16,17.54,18.88,18.24,19.58,135.94
2023-09-22,14.9176,15.4077,20.14,17.0,14.78,11.71,12.89,14.78,21.07,17.42,15.56,14.32,11.53,12.49,13.52,14.32,15.41,17.2,17.51,18.09,19.6,137.74
2023-09-25,14.3911,15.1536,18.72,16.09,14.27,11.55,12.56,14.27,20.4,16.99,15.18,13.99,11.33,12.24,13.23,13.99,15.15,16.9,17.56,18.02,19.63,133.06
2023-09-26,15.9119,16.5291,20.92,17.89,15.89,12.82,14.0,15.89,22.55,18.63,16.65,15.41,12.33,13.46,14.6,15.41,16.53,18.94,19.85,19.72,21.01,136.3
2023-09-27,15.7562,16.1871,20.12,17.4,15.83,12.74,13.92,15.83,21.62,18.16,16.27,15.22,12.23,13.29,14.39,15.22,16.19,18.22,18.92,19.11,20.7,135.38
2023-09-28,15.0679,15.7089,19.27,16.81,14.98,12.29,13.33,14.98,20.66,17.38,15.63,14.51,11.99,12.82,13.76,14.51,15.71,17.34,17.63,18.38,20.09,133.48
2023-09-29,15.3679,15.8479,19.67,17.1,15.34,12.41,13.54,15.34,21.06,17.81,15.96,14.84,12.12,13.09,14.09,14.84,15.85,17.52,17.2,18.51,20.18,134.5
2023-10-02,15.5428,15.706,18.42,16.43,15.14,12.28,13.47,15.14,20.49,17.48,15.85,14.8,12.07,13.07,14.08,14.8,15.71,17.61,17.61,18.62,20.27,129.17
2023-10-03,17.13,17.3689,20.97,18.47,17.13,14.0,15.27,17.13,22.83,19.31,17.57,16.46,13.35,14.51,15.66,16.46,17.37,19.78,19.9,20.41,21.65,129.78
2023-10-04,16.2837,16.6709,19.33,17.46,16.25,13.48,14.59,16.25,21.59,18.39,16.74,15.67,12.97,13.92,14.93,15.67,16.67,18.58,18.3,19.52,21.08,130.68
2023-10-05,16.2691,16.7157,19.67,17.8,16.18,13.49,14.58,16.18,21.64,18.43,16.73,15.65,12.82,13.87,14.9,15.65,16.72,18.49,18.36,19.5,21.14,129.75
2023-10-06,15.4853,16.1343,17.73,16.02,15.25,12.95,13.78,15.25,20.57,17.53,15.86,14.99,12.62,13.43,14.32,14.99,16.13,17.45,16.29,18.73,20.49,129.36
2023-10-09,15.0924,15.9119,17.6,15.69,14.72,12.56,13.44,14.72,20.26,17.21,15.59,14.74,12.25,13.16,14.06,14.74,15.91,17.7,17.88,18.81,20.56,133.64
2023-10-10,14.3198,15.155,17.36,15.01,13.81,12.01,12.76,13.81,19.65,16.57,14.99,14.12,12.0,12.63,13.49,14.12,15.16,17.03,17.11,18.27,20.13,135.17
2023-10-11,13.6572,14.8406,15.72,13.62,12.99,11.15,11.78,12.99,18.94,15.77,14.16,13.47,11.4,12.08,12.83,13.47,14.84,16.09,15.17,17.63,19.63,137.61
2023-10-12,14.1914,15.2108,16.68,14.74,13.61,11.19,12.32,13.61,19.87,16.46,14.78,13.74,11.34,12.16,13.08,13.74,15.21,16.69,15.87,18.09,19.98,136.13
2023-10-13,15.9854,16.6937,19.57,17.22,16.32,12.96,14.35,16.32,23.08,18.87,16.68,15.56,12.27,13.35,14.6,15.56,16.69,19.32,18.76,20.57,21.81,144.3
2023-10-16,14.1891,15.315,15.29,13.47,12.86,11.67,12.49,12.86,19.93,16.54,14.75,13.68,11.23,11.95,12.93,13.68,15.32,17.21,17.19,18.79,20.64,137.95
2023-10-17,14.6812,15.5519,16.27,14.42,14.85,12.76,13.64,14.85,20.84,17.26,15.36,14.31,11.57,12.42,13.49,14.31,15.55,17.88,17.71,19.26,21.06,138.72
2023-10-18,16.2221,16.8799,16.27,16.06,15.23,15.13,15.8,15.23,22.74,18.85,16.8,15.75,12.45,13.5,14.8,15.75,16.88,19.22,18.9,20.47,21.96,137.1
2023-10-19,17.935,17.9064,20.85,20.47,18.98,16.4,17.2,18.98,25.5,21.15,18.94,17.63,13.56,15.03,16.53,17.63,17.91,21.4,21.46,22.19,23.21,137.73
2023-10-20,18.5484,18.5156,19.45,19.06,18.93,18.51,19.14,18.93,26.03,21.54,19.34,18.11,14.19,15.7,17.11,18.11,18.52,21.71,20.76,22.44,23.6,136.74
2023-10-23,17.4658,17.6272,23.38,19.8,17.11,13.59,14.94,17.11,24.97,20.51,18.2,16.8,13.22,14.45,15.8,16.8,17.63,20.37,20.69,21.33,22.67,133.92
2023-10-24,16.2727,16.8584,21.83,18.57,16.0,12.94,14.03,16.0,23.32,19.29,17.2,15.95,12.85,13.84,15.0,15.95,16.86,18.97,19.31,20.21,21.85,132.44
2023-10-25,17.7911,17.9317,23.61,20.14,17.56,13.87,15.41,17.56,24.81,20.67,18.59,17.27,13.55,14.88,16.27,17.27,17.93,20.19,20.49,21.33,22.69,132.29
2023-10-26,18.2733,18.5981,24.11,20.66,18.11,14.86,16.15,18.11,25.06,21.08,19.0,17.73,14.17,15.45,16.79,17.73,18.6,20.68,20.8,21.57,23.02,133.38
2023-10-27,18.9809,19.0089,25.21,21.7,18.83,15.32,16.74,18.83,25.56,21.79,19.67,18.39,14.76,16.14,17.45,18.39,19.01,21.27,21.36,22.27,23.65,132.74
2023-10-30,17.3454,17.9833,22.23,19.38,17.15,14.36,15.42,17.15,23.52,20.06,18.16,17.02,13.92,14.99,16.17,17.02,17.98,19.75,20.65,20.8,22.46,130.13
2023-10-31,16.0348,16.7867,20.6,18.1,16.07,13.56,14.55,16.07,21.93,18.76,16.95,15.83,12.96,13.96,15.02,15.83,16.79,18.14,19.02,19.49,21.34,128.21
2023-11-01,14.9543,16.111,18.79,16.43,14.68,12.6,13.41,14.68,20.75,17.6,15.88,14.77,12.4,13.18,14.08,14.77,16.11,16.87,16.87,18.55,20.43,129.82
2023-11-02,13.6592,15.1203,17.37,14.87,13.23,11.62,12.13,13.23,19.88,16.45,14.8,13.75,11.79,12.33,13.11,13.75,15.12,15.66,15.16,17.8,19.82,133.8
2023-11-03,12.934,14.5949,15.95,13.53,12.1,11.0,11.21,12.1,19.2,15.76,13.94,12.99,11.23,11.64,12.36,12.99,14.59,14.91,13.71,17.22,19.36,140.09
2023-11-06,12.427,14.3312,14.63,12.67,11.47,10.37,10.75,11.47,18.28,15.12,13.56,12.65,10.9,11.44,12.1,12.65,14.33,14.89,14.53,17.03,19.13,137.89
2023-11-07,12.4213,13.9253,14.28,12.55,11.52,10.57,10.79,11.52,18.16,15.02,13.48,12.56,10.84,11.4,12.08,12.56,13.93,14.81,14.43,16.92,19.18,139.52
2023-11-08,12.365,14.0383,13.8,12.25,11.54,10.64,10.82,11.54,17.84,14.68,13.2,12.38,10.79,11.29,11.92,12.38,14.04,14.45,13.83,16.64,18.89,139.41
2023-11-09,13.1896,14.6459,15.12,13.8,12.4,11.16,11.45,12.4,18.87,15.53,13.98,13.11,11.17,11.79,12.51,13.11,14.65,15.29,14.7,17.3,19.37,139.28
2023-11-10,12.0225,13.6574,13.38,12.02,10.96,10.32,10.34,10.96,17.58,14.34,12.9,12.1,10.61,11.04,11.61,12.1,13.66,14.17,12.78,16.52,18.69,139.81
2023-11-13,12.7394,13.8736,13.3,12.72,12.01,11.28,11.59,12.01,17.26,14.4,13.07,12.31,10.75,11.2,11.84,12.31,13.87,14.76,13.8,16.61,18.82,135.27
2023-11-14,11.7373,12.9425,12.8,11.18,10.83,10.57,10.72,10.83,16.25,13.29,12.12,11.51,10.91,10.95,11.21,11.51,12.94,14.16,12.87,16.29,18.51,138.38
2023-11-15,11.786,13.3303,10.85,9.87,9.33,11.01,11.02,9.33,16.28,13.32,12.11,11.49,10.69,10.86,11.18,11.49,13.33,14.18,11.89,16.28,18.58,142.98
2023-11-16,11.463,12.8335,11.12,10.52,10.0,9.87,9.74,10.0,16.37,13.15,11.91,11.32,10.49,10.61,10.96,11.32,12.83,14.32,11.81,16.14,18.46,154.45
2023-11-17,11.5041,12.8793,9.3,9.15,8.97,8.99,8.95,8.97,16.09,12.95,11.75,11.17,10.33,10.48,10.85,11.17,12.88,13.8,10.67,15.85,18.31,146.88
2023-11-20,10.877,12.7894,14.7,12.16,10.68,10.1,10.19,10.68,17.65,13.8,12.24,11.35,10.22,10.45,10.92,11.35,12.79,13.41,11.14,15.69,18.21,143.78
2023-11-21,11.0204,12.7931,14.75,12.31,10.83,10.3,10.39,10.83,17.59,13.77,12.2,11.31,10.18,10.45,10.88,11.31,12.79,13.35,11.47,15.5,18.03,140.8
2023-11-22,10.6954,12.7143,14.3,11.8,10.4,9.58,9.8,10.4,17.53,13.63,12.09,11.18,9.87,10.2,10.71,11.18,12.71,12.85,9.96,15.48,18.05,141.55
2023-11-24,10.2114,12.1497,13.5,11.13,9.93,9.22,9.39,9.93,16.95,13.13,11.63,10.79,9.57,9.84,10.35,10.79,12.15,12.46,9.83,15.12,17.81,144.54
2023-11-27,10.3585,12.5369,12.97,11.0,9.94,9.31,9.47,9.94,16.8,13.12,11.68,10.8,9.61,9.91,10.36,10.8,12.54,12.69,11.27,15.34,17.89,142.2
2023-11-28,10.3896,12.6589,13.25,11.18,10.12,9.47,9.64,10.12,16.75,13.11,11.66,10.81,9.65,9.95,10.41,10.81,12.66,12.69,11.52,15.24,17.81,142.68
2023-11-29,10.787,12.8743,14.26,12.0,10.71,9.97,10.16,10.71,17.25,13.5,11.98,11.12,9.93,10.23,10.69,11.12,12.87,12.98,12.05,15.51,18.03,139.82
2023-11-30,10.8794,12.6698,14.17,12.07,10.76,10.09,10.3,10.76,17.19,13.56,12.03,11.1,9.88,10.17,10.67,11.1,12.67,12.92,12.3,15.44,17.91,144.54
2023-12-01,11.0013,12.5841,13.55,11.84,10.95,10.51,10.58,10.95,16.83,13.43,12.04,11.26,10.14,10.43,10.85,11.26,12.58,12.63,11.98,15.36,17.83,144.54
2023-12-04,11.1675,12.9435,13.2,12.05,11.11,10.46,10.65,11.11,16.89,13.57,12.2,11.46,10.22,10.55,11.03,11.46,12.94,13.08,13.46,15.68,18.12,144.54
2023-12-05,11.3586,12.7891,13.46,11.96,11.27,10.78,10.82,11.27,16.66,13.52,12.19,11.47,10.29,10.57,11.04,11.47,12.79,12.85,13.53,15.57,17.99,144.54
2023-12-06,11.6502,13.4855,13.74,12.39,11.66,11.1,11.25,11.66,16.97,13.84,12.5,11.71,10.41,10.79,11.28,11.71,13.49,12.97,13.67,15.74,18.15,144.54
2023-12-07,11.7701,13.377,14.33,13.03,12.36,11.98,12.06,12.36,16.89,13.76,12.43,11.71,10.59,10.88,11.26,11.71,13.38,13.06,13.73,15.65,17.95,130.84
2023-12-08,11.2158,13.0516,12.87,11.73,11.4,11.18,11.14,11.4,16.13,13.11,11.93,11.13,10.24,10.44,10.84,11.13,13.05,12.35,12.21,15.16,17.61,134.1
2023-12-11,11.0764,12.7502,11.89,11.37,11.57,11.4,11.55,11.57,15.58,12.69,11.49,11.11,10.02,10.36,10.75,11.11,12.75,12.63,12.68,15.19,17.54,140.9
2023-12-12,10.3307,12.4645,10.37,9.7,9.9,10.23,10.37,9.9,14.82,11.94,10.82,10.54,9.57,9.81,10.21,10.54,12.46,12.07,11.64,14.83,17.2,148.83
2023-12-13,10.507,12.0633,11.27,10.44,11.82,12.23,11.72,11.82,14.5,11.63,10.62,10.52,9.86,9.93,10.21,10.52,12.06,12.19,12.43,14.66,16.99,152.02
2023-12-14,10.4708,12.0108,12.75,11.81,11.51,11.97,11.67,11.51,14.8,11.81,10.7,10.32,9.67,9.74,10.04,10.32,12.01,12.48,12.29,14.79,16.99,162.51
2023-12-15,10.6437,12.3765,8.16,7.81,7.82,8.92,8.96,7.82,15.14,12.02,10.85,10.68,9.96,10.07,10.36,10.68,12.38,12.28,10.87,15.13,17.32,153.26
2023-12-18,11.0687,12.5148,15.0,12.1,10.89,10.1,10.24,10.89,17.36,13.72,12.18,11.34,10.18,10.4,10.88,11.34,12.51,12.56,11.44,15.47,17.59,139.36
2023-12-19,10.9846,12.9342,14.95,12.14,10.97,10.64,10.57,10.97,17.4,13.8,12.37,11.53,10.65,10.79,11.15,11.53,12.93,12.53,11.25,15.64,17.81,133.18
2023-12-20,12.0136,13.3063,17.32,13.67,11.74,11.05,10.98,11.74,19.09,14.98,13.19,12.14,10.97,11.15,11.64,12.14,13.31,13.67,13.67,16.58,18.64,136.86
2023-12-21,12.1138,13.3964,16.94,13.48,12.01,11.33,11.35,12.01,18.7,14.78,13.07,12.14,11.01,11.24,11.71,12.14,13.4,13.65,13.11,16.3,18.4,138.18
2023-12-22,11.9873,13.3198,16.26,13.13,11.79,10.92,11.1,11.79,18.22,14.46,12.86,11.92,10.69,11.0,11.51,11.92,13.32,13.03,11.56,15.99,18.19,134.46
2023-12-26,11.2624,13.1644,14.59,12.08,11.22,10.38,10.57,11.22,17.21,13.84,12.37,11.59,10.33,10.67,11.17,11.59,13.16,12.99,12.45,15.88,18.06,135.69
2023-12-27,11.0075,12.6241,13.81,11.43,11.03,10.19,10.38,11.03,16.52,13.25,11.83,11.25,10.07,10.4,10.87,11.25,12.62,12.43,11.23,15.27,17.52,135.64
2023-12-28,10.8619,12.7572,13.69,11.43,10.84,10.18,10.34,10.84,16.48,13.28,11.9,11.25,10.06,10.36,10.83,11.25,12.76,12.47,11.23,15.23,17.51,136.9
2023-12-29,11.0134,12.7389,14.03,11.72,10.67,9.96,10.13,10.67,16.68,13.53,12.02,11.25,9.94,10.31,10.82,11.25,12.74,12.45,10.67,15.26,17.53,138.05
2024-01-02,11.5823,12.6925,13.39,11.38,10.71,9.73,9.99,10.71,16.35,13.36,12.01,11.26,9.76,10.2,10.78,11.26,12.69,13.2,12.59,15.48,17.68,134.8
2024-01-03,12.2615,13.2469,14.73,12.53,11.37,10.23,10.55,11.37,17.29,14.31,12.8,11.91,10.18,10.69,11.35,11.91,13.25,14.04,13.24,16.04,18.08,134.23
2024-01-04,12.4303,13.4913,14.7,12.6,11.63,10.42,10.8,11.63,17.26,14.29,12.89,11.97,10.2,10.72,11.39,11.97,13.49,14.13,13.06,16.04,18.02,136.6
2024-01-05,11.8826,12.9971,13.78,11.89,11.02,9.88,10.28,11.02,16.42,13.77,12.45,11.61,10.04,10.52,11.09,11.61,13.0,13.35,11.71,15.51,17.56,132.68
2024-01-08,11.1165,12.5123,12.01,10.57,10.14,9.38,9.59,10.14,15.34,12.81,11.58,11.01,9.79,10.14,10.56,11.01,12.51,13.08,11.7,15.14,17.09,137.05
2024-01-09,10.8856,12.2392,11.9,10.39,9.88,9.16,9.2,9.88,15.04,12.54,11.38,10.81,9.53,9.91,10.4,10.81,12.24,12.76,11.35,14.9,16.96,140.95
2024-01-10,10.8865,12.244,12.18,10.47,10.3,9.84,9.92,10.3,14.97,12.43,11.29,10.78,9.76,10.03,10.41,10.78,12.24,12.69,11.09,14.73,16.75,137.4
2024-01-11,10.7039,12.1667,12.07,10.13,9.78,9.54,9.55,9.78,14.81,12.19,11.03,10.51,9.59,9.78,10.11,10.51,12.17,12.44,10.75,14.56,16.68,140.36
2024-01-12,10.8509,12.2002,11.9,9.85,9.5,9.22,9.4,9.5,15.3,12.44,11.19,10.68,9.7,9.93,10.25,10.68,12.2,12.7,10.52,14.94,16.85,143.81
2024-01-16,11.3825,12.6126,9.92,9.25,9.63,9.29,9.62,9.63,15.67,12.95,11.68,11.12,9.82,10.21,10.69,11.12,12.61,13.84,12.64,15.74,17.44,139.94
2024-01-17,12.1765,13.2044,11.15,9.55,9.89,9.22,10.34,9.89,16.88,13.86,12.52,11.9,10.24,10.75,11.38,11.9,13.2,14.79,13.32,16.38,17.9,147.76
2024-01-18,11.7373,12.8037,11.92,11.12,11.0,9.84,9.67,11.0,16.12,13.32,12.04,11.5,10.1,10.51,10.98,11.5,12.8,14.13,12.66,15.84,17.45,148.15
2024-01-19,11.0144,12.0194,10.09,9.68,8.88,8.77,8.82,8.88,14.98,12.27,11.21,10.9,10.02,10.21,10.56,10.9,12.02,13.3,11.82,15.26,16.94,
2024-01-22,10.8296,11.7943,14.25,11.79,10.5,9.88,9.99,10.5,16.45,12.93,11.51,10.74,9.74,9.93,10.33,10.74,11.79,13.19,13.18,14.97,16.75,146.01
2024-01-23,10.3324,11.6763,13.3,11.15,10.03,9.64,9.7,10.03,15.72,12.42,11.11,10.38,9.48,9.67,10.03,10.38,11.68,12.55,12.49,14.52,16.36,148.12
2024-01-24,10.7497,11.7623,14.1,11.72,10.55,10.12,10.16,10.55,16.4,12.83,11.45,10.69,9.84,9.99,10.33,10.69,11.76,13.14,13.58,14.97,16.73,150.25
2024-01-25,10.9878,11.9317,14.49,12.0,10.86,10.32,10.43,10.86,16.77,13.01,11.6,10.92,10.04,10.2,10.55,10.92,11.93,13.45,13.74,15.1,16.83,153.05
2024-01-26,10.9179,11.8472,14.13,11.86,10.9,10.37,10.54,10.9,16.54,12.89,11.55,10.84,10.14,10.24,10.52,10.84,11.85,13.26,13.07,15.03,16.86,151.36
2024-01-29,11.0114,11.9845,13.38,11.64,10.91,10.57,10.7,10.91,16.06,12.78,11.57,11.01,10.26,10.4,10.68,11.01,11.98,13.6,13.95,15.22,16.97,149.03
2024-01-30,10.9149,11.9396,13.21,11.53,11.11,10.71,10.76,11.11,15.89,12.71,11.61,10.93,10.28,10.4,10.66,10.93,11.94,13.31,13.72,15.14,16.93,148.73
2024-01-31,11.8658,12.7422,14.93,12.82,11.86,11.07,11.24,11.86,17.44,13.92,12.44,11.74,10.59,10.85,11.25,11.74,12.74,14.35,14.55,15.96,17.58,150.21
2024-02-01,11.17,12.0117,13.94,11.96,10.96,10.29,10.5,10.96,16.7,13.16,11.87,11.11,10.23,10.44,10.78,11.11,12.01,13.88,13.28,15.5,17.22,160.08
2024-02-02,11.1722,12.3161,13.97,11.8,10.95,10.45,10.54,10.95,16.65,13.14,11.85,11.23,10.52,10.64,10.92,11.23,12.32,13.85,13.04,15.61,17.27,160.02
2024-02-05,10.8512,12.1481,12.61,10.98,10.36,9.92,9.94,10.36,15.65,12.61,11.39,10.75,10.16,10.26,10.53,10.75,12.15,13.67,13.35,15.33,17.06,155.49
2024-02-06,10.4581,11.8126,11.9,10.66,10.03,9.67,9.79,10.03,15.22,12.2,11.17,10.55,10.0,10.13,10.33,10.55,11.81,13.06,12.46,14.99,16.82,152.82
2024-02-07,10.4681,11.9253,11.3,10.43,9.91,9.9,9.98,9.91,14.68,11.92,10.97,10.5,10.15,10.19,10.33,10.5,11.93,12.83,11.96,14.85,16.69,151.41
2024-02-08,10.5763,11.8175,11.32,10.41,9.84,9.76,9.9,9.84,14.71,12.05,11.02,10.48,9.96,10.1,10.29,10.48,11.82,12.79,11.6,14.93,16.73,150.36
2024-02-09,10.7463,12.1231,11.62,10.27,9.82,9.45,9.64,9.82,14.88,12.04,11.09,10.65,10.07,10.2,10.39,10.65,12.12,12.93,11.61,15.08,16.94,156.62
2024-02-12,11.1751,12.4173,11.63,10.92,10.4,10.05,10.25,10.4,15.53,12.58,11.51,10.9,10.26,10.44,10.68,10.9,12.42,13.93,13.03,15.67,17.37,152.8
2024-02-13,12.0719,13.1146,12.64,12.2,11.43,11.1,11.25,11.43,17.95,13.93,12.41,11.72,10.52,10.87,11.33,11.72,13.11,15.85,15.0,16.82,18.19,170.52
2024-02-14,11.4584,12.5285,11.96,10.97,10.04,9.8,9.95,10.04,16.54,12.99,11.71,11.07,10.2,10.43,10.79,11.07,12.53,14.38,12.92,15.93,17.62,160.4
2024-02-15,11.32,12.1892,12.0,11.08,10.02,10.16,10.02,10.02,15.82,12.75,11.67,11.12,10.32,10.56,10.86,11.12,12.19,14.01,12.47,15.76,17.53,148.9
2024-02-16,11.657,12.4447,11.58,11.12,11.46,11.16,11.3,11.46,16.53,13.33,12.07,11.47,10.53,10.82,11.16,11.47,12.44,14.24,12.57,15.86,17.62,142.62
2024-02-20,12.2257,12.812,16.49,13.61,11.74,10.84,11.06,11.74,18.43,14.44,12.86,11.93,10.82,11.11,11.53,11.93,12.81,15.42,14.85,16.41,18.0,141.45
2024-02-21,12.2285,12.7335,16.56,13.53,11.67,10.8,11.0,11.67,18.2,14.26,12.7,11.84,10.81,11.07,11.44,11.84,12.73,15.34,14.65,16.23,17.78,142.72
2024-02-22,11.6592,12.3303,14.77,12.26,11.14,10.64,10.83,11.14,17.15,13.44,12.19,11.5,10.75,10.96,11.24,11.5,12.33,14.54,13.17,15.77,17.39,145.91
2024-02-23,11.1408,12.0641,13.84,11.57,10.52,10.2,10.28,10.52,16.29,12.89,11.78,11.11,10.56,10.68,10.9,11.11,12.06,13.75,11.92,15.25,17.09,144.0
2024-02-26,10.8992,11.994,13.35,11.34,10.38,10.12,10.16,10.38,15.85,12.66,11.64,10.99,10.4,10.56,10.77,10.99,11.99,13.74,13.13,15.22,17.04,143.6
2024-02-27,10.7014,11.9999,12.99,11.05,10.15,9.84,9.95,10.15,15.45,12.39,11.35,10.73,10.08,10.28,10.51,10.73,12.0,13.43,12.84,14.89,16.78,147.29
2024-02-28,11.0051,11.9424,14.07,11.77,10.57,9.99,10.21,10.57,16.09,12.84,11.69,10.95,10.18,10.44,10.7,10.95,11.94,13.84,13.52,15.22,17.03,149.09
2024-02-29,10.7036,11.7728,13.36,11.38,10.35,9.76,9.96,10.35,15.67,12.61,11.6,10.74,9.98,10.26,10.54,10.74,11.77,13.4,12.48,14.93,16.86,149.83
2024-03-01,10.793,12.292,12.92,11.03,10.06,9.41,9.82,10.06,15.39,12.42,11.41,10.82,10.03,10.28,10.57,10.82,12.29,13.11,11.82,14.93,16.86,150.42
2024-03-04,11.0026,12.2442,12.81,11.2,10.43,9.64,9.98,10.43,15.4,12.55,11.54,11.08,10.16,10.44,10.81,11.08,12.24,13.49,13.23,15.23,17.12,145.94
2024-03-05,11.9206,12.7202,14.88,12.79,11.67,11.04,11.24,11.67,16.9,13.52,12.26,11.75,10.66,11.02,11.4,11.75,12.72,14.46,14.88,15.91,17.62,144.9
2024-03-06,12.1491,13.0388,15.31,13.28,12.13,11.12,11.56,12.13,16.98,13.68,12.44,11.94,10.69,11.17,11.59,11.94,13.04,14.5,14.88,15.97,17.67,143.64
2024-03-07,12.1806,13.1327,14.59,13.05,12.43,11.53,11.91,12.43,16.55,13.6,12.54,11.86,11.01,11.28,11.6,11.86,13.13,14.44,14.55,15.91,17.57,142.94
2024-03-08,12.427,13.1374,15.42,13.41,12.21,11.24,11.54,12.21,17.39,13.96,12.66,12.34,11.16,11.51,11.94,12.34,13.14,14.74,14.63,16.3,17.96,141.18
2024-03-11,12.6757,13.4285,15.42,13.99,13.59,12.54,12.8,13.59,17.14,13.99,12.77,12.4,11.14,11.57,12.02,12.4,13.43,15.22,16.46,16.46,18.11,142.27
2024-03-12,11.5693,12.7503,10.84,9.86,10.05,9.14,9.8,10.05,15.23,12.69,11.68,11.44,10.6,10.86,11.17,11.44,12.75,13.84,14.07,15.66,17.58,142.23
2024-03-13,11.5163,12.6892,11.38,10.17,10.2,9.44,9.84,10.2,15.26,12.57,11.56,11.4,10.36,10.7,11.08,11.4,12.69,13.75,14.1,15.6,17.56,144.17
2024-03-14,11.9899,13.085,13.77,11.88,11.34,10.7,11.32,11.34,16.36,13.23,11.97,11.96,10.57,11.02,11.53,11.96,13.09,14.4,14.87,16.12,17.93,143.95
2024-03-15,12.6178,13.4202,10.67,10.42,10.49,10.95,11.3,10.49,16.85,13.68,12.4,12.51,10.84,11.38,12.02,12.51,13.42,14.41,14.16,16.41,18.17,138.91
2024-03-18,12.1471,13.2027,15.98,13.33,12.01,10.68,11.14,12.01,17.31,14.13,12.85,12.08,10.74,11.2,11.7,12.08,13.2,14.33,14.5,16.22,18.0,139.97
2024-03-19,11.7041,12.9063,15.39,12.83,11.63,10.57,10.96,11.63,16.7,13.7,12.53,11.8,10.58,11.0,11.45,11.8,12.91,13.82,13.64,15.77,17.64,141.61
2024-03-20,11.0382,12.6682,14.33,11.99,11.23,10.33,10.62,11.23,16.02,13.16,12.1,11.46,10.49,10.78,11.15,11.46,12.67,13.04,11.58,15.28,17.27,141.19
2024-03-21,10.9838,12.265,13.99,11.68,10.92,10.15,10.3,10.92,15.73,12.92,11.92,11.27,10.5,10.68,10.99,11.27,12.27,12.92,11.17,15.18,17.25,154.0
2024-03-22,11.0521,12.5844,14.43,12.01,10.84,9.96,10.22,10.84,15.97,13.05,11.94,11.29,10.43,10.66,10.95,11.29,12.58,13.06,10.86,15.3,17.34,155.84
2024-03-25,10.9575,12.5371,13.86,11.65,10.63,9.9,10.11,10.63,15.67,12.93,11.95,11.27,10.42,10.63,11.0,11.27,12.54,13.19,11.47,15.38,17.46,151.6
2024-03-26,11.1933,12.3649,13.99,11.45,10.71,9.91,10.06,10.71,15.73,12.86,11.69,11.27,10.32,10.54,10.95,11.27,12.36,13.24,11.59,15.29,17.34,157.6
2024-03-27,10.5346,12.318,13.35,10.94,10.34,9.51,9.7,10.34,15.26,12.47,11.47,10.96,10.13,10.37,10.72,10.96,12.32,12.78,10.53,15.01,17.07,157.11
2024-03-28,10.7534,12.3823,13.99,11.38,10.5,9.5,9.69,10.5,15.75,12.79,11.7,11.13,10.11,10.42,10.81,11.13,12.38,13.01,10.56,15.19,17.19,155.44
2024-04-01,11.0919,12.5255,13.37,11.23,10.35,9.37,9.69,10.35,15.69,12.91,11.77,11.13,10.03,10.39,10.78,11.13,12.53,13.65,12.62,15.52,17.42,146.33
2024-04-02,12.1621,13.0862,14.79,12.37,11.49,10.23,10.73,11.49,16.76,13.76,12.48,11.88,10.52,10.93,11.46,11.88,13.09,14.61,14.03,16.09,17.84,142.14
2024-04-03,12.4184,12.9151,14.35,12.28,11.52,10.18,10.75,11.52,16.52,13.6,12.45,11.92,10.53,11.01,11.5,11.92,12.92,14.33,13.27,15.91,17.74,138.52
2024-04-04,13.6615,14.1169,18.07,15.24,14.06,11.98,12.71,14.06,18.75,15.39,13.83,13.2,11.36,12.01,12.65,13.2,14.12,16.35,17.14,17.16,18.65,142.49
2024-04-05,13.5314,14.0007,17.38,14.74,13.11,10.99,11.83,13.11,18.84,15.39,13.81,12.97,11.07,11.73,12.4,12.97,14.0,16.03,15.46,17.18,18.68,142.64
2024-04-08,12.6262,13.556,14.51,12.85,12.04,10.44,11.09,12.04,17.32,14.3,12.83,12.39,10.55,11.2,11.81,12.39,13.56,15.19,14.56,16.56,18.16,140.63
2024-04-09,12.5903,13.5355,15.21,13.25,12.48,10.58,11.46,12.48,17.04,14.08,12.78,12.34,10.59,11.13,11.8,12.34,13.54,14.98,14.7,16.42,18.07,139.28
2024-04-10,13.2101,14.1046,16.38,14.47,12.65,12.13,12.96,12.65,18.21,15.13,13.72,13.12,11.05,11.85,12.59,13.12,14.1,15.8,15.81,17.04,18.54,139.94
2024-04-11,12.6817,13.4298,14.97,13.31,12.31,10.94,11.5,12.31,17.22,14.5,13.13,12.51,10.72,11.29,12.0,12.51,13.43,14.91,14.18,16.49,18.15,136.16
2024-04-12,14.697,15.0376,18.85,16.92,15.42,13.02,13.95,15.42,20.15,16.78,15.13,14.3,11.77,12.65,13.6,14.3,15.04,17.31,17.33,18.2,19.38,142.31
2024-04-15,16.2635,16.0588,19.1,17.71,16.42,15.88,16.6,16.42,21.86,18.33,16.64,15.57,12.82,13.74,14.78,15.57,16.06,19.23,20.76,19.55,20.41,137.72
2024-04-16,15.7397,15.5685,17.31,15.37,15.96,15.33,15.77,15.96,21.0,17.76,16.1,15.18,12.74,13.6,14.48,15.18,15.57,18.4,19.24,18.84,19.9,135.6
2024-04-17,15.7546,15.6759,16.78,15.7,15.6,14.82,15.06,15.6,20.91,17.84,16.27,15.35,12.72,13.63,14.58,15.35,15.68,18.21,18.1,18.77,19.87,134.38
2024-04-18,15.646,15.6712,15.38,14.92,14.95,14.92,15.18,14.95,20.6,17.59,16.11,15.31,12.89,13.8,14.72,15.31,15.67,18.0,17.88,18.66,19.77,131.8
2024-04-19,16.1569,16.0387,17.28,16.91,17.01,16.74,17.01,17.01,21.52,18.32,16.74,15.91,13.4,14.36,15.24,15.91,16.04,18.71,18.13,19.25,20.17,133.4
2024-04-22,14.3807,14.8478,18.09,15.71,14.12,12.25,13.03,14.12,19.95,16.55,15.05,14.13,12.22,12.85,13.55,14.13,14.85,16.94,17.45,17.63,18.86,131.68
2024-04-23,13.5061,13.9701,16.75,14.66,13.14,11.54,12.16,13.14,18.81,15.59,14.16,13.26,11.5,12.16,12.8,13.26,13.97,15.69,16.25,16.68,18.17,135.61
2024-04-24,13.7774,14.0289,17.41,15.22,13.33,11.7,12.34,13.33,19.21,15.84,14.36,13.32,11.56,12.15,12.81,13.32,14.03,15.97,16.29,16.84,18.31,135.06
2024-04-25,13.3333,13.8105,16.76,14.75,13.07,11.28,11.96,13.07,18.71,15.43,13.99,13.07,11.12,11.81,12.53,13.07,13.81,15.37,15.81,16.37,17.88,134.08
2024-04-26,13.0528,13.6245,16.39,14.24,12.79,11.06,11.73,12.79,18.36,15.22,13.77,12.89,11.04,11.7,12.41,12.89,13.62,15.03,14.67,16.27,17.83,140.86
2024-04-29,12.5181,13.4269,15.5,13.76,12.26,10.8,11.3,12.26,17.68,14.75,13.38,12.55,10.74,11.41,12.07,12.55,13.43,14.67,15.11,16.0,17.63,138.3
2024-04-30,13.8187,14.1653,16.86,15.32,13.81,12.09,12.85,13.81,18.7,15.7,14.31,13.41,11.57,12.15,12.82,13.41,14.17,15.65,16.66,16.59,17.94,132.4
2024-05-01,13.729,14.1243,16.89,15.27,13.8,12.12,12.87,13.8,18.7,15.73,14.38,13.46,11.7,12.28,12.93,13.46,14.12,15.39,15.91,16.57,18.16,133.35
2024-05-02,13.428,13.943,15.94,14.75,13.29,11.72,12.48,13.29,17.81,15.17,13.92,13.01,11.37,11.96,12.55,13.01,13.94,14.68,14.86,16.05,17.71,132.12
2024-05-03,11.8588,12.7512,14.23,12.83,11.35,10.23,10.7,11.35,16.88,14.24,13.04,12.24,10.82,11.31,11.81,12.24,12.75,13.49,12.0,15.27,17.13,135.18
2024-05-06,11.8311,12.853,13.18,12.21,11.0,10.23,10.62,11.0,16.1,13.69,12.6,11.98,10.72,11.16,11.6,11.98,12.85,13.49,13.13,15.02,16.94,130.08
2024-05-07,11.6032,12.7154,13.01,11.69,10.56,9.98,10.24,10.56,16.04,13.47,12.34,11.71,10.52,10.9,11.33,11.71,12.72,13.23,12.76,14.95,16.9,133.64
2024-05-08,11.2966,12.3246,12.58,11.71,10.78,9.79,10.35,10.78,15.91,13.36,12.27,11.56,10.31,10.72,11.17,11.56,12.32,13.0,12.48,14.9,16.89,133.24
2024-05-09,11.1581,12.4007,12.05,11.27,10.25,9.41,9.67,10.25,15.57,12.99,11.97,11.3,10.08,10.54,10.98,11.3,12.4,12.69,11.92,14.71,16.68,136.46
2024-05-10,10.6786,11.9895,12.05,11.41,10.66,9.6,9.97,10.66,15.5,13.0,11.91,11.22,9.91,10.41,10.87,11.22,11.99,12.55,11.82,14.66,16.67,137.3
2024-05-13,12.0098,12.5079,13.12,13.05,12.44,11.24,11.79,12.44,15.74,13.24,12.17,11.42,10.21,10.62,11.12,11.42,12.51,13.6,13.71,14.89,16.86,139.65
2024-05-14,11.5775,12.0104,13.44,13.08,12.38,11.01,11.59,12.38,15.45,12.93,11.9,11.23,10.13,10.52,10.88,11.23,12.01,13.42,13.31,14.7,16.76,140.18
2024-05-15,10.525,11.3937,9.08,7.86,7.21,7.29,7.37,7.21,14.33,11.87,10.86,10.34,9.51,9.78,10.04,10.34,11.39,12.45,11.42,14.08,16.33,140.64
2024-05-16,10.5202,11.557,9.79,9.39,8.74,7.83,7.89,8.74,14.6,11.88,10.85,10.34,9.55,9.79,10.04,10.34,11.56,12.42,10.96,14.22,16.46,147.85
2024-05-17,10.2761,11.4653,7.74,7.47,7.14,6.23,6.29,7.14,14.45,11.78,10.65,10.1,9.22,9.52,9.78,10.1,11.47,11.99,9.67,13.99,16.29,143.05
2024-05-20,10.1176,11.2725,14.26,11.67,10.03,9.07,9.38,10.03,15.62,12.41,11.22,10.37,9.32,9.67,10.05,10.37,11.27,12.15,10.53,14.11,16.34,144.54
2024-05-21,9.9364,11.0765,14.08,11.34,9.73,8.79,9.08,9.73,15.37,12.22,10.99,10.1,9.05,9.38,9.78,10.1,11.08,11.86,10.08,13.95,16.2,149.52
2024-05-22,10.3441,11.3202,15.01,12.01,10.1,8.82,9.28,10.1,16.28,12.65,11.24,10.37,9.12,9.48,9.96,10.37,11.32,12.29,11.14,14.31,16.51,150.14
2024-05-23,10.7104,11.7262,15.87,12.52,10.31,8.94,9.33,10.31,17.02,13.09,11.52,10.46,8.96,9.4,9.94,10.46,11.73,12.77,10.79,14.67,16.7,153.33
2024-05-24,9.9716,11.4304,14.97,11.76,9.68,8.34,8.77,9.68,16.29,12.5,10.97,10.02,8.58,9.01,9.56,10.02,11.43,11.93,9.19,14.17,16.36,155.86
2024-05-28,10.3518,11.5236,15.08,12.08,9.96,8.49,8.99,9.96,16.48,12.71,11.14,10.22,8.73,9.16,9.74,10.22,11.52,12.92,11.51,14.72,16.71,152.23
2024-05-29,11.5393,11.9998,16.92,13.74,11.34,9.47,10.1,11.34,17.79,13.91,12.16,11.09,9.3,9.85,10.5,11.09,12.0,14.28,13.41,15.45,17.21,151.8
2024-05-30,11.963,12.2849,17.14,14.23,11.97,10.04,10.68,11.97,17.97,14.19,12.52,11.52,9.64,10.2,10.89,11.52,12.28,14.47,13.67,15.59,17.3,146.61
2024-05-31,11.0944,11.8339,14.86,12.49,10.84,9.14,9.77,10.84,16.13,12.93,11.55,10.69,9.17,9.66,10.22,10.69,11.83,12.92,11.68,14.66,16.61,148.1
2024-06-03,11.0017,11.8097,14.74,12.77,11.22,9.58,10.19,11.22,15.94,12.93,11.6,10.8,9.35,9.78,10.33,10.8,11.81,13.11,13.91,14.8,16.74,139.01
2024-06-04,11.467,12.0657,14.89,13.12,11.63,9.94,10.58,11.63,16.06,13.15,11.83,11.03,9.5,9.97,10.54,11.03,12.07,13.16,14.28,14.88,16.84,138.18
2024-06-05,11.0548,11.7904,14.4,12.6,11.22,9.77,10.26,11.22,15.53,12.67,11.45,10.72,9.38,9.77,10.3,10.72,11.79,12.63,13.99,14.54,16.61,141.4
2024-06-06,11.1098,11.8067,14.2,12.5,11.24,9.86,10.35,11.24,15.51,12.69,11.49,10.76,9.56,9.9,10.36,10.76,11.81,12.58,13.47,14.54,16.62,140.18
2024-06-07,10.8958,11.7952,13.53,12.05,10.94,9.69,10.22,10.94,15.27,12.5,11.33,10.64,9.47,9.8,10.24,10.64,11.8,12.22,12.33,14.41,16.54,139.61
2024-06-10,10.8802,11.9696,13.19,12.15,11.1,9.74,10.33,11.1,14.9,12.42,11.28,10.65,9.44,9.82,10.27,10.65,11.97,12.74,12.85,14.6,16.67,141.56
2024-06-11,11.2533,11.9802,13.86,12.54,11.29,9.83,10.53,11.29,15.1,12.46,11.37,10.63,9.48,9.86,10.28,10.63,11.98,12.85,12.87,14.49,16.59,144.7
2024-06-12,10.225,11.4942,11.59,10.13,9.22,8.52,8.7,9.22,14.1,11.43,10.4,9.82,9.18,9.33,9.57,9.82,11.49,12.04,10.4,14.12,16.38,150.66
2024-06-13,10.1317,11.5608,11.03,9.09,8.36,8.02,8.15,8.36,13.96,11.34,10.31,9.76,9.06,9.24,9.5,9.76,11.56,11.94,10.28,14.17,16.49,162.25
2024-06-14,10.7348,11.9236,12.99,10.24,8.87,8.07,8.22,8.87,15.64,12.3,10.99,10.34,9.26,9.58,9.97,10.34,11.92,12.66,11.0,14.84,17.03,156.18
2024-06-17,10.6301,11.939,11.26,9.47,9.62,8.6,9.08,9.62,14.67,11.91,10.82,10.25,9.46,9.66,9.95,10.25,11.94,12.75,11.94,14.79,17.0,153.84
2024-06-18,10.6496,12.1554,11.12,9.94,8.3,8.07,8.07,8.3,14.49,11.91,10.79,10.14,9.31,9.51,9.83,10.14,12.16,12.3,11.12,14.69,16.99,142.9
2024-06-20,10.9855,12.3259,10.55,10.08,10.7,10.01,10.22,10.7,15.12,12.47,11.33,10.7,9.62,9.94,10.35,10.7,12.33,13.28,12.36,15.41,17.62,148.6
2024-06-21,11.0103,12.3371,9.1,8.87,8.24,7.59,7.83,8.24,15.17,12.44,11.37,10.62,9.51,9.86,10.3,10.62,12.34,13.2,10.96,15.17,17.46,151.79
2024-06-24,10.9869,12.4773,14.49,12.21,10.6,9.42,9.88,10.6,16.4,13.26,11.93,11.13,9.87,10.25,10.72,11.13,12.48,13.33,11.83,15.23,17.56,147.13
2024-06-25,10.6062,12.0356,14.04,11.85,10.31,9.23,9.59,10.31,15.93,12.93,11.64,10.86,9.63,10.01,10.45,10.86,12.04,12.84,11.1,14.86,17.24,146.64
2024-06-26,10.6414,12.1689,13.79,11.6,10.04,9.09,9.36,10.04,15.79,12.78,11.48,10.67,9.43,9.79,10.26,10.67,12.17,12.55,10.51,14.71,17.18,143.49
2024-06-27,10.4629,11.9868,13.5,11.37,9.87,8.85,9.14,9.87,15.52,12.56,11.27,10.47,9.25,9.6,10.05,10.47,11.99,12.24,10.49,14.42,16.92,143.06
2024-06-28,10.5597,12.0414,14.12,11.66,9.99,8.92,9.22,9.99,15.77,12.79,11.41,10.58,9.24,9.6,10.12,10.58,12.04,12.44,10.54,14.52,16.95,141.79
2024-07-01,10.1487,11.6055,12.53,10.54,9.13,8.15,8.45,9.13,14.81,12.1,10.84,10.03,8.75,9.09,9.6,10.03,11.61,12.22,10.93,14.19,16.68,145.82
2024-07-02,10.1175,11.3872,12.26,10.22,8.93,7.97,8.3,8.93,14.68,11.89,10.66,9.87,8.59,8.98,9.47,9.87,11.39,12.03,10.6,14.01,16.53,147.16
2024-07-03,10.1655,11.5798,12.14,10.0,9.01,8.27,8.43,9.01,14.64,11.84,10.59,10.01,8.88,9.15,9.58,10.01,11.58,12.09,10.72,14.02,16.55,148.83
2024-07-05,10.1574,11.658,11.71,9.95,8.73,8.03,8.23,8.73,14.7,11.92,10.71,10.02,8.93,9.23,9.63,10.02,11.66,12.48,10.81,14.35,16.71,150.2
2024-07-08,9.8845,11.4396,10.53,9.25,8.57,7.9,8.12,8.57,13.92,11.51,10.46,9.8,8.86,9.13,9.47,9.8,11.44,12.37,11.05,14.29,16.65,148.53
2024-07-09,10.107,11.6985,10.52,9.45,8.7,8.05,8.24,8.7,14.18,11.7,10.57,9.91,8.91,9.19,9.56,9.91,11.7,12.51,11.11,14.39,16.77,151.09
2024-07-10,10.2949,11.6819,11.65,10.14,9.25,8.53,8.78,9.25,14.44,11.76,10.66,10.06,9.07,9.35,9.73,10.06,11.68,12.85,12.0,14.5,16.8,156.96
2024-07-11,10.4791,11.9136,10.93,9.74,9.05,8.65,8.98,9.05,14.63,12.04,10.9,10.25,9.31,9.53,9.9,10.25,11.91,12.92,11.42,14.67,16.99,152.23
2024-07-12,10.0306,11.6714,10.2,9.32,8.45,8.15,8.4,8.45,14.1,11.49,10.48,9.85,9.17,9.3,9.57,9.85,11.67,12.46,10.55,14.37,16.8,150.86
2024-07-15,10.6438,12.0338,10.11,9.36,9.27,8.99,8.91,9.27,14.11,11.82,10.77,10.24,9.46,9.68,9.97,10.24,12.03,13.12,12.18,14.87,17.07,147.4
2024-07-16,10.5332,11.9949,9.89,9.53,9.31,8.24,8.6,9.31,13.97,11.67,10.75,10.29,9.54,9.76,10.02,10.29,11.99,13.19,11.8,14.91,17.15,151.53
2024-07-17,11.6801,12.5986,11.28,10.51,11.1,11.14,10.74,11.1,15.98,13.29,12.04,11.37,10.24,10.56,10.99,11.37,12.6,14.48,13.16,15.79,17.73,146.39
2024-07-18,12.6955,13.3347,13.99,12.9,12.88,12.91,13.16,12.88,18.08,14.63,13.09,12.26,10.74,11.14,11.76,12.26,13.33,15.93,14.9,16.56,18.2,151.12
2024-07-19,13.5963,13.8646,13.48,13.03,12.48,11.86,11.98,12.48,19.03,15.58,13.95,13.09,11.05,11.67,12.43,13.09,13.86,16.52,15.04,17.16,18.64,146.99
2024-07-22,12.098,12.7965,15.98,13.53,11.79,10.39,10.82,11.79,18.16,14.54,12.86,11.94,10.45,10.81,11.4,11.94,12.8,14.91,14.79,16.09,17.93,141.38
2024-07-23,12.2731,13.0171,15.91,13.55,11.81,10.52,10.91,11.81,18.09,14.55,12.94,11.96,10.48,10.84,11.43,11.96,13.02,14.72,14.61,16.01,17.92,137.0
2024-07-24,14.7755,14.7683,20.44,16.85,14.6,12.69,13.17,14.6,21.8,17.19,15.21,14.09,11.87,12.47,13.35,14.09,14.77,18.04,19.79,18.43,19.62,136.84
2024-07-25,15.5143,15.139,21.18,17.78,15.5,13.44,14.04,15.5,22.31,17.85,15.91,14.7,12.2,12.94,13.92,14.7,15.14,18.46,19.82,18.69,19.8,134.17
2024-07-26,14.0927,14.1555,18.53,15.99,13.92,12.06,12.66,13.92,20.12,16.32,14.58,13.49,11.4,11.99,12.82,13.49,14.16,16.39,16.81,17.24,18.75,131.73
2024-07-29,14.2157,14.201,17.52,15.68,14.16,12.28,13.0,14.16,19.54,16.12,14.52,13.57,11.53,12.17,12.94,13.57,14.2,16.6,17.39,17.16,18.64,128.93
2024-07-30,15.1775,14.9552,18.83,16.97,15.66,13.33,14.19,15.66,20.8,17.22,15.62,14.54,12.09,12.88,13.85,14.54,14.96,17.69,18.9,18.01,19.24,127.31
2024-07-31,14.1274,14.1256,17.68,15.82,13.95,11.74,12.63,13.95,19.5,15.96,14.22,13.33,11.21,11.85,12.65,13.33,14.13,16.36,16.51,16.97,18.32,136.69
2024-08-01,15.9641,15.6245,20.43,18.05,16.66,14.38,15.31,16.66,22.42,18.25,16.4,15.34,12.71,13.5,14.53,15.34,15.62,18.59,19.54,19.14,19.94,132.23
2024-08-02,19.3195,18.33,26.28,22.66,19.8,16.24,17.62,19.8,28.83,22.74,19.87,18.27,14.01,15.42,17.04,18.27,18.33,23.39,23.31,23.34,22.98,139.65
2024-08-05,27.8151,24.3606,46.23,36.77,29.75,21.15,24.44,29.75,45.23,33.55,28.07,25.13,17.49,19.96,22.89,25.13,24.36,38.57,42.79,33.71,30.28,145.3
2024-08-06,21.7542,19.9309,31.44,27.11,23.33,17.98,20.07,23.33,32.46,25.66,22.25,20.38,15.04,16.9,18.93,20.38,19.93,27.71,28.93,26.76,25.56,145.43
2024-08-07,22.1334,20.1928,32.3,27.29,24.15,19.11,21.12,24.15,32.94,25.58,22.47,20.75,15.71,17.41,19.31,20.75,20.19,27.85,29.26,27.01,25.75,146.36
2024-08-08,19.238,18.1941,26.91,23.15,20.15,15.95,17.65,20.15,28.29,22.53,19.61,18.09,13.8,15.26,16.85,18.09,18.19,23.79,23.9,24.13,23.5,147.37
2024-08-09,17.1816,16.6685,22.75,20.28,17.6,14.2,15.27,17.6,24.49,19.89,17.59,16.38,12.75,13.98,15.31,16.38,16.67,20.37,20.06,21.18,21.43,144.52
2024-08-12,16.775,16.523,22.16,20.33,18.39,14.51,16.11,18.39,24.71,19.77,17.37,16.08,12.29,13.68,15.06,16.08,16.52,20.71,21.92,21.63,21.63,140.82
2024-08-13,14.9918,15.4478,19.42,17.77,15.61,13.04,14.68,15.61,21.68,17.58,15.55,14.54,11.41,12.42,13.62,14.54,15.45,18.12,18.57,19.86,20.23,143.87
2024-08-14,13.5358,14.4644,15.42,13.99,12.79,11.64,12.45,12.79,19.45,15.84,14.1,13.22,10.43,11.43,12.52,13.22,14.46,16.19,15.79,18.45,19.2,141.82
2024-08-15,12.5531,13.9963,14.06,12.33,11.48,10.99,11.18,11.48,18.26,14.69,13.07,12.44,10.52,11.01,11.79,12.44,14.0,15.23,14.37,17.88,18.77,143.56
2024-08-16,12.4049,14.1318,10.83,10.22,9.64,8.57,8.93,9.64,18.15,14.67,13.02,12.28,10.41,10.88,11.67,12.28,14.13,14.8,12.97,17.81,18.78,142.55
2024-08-19,11.9687,13.7195,17.67,14.33,11.54,10.19,10.49,11.54,19.36,15.06,13.19,11.75,10.06,10.45,11.11,11.75,13.72,14.65,14.12,17.59,18.62,141.5
2024-08-20,12.7889,14.0241,19.03,15.0,12.39,10.61,11.03,12.39,20.11,15.4,13.33,12.23,10.27,10.76,11.54,12.23,14.02,15.88,15.85,18.28,19.3,146.26
2024-08-21,13.0332,14.1553,19.51,15.32,12.62,10.7,11.2,12.62,20.58,15.58,13.42,12.35,10.32,10.83,11.63,12.35,14.16,16.27,15.65,18.58,19.54,149.67
2024-08-22,13.9996,14.7305,21.32,16.61,13.54,11.19,11.86,13.54,21.9,16.57,14.25,13.09,10.76,11.36,12.29,13.09,14.73,17.55,16.55,19.36,20.09,154.16
2024-08-23,12.7702,14.066,19.42,15.14,12.45,10.73,11.13,12.45,20.32,15.43,13.23,12.16,10.36,10.78,11.49,12.16,14.07,15.86,13.69,18.19,19.35,153.95
2024-08-26,12.6421,13.8818,18.64,14.86,12.53,10.7,11.19,12.53,20.0,15.26,13.2,12.2,10.38,10.8,11.52,12.2,13.88,16.15,14.87,18.25,19.36,151.5
2024-08-27,12.2917,13.9847,18.21,14.49,12.12,10.26,10.78,12.12,19.49,14.95,12.93,11.91,10.03,10.46,11.22,11.91,13.98,15.43,14.17,17.73,19.0,151.83
2024-08-28,13.5694,14.4084,21.1,16.74,13.61,11.23,11.91,13.61,21.84,16.52,14.09,12.92,10.54,11.18,12.09,12.92,14.41,17.11,16.64,18.9,19.83,151.68
2024-08-29,12.4731,13.7817,18.98,15.0,12.33,10.32,10.85,12.33,20.14,15.31,13.15,12.04,10.0,10.43,11.22,12.04,13.78,15.65,13.73,18.0,19.31,153.01
2024-08-30,11.7225,13.5951,18.15,14.15,11.77,10.07,10.45,11.77,19.48,14.64,12.51,11.59,9.83,10.16,10.9,11.59,13.6,15.0,12.9,17.43,18.88,159.0
2024-09-03,14.8471,15.9906,23.05,17.89,14.91,12.03,12.96,14.91,24.52,18.36,15.66,14.36,11.2,12.11,13.35,14.36,15.99,20.72,20.07,21.7,21.93,163.6
2024-09-04,16.0944,16.8155,23.8,19.33,16.1,12.4,13.78,16.1,25.08,19.38,16.64,15.2,11.49,12.69,14.1,15.2,16.82,21.32,20.43,22.07,22.27,160.9
2024-09-05,15.7244,16.339,22.88,18.64,15.72,12.12,13.39,15.72,23.57,18.58,16.08,14.8,11.34,12.46,13.81,14.8,16.34,19.9,19.54,20.93,21.45,156.71
2024-09-06,18.0168,17.795,27.11,22.3,18.91,14.51,16.24,18.91,25.91,20.81,18.25,16.89,12.76,14.16,15.72,16.89,17.8,22.38,22.26,22.74,22.79,148.98
2024-09-09,15.8497,16.4801,21.09,18.74,16.03,12.7,13.95,16.03,22.42,18.51,16.28,15.13,11.68,12.88,14.14,15.13,16.48,19.45,19.67,20.88,21.4,140.33
2024-09-10,15.6565,16.3865,21.46,18.73,16.39,12.98,14.19,16.39,21.99,18.18,16.07,14.91,11.47,12.69,13.95,14.91,16.39,19.08,19.69,20.55,21.23,139.75
2024-09-11,14.5234,15.5649,19.75,17.12,15.01,12.05,13.06,15.01,20.62,16.93,14.88,13.91,10.9,11.9,13.04,13.91,15.56,17.69,17.88,19.59,20.37,139.73
2024-09-12,13.9492,15.3625,18.46,15.75,13.71,11.81,12.58,13.71,19.96,16.27,14.34,13.3,10.74,11.51,12.46,13.3,15.36,17.07,16.75,19.48,20.4,145.88
2024-09-13,13.4329,15.042,18.27,15.68,13.79,10.95,11.95,13.79,19.79,15.95,13.96,12.92,10.57,11.19,12.07,12.92,15.04,16.56,15.8,19.28,20.28,149.99
2024-09-16,13.4264,15.3162,16.85,15.8,15.04,12.8,13.51,15.04,19.58,15.8,13.89,12.96,10.68,11.3,12.21,12.96,15.32,17.14,17.19,19.81,20.58,152.17
2024-09-17,13.5839,15.4207,19.87,18.64,16.77,14.65,15.58,16.77,20.07,16.07,14.07,13.06,10.92,11.39,12.31,13.06,15.42,17.61,18.09,20.13,20.88,157.54
2024-09-18,13.9304,15.5656,18.14,17.09,15.7,14.17,14.87,15.7,20.16,16.43,14.43,13.4,11.35,11.81,12.58,13.4,15.57,18.23,17.95,20.35,20.98,167.42
2024-09-19,12.2828,14.4254,14.5,12.69,12.19,11.92,12.1,12.19,18.15,14.41,12.64,11.9,10.73,10.91,11.4,11.9,14.43,16.33,14.66,19.07,20.04,171.72
2024-09-20,12.1879,14.3941,11.04,10.42,9.91,9.37,9.58,9.91,18.64,14.56,12.6,11.77,10.61,10.71,11.22,11.77,14.39,16.15,13.2,18.94,20.12,165.75
2024-09-23,11.6626,14.0682,17.38,13.78,11.2,9.95,10.2,11.2,21.17,16.65,14.48,13.37,11.31,11.84,12.66,13.37,14.07,15.89,14.35,18.7,20.05,165.6
2024-09-24,11.3992,14.1052,16.86,13.33,10.93,9.67,9.92,10.93,20.88,16.48,14.29,13.24,11.09,11.67,12.51,13.24,14.11,15.39,14.12,18.47,19.87,162.41
2024-09-25,11.6067,14.2033,16.81,13.47,11.04,9.73,9.97,11.04,21.01,16.76,14.57,13.4,11.1,11.75,12.65,13.4,14.2,15.41,14.24,18.57,20.0,160.48
2024-09-26,11.7223,14.52,16.73,13.39,11.21,10.11,10.28,11.21,21.08,16.84,14.72,13.65,11.47,12.07,12.92,13.65,14.52,15.37,14.56,18.45,19.99,158.67
2024-09-27,12.7271,15.2659,18.82,15.01,12.3,10.5,11.01,12.3,22.69,18.16,15.78,14.54,11.86,12.67,13.65,14.54,15.27,16.96,15.74,19.54,20.92,160.99
2024-09-30,12.2268,14.6386,17.57,14.21,11.98,10.07,10.65,11.98,22.03,17.64,15.32,14.21,11.47,12.31,13.35,14.21,14.64,16.73,16.65,19.22,20.62,154.3
2024-10-01,14.3947,15.874,20.91,16.91,13.8,11.09,11.93,13.8,24.75,19.7,16.9,15.48,11.98,13.06,14.38,15.48,15.87,19.26,19.55,20.89,21.83,158.59
2024-10-02,14.2048,15.7232,20.3,16.6,13.73,10.94,11.88,13.73,24.12,19.36,16.72,15.37,11.86,13.0,14.3,15.37,15.72,18.9,18.76,20.59,21.62,161.5
2024-10-03,14.9113,16.3146,22.18,17.75,14.54,11.52,12.49,14.54,25.64,20.44,17.58,16.02,12.23,13.44,14.86,16.02,16.31,20.49,20.41,21.63,22.28,162.78
2024-10-04,13.5176,15.3763,19.47,15.4,12.73,10.28,11.15,12.73,24.3,19.18,16.47,15.12,11.91,12.92,14.12,15.12,15.38,19.21,16.48,20.65,21.6,156.43
2024-10-07,17.4964,16.5431,21.32,17.51,14.58,11.54,12.59,14.58,26.53,20.96,18.07,16.41,12.55,13.78,15.23,16.41,16.54,22.64,20.0,22.59,23.02,155.57
2024-10-08,16.3939,15.7381,19.18,15.58,13.3,10.91,11.69,13.3,25.11,19.69,16.93,15.57,12.08,13.17,14.48,15.57,15.74,21.42,18.0,21.52,22.45,156.28
2024-10-09,15.871,15.3009,17.56,14.35,12.6,10.74,11.31,12.6,24.2,18.93,16.3,15.08,12.11,12.96,14.1,15.08,15.3,20.86,16.41,20.91,21.85,156.93
2024-10-10,15.999,15.5992,16.71,13.66,11.89,9.95,10.63,11.89,24.19,19.02,16.45,15.15,12.17,13.07,14.15,15.15,15.6,20.93,15.49,21.02,21.96,154.09
2024-10-11,15.724,15.2223,15.68,12.38,11.04,9.33,9.89,11.04,24.0,18.84,16.27,15.05,12.48,13.14,14.15,15.05,15.22,20.46,14.33,20.77,21.76,159.43
2024-10-14,14.8067,14.5585,12.92,10.72,9.66,8.86,9.12,9.66,22.26,17.55,15.37,14.27,12.14,12.68,13.52,14.27,14.56,19.7,14.64,20.12,21.14,153.08
2024-10-15,15.3984,15.1143,12.16,10.84,10.91,9.94,10.25,10.91,23.32,18.41,16.03,14.94,12.36,13.07,14.09,14.94,15.11,20.64,14.88,20.8,21.52,159.69
2024-10-16,14.9113,14.9735,10.71,9.46,9.68,9.2,9.57,9.68,22.16,17.72,15.53,14.5,12.1,12.75,13.69,14.5,14.97,19.58,14.25,20.32,21.14,161.85
2024-10-17,14.5492,14.5617,10.81,9.6,10.05,9.5,9.74,10.05,21.54,17.12,15.08,14.14,11.73,12.44,13.38,14.14,14.56,19.11,13.85,19.81,20.75,165.82
2024-10-18,14.0991,14.2948,8.64,8.05,7.77,7.49,7.74,7.77,20.65,16.57,14.66,13.76,11.49,12.17,13.05,13.76,14.29,18.03,12.38,19.19,20.23,155.55
2024-10-21,14.333,14.2662,20.17,16.67,14.03,11.71,12.43,14.03,22.26,17.18,14.77,13.59,11.22,11.81,12.73,13.59,14.27,18.37,14.39,19.24,20.2,150.97
2024-10-22,14.4395,14.4463,20.2,16.83,14.35,11.93,12.7,14.35,22.22,17.22,14.82,13.64,11.17,11.79,12.77,13.64,14.45,18.2,14.55,19.17,20.22,146.8
2024-10-23,15.5247,15.1445,21.79,18.44,15.48,12.55,13.48,15.48,23.79,18.52,15.86,14.46,11.53,12.33,13.48,14.46,15.14,19.24,16.49,20.04,20.74,146.97
2024-10-24,15.5835,15.1431,22.24,18.63,15.55,12.35,13.39,15.55,23.86,18.54,15.85,14.42,11.33,12.17,13.38,14.42,15.14,19.08,16.67,19.85,20.56,144.71
2024-10-25,16.3471,15.6884,23.91,19.86,16.56,12.89,14.13,16.56,25.49,19.58,16.57,15.13,11.78,12.68,13.98,15.13,15.69,20.33,18.49,20.94,21.51,148.91
2024-10-28,15.5592,15.0942,22.72,19.14,16.08,12.98,14.03,16.08,24.06,18.7,16.01,14.58,11.71,12.41,13.58,14.58,15.09,19.8,21.17,20.17,20.79,148.46
2024-10-29,15.4092,15.0202,22.54,19.12,16.31,13.52,14.41,16.31,23.73,18.47,15.9,14.49,11.86,12.51,13.54,14.49,15.02,19.34,21.77,19.96,20.45,150.74
2024-10-30,16.2214,15.4448,23.62,20.22,17.07,14.01,15.13,17.07,24.4,19.08,16.47,14.78,12.17,12.83,13.96,14.78,15.44,20.35,23.59,20.76,21.23,153.45
2024-10-31,18.4116,16.8746,27.75,23.28,20.0,15.78,17.39,20.0,27.14,21.31,18.38,16.83,13.21,14.21,15.62,16.83,16.87,23.16,26.05,22.64,22.61,152.07
2024-11-01,17.8996,16.5375,27.07,23.0,19.7,15.24,17.07,19.7,26.52,20.87,18.07,16.59,13.01,14.0,15.41,16.59,16.54,21.88,23.47,21.91,22.18,146.66
2024-11-04,17.4484,16.2762,25.88,22.79,20.03,15.75,17.58,20.03,25.06,20.1,17.65,16.25,12.98,13.92,15.18,16.25,16.28,21.98,25.77,21.57,22.0,148.95
2024-11-05,16.0024,15.1458,25.3,21.82,19.12,14.97,16.66,19.12,23.46,18.73,16.31,15.09,12.32,13.05,14.16,15.09,15.15,20.49,24.7,20.19,20.85,152.68
2024-11-06,12.5214,13.4182,16.68,13.72,12.08,11.0,11.17,12.08,19.62,15.31,13.29,12.39,11.58,11.44,11.85,12.39,13.42,16.27,15.85,17.67,19.17,148.11
2024-11-07,11.898,13.0742,13.95,11.59,10.23,9.52,9.73,10.23,18.58,14.42,12.69,11.9,11.14,11.16,11.49,11.9,13.07,15.2,13.84,16.95,18.61,152.12
2024-11-08,11.7689,13.1801,13.68,11.25,9.63,8.86,9.12,9.63,18.6,14.27,12.53,11.82,10.96,11.11,11.43,11.82,13.18,14.94,13.09,16.83,18.56,150.34
2024-11-11,11.7419,13.0892,11.31,10.24,9.54,8.84,9.09,9.54,17.88,13.97,12.32,11.73,10.85,11.03,11.35,11.73,13.09,14.97,14.0,16.8,18.47,140.32
2024-11-12,11.7187,13.1344,11.6,10.76,9.85,9.22,9.41,9.85,17.72,13.88,12.33,11.6,10.56,10.83,11.2,11.6,13.13,14.71,13.92,16.71,18.54,141.5
2024-11-13,11.4012,12.9443,10.33,9.36,7.82,7.58,7.63,7.82,17.06,13.54,12.03,11.33,10.28,10.53,10.92,11.33,12.94,14.02,12.81,16.51,18.46,142.92
2024-11-14,11.3798,12.9532,11.1,10.31,10.22,10.05,10.02,10.22,17.1,13.57,12.11,11.3,9.96,10.27,10.76,11.3,12.95,14.31,13.13,16.68,18.57,147.98
2024-11-15,12.9434,13.9903,12.78,11.96,10.38,9.55,9.72,10.38,19.86,15.67,13.66,12.67,10.93,11.27,11.98,12.67,13.99,16.14,14.81,17.81,19.25,149.55
2024-11-18,12.6241,13.6612,18.2,14.72,12.22,10.56,11.0,12.22,19.92,15.4,13.27,12.26,10.49,10.95,11.65,12.26,13.66,15.58,13.98,17.19,18.76,147.33
2024-11-19,13.0663,13.7772,19.22,15.35,12.6,10.99,11.4,12.6,20.78,15.94,13.72,12.59,10.83,11.23,11.92,12.59,13.78,16.35,14.24,17.69,19.16,149.46
2024-11-20,13.6455,14.1502,20.56,16.3,13.23,11.34,11.86,13.23,21.88,16.64,14.22,13.02,11.07,11.53,12.29,13.02,14.15,17.16,15.08,18.26,19.43,153.0
2024-11-21,13.2095,13.8582,20.18,15.8,12.84,11.12,11.51,12.84,21.79,16.33,13.89,12.73,10.97,11.34,12.04,12.73,13.86,16.87,14.15,18.18,19.41,155.72
2024-11-22,11.978,13.2847,18.86,14.46,11.62,10.21,10.48,11.62,20.64,15.32,12.97,11.88,10.3,10.6,11.2,11.88,13.28,15.24,11.46,17.3,18.78,161.64
2024-11-25,10.9713,12.7832,16.86,13.09,10.76,9.81,9.91,10.76,19.13,14.23,12.16,11.18,9.93,10.1,10.62,11.18,12.78,14.6,12.31,16.87,18.44,167.28
2024-11-26,10.5146,12.6413,16.12,12.51,10.27,9.46,9.55,10.27,18.56,13.71,11.75,10.84,9.74,9.92,10.35,10.84,12.64,14.1,11.73,16.53,18.17,166.23
2024-11-27,10.5769,12.5928,16.41,12.6,10.34,9.18,9.44,10.34,18.67,13.8,11.78,10.88,9.5,9.77,10.32,10.88,12.59,14.1,10.75,16.6,18.28,167.94
2024-11-29,10.2388,12.4201,15.37,12.02,9.87,9.05,9.2,9.87,17.83,13.33,11.43,10.43,9.39,9.55,9.97,10.43,12.42,13.51,10.89,16.26,18.15,164.62
2024-12-02,10.061,12.3945,14.09,11.28,9.62,8.74,9.03,9.62,17.14,12.96,11.23,10.41,9.38,9.58,9.95,10.41,12.39,13.34,11.86,16.34,18.05,170.65
2024-12-03,9.9597,12.2296,14.0,11.19,9.46,8.54,8.8,9.46,17.01,12.89,11.17,10.29,9.29,9.47,9.86,10.29,12.23,13.3,11.87,16.24,17.98,170.23
2024-12-04,9.8481,12.2789,13.94,10.87,9.3,8.62,8.8,9.3,16.99,12.72,11.04,10.23,9.37,9.55,9.87,10.23,12.28,13.45,11.6,16.39,18.3,172.45
2024-12-05,9.9975,12.6197,13.81,10.91,9.2,8.39,8.64,9.2,17.35,12.89,11.15,10.34,9.29,9.51,9.92,10.34,12.62,13.54,11.68,16.58,18.36,173.93
2024-12-06,9.6533,12.4799,12.47,9.98,8.63,8.02,8.18,8.63,16.91,12.62,10.94,10.12,9.26,9.36,9.74,10.12,12.48,12.77,10.38,16.32,18.21,168.05
2024-12-09,10.6175,13.0483,12.95,10.72,9.46,8.63,8.93,9.46,17.66,13.36,11.53,10.68,9.43,9.71,10.2,10.68,13.05,14.19,12.97,17.09,18.78,163.14
2024-12-10,10.8436,13.1146,13.31,11.0,9.6,8.92,9.0,9.6,17.8,13.42,11.55,10.57,9.33,9.57,10.03,10.57,13.11,14.18,13.29,16.98,18.8,165.12
2024-12-11,10.3761,13.0526,11.9,9.83,8.9,8.25,8.47,8.9,16.99,12.78,11.02,10.28,9.27,9.46,9.85,10.28,13.05,13.58,12.04,16.88,18.9,169.06
2024-12-12,10.8146,13.4511,12.65,10.35,9.12,8.55,8.6,9.12,17.96,13.47,11.48,10.48,9.35,9.57,10.01,10.48,13.45,13.92,11.93,17.35,19.31,167.43
2024-12-13,10.3692,12.9713,11.85,9.95,8.7,7.98,8.29,8.7,18.18,13.56,11.53,10.33,9.24,9.42,9.81,10.33,12.97,13.81,10.9,17.15,19.23,169.91
2024-12-16,11.102,13.3925,12.14,10.2,9.05,8.32,8.51,9.05,17.87,13.46,11.53,10.6,9.58,9.74,10.15,10.6,13.39,14.69,12.06,17.57,19.5,166.79
2024-12-17,11.9644,14.0466,13.77,11.86,10.74,10.27,10.63,10.74,19.38,14.59,12.43,11.3,9.99,10.21,10.72,11.3,14.05,15.87,13.39,18.13,19.87,173.04
2024-12-18,18.7325,17.4612,43.94,28.55,22.96,19.74,23.06,22.96,34.3,23.75,20.11,18.54,13.96,15.27,16.91,18.54,17.46,27.62,35.42,24.24,23.62,168.92
2024-12-19,17.8324,17.3593,22.92,20.52,20.64,18.54,19.22,20.64,31.17,22.29,18.78,17.07,12.71,14.01,15.7,17.07,17.36,24.09,23.72,24.14,23.91,163.1
2024-12-20,14.9707,15.5532,18.04,17.1,13.81,11.44,11.76,13.81,23.37,17.92,15.33,13.92,10.68,11.65,12.9,13.92,15.55,18.36,15.95,20.1,21.5,161.21
2024-12-23,13.4386,14.3712,20.12,16.12,12.78,10.03,10.96,12.78,21.91,16.89,14.59,13.09,10.49,11.27,12.26,13.09,14.37,16.78,14.76,18.65,20.32,170.65
2024-12-24,11.0594,12.9909,16.88,13.14,10.13,8.67,8.91,10.13,19.71,14.9,12.77,11.42,9.53,9.99,10.72,11.42,12.99,14.27,10.89,17.2,19.28,180.09
2024-12-26,11.3967,13.1411,16.61,13.27,10.68,8.98,9.32,10.68,19.58,14.97,12.88,11.72,9.62,10.18,11.0,11.72,13.14,14.73,11.63,17.36,19.38,173.72
2024-12-27,12.6833,13.7122,18.05,14.95,12.21,9.61,10.44,12.21,20.71,16.1,13.92,12.58,9.98,10.73,11.74,12.58,13.71,15.95,13.31,18.07,19.88,167.92
2024-12-30,14.0057,14.6024,17.95,15.5,13.51,10.93,11.85,13.51,20.97,16.73,14.68,13.44,10.74,11.61,12.64,13.44,14.6,17.4,15.81,18.94,20.5,161.08
2024-12-31,14.1064,14.3588,17.83,15.44,13.37,11.06,11.94,13.37,21.12,16.83,14.82,13.34,10.66,11.52,12.51,13.34,14.36,17.35,15.15,18.98,20.55,169.16
2025-01-02,14.7548,14.8835,18.24,15.96,14.12,11.69,12.63,14.12,21.47,17.15,15.1,13.89,11.01,11.93,12.97,13.89,14.88,17.93,16.26,19.33,20.71,157.2
2025-01-03,13.451,14.0887,16.0,13.96,12.11,10.01,10.79,12.11,19.88,15.91,14.11,12.72,10.38,11.11,12.02,12.72,14.09,16.13,13.44,18.14,19.82,157.32
2025-01-06,12.9504,13.6641,16.21,14.18,12.07,10.13,10.9,12.07,19.61,15.65,13.75,12.48,10.32,10.91,11.78,12.48,13.66,16.04,14.2,18.03,19.65,152.64
2025-01-07,14.8915,14.918,18.23,16.2,14.45,12.11,12.97,14.45,21.5,17.24,15.19,13.85,11.19,12.0,13.05,13.85,14.92,17.82,16.1,19.19,20.48,155.1
2025-01-08,14.6408,14.6098,18.43,16.36,14.61,11.87,12.96,14.61,21.49,17.23,15.18,13.77,11.14,11.96,12.99,13.77,14.61,17.7,16.15,19.34,20.46,154.34
2025-01-10,16.213,16.0609,18.73,17.27,16.24,14.07,15.17,16.24,23.72,18.89,16.61,15.23,12.11,13.13,14.28,15.23,16.06,19.54,17.83,20.97,21.71,151.45
2025-01-13,15.502,15.5036,18.43,17.47,17.15,14.51,15.74,17.15,22.12,17.92,15.98,14.79,11.93,12.93,13.96,14.79,15.5,19.19,18.7,20.43,21.14,170.55
2025-01-14,15.4062,15.1833,19.88,19.12,17.36,15.09,16.18,17.36,21.66,17.66,15.8,14.64,11.91,12.81,13.79,14.64,15.18,18.71,18.15,19.99,20.92,167.64
2025-01-15,13.1737,13.7724,13.58,12.61,12.29,10.9,11.08,12.29,18.72,15.29,13.63,12.51,10.55,11.09,11.9,12.51,13.77,16.12,13.94,18.23,19.79,163.54
2025-01-16,13.3502,13.8092,13.9,12.94,12.63,12.45,12.92,12.63,18.85,15.34,13.75,12.67,10.48,11.13,12.0,12.67,13.81,16.6,14.88,18.35,19.9,167.41
2025-01-17,13.1925,13.4659,14.47,13.51,13.46,12.65,12.97,13.46,19.04,15.38,13.59,12.61,10.9,11.27,11.99,12.61,13.47,15.97,14.13,18.19,19.8,165.35
2025-01-21,11.7887,12.8233,16.54,13.54,11.38,10.07,10.43,11.38,18.73,14.59,12.77,11.66,10.11,10.47,11.09,11.66,12.82,15.06,14.31,17.5,19.21,173.0
2025-01-22,11.5453,12.7668,16.56,13.36,11.28,10.1,10.42,11.28,18.96,14.69,12.81,11.71,10.24,10.58,11.15,11.71,12.77,15.1,13.57,17.81,19.39,179.98
2025-01-23,11.4685,12.7654,16.64,13.33,11.17,9.92,10.28,11.17,18.9,14.58,12.74,11.63,10.17,10.53,11.08,11.63,12.77,15.02,13.42,17.52,19.18,179.32
2025-01-24,11.6212,13.0138,16.87,13.51,11.22,9.77,10.18,11.22,19.01,14.68,12.77,11.61,9.97,10.41,11.05,11.61,13.01,14.85,12.88,17.55,19.24,173.16
2025-01-27,13.7964,14.1338,20.15,16.21,13.48,11.11,11.84,13.48,21.1,16.51,14.36,13.23,10.76,11.42,12.38,13.23,14.13,17.9,18.45,18.97,20.1,168.55
2025-01-28,12.9052,13.5412,18.22,15.0,12.54,10.68,11.21,12.54,19.86,15.68,13.64,12.54,10.45,11.02,11.83,12.54,13.54,16.41,16.64,18.13,19.47,163.64
2025-01-29,13.1884,13.5328,18.54,15.51,12.78,11.14,11.51,12.78,20.25,15.96,14.14,12.63,10.64,10.98,11.96,12.63,13.53,16.56,16.41,18.15,19.59,157.43
2025-01-30,12.5223,13.043,17.22,14.47,12.14,10.34,10.96,12.14,19.33,15.43,13.56,12.32,10.36,10.96,11.71,12.32,13.04,15.84,14.98,17.91,19.33,156.7
2025-01-31,13.3832,13.5216,18.62,15.67,13.19,10.95,11.67,13.19,20.16,16.12,14.23,12.81,10.53,11.19,12.1,12.81,13.52,16.43,15.85,18.43,19.77,158.47
2025-02-03,14.9768,14.4599,20.56,17.71,14.38,11.92,12.87,14.38,21.63,17.55,15.5,13.7,11.1,11.91,12.9,13.7,14.46,18.62,19.38,19.55,20.35,155.45
2025-02-04,13.7191,14.0129,18.6,15.93,13.44,10.94,11.83,13.44,20.22,16.37,14.44,13.12,10.64,11.42,12.35,13.12,14.01,17.21,17.0,18.64,19.83,159.44
2025-02-05,12.5593,13.247,17.04,14.59,12.3,10.02,10.9,12.3,19.09,15.48,13.59,12.43,10.18,10.84,11.7,12.43,13.25,15.77,14.88,17.96,19.24,162.64
2025-02-06,12.2793,13.4576,16.51,13.8,11.77,9.59,10.37,11.77,18.83,15.17,13.34,12.26,10.08,10.7,11.54,12.26,13.46,15.5,14.15,17.94,19.22,163.57
2025-02-07,13.2093,13.7394,18.23,15.24,12.75,9.83,10.94,12.75,20.22,16.09,14.14,12.81,10.26,11.01,12.0,12.81,13.74,16.54,14.67,18.63,19.76,166.53
2025-02-10,12.1883,13.2292,15.42,12.99,11.13,8.72,9.58,11.13,18.65,15.01,13.21,12.0,9.79,10.42,11.28,12.0,13.23,15.81,13.76,18.23,19.44,166.95
2025-02-11,11.9594,13.1725,15.88,13.49,11.22,8.88,9.86,11.22,18.72,14.98,13.15,12.0,9.79,10.44,11.29,12.0,13.17,16.02,13.83,18.28,19.48,168.81
2025-02-12,12.8288,13.6507,16.31,14.0,11.69,9.3,10.09,11.69,19.08,15.41,13.58,12.22,9.94,10.62,11.5,12.22,13.65,15.89,13.51,18.31,19.54,166.1
2025-02-13,11.8625,13.3425,15.31,12.35,10.4,8.61,9.17,10.4,18.43,14.63,12.78,11.62,9.88,10.3,10.99,11.62,13.34,15.1,12.31,17.84,19.11,163.36
2025-02-14,11.4887,13.0875,14.38,11.91,9.67,7.89,8.43,9.67,18.26,14.44,12.58,11.39,9.64,10.1,10.79,11.39,13.09,14.77,11.56,17.81,19.19,167.97
2025-02-18,11.1641,12.9824,11.2,9.8,7.87,7.16,7.69,7.87,17.18,13.73,12.08,11.11,9.3,9.81,10.52,11.11,12.98,15.35,13.2,17.82,19.32,183.12
2025-02-19,11.2284,12.8718,11.14,9.44,8.33,7.65,7.93,8.33,17.13,13.64,11.94,10.98,9.25,9.73,10.42,10.98,12.87,15.27,13.06,17.93,19.41,175.76
2025-02-20,11.4295,13.1584,11.62,10.13,9.04,8.16,8.61,9.04,17.52,13.92,12.1,11.0,9.08,9.65,10.39,11.0,13.16,15.66,13.46,18.01,19.66,178.57
2025-02-21,14.1017,14.4918,17.82,16.42,15.04,13.04,13.63,15.04,21.74,17.16,14.93,13.51,10.32,11.29,12.51,13.51,14.49,18.21,17.0,19.48,20.6,165.0
2025-02-24,14.8249,14.5647,21.45,17.71,14.33,10.89,12.04,14.33,22.45,17.47,15.13,13.69,10.6,11.58,12.78,13.69,14.56,18.98,18.3,19.86,20.88,156.93
2025-02-25,15.2395,14.8731,21.95,18.3,14.97,11.29,12.59,14.97,22.75,17.88,15.56,14.05,10.78,11.87,13.08,14.05,14.87,19.43,19.29,20.03,21.04,157.6
2025-02-26,15.5049,15.132,21.64,18.53,15.4,11.83,13.07,15.4,22.26,17.8,15.64,14.19,11.04,12.23,13.26,14.19,15.13,19.1,18.88,19.75,20.81,153.44
2025-02-27,17.5257,16.3407,23.98,20.49,17.67,13.78,15.32,17.67,24.17,19.59,17.34,16.08,12.55,13.84,15.14,16.08,16.34,21.13,20.95,21.22,21.91,149.32
2025-02-28,15.6861,15.5253,22.48,18.96,15.9,12.05,13.42,15.9,22.79,18.29,16.16,14.96,11.49,12.7,13.93,14.96,15.53,19.63,18.88,20.18,21.17,157.94
2025-03-03,17.8074,17.0087,25.5,21.75,18.59,14.25,15.86,18.59,25.34,20.6,18.23,16.71,12.8,14.2,15.7,16.71,17.01,22.78,23.96,22.18,22.5,154.26
2025-03-04,19.0045,17.8407,26.73,23.03,20.01,15.36,17.28,20.01,26.69,21.68,19.14,17.68,13.29,14.92,16.54,17.68,17.84,23.51,24.79,22.78,22.91,151.38
2025-03-05,18.0803,16.8146,25.33,22.35,19.53,14.55,16.75,19.53,25.07,20.51,18.23,16.87,12.8,14.31,15.8,16.87,16.81,21.93,22.9,21.72,22.1,138.88
2025-03-06,20.9559,18.8688,29.73,26.0,22.97,17.66,20.14,22.97,28.55,23.4,20.84,19.37,14.85,16.54,18.17,19.37,18.87,24.87,26.79,23.7,23.69,137.65
2025-03-07,19.7803,18.0592,28.0,24.66,21.35,16.23,18.53,21.35,27.18,22.34,19.88,18.27,13.84,15.54,17.13,18.27,18.06,23.37,23.79,22.59,22.84,139.94
2025-03-10,22.6257,20.2532,31.67,28.28,25.64,20.73,22.9,25.64,31.17,25.48,22.73,21.47,16.51,18.38,20.18,21.47,20.25,27.86,31.19,25.72,24.98,146.04
2025-03-11,22.712,20.3993,30.37,27.95,25.79,20.41,23.21,25.79,30.39,25.54,23.06,21.64,16.61,18.57,20.38,21.64,20.4,26.92,28.93,25.34,24.84,132.79
2025-03-12,20.9572,19.3249,27.0,25.22,23.12,18.75,20.84,23.12,27.32,23.45,21.3,19.99,15.36,17.12,18.81,19.99,19.32,24.23,25.26,23.67,23.52,128.69
2025-03-13,21.8212,19.8724,27.74,25.85,23.79,19.74,21.88,23.79,28.32,24.3,22.12,20.72,16.32,18.0,19.6,20.72,19.87,24.66,25.36,24.06,23.71,128.86
2025-03-14,19.2139,18.2031,24.65,22.62,20.57,17.21,18.8,20.57,25.29,21.81,19.78,18.42,14.47,15.98,17.4,18.42,18.2,21.77,21.77,22.17,22.37,130.3
2025-03-17,17.595,17.4254,20.24,19.75,18.61,15.51,17.27,18.61,23.51,20.22,18.31,17.25,13.67,15.04,16.33,17.25,17.43,20.51,21.3,21.3,21.66,133.9
2025-03-18,18.8917,18.2624,22.75,22.11,20.97,18.58,19.87,20.97,24.82,21.4,19.59,18.34,14.59,16.08,17.42,18.34,18.26,21.7,22.59,21.97,22.12,136.75
2025-03-19,17.2995,17.1221,19.91,18.88,17.8,15.96,16.75,17.8,23.0,19.81,17.96,16.86,13.55,14.79,16.0,16.86,17.12,19.9,19.79,20.83,21.34,136.45
2025-03-20,17.2854,16.966,18.68,18.18,18.4,16.84,17.51,18.4,22.85,19.78,18.02,16.91,13.44,14.75,16.03,16.91,16.97,19.8,19.46,20.71,21.26,140.79
2025-03-21,17.0213,16.8973,17.03,16.46,15.77,14.47,15.15,15.77,22.42,19.35,17.74,16.69,13.11,14.56,15.84,16.69,16.9,19.28,18.58,20.35,20.98,141.73
2025-03-24,14.9595,15.5489,19.65,17.13,14.75,12.01,13.04,14.75,21.09,17.55,15.63,14.51,11.66,12.6,13.66,14.51,15.55,17.48,18.56,19.04,19.96,144.01
2025-03-25,14.5628,15.3343,19.23,16.77,14.34,11.77,12.73,14.34,21.14,17.45,15.5,14.31,11.51,12.41,13.51,14.31,15.33,17.15,18.01,19.05,20.08,148.68
2025-03-26,15.859,16.3444,20.91,18.5,15.93,12.99,14.09,15.93,22.35,18.66,16.6,15.36,12.27,13.25,14.45,15.36,16.34,18.33,19.96,19.84,20.86,144.75
2025-03-27,16.3945,16.7001,21.28,19.05,16.42,13.03,14.39,16.42,22.58,19.04,17.04,15.62,12.27,13.42,14.67,15.62,16.7,18.69,20.03,19.89,21.0,140.85
2025-03-28,19.1713,18.5167,24.5,21.8,19.32,15.19,16.99,19.32,25.34,21.43,19.34,18.0,13.84,15.46,16.94,18.0,18.52,21.65,22.69,22.01,22.58,139.04
2025-03-31,18.7432,18.2545,25.07,22.03,19.24,14.93,16.73,19.24,25.56,21.46,19.11,17.75,13.52,15.04,16.6,17.75,18.25,22.28,25.14,21.97,22.45,148.58
2025-04-01,18.5288,18.0329,25.34,22.31,19.14,14.94,16.53,19.14,25.49,21.32,18.95,17.39,13.3,14.71,16.23,17.39,18.03,21.77,24.46,21.82,22.32,143.01
2025-04-02,18.3069,17.7464,25.69,22.48,19.24,14.81,16.51,19.24,25.26,20.98,18.6,17.19,13.25,14.58,16.06,17.19,17.75,21.51,24.29,21.45,21.89,144.27
2025-04-03,25.4074,22.9114,37.7,31.22,27.13,21.33,23.76,27.13,34.35,28.38,25.34,23.49,17.97,20.07,22.02,23.49,22.91,30.02,34.1,27.38,26.19,139.2
2025-04-04,37.4669,30.0992,67.39,54.89,44.36,34.16,37.78,44.36,51.93,41.33,36.05,33.46,25.97,28.55,31.21,33.46,30.1,45.31,57.17,36.71,32.55,136.54
2025-04-07,38.5989,30.5111,73.54,59.72,48.85,36.31,41.28,48.85,54.06,42.98,37.53,34.39,25.91,28.95,32.08,34.39,30.51,46.98,62.58,36.88,32.38,133.82
2025-04-08,42.3244,32.8094,79.46,65.22,54.63,41.44,46.69,54.63,60.5,47.98,41.62,38.31,28.07,31.84,35.62,38.31,32.81,52.33,67.63,41.5,35.77,135.68
2025-04-09,26.8417,24.3205,51.22,40.29,34.1,25.62,28.32,34.1,40.97,31.38,27.15,25.38,18.63,20.64,23.23,25.38,24.32,33.62,40.06,29.92,27.45,142.23
2025-04-10,35.0667,29.2856,66.94,54.1,46.04,34.49,38.92,46.04,50.67,40.84,35.25,32.49,22.77,26.24,29.91,32.49,29.29,40.72,50.43,35.71,32.53,127.54
2025-04-11,32.4952,27.9852,57.7,47.15,40.5,30.68,34.76,40.5,47.15,38.18,33.2,30.55,21.56,24.71,28.09,30.55,27.99,37.56,43.32,33.91,31.6,128.64
2025-04-14,26.0863,24.3632,35.18,32.08,26.66,24.25,24.29,26.66,37.62,31.05,27.27,24.93,17.71,20.28,23.03,24.93,24.36,30.89,34.2,29.63,28.77,135.71
2025-04-15,24.9285,23.9381,28.76,24.43,24.02,21.03,22.49,24.02,36.8,29.84,26.18,24.07,17.53,19.81,22.24,24.07,23.94,30.12,29.94,29.0,28.2,135.76
2025-04-16,27.8748,25.9527,36.0,34.12,32.41,29.21,30.67,32.41,39.91,32.72,29.28,27.17,20.61,22.94,25.4,27.17,25.95,32.64,33.22,30.94,29.78,131.32
2025-04-17,25.9903,24.7179,33.34,31.89,29.9,27.95,28.53,29.9,35.97,30.4,27.34,25.31,19.09,21.37,23.69,25.31,24.72,29.65,27.65,29.35,28.88,130.02
2025-04-21,28.7877,26.5301,38.19,33.0,28.85,23.24,25.52,28.85,37.55,31.34,28.45,26.59,20.9,23.1,25.28,26.59,26.53,33.82,36.56,31.83,30.93,125.77
2025-04-22,26.2851,24.8913,34.79,30.17,25.59,20.87,22.62,25.59,34.23,29.05,26.23,24.8,19.23,21.31,23.28,24.8,24.89,30.57,33.14,29.45,28.93,125.93
2025-04-23,24.5363,23.8908,32.8,28.48,24.61,19.7,21.41,24.61,32.39,27.86,25.07,23.48,18.02,20.12,22.02,23.48,23.89,28.45,30.74,28.02,27.84,126.67
2025-04-24,22.5749,22.0446,31.78,26.99,22.39,18.07,19.38,22.39,31.45,26.45,23.52,21.59,16.6,18.24,20.2,21.59,22.04,26.47,28.28,26.44,26.73,129.02
2025-04-25,21.4339,21.5775,30.05,25.38,21.25,16.86,18.35,21.25,29.97,25.48,22.47,20.74,15.81,17.48,19.42,20.74,21.58,24.84,24.64,25.37,25.89,132.37
2025-04-28,21.4111,21.6456,28.91,24.86,21.0,16.84,18.34,21.0,29.78,25.46,22.5,20.76,15.84,17.45,19.44,20.76,21.65,25.15,26.47,25.73,26.1,131.28
2025-04-29,20.6117,21.1769,27.8,23.75,20.25,16.11,17.53,20.25,29.18,24.8,21.87,20.29,15.31,16.83,18.7,20.29,21.18,24.17,24.95,25.22,25.83,134.29
2025-04-30,21.0428,21.7911,29.32,25.08,21.12,16.54,18.08,21.12,30.22,25.58,22.58,20.74,15.42,17.39,19.07,20.74,21.79,24.7,25.07,25.54,25.99,132.73
2025-05-01,21.187,21.7681,28.96,24.7,20.99,16.8,18.26,20.99,30.4,25.56,22.38,20.78,15.7,17.2,19.15,20.78,21.77,24.6,24.82,25.49,25.91,134.07
2025-05-02,19.0721,20.039,26.1,21.87,18.09,15.13,15.9,18.09,28.66,23.95,20.68,18.89,14.55,15.75,17.41,18.89,20.04,22.68,21.22,24.0,24.7,134.78
2025-05-05,19.4991,20.6061,24.24,21.07,18.5,15.22,16.49,18.5,28.78,24.03,21.17,19.45,14.88,16.17,17.9,19.45,20.61,23.64,22.73,24.55,25.11,134.12
2025-05-06,20.9148,21.3962,25.74,22.59,19.59,16.41,17.85,19.59,30.04,25.22,22.31,20.32,15.45,16.98,18.8,20.32,21.4,24.76,24.14,25.41,25.76,133.24
2025-05-07,20.0386,20.8041,24.86,21.94,19.22,15.9,17.06,19.22,29.22,24.43,21.47,19.61,15.05,16.46,18.2,19.61,20.8,23.55,22.69,24.7,25.28,132.21
2025-05-08,19.4158,20.1818,23.43,20.88,18.68,16.29,17.1,18.68,27.81,23.51,20.56,18.95,14.72,15.91,17.54,18.95,20.18,22.48,21.63,23.76,24.6,131.52
2025-05-09,19.3916,20.0473,22.37,21.31,19.48,17.24,18.36,19.48,27.16,23.14,20.61,18.96,14.75,15.97,17.62,18.96,20.05,21.9,20.87,23.38,24.33,128.4
2025-05-12,15.0932,16.3624,16.88,15.61,14.08,13.43,13.5,14.08,22.26,18.35,16.16,14.78,12.75,13.16,14.01,14.78,16.36,18.39,17.97,20.22,21.66,137.67
2025-05-13,14.6039,16.1658,15.93,14.66,13.04,12.29,12.49,13.04,22.31,17.99,15.65,14.55,12.86,13.17,13.79,14.55,16.17,18.22,17.41,20.09,21.45,140.52
2025-05-14,15.4961,16.5528,16.79,13.45,13.1,13.23,12.54,13.1,23.37,18.77,16.28,15.17,13.45,13.69,14.52,15.17,16.55,18.62,17.53,20.58,21.83,138.94
2025-05-15,14.9134,16.3143,15.84,14.24,13.2,12.66,12.86,13.2,22.45,17.91,15.74,14.49,12.7,13.14,13.83,14.49,16.31,17.83,15.88,20.25,21.59,140.85
2025-05-16,14.6464,16.1121,13.51,12.74,11.95,11.68,11.67,11.95,22.18,17.69,15.51,14.38,12.62,13.07,13.74,14.38,16.11,17.24,14.35,20.08,21.63,136.01
2025-05-19,15.2236,16.4664,22.51,18.14,14.74,12.72,13.31,14.74,24.74,19.42,16.61,15.17,12.59,13.35,14.31,15.17,16.47,18.14,16.81,20.69,22.01,135.94
2025-05-20,15.6018,16.6808,22.61,18.36,14.9,12.5,13.22,14.9,24.78,19.6,16.79,15.34,12.57,13.37,14.39,15.34,16.68,18.09,16.57,20.72,22.04,137.27
2025-05-21,17.7912,18.2264,26.84,21.69,17.16,13.86,14.91,17.16,27.78,22.09,18.8,17.08,13.55,14.59,15.94,17.08,18.23,20.87,19.56,22.66,23.54,137.28
2025-05-22,17.4826,18.0791,25.9,21.04,16.84,13.56,14.65,16.84,27.38,21.83,18.64,16.87,13.29,14.4,15.71,16.87,18.08,20.28,18.42,22.32,23.35,139.04
2025-05-23,19.4486,19.3714,29.15,23.53,18.96,14.69,15.96,18.96,29.86,23.84,20.31,18.55,14.24,15.46,17.1,18.55,19.37,22.29,20.63,23.8,24.39,139.34
2025-05-27,15.5108,16.8894,23.35,18.66,15.23,12.86,13.47,15.23,25.16,19.81,17.05,15.51,12.75,13.53,14.52,15.51,16.89,18.96,17.9,21.29,22.43,140.89
2025-05-28,15.9446,17.2523,22.91,18.76,15.52,13.02,13.78,15.52,25.43,20.22,17.48,15.97,13.02,13.84,14.96,15.97,17.25,19.31,18.19,21.67,22.74,137.65
2025-05-29,15.8766,17.2507,22.91,18.68,15.45,13.06,13.8,15.45,25.38,20.11,17.26,15.87,12.94,13.75,14.9,15.87,17.25,19.18,17.84,21.62,22.77,137.26
2025-05-30,15.9654,17.3216,22.77,19.02,15.52,12.84,13.58,15.52,25.28,20.13,17.24,15.78,12.55,13.49,14.72,15.78,17.32,18.57,16.74,21.38,22.72,138.25
2025-06-02,15.0786,16.6868,20.94,17.49,14.59,12.15,13.14,14.59,24.19,19.31,16.58,15.2,12.24,13.1,14.21,15.2,16.69,18.36,17.64,21.09,22.45,141.04
2025-06-03,14.6337,16.4821,19.77,16.42,14.0,12.01,12.79,14.0,23.56,18.7,16.18,14.8,12.15,12.89,13.91,14.8,16.48,17.69,16.62,20.72,22.13,141.6
2025-06-04,14.7076,16.3974,19.37,16.38,13.94,12.08,12.9,13.94,23.66,18.81,16.3,14.84,12.27,13.02,13.99,14.84,16.4,17.61,16.04,20.66,22.17,137.46
2025-06-05,15.3926,16.7468,21.23,17.55,14.88,12.69,13.37,14.88,24.58,19.37,16.59,15.27,12.44,13.22,14.27,15.27,16.75,18.48,17.34,21.11,22.51,140.09
2025-06-06,13.4489,15.9419,17.44,14.6,12.85,11.45,12.02,12.85,22.26,17.63,15.27,13.94,11.9,12.48,13.21,13.94,15.94,16.77,14.2,20.02,21.75,138.85
2025-06-09,14.244,15.8791,17.07,14.9,12.82,11.46,11.97,12.82,22.15,17.5,15.21,13.99,11.88,12.51,13.29,13.99,15.88,17.16,15.38,20.09,21.82,139.18
2025-06-10,14.0653,15.7898,16.94,14.35,12.74,11.4,12.16,12.74,21.91,17.27,15.0,13.87,11.88,12.44,13.18,13.87,15.79,16.95,15.16,19.94,21.6,141.22
2025-06-11,14.3649,15.9288,19.4,15.64,13.17,11.07,12.13,13.17,23.08,17.86,15.42,14.14,11.71,12.39,13.31,14.14,15.93,17.26,15.42,20.3,21.81,141.39
2025-06-12,14.7659,16.0606,20.55,16.59,13.28,11.13,12.37,13.28,23.93,18.44,15.76,14.31,11.86,12.55,13.49,14.31,16.06,18.02,16.12,20.65,22.1,145.6
2025-06-13,16.9695,17.5519,26.32,21.14,17.83,13.44,15.07,17.83,27.82,21.24,18.13,16.3,12.96,13.93,15.19,16.3,17.55,20.82,19.26,22.62,23.4,149.65
2025-06-16,14.8962,16.2081,18.63,15.77,13.08,10.86,12.41,13.08,24.04,18.39,15.77,14.39,11.73,12.58,13.56,14.39,16.21,19.11,17.87,21.23,22.43,156.6
2025-06-17,17.2649,17.4836,28.0,24.49,19.51,17.09,18.05,19.51,27.37,21.3,18.21,16.6,13.02,14.12,15.45,16.6,17.48,21.6,21.86,22.91,23.62,154.36
2025-06-18,16.4818,17.008,25.83,18.47,15.76,14.88,15.33,15.76,25.89,20.33,17.42,15.92,12.37,13.47,14.81,15.92,17.01,20.14,19.13,21.97,22.97,148.41
2025-06-20,16.5098,17.1659,19.2,17.61,15.73,13.7,14.49,15.73,25.95,20.41,17.55,16.0,12.49,13.57,14.88,16.0,17.17,20.62,18.32,22.48,23.44,149.19
2025-06-23,15.2604,16.5641,23.87,18.51,14.68,11.8,12.76,14.68,25.32,19.77,16.72,15.11,11.83,12.86,14.04,15.11,16.56,19.83,17.92,21.82,22.9,154.78
2025-06-24,13.7413,15.373,20.56,16.17,13.31,11.06,11.88,13.31,22.58,17.65,15.15,13.82,11.25,12.03,12.98,13.82,15.37,17.48,15.4,20.05,21.67,154.97
2025-06-25,13.5263,15.0859,19.47,15.73,12.92,10.96,11.7,12.92,21.93,17.31,15.0,13.66,11.18,11.95,12.85,13.66,15.09,16.76,13.81,19.67,21.45,152.24
2025-06-26,13.3401,15.0283,18.83,15.36,12.74,10.98,11.53,12.74,21.72,17.14,14.72,13.6,11.26,12.02,12.79,13.6,15.03,16.59,13.49,19.45,21.26,147.46
2025-06-27,13.2849,15.1192,18.51,14.93,12.58,10.88,11.39,12.58,21.68,17.06,14.77,13.65,11.54,12.25,12.99,13.65,15.12,16.32,12.81,19.45,21.31,143.44
2025-06-30,13.4409,15.0497,17.31,14.44,12.4,10.92,11.45,12.4,20.91,16.65,14.5,13.42,11.45,12.05,12.82,13.42,15.05,16.73,13.77,19.44,21.27,139.65
2025-07-01,13.9612,15.2091,17.59,14.73,12.79,11.03,11.54,12.79,21.08,16.85,14.69,13.63,11.43,12.15,12.99,13.63,15.21,16.83,13.79,19.51,21.32,140.07
2025-07-02,13.8297,14.9659,17.56,14.82,12.37,10.7,11.26,12.37,21.02,16.77,14.62,13.53,11.44,12.11,12.86,13.53,14.97,16.64,13.07,19.35,21.16,139.28
2025-07-03,13.6852,14.7909,17.81,14.48,12.24,10.43,11.16,12.24,20.76,16.58,14.52,13.52,11.47,12.12,12.84,13.52,14.79,16.38,12.85,19.21,21.02,141.36
2025-07-07,14.3487,15.5228,16.88,14.48,12.58,10.76,11.41,12.58,21.11,17.15,15.09,14.02,11.81,12.54,13.34,14.02,15.52,17.79,15.71,20.21,21.61,137.96
2025-07-08,13.6618,15.1575,14.81,12.75,11.12,9.88,10.28,11.12,20.16,16.43,14.41,13.34,11.37,12.0,12.71,13.34,15.16,16.81,13.9,19.58,21.11,140.8
2025-07-09,13.0134,14.7755,13.3,11.57,10.34,9.25,9.67,10.34,18.87,15.42,13.66,12.73,11.15,11.6,12.22,12.73,14.78,15.94,12.53,19.02,20.72,141.75
2025-07-10,12.7843,14.439,13.09,11.55,10.04,9.05,9.38,10.04,18.75,15.17,13.52,12.56,11.02,11.45,11.98,12.56,14.44,15.78,12.46,18.92,20.68,143.32
2025-07-11,13.2963,14.8628,14.11,12.0,10.78,9.36,9.79,10.78,19.74,15.94,13.9,13.02,11.15,11.71,12.39,13.02,14.86,16.4,13.03,19.37,21.09,144.96
2025-07-14,13.5912,14.9792,12.75,11.45,10.57,9.22,9.78,10.57,19.86,16.05,14.18,13.18,11.28,11.88,12.61,13.18,14.98,17.2,14.27,19.84,21.32,147.0
2025-07-15,13.9774,15.3605,12.91,11.57,11.34,10.2,10.72,11.34,20.21,16.43,14.56,13.62,11.59,12.21,12.96,13.62,15.36,17.38,14.69,20.06,21.49,143.72
2025-07-16,13.7096,15.1399,11.85,10.42,9.73,8.81,9.12,9.73,19.96,16.24,14.28,13.33,11.42,11.93,12.66,13.33,15.14,17.16,13.77,20.09,21.6,146.71
2025-07-17,13.1685,14.8089,11.09,9.65,9.26,7.98,8.48,9.26,19.32,15.67,13.63,12.67,10.95,11.46,12.1,12.67,14.81,16.52,13.14,19.69,21.39,151.12
2025-07-18,13.2233,14.9244,10.23,9.37,8.57,7.85,8.15,8.57,19.19,15.67,13.64,12.7,10.88,11.48,12.06,12.7,14.92,16.41,12.7,19.58,21.33,150.45
2025-07-21,12.868,14.6002,18.29,14.93,12.47,10.64,11.16,12.47,21.94,17.11,14.68,13.35,11.15,11.74,12.58,13.35,14.6,16.65,14.95,19.51,21.26,154.83
2025-07-22,12.9484,14.6006,18.15,14.93,12.45,10.45,11.12,12.45,21.96,17.08,14.61,13.25,11.01,11.62,12.48,13.25,14.6,16.5,15.03,19.53,21.35,153.44
2025-07-23,12.1878,14.0691,16.68,13.7,11.48,9.93,10.5,11.48,20.67,16.1,13.84,12.68,10.74,11.23,11.93,12.68,14.07,15.37,14.05,18.56,20.6,159.29
2025-07-24,12.2202,14.0348,16.99,13.77,11.5,10.01,10.5,11.5,20.91,16.12,13.78,12.58,10.72,11.21,11.88,12.58,14.03,15.39,14.08,18.56,20.57,159.41
2025-07-25,11.8256,13.7852,16.36,13.18,11.01,9.53,9.97,11.01,20.62,15.82,13.47,12.29,10.48,10.97,11.62,12.29,13.79,14.93,12.83,18.32,20.33,145.57
2025-07-28,11.7396,13.73,15.36,12.52,10.48,9.11,9.55,10.48,19.98,15.39,13.11,11.92,10.16,10.63,11.27,11.92,13.73,15.03,13.37,18.16,20.14,147.65
2025-07-29,12.3216,14.0469,17.11,13.71,11.16,9.25,9.86,11.16,21.27,16.28,13.68,12.47,10.29,10.87,11.65,12.47,14.05,15.98,14.62,18.77,20.61,149.12
2025-07-30,12.2293,13.9833,16.83,13.67,10.93,9.01,9.86,10.93,20.79,15.83,13.29,12.33,10.22,10.63,11.31,12.33,13.98,15.48,13.46,18.35,20.3,154.08
2025-07-31,13.2598,14.5974,18.33,14.95,12.07,10.03,10.6,12.07,21.97,16.98,14.32,12.89,10.42,11.08,12.0,12.89,14.6,16.72,15.15,19.14,20.84,152.29
2025-08-01,16.0898,16.2295,23.81,19.35,15.75,11.96,13.4,15.75,25.8,20.0,16.79,15.23,11.79,12.74,14.05,15.23,16.23,20.38,19.53,21.24,22.33,155.49
2025-08-04,13.3118,14.4302,17.86,14.73,11.42,9.46,10.09,11.42,22.22,17.25,14.64,12.88,10.56,11.17,12.06,12.88,14.43,17.52,16.43,19.61,21.03,159.31
2025-08-05,14.1384,15.0876,17.98,15.33,12.91,10.44,11.31,12.91,22.61,17.78,15.03,13.73,10.96,11.73,12.79,13.73,15.09,17.85,16.81,20.03,21.33,149.91
2025-08-06,13.223,14.4179,16.42,13.69,11.62,9.87,10.38,11.62,21.78,16.83,14.28,13.0,10.64,11.22,12.14,13.0,14.42,16.77,15.0,19.47,21.0,149.71
2025-08-07,13.3769,14.5122,16.57,14.04,12.07,10.39,10.92,12.07,21.61,16.82,14.3,13.1,10.78,11.39,12.29,13.1,14.51,16.57,14.76,19.35,20.91,147.03
2025-08-08,12.1792,14.0531,14.26,12.15,10.46,9.06,9.53,10.46,20.16,15.58,13.29,12.11,10.17,10.68,11.41,12.11,14.05,15.15,12.86,18.7,20.48,147.53
2025-08-11,12.6906,14.304,14.93,12.99,11.43,9.87,10.43,11.43,20.2,15.76,13.51,12.47,10.36,10.91,11.69,12.47,14.3,16.25,15.75,19.25,20.8,148.55
2025-08-12,11.5903,13.4976,10.99,9.72,8.09,7.29,7.53,8.09,18.6,14.51,12.47,11.53,9.94,10.32,10.94,11.53,13.5,14.73,13.11,18.34,20.23,151.45
2025-08-13,11.3006,13.4384,10.62,8.98,8.0,7.66,7.67,8.0,18.26,14.09,12.12,11.29,9.92,10.18,10.72,11.29,13.44,14.49,12.38,18.33,20.35,153.13
2025-08-14,11.5972,13.7024,11.79,10.27,9.23,8.78,8.9,9.23,18.82,14.61,12.44,11.43,9.96,10.25,10.85,11.43,13.7,14.83,12.98,18.49,20.49,150.62
2025-08-15,11.884,13.9438,11.81,10.98,10.22,9.52,9.67,10.22,19.25,15.03,12.84,11.73,10.04,10.42,11.06,11.73,13.94,15.09,13.27,18.64,20.66,153.79
2025-08-18,11.6717,13.5297,18.12,14.3,11.3,9.65,10.04,11.3,20.62,15.76,13.29,12.1,10.03,10.55,11.33,12.1,13.53,14.99,13.79,18.45,20.54,153.95
2025-08-19,12.3272,14.0851,19.02,15.02,11.85,9.74,10.28,11.85,21.4,16.43,13.75,12.51,10.23,10.77,11.63,12.51,14.09,15.57,14.7,18.9,20.97,153.17
2025-08-20,12.8042,14.1966,19.54,15.69,12.38,10.04,10.62,12.38,21.84,16.86,14.14,12.8,10.3,10.99,11.92,12.8,14.2,15.69,15.09,19.1,21.06,144.56
2025-08-21,13.7985,14.6258,20.87,16.8,13.38,10.56,11.41,13.38,22.51,17.54,14.77,13.39,10.59,11.37,12.44,13.39,14.63,16.6,16.37,19.41,21.4,144.32
2025-08-22,11.5625,13.4689,17.81,13.98,11.17,9.42,9.92,11.17,20.02,15.28,12.9,11.81,9.77,10.29,11.03,11.81,13.47,14.22,11.85,17.76,20.15,146.39
2025-08-25,11.5548,13.5088,17.29,13.81,11.13,9.37,9.89,11.13,19.95,15.3,12.99,11.87,9.83,10.34,11.13,11.87,13.51,14.79,13.01,18.02,20.48,149.99
2025-08-26,11.4906,13.625,17.56,13.81,11.08,9.32,9.86,11.08,19.98,15.2,12.84,11.74,9.76,10.23,11.05,11.74,13.63,14.62,12.91,17.9,20.46,156.53
2025-08-27,11.7206,13.5804,18.2,14.26,11.39,9.59,10.11,11.39,20.23,15.33,12.97,11.82,9.91,10.43,11.17,11.82,13.58,14.85,13.27,17.94,20.62,150.88
2025-08-28,11.3123,13.3367,16.9,13.36,10.8,9.11,9.69,10.8,19.61,14.97,12.69,11.61,9.75,10.25,10.9,11.61,13.34,14.43,11.68,17.72,20.41,152.5
2025-08-29,12.1946,13.9285,18.72,14.81,11.85,9.49,10.27,11.85,20.8,15.79,13.33,12.17,9.9,10.51,11.41,12.17,13.93,15.36,12.72,18.35,20.83,152.1
2025-09-02,13.2717,14.3426,20.04,16.32,12.89,10.04,10.97,12.89,21.85,16.86,14.29,12.85,10.06,10.8,11.87,12.85,14.34,17.17,16.17,19.38,21.42,151.48
2025-09-03,12.6346,14.0087,18.33,15.1,12.13,9.57,10.42,12.13,20.83,16.14,13.6,12.38,9.83,10.49,11.45,12.38,14.01,16.35,14.45,18.93,21.05,150.22
2025-09-04,11.9755,13.8217,17.03,13.53,11.12,9.07,9.77,11.12,19.86,15.23,12.89,11.83,9.64,10.24,11.02,11.83,13.82,15.3,13.32,18.39,20.81,153.96
2025-09-05,11.8872,13.8436,16.33,13.47,10.75,8.9,9.57,10.75,19.76,15.25,12.9,11.76,9.49,10.14,11.03,11.76,13.84,15.18,12.66,18.42,20.64,148.16
2025-09-08,11.5135,13.6005,14.95,12.59,10.38,8.73,9.37,10.38,18.9,14.67,12.49,11.49,9.34,9.93,10.79,11.49,13.6,15.11,13.5,18.29,20.49,148.82
2025-09-09,11.5524,13.7632,15.26,12.45,10.48,8.64,9.34,10.48,18.99,14.77,12.48,11.44,9.34,9.9,10.69,11.44,13.76,15.04,13.61,18.27,20.51,150.93
2025-09-10,11.6256,13.6118,15.98,13.06,10.77,9.04,9.66,10.77,19.24,14.79,12.57,11.44,9.54,10.03,10.73,11.44,13.61,15.35,14.29,18.44,20.58,151.92
2025-09-11,11.3095,13.4773,14.71,11.59,9.78,8.82,9.12,9.78,18.43,14.11,12.2,11.15,9.64,10.06,10.59,11.15,13.48,14.71,12.99,18.03,20.34,147.63
2025-09-12,11.3882,13.5466,15.02,12.0,9.94,8.51,9.08,9.94,18.5,14.14,12.17,11.28,9.74,10.15,10.69,11.28,13.55,14.76,12.85,18.06,20.4,149.49
2025-09-15,11.8335,13.6176,15.12,12.66,10.29,9.21,9.55,10.29,18.49,14.28,12.44,11.42,9.96,10.38,10.89,11.42,13.62,15.69,14.71,18.53,20.74,152.11
2025-09-16,12.4837,14.2814,17.19,14.63,12.08,11.08,11.55,12.08,19.26,14.92,12.94,12.01,10.39,10.81,11.44,12.01,14.28,16.36,15.79,18.91,21.01,148.21
2025-09-17,12.0847,13.8073,15.09,13.21,11.08,10.81,10.57,11.08,18.63,14.46,12.54,11.77,10.18,10.56,11.21,11.77,13.81,15.72,14.53,18.44,20.66,146.37
2025-09-18,12.0662,13.9242,14.47,11.72,10.88,10.0,10.21,10.88,18.69,14.6,12.59,11.69,10.15,10.57,11.18,11.69,13.92,15.7,13.53,18.52,20.73,148.19
2025-09-19,12.1836,13.9734,10.27,8.97,8.35,7.6,7.84,8.35,18.48,14.57,12.66,11.83,10.18,10.53,11.18,11.83,13.97,15.45,12.41,18.48,20.74,146.97
2025-09-22,12.4313,14.3119,18.12,14.5,11.89,10.41,10.8,11.89,21.37,16.47,14.18,13.02,11.19,11.57,12.38,13.02,14.31,16.1,14.25,18.95,21.1,145.46
2025-09-23,13.0395,14.9056,18.85,15.15,12.39,10.61,11.07,12.39,22.18,17.17,14.72,13.46,11.35,11.85,12.7,13.46,14.91,16.64,14.67,19.44,21.45,146.53
2025-09-24,12.9328,14.8782,18.38,14.84,12.22,10.37,10.9,12.22,21.9,16.96,14.57,13.35,11.19,11.75,12.6,13.35,14.88,16.18,13.39,19.14,21.21,145.87
2025-09-25,13.2999,15.0205,19.01,15.36,12.71,10.52,11.09,12.71,22.32,17.23,14.88,13.59,11.25,11.86,12.78,13.59,15.02,16.74,14.17,19.46,21.38,145.89
2025-09-26,12.1856,14.3752,17.33,13.96,11.44,9.56,10.18,11.44,21.03,16.26,13.95,12.74,10.59,11.22,12.0,12.74,14.38,15.29,12.27,18.41,20.67,141.51
2025-09-29,12.4055,14.4933,16.81,13.68,11.13,9.34,9.93,11.13,20.81,16.14,13.92,12.76,10.61,11.22,12.04,12.76,14.49,16.12,13.51,18.76,20.98,143.03
2025-09-30,12.6789,14.3496,17.37,13.9,11.34,9.4,9.93,11.34,20.96,16.16,13.92,12.8,10.57,11.22,12.07,12.8,14.35,16.28,13.95,18.77,20.95,143.44
2025-10-01,12.758,14.4553,17.41,13.66,11.06,9.23,9.9,11.06,20.92,16.08,13.89,12.8,10.65,11.29,12.17,12.8,14.46,16.29,13.53,18.76,20.97,143.68
2025-10-02,13.1055,14.5673,17.83,14.06,11.18,9.11,9.8,11.18,21.4,16.58,14.13,13.04,10.83,11.48,12.32,13.04,14.57,16.63,13.79,18.89,21.08,145.93
2025-10-03,13.0943,14.6784,17.99,14.02,11.09,9.1,9.89,11.09,21.71,16.44,14.22,13.04,10.76,11.41,12.31,13.04,14.68,16.65,13.47,19.08,21.22,144.65
2025-10-06,12.6578,14.6884,15.13,12.24,10.14,8.55,9.13,10.14,20.49,15.86,13.73,12.81,10.79,11.35,12.08,12.81,14.69,16.37,13.57,19.12,21.25,142.5
2025-10-07,13.4907,15.0534,17.17,13.65,11.15,9.21,9.72,11.15,21.59,16.81,14.4,13.25,11.1,11.69,12.49,13.25,15.05,17.24,14.99,19.71,21.58,145.22
2025-10-08,12.7069,14.6583,15.05,12.07,9.74,7.8,8.5,9.74,20.69,15.89,13.73,12.77,10.68,11.27,12.05,12.77,14.66,16.3,13.17,19.26,21.36,145.76
2025-10-09,13.038,14.8395,16.72,13.14,10.48,8.57,9.1,10.48,20.68,16.12,13.95,12.96,10.82,11.4,12.24,12.96,14.84,16.43,13.92,19.38,21.37,145.34
2025-10-10,17.6428,17.776,26.14,21.84,18.5,14.99,16.3,18.5,27.27,21.44,18.42,16.89,12.92,14.18,15.64,16.89,17.78,21.66,21.7,22.81,23.78,138.86
2025-10-13,14.7368,16.1118,17.16,14.49,12.8,10.55,11.46,12.8,23.33,18.19,15.59,14.37,11.43,12.29,13.41,14.37,16.11,19.03,18.02,20.93,22.41,142.81
2025-10-14,15.6875,16.5164,19.59,16.68,14.48,11.54,12.26,14.48,24.63,19.25,16.52,15.15,11.82,12.84,14.07,15.15,16.52,20.81,20.38,22.03,23.18,146.48
2025-10-15,15.9197,16.6792,18.89,15.98,14.21,11.43,11.95,14.21,25.21,19.6,16.74,15.35,12.02,13.02,14.29,15.35,16.68,20.64,19.28,21.94,23.2,144.98
2025-10-16,18.8714,18.3469,24.31,21.66,19.91,16.74,17.93,19.91,30.33,23.55,19.84,18.05,13.32,14.84,16.67,18.05,18.35,25.31,25.87,24.87,25.15,147.14
2025-10-17,16.2851,16.5883,19.67,17.94,16.08,13.81,14.74,16.08,25.92,20.2,17.22,15.72,11.84,13.13,14.58,15.72,16.59,20.78,19.8,22.09,23.38,147.63
2025-10-20,13.9672,15.4387,21.9,17.09,13.49,10.92,11.75,13.49,23.99,18.2,15.36,14.03,11.59,12.2,13.23,14.03,15.44,18.23,17.35,20.31,22.28,151.31
2025-10-21,13.8524,15.3786,21.71,16.93,13.47,10.86,11.67,13.47,23.73,18.14,15.3,14.01,11.56,12.16,13.17,14.01,15.38,17.87,16.88,19.99,22.1,149.95
2025-10-22,14.4493,15.619,22.52,17.79,13.98,10.81,11.81,13.98,24.25,18.74,15.74,14.37,11.44,12.27,13.38,14.37,15.62,18.6,18.35,20.31,22.37,152.85
2025-10-23,13.5729,15.2321,20.95,16.48,13.09,10.52,11.27,13.09,23.21,17.7,15.01,13.74,11.23,11.87,12.93,13.74,15.23,17.3,16.62,19.65,21.9,154.34
2025-10-24,12.9235,14.732,19.94,15.48,12.44,10.35,10.91,12.44,22.48,17.06,14.52,13.37,11.06,11.63,12.52,13.37,14.73,16.37,14.85,19.2,21.54,153.49
2025-10-27,12.57,14.6515,18.01,14.37,11.87,10.41,10.79,11.87,21.27,16.45,14.28,13.09,11.5,11.8,12.52,13.09,14.65,15.79,14.64,18.99,21.41,148.5
2025-10-28,13.3559,15.3197,18.58,15.09,12.85,11.39,11.68,12.85,21.91,17.03,14.94,13.86,12.3,12.59,13.27,13.86,15.32,16.42,15.63,19.55,21.85,140.37
2025-10-29,13.7044,15.5259,19.22,16.4,13.64,11.58,12.17,13.64,22.55,17.6,15.78,14.39,12.72,13.0,13.65,14.39,15.53,16.92,15.61,19.83,22.02,139.45
2025-10-30,14.2758,16.0553,19.62,16.25,13.55,11.47,12.06,13.55,22.9,18.13,15.89,14.52,12.52,12.93,13.76,14.52,16.06,16.91,14.9,19.98,22.08,141.15
2025-10-31,14.582,16.3467,20.5,16.84,13.89,11.64,12.3,13.89,23.66,18.65,16.35,14.97,12.86,13.3,14.24,14.97,16.35,17.44,14.71,20.49,22.54,142.78
2025-11-03,14.194,16.4369,18.88,15.93,12.54,10.76,11.28,12.54,22.56,18.01,15.86,14.16,12.26,12.68,13.53,14.16,16.44,17.17,14.97,20.38,22.54,141.99
2025-11-04,15.297,16.9719,21.19,17.93,14.92,11.83,12.83,14.92,24.2,19.16,16.63,15.48,12.68,13.45,14.5,15.48,16.97,19.0,17.75,21.29,23.17,144.01
2025-11-05,14.4975,16.2951,19.5,16.35,13.6,11.23,11.9,13.6,22.99,18.17,15.95,14.61,12.27,12.86,13.75,14.61,16.3,18.01,15.87,20.6,22.64,143.64
2025-11-06,16.146,17.0019,22.37,18.93,15.76,12.52,13.77,15.76,24.83,19.71,17.29,16.01,12.96,13.78,14.97,16.01,17.0,19.5,18.12,21.35,23.16,143.54
2025-11-07,15.87,16.797,21.74,18.27,15.76,12.26,13.37,15.76,24.6,19.4,17.04,15.81,12.9,13.66,14.81,15.81,16.8,19.08,17.31,21.19,22.99,141.27
2025-11-10,14.1369,16.0333,17.68,14.84,12.75,10.96,11.44,12.75,21.91,17.24,15.32,14.09,12.16,12.68,13.37,14.09,16.03,17.6,16.04,20.24,22.37,142.94
2025-11-11,14.0185,15.8314,16.69,14.03,12.24,10.58,11.27,12.24,21.39,17.14,14.93,13.96,12.11,12.54,13.27,13.96,15.83,17.28,15.18,20.19,22.5,143.45
2025-11-12,14.4193,16.138,16.97,14.72,12.54,10.74,11.59,12.54,21.69,17.38,15.4,14.0,12.07,12.53,13.4,14.0,16.14,17.51,15.37,20.34,22.54,138.57
2025-11-13,16.5083,17.1444,22.33,19.18,16.36,13.27,14.46,16.36,25.04,19.83,17.32,16.12,13.08,13.89,15.01,16.12,17.14,20.0,19.17,21.85,23.59,142.49
2025-11-14,16.742,17.37,22.74,20.05,16.75,13.17,14.83,16.75,25.43,20.25,17.61,16.07,12.98,13.87,15.08,16.07,17.37,19.83,18.61,21.58,23.35,137.93
2025-11-17,18.0121,17.9523,24.16,21.92,18.89,15.99,16.9,18.89,27.52,21.79,18.92,17.5,13.85,14.97,16.3,17.5,17.95,22.38,22.33,23.18,24.32,140.9
2025-11-18,19.7361,19.0146,27.03,24.67,22.95,19.11,20.11,22.95,30.38,24.14,20.71,19.14,14.68,16.11,17.9,19.14,19.01,24.69,25.18,24.54,25.29,142.98
2025-11-19,19.0778,18.6405,26.43,25.69,22.82,19.87,21.06,22.82,29.78,23.56,20.38,18.71,14.35,15.63,17.29,18.71,18.64,23.66,23.1,23.99,25.0,143.05
2025-11-20,21.6665,20.1479,31.21,28.25,26.65,22.85,24.49,26.65,33.62,26.4,22.92,21.16,15.52,17.47,19.56,21.16,20.15,26.42,26.35,25.76,26.23,144.96
2025-11-21,19.4651,18.8057,23.87,22.56,20.65,18.21,19.18,20.65,30.09,23.68,20.62,18.84,14.0,15.65,17.51,18.84,18.81,23.43,21.51,23.96,25.16,148.34
2025-11-24,16.443,17.4122,25.58,20.29,16.26,12.76,13.79,16.26,26.51,20.3,17.37,15.95,12.84,13.67,14.9,15.95,17.41,20.52,18.55,21.85,23.75,148.6
2025-11-25,14.9268,16.4976,22.98,18.09,14.61,12.21,12.85,14.61,24.46,18.87,16.13,14.89,12.52,13.04,14.02,14.89,16.5,18.56,15.39,20.73,22.98,151.68
2025-11-26,14.1363,15.944,21.31,16.93,13.83,11.72,12.24,13.83,23.22,17.89,15.45,14.27,12.18,12.61,13.5,14.27,15.94,17.19,13.33,20.02,22.45,145.04
2025-11-28,13.6286,15.5274,19.87,16.35,13.39,11.14,11.78,13.39,22.01,17.23,14.96,13.89,11.81,12.28,13.12,13.89,15.53,16.35,13.61,19.64,22.1,143.0
2025-12-01,14.0695,15.7872,20.0,16.61,13.56,11.43,12.02,13.56,22.44,17.71,15.3,13.97,11.8,12.35,13.27,13.97,15.79,17.24,16.55,20.22,22.45,144.86
2025-12-02,13.831,15.4562,18.6,15.85,13.22,10.92,11.72,13.22,21.76,17.3,15.12,13.79,11.54,12.18,13.02,13.79,15.46,16.59,15.42,19.84,22.2,144.94
2025-12-03,13.5122,15.3731,17.84,14.9,12.63,10.82,11.41,12.63,21.52,17.01,14.69,13.51,11.45,11.99,12.79,13.51,15.37,16.08,14.46,19.71,22.1,149.23
2025-12-04,13.3398,15.212,17.87,14.73,12.46,10.61,11.29,12.46,21.24,16.77,14.45,13.25,11.16,11.75,12.53,13.25,15.21,15.78,14.3,19.49,21.93,148.91
2025-12-05,13.1203,15.4059,16.88,14.21,12.1,10.33,10.9,12.1,20.78,16.25,14.18,13.1,11.1,11.58,12.32,13.1,15.41,15.41,13.9,19.27,21.71,148.83
2025-12-08,13.6118,15.5622,17.1,14.83,12.94,11.01,11.67,12.94,21.25,16.93,14.78,13.46,11.29,11.87,12.7,13.46,15.56,16.66,16.29,19.91,22.16,150.63
2025-12-09,14.1167,15.9148,17.33,15.17,13.32,11.16,11.89,13.32,21.61,17.09,14.84,13.6,11.42,11.95,12.83,13.6,15.91,16.93,16.3,20.08,22.25,150.32
2025-12-10,13.0108,14.9043,16.71,14.57,12.05,10.37,10.93,12.05,20.62,16.05,14.06,12.77,10.88,11.39,12.09,12.77,14.9,15.77,14.68,19.35,21.68,147.55
2025-12-11,12.3541,14.6623,14.9,12.9,11.12,9.47,10.06,11.12,19.79,15.35,13.29,12.13,10.22,10.64,11.41,12.13,14.66,14.85,12.46,19.05,21.4,148.32
2025-12-12,13.0839,15.2284,16.28,13.95,12.57,10.16,10.83,12.57,20.89,16.1,13.96,12.64,10.19,10.82,11.8,12.64,15.23,15.74,13.48,19.25,21.62,153.59
2025-12-15,13.2291,15.1385,14.6,13.37,11.89,10.44,11.34,11.89,20.74,16.08,13.92,12.69,10.35,10.97,11.97,12.69,15.14,16.5,14.2,19.68,21.95,161.86
2025-12-16,13.4267,15.2513,14.07,12.89,11.51,10.74,11.13,11.51,20.91,16.26,14.08,12.85,10.32,11.0,11.97,12.85,15.25,16.48,13.88,19.67,21.97,156.99
2025-12-17,14.8047,15.7452,18.26,16.31,15.69,12.6,14.31,15.69,22.78,17.94,15.67,14.34,11.38,12.31,13.45,14.34,15.75,17.62,15.75,20.08,22.14,153.49
2025-12-18,13.9699,15.1897,16.3,14.91,15.45,12.95,13.82,15.45,21.48,16.84,14.42,13.55,10.76,11.57,12.61,13.55,15.19,16.87,13.92,19.59,21.71,155.38
2025-12-19,12.4581,14.1991,10.88,9.97,9.0,8.1,8.43,9.0,19.45,15.08,13.04,11.86,9.91,10.38,11.22,11.86,14.2,14.91,10.49,18.25,20.79,155.87
2025-12-22,11.4468,13.7065,17.28,13.35,10.66,9.02,9.43,10.66,20.69,15.68,13.45,12.18,10.13,10.65,11.51,12.18,13.71,14.08,10.5,17.79,20.42,159.93
2025-12-23,11.3943,13.831,16.9,13.08,10.55,9.0,9.34,10.55,20.65,15.66,13.43,12.21,10.31,10.7,11.49,12.21,13.83,14.0,10.06,17.84,20.58,160.53
2025-12-24,11.3575,13.8171,16.32,12.76,10.37,9.16,9.42,10.37,20.63,15.63,13.42,12.21,10.54,10.88,11.55,12.21,13.82,13.47,9.17,17.77,20.59,161.3
2025-12-26,11.389,14.0275,15.48,12.4,10.14,8.9,9.17,10.14,20.1,15.57,13.38,12.2,10.51,10.85,11.55,12.2,14.03,13.6,9.65,17.77,20.64,151.45
2025-12-29,11.8977,14.0712,14.84,12.31,10.4,8.81,9.27,10.4,19.44,15.21,13.29,12.21,10.43,10.78,11.54,12.21,14.07,14.2,11.37,17.82,20.6,150.47
2025-12-30,12.2733,14.1307,15.09,12.67,10.43,8.93,9.37,10.43,19.51,15.32,13.42,12.3,10.48,10.94,11.64,12.3,14.13,14.33,11.46,17.77,20.69,148.33
2025-12-31,12.6974,14.212,17.2,13.53,11.26,9.3,9.94,11.26,20.33,15.93,13.98,12.66,10.5,11.05,11.97,12.66,14.21,14.95,12.0,18.18,20.94,148.7
2026-01-02,12.3724,14.0489,14.67,12.88,10.76,8.86,9.57,10.76,19.47,15.43,13.65,12.39,10.27,10.82,11.68,12.39,14.05,14.51,11.72,18.02,20.87,141.86
2026-01-05,12.2107,14.0333,13.32,11.58,10.03,8.38,8.99,10.03,19.13,15.21,13.28,12.16,10.32,10.79,11.53,12.16,14.03,14.9,12.44,18.32,20.96,142.45
2026-01-06,12.3122,14.1624,13.09,11.35,9.76,8.16,8.8,9.76,19.04,15.0,13.22,12.07,10.4,10.83,11.47,12.07,14.16,14.75,12.13,18.15,20.78,146.23
2026-01-07,12.6138,14.2287,13.89,12.03,10.68,8.55,9.33,10.68,20.15,15.6,13.55,12.45,10.49,11.04,11.77,12.45,14.23,15.38,12.54,18.59,21.1,143.57
2026-01-08,12.5669,14.1376,14.35,12.43,10.66,8.65,9.49,10.66,20.24,15.63,13.57,12.29,10.28,10.87,11.59,12.29,14.14,15.45,12.83,18.39,20.91,147.08
2026-01-09,11.8944,13.6715,12.21,10.38,9.11,7.54,8.25,9.11,19.29,14.87,12.88,11.83,10.04,10.52,11.16,11.83,13.67,14.49,10.86,17.88,20.57,146.04
2026-01-12,12.1219,14.0344,11.42,10.1,9.08,7.57,8.68,9.08,19.14,14.85,12.95,11.82,9.94,10.46,11.18,11.82,14.03,15.12,11.94,18.23,20.7,149.75
2026-01-13,12.7019,14.4118,12.02,11.25,9.27,7.84,8.61,9.27,20.46,15.81,13.58,12.32,9.89,10.62,11.59,12.32,14.41,15.98,12.51,18.85,21.21,151.6
2026-01-14,13.2783,14.6713,12.32,11.82,9.68,8.91,9.33,9.68,21.33,16.6,14.14,12.89,10.11,10.95,11.98,12.89,14.67,16.75,13.18,19.37,21.53,152.52
2026-01-15,12.7,14.4232,11.56,10.41,9.62,8.46,8.91,9.62,20.42,15.83,13.61,12.23,9.85,10.5,11.46,12.23,14.42,15.84,12.32,18.9,21.28,151.57
2026-01-16,13.0735,14.7933,12.65,11.71,10.79,9.43,9.98,10.79,21.07,16.15,13.89,12.52,9.91,10.76,11.77,12.52,14.79,15.86,12.09,18.99,21.32,153.59
2026-01-20,16.1321,16.5399,24.97,19.78,15.47,11.62,12.91,15.47,25.88,20.12,17.18,15.47,11.72,12.88,14.31,15.47,16.54,20.09,19.93,21.28,23.04,154.96
2026-01-21,13.9638,15.1382,21.11,16.95,13.31,10.54,11.38,13.31,22.71,17.82,15.29,13.82,10.96,11.81,12.91,13.82,15.14,16.9,15.88,19.36,21.62,144.41
2026-01-22,13.0041,14.5212,19.54,15.69,12.55,10.16,11.0,12.55,21.68,17.03,14.75,13.36,10.8,11.53,12.48,13.36,14.52,15.64,14.38,18.75,21.27,141.31
2026-01-23,13.1475,14.6303,19.98,16.01,12.63,10.03,10.95,12.63,22.2,17.44,14.94,13.5,10.8,11.52,12.58,13.5,14.63,16.09,15.0,19.15,21.53,144.02
2026-01-26,12.8918,14.5616,19.05,15.14,12.06,9.86,10.43,12.06,21.69,16.9,14.52,13.13,10.65,11.32,12.3,13.13,14.56,16.15,15.05,19.07,21.6,148.1
2026-01-27,12.9182,14.7014,19.16,15.17,11.89,9.89,10.31,11.89,21.94,17.06,14.6,13.13,10.83,11.37,12.3,13.13,14.7,16.35,14.85,19.22,21.75,147.25
2026-01-28,13.7496,15.0308,20.18,15.98,12.71,10.29,10.89,12.71,22.64,17.65,15.04,13.65,11.1,11.69,12.75,13.65,15.03,16.35,14.54,19.3,21.72,144.98
2026-01-29,13.6772,15.0048,20.58,16.36,12.65,9.91,10.63,12.65,22.88,17.96,15.24,13.69,10.82,11.6,12.72,13.69,15.0,16.88,15.22,19.67,21.97,143.74
2026-01-30,14.4481,15.6183,21.92,17.27,13.55,10.14,11.49,13.55,23.88,18.65,15.86,14.22,11.02,11.92,13.12,14.22,15.62,17.44,15.69,20.07,22.23,143.65
2026-02-02,12.9181,14.7557,18.5,15.03,11.56,9.02,9.89,11.56,21.83,17.1,14.67,12.96,10.4,11.11,12.12,12.96,14.76,16.34,14.45,19.37,21.68,146.56
2026-02-03,14.3595,15.3128,20.99,17.06,13.69,10.12,11.47,13.69,23.28,18.45,15.84,14.16,10.93,11.95,13.19,14.16,15.31,18.0,17.07,20.35,22.24,143.85
2026-02-04,16.0068,16.1011,23.68,19.73,15.9,11.56,13.18,15.9,24.8,19.96,17.2,15.33,11.69,12.77,14.19,15.33,16.1,18.64,18.67,20.62,22.37,143.16
2026-02-05,18.6982,17.6558,27.57,23.07,19.43,14.13,16.15,19.43,27.53,22.21,19.26,17.6,12.99,14.51,16.27,17.6,17.66,21.77,22.29,22.45,23.66,137.16
2026-02-06,14.7324,15.5804,20.51,17.19,13.89,10.01,11.29,13.89,23.63,18.78,16.1,14.44,11.05,12.08,13.36,14.44,15.58,17.76,15.43,20.37,22.23,140.31
2026-02-09,13.8586,15.2204,18.75,15.37,12.36,9.22,10.25,12.36,22.48,17.71,15.14,13.64,10.58,11.54,12.7,13.64,15.22,17.36,14.75,20.09,21.94,145.23
2026-02-10,14.1307,15.6114,19.23,15.98,12.83,9.46,10.54,12.83,22.86,18.19,15.47,13.97,10.67,11.66,12.86,13.97,15.61,17.79,14.94,20.43,22.33,145.71
2026-02-11,14.3737,15.3733,19.71,16.15,12.62,9.41,10.56,12.62,23.05,18.39,15.66,13.98,10.6,11.63,12.86,13.98,15.37,17.65,14.18,20.37,22.26,143.78
2026-02-12,17.4053,17.0979,26.77,23.03,18.44,12.87,15.05,18.44,26.69,21.35,18.38,16.57,12.13,13.67,15.35,16.57,17.1,20.82,19.8,22.17,23.44,142.5
2026-02-13,17.1533,17.12,25.49,21.7,17.66,11.69,14.08,17.66,27.09,21.49,18.35,16.53,12.03,13.51,15.29,16.53,17.12,20.6,18.77,22.17,23.56,139.35
2026-02-17,16.2491,16.5019,18.71,18.22,15.45,11.41,13.96,15.45,24.91,20.14,17.41,15.78,11.65,13.02,14.63,15.78,16.5,20.29,20.31,21.6,23.18,140.28
2026-02-18,15.9124,16.4525,17.48,16.37,14.63,11.17,12.2,14.63,24.53,19.72,17.03,15.37,11.21,12.59,14.13,15.37,16.45,19.62,19.08,21.39,23.09,139.17
2026-02-19,16.645,16.7963,19.28,17.64,16.18,12.51,14.08,16.18,25.45,20.79,17.78,15.96,11.36,12.89,14.62,15.96,16.8,20.23,19.87,21.88,23.56,141.19
2026-02-20,15.2739,16.244,18.09,16.04,13.99,11.12,12.35,13.99,24.26,19.49,16.52,14.81,10.58,12.01,13.57,14.81,16.24,19.09,18.02,21.09,23.07,145.52
2026-02-23,17.2262,17.3785,25.5,21.04,16.71,11.81,13.53,16.71,27.01,21.29,18.13,16.24,11.88,13.28,14.94,16.24,17.38,21.01,21.11,22.14,23.91,141.43
2026-02-24,15.5964,16.4407,23.53,19.35,15.11,10.86,12.32,15.11,25.61,20.07,17.04,15.23,11.34,12.56,14.03,15.23,16.44,19.55,18.6,21.34,23.31,141.94
2026-02-25,13.9015,15.4781,21.97,17.39,13.36,10.02,11.04,13.36,23.98,18.52,15.66,13.95,10.7,11.61,12.89,13.95,15.48,17.93,16.28,20.36,22.79,146.05
2026-02-26,14.5572,15.8172,22.9,18.32,14.07,10.1,11.4,14.07,24.85,19.13,16.19,14.48,10.74,11.94,13.31,14.48,15.82,18.63,16.65,20.81,23.09,146.57
2026-02-27,15.9268,16.6434,24.85,20.13,15.63,10.78,12.46,15.63,26.42,20.34,17.16,15.38,11.0,12.39,14.03,15.38,16.64,19.86,18.59,21.56,23.59,146.67
2026-03-02,16.5211,17.0768,25.65,20.86,16.22,11.07,12.85,16.22,26.93,20.92,17.7,15.81,11.26,12.72,14.45,15.81,17.08,21.44,21.18,22.44,24.15,151.78
2026-03-03,18.6117,18.0879,29.11,24.01,18.69,12.42,14.77,18.69,29.34,23.02,19.49,17.42,12.01,13.87,15.87,17.42,18.09,23.57,24.55,23.54,24.75,152.83
2026-03-04,16.888,17.1007,26.17,21.29,16.47,11.11,13.06,16.47,27.34,21.32,17.98,16.1,11.22,12.86,14.65,16.1,17.1,21.15,20.6,22.29,23.9,152.87
2026-03-05,18.4979,18.1027,29.27,23.73,18.32,12.35,14.52,18.32,29.78,23.12,19.52,17.32,11.92,13.77,15.75,17.32,18.1,23.75,23.55,23.86,24.92,153.95
2026-03-06,23.2322,20.844,38.47,30.57,24.28,15.93,19.13,24.28,37.06,28.41,23.99,21.54,14.19,16.77,19.52,21.54,20.84,29.49,30.44,27.56,27.99,151.8
2026-03-09,19.5967,19.01,30.32,25.16,20.14,13.66,16.13,20.14,30.94,24.33,20.59,18.41,12.48,14.62,16.86,18.41,19.01,25.5,27.85,25.34,26.14,157.98
2026-03-10,20.1909,19.5508,30.03,25.49,20.48,13.85,16.43,20.48,31.58,25.42,21.18,18.97,12.87,15.23,17.21,18.97,19.55,24.93,25.54,25.51,26.39,154.46
2026-03-11,19.5835,19.0591,28.18,24.34,20.23,13.97,16.67,20.23,30.14,24.11,20.64,18.65,12.79,14.9,17.02,18.65,19.06,24.23,24.44,24.97,25.85,152.44
2026-03-12,22.1645,20.9636,34.47,30.45,25.85,18.48,22.3,25.85,33.5,27.02,23.47,21.34,14.78,17.24,19.83,21.34,20.96,27.29,28.98,26.95,27.26,139.94
2026-03-13,22.6935,21.494,34.03,28.95,25.6,19.63,22.2,25.6,33.65,27.5,24.1,22.1,15.41,18.0,20.51,22.1,21.49,27.19,28.0,27.28,27.43,137.76
2026-03-16,19.8286,19.4273,30.8,27.41,23.54,17.84,19.48,23.54,29.72,24.38,21.2,19.18,13.24,15.43,17.73,19.18,19.43,23.51,24.33,24.92,25.63,141.49
2026-03-17,18.5914,18.7607,27.22,25.49,21.4,16.49,17.96,21.4,28.46,22.99,19.87,17.93,12.55,14.41,16.41,17.93,18.76,22.37,22.36,24.33,25.28,145.04
2026-03-18,21.0047,20.5372,22.92,22.84,19.94,17.77,18.41,19.94,30.99,25.25,22.2,20.31,14.23,16.44,18.75,20.31,20.54,25.09,26.03,26.56,27.2,136.54
2026-03-19,20.7994,20.3346,22.29,20.33,19.65,17.39,18.41,19.65,30.51,25.11,22.06,20.25,14.15,16.49,18.73,20.25,20.33,24.06,24.09,25.54,26.44,138.26
2026-03-20,23.5951,22.099,28.16,27.22,26.94,24.92,25.98,26.94,33.69,27.61,24.61,23.18,16.58,19.15,21.55,23.18,22.1,26.78,26.95,27.43,28.35,139.12
2026-03-23,21.7951,21.0396,32.43,26.67,21.5,15.2,17.56,21.5,32.15,25.79,22.31,20.29,14.4,16.49,18.7,20.29,21.04,26.15,27.76,26.1,26.94,142.02
2026-03-24,21.9165,21.0221,33.31,27.16,21.87,15.2,17.77,21.87,32.67,26.05,22.61,20.5,14.43,16.57,18.84,20.5,21.02,26.95,28.21,26.56,27.22,142.63
2026-03-25,21.1385,20.7063,31.32,25.96,20.95,14.49,16.99,20.95,31.37,25.17,21.96,19.97,14.0,16.13,18.33,19.97,20.71,25.33,25.26,25.63,26.69,140.88
2026-03-26,24.3104,22.4948,34.94,29.2,24.49,17.38,20.36,24.49,34.63,27.91,24.55,22.53,15.77,18.28,20.82,22.53,22.49,27.44,27.05,27.16,27.91,143.99
2026-03-27,26.8867,24.2163,38.21,31.79,27.41,20.38,23.44,27.41,37.15,30.07,26.66,24.74,17.55,20.37,22.96,24.74,24.22,31.05,30.64,29.27,29.78,139.0
2026-03-30,25.3512,23.858,35.01,29.45,25.76,19.74,22.43,25.76,35.4,28.86,25.81,23.87,17.29,19.89,22.28,23.87,23.86,30.61,30.57,29.13,29.68,142.23
2026-03-31,21.4955,21.093,29.24,25.12,21.16,15.64,17.97,21.16,30.4,25.07,22.32,20.25,14.4,16.57,18.73,20.25,21.09,25.25,24.18,25.55,26.93,145.45
2026-04-01,20.7564,20.4739,29.19,24.96,20.46,14.72,16.94,20.46,29.71,24.66,21.56,19.65,13.92,15.87,18.01,19.65,20.47,24.54,23.61,24.86,26.17,143.77
2026-04-02,20.5524,20.31,28.48,24.22,20.09,14.0,16.44,20.09,29.52,24.4,21.34,19.49,13.56,15.65,17.86,19.49,20.31,23.87,21.71,24.72,26.03,146.95
2026-04-06,19.3414,19.4548,26.45,22.55,19.03,13.9,15.87,19.03,28.17,23.25,20.36,18.61,13.17,15.08,17.11,18.61,19.45,24.17,23.9,24.77,25.82,147.6
2026-04-07,20.709,20.2933,30.43,25.97,21.87,15.65,18.19,21.87,30.32,24.8,21.67,19.63,13.74,15.86,18.03,19.63,20.29,25.78,27.27,25.57,26.41,148.45
2026-04-08,16.709,17.3902,22.16,19.36,15.71,12.45,13.52,15.71,25.7,20.74,17.87,16.05,12.15,13.27,14.8,16.05,17.39,21.04,19.16,22.68,24.02,150.36
2026-04-09,15.5179,16.5328,18.91,16.17,13.82,11.17,12.11,13.82,23.91,19.31,16.67,15.08,11.79,12.7,13.98,15.08,16.53,19.49,16.81,21.81,23.39,143.27
2026-04-10,15.6195,16.6861,19.32,16.59,13.78,11.02,12.07,13.78,23.83,19.33,16.74,15.03,11.61,12.61,13.93,15.03,16.69,19.23,16.36,21.86,23.51,144.18
2026-04-13,14.7539,15.949,16.73,14.33,12.6,10.57,11.44,12.6,22.5,18.08,15.66,14.21,11.31,12.2,13.27,14.21,15.95,19.12,17.33,21.34,23.0,156.93
2026-04-14,14.3489,15.659,16.22,14.14,11.34,9.84,10.2,11.34,21.69,17.48,15.19,13.91,11.53,12.15,13.09,13.91,15.66,18.36,16.7,20.82,22.77,149.94
2026-04-15,14.4677,15.6569,14.59,12.69,11.39,10.53,10.79,11.39,21.77,17.51,15.29,14.09,11.91,12.51,13.43,14.09,15.66,18.17,16.01,20.78,22.84,139.23
2026-04-16,14.4032,15.7186,13.2,11.18,10.58,9.79,10.12,10.58,21.26,17.15,15.05,14.01,11.8,12.47,13.25,14.01,15.72,17.94,15.46,20.77,22.78,140.74
2026-04-17,14.2915,15.6763,15.4,14.39,13.33,11.82,12.38,13.33,20.36,16.5,14.73,13.71,11.83,12.36,13.11,13.71,15.68,17.48,14.81,20.51,22.57,141.82
2026-04-20,14.8729,16.1695,21.22,17.39,14.28,12.06,12.78,14.28,24.42,18.95,16.39,14.93,12.24,13.03,14.02,14.93,16.17,18.87,17.79,21.24,23.14,141.9
2026-04-21,16.3457,16.818,23.98,19.65,15.9,12.61,13.76,15.9,26.33,20.49,17.53,15.98,12.59,13.63,14.9,15.98,16.82,19.5,18.68,21.51,23.19,140.91
2026-04-22,15.0576,16.2976,21.51,17.5,14.41,11.61,12.61,14.41,24.85,19.29,16.55,15.09,12.18,13.0,14.11,15.09,16.3,18.92,17.29,21.24,23.13,140.84
2026-04-23,15.7006,16.5738,22.14,18.28,14.84,11.91,12.86,14.84,25.11,19.69,16.92,15.23,12.09,13.02,14.21,15.23,16.57,19.31,18.04,21.48,23.31,139.59
2026-04-24,15.532,16.4984,21.59,17.89,14.85,11.9,12.89,14.85,25.07,19.62,16.9,15.4,12.53,13.28,14.47,15.4,16.5,18.71,16.71,21.3,23.27,139.08
2026-04-27,14.8797,16.1618,19.74,16.61,14.03,11.44,12.37,14.03,23.65,18.72,16.24,14.89,12.16,12.96,14.0,14.89,16.16,18.02,16.69,20.77,23.03,139.64
2026-04-28,15.0976,16.2784,19.88,16.83,13.95,11.43,12.44,13.95,23.37,18.68,16.22,14.73,12.07,12.87,13.89,14.73,16.28,17.83,16.69,20.49,22.87,138.16
2026-04-29,15.1543,16.2829,20.38,17.17,14.35,11.36,12.61,14.35,23.88,18.97,16.38,15.03,12.05,13.0,14.11,15.03,16.28,18.81,17.61,21.19,23.25,141.88
2026-04-30,14.2977,15.7671,18.58,15.36,12.62,10.54,11.27,12.62,22.75,17.89,15.56,14.17,11.67,12.39,13.35,14.17,15.77,16.89,14.37,20.08,22.61,143.33
2026-05-01,14.4975,16.0546,17.72,15.0,12.92,10.41,11.28,12.92,22.94,18.15,15.86,14.56,11.77,12.7,13.76,14.56,16.05,16.99,14.15,20.37,22.69,141.38
2026-05-04,15.073,16.3536,18.5,15.86,13.19,10.63,11.53,13.19,23.67,18.84,16.24,14.77,11.75,12.72,13.87,14.77,16.35,18.29,16.6,21.05,23.07,141.74
2026-05-05,14.4206,16.0976,16.59,14.01,11.93,9.72,10.71,11.93,22.98,18.16,15.75,14.54,11.69,12.52,13.57,14.54,16.1,17.38,14.64,20.82,22.94,138.74
2026-05-06,14.5986,15.8928,16.43,13.88,12.15,10.56,10.87,12.15,22.39,17.87,15.72,14.49,12.44,12.93,13.68,14.49,15.89,17.39,14.76,20.57,22.65,135.42
2026-05-07,14.465,15.8864,16.1,13.55,12.04,10.4,10.84,12.04,21.92,17.68,15.43,14.4,12.04,12.74,13.6,14.4,15.89,17.08,14.56,20.35,22.48,136.11
2026-05-08,14.4868,15.7854,14.93,12.82,11.3,10.08,10.56,11.3,22.07,17.76,15.57,14.42,12.51,12.98,13.76,14.42,15.79,17.19,14.21,20.5,22.59,138.21
2026-05-11,15.1491,16.5139,14.88,12.3,11.12,9.48,10.07,11.12,22.6,18.12,15.97,14.97,12.73,13.36,14.25,14.97,16.51,18.38,16.89,21.24,23.06,140.21
2026-05-12,14.9785,16.345,14.61,11.91,10.7,9.54,9.97,10.7,22.37,17.89,15.82,14.61,12.55,13.12,13.92,14.61,16.35,17.99,16.34,21.04,23.03,139.41
2026-05-13,15.0448,16.543,13.36,11.91,10.02,9.6,9.76,10.02,22.21,17.88,15.95,14.77,12.99,13.46,14.14,14.77,16.54,17.87,15.87,21.18,23.2,141.51
2026-05-14,14.6838,16.0963,12.09,10.75,10.77,9.93,10.16,10.77,21.27,17.18,15.42,14.59,12.74,13.34,14.03,14.59,16.1,17.26,15.14,20.85,22.98,139.32
2026-05-15,15.4575,16.4221,18.08,17.04,14.91,13.58,14.03,14.91,23.32,18.74,16.49,15.17,12.58,13.38,14.31,15.17,16.42,18.43,16.37,21.36,23.25,145.77
2026-05-18,14.9832,16.0468,21.66,17.67,14.59,12.15,12.91,14.59,24.2,18.68,16.21,15.03,12.46,13.26,14.2,15.03,16.05,17.82,16.86,20.92,22.86,138.4
2026-05-19,15.342,16.1179,22.41,18.42,14.93,12.28,13.09,14.93,24.87,19.32,16.69,15.27,12.55,13.33,14.36,15.27,16.12,18.06,16.64,21.12,23.01,135.5
2026-05-20,15.0037,16.0566,21.59,17.46,14.59,12.36,13.08,14.59,24.09,18.64,16.2,15.04,12.73,13.42,14.26,15.04,16.06,17.44,15.14,20.76,22.81,132.31
2026-05-21,14.4524,15.7081,20.6,16.7,13.86,11.94,12.56,13.86,23.18,17.95,15.69,14.45,12.48,13.03,13.76,14.45,15.71,16.76,14.08,20.0,22.27,136.96
2026-05-22,14.5497,15.673,20.65,16.88,13.89,12.14,12.65,13.89,23.22,18.08,15.82,14.64,12.67,13.21,13.94,14.64,15.67,16.7,14.07,20.03,22.35,137.39
2026-05-26,14.1003,15.6461,18.9,15.6,13.3,11.97,12.3,13.3,21.97,17.41,15.31,14.31,12.68,13.09,13.69,14.31,15.65,17.01,14.84,19.89,22.46,139.04
2026-05-27,13.6815,15.3793,18.07,14.89,12.83,11.44,11.94,12.83,21.37,16.9,14.92,13.92,12.31,12.73,13.35,13.92,15.38,16.29,13.27,19.45,22.11,138.57
2026-05-28,13.2016,15.155,17.03,14.12,12.27,10.99,11.39,12.27,20.69,16.41,14.53,13.57,12.11,12.5,13.04,13.57,15.16,15.74,12.98,19.11,21.95,139.52
2026-05-29,12.903,14.9352,17.29,14.09,11.89,10.17,10.77,11.89,20.57,16.08,14.19,13.11,11.34,11.88,12.55,13.11,14.94,15.32,12.59,18.66,21.6,144.18
2026-06-01,13.1305,15.1787,16.78,13.94,11.85,9.95,10.67,11.85,20.98,16.4,14.42,13.35,11.36,11.97,12.71,13.35,15.18,16.05,13.76,19.43,22.13,142.46
2026-06-02,13.0117,15.3422,16.61,13.69,11.59,9.68,10.41,11.59,20.87,16.39,14.35,13.23,11.21,11.84,12.58,13.23,15.34,15.77,13.19,19.49,22.13,143.24
2026-06-03,13.5263,15.5273,17.22,14.26,12.17,10.03,10.98,12.17,21.29,16.76,14.64,13.55,11.19,11.92,12.8,13.55,15.53,16.06,13.41,19.76,22.32,136.86
2026-06-04,13.2491,15.3262,16.12,13.41,11.71,9.7,10.4,11.71,20.33,16.15,14.16,13.11,11.01,11.71,12.44,13.11,15.33,15.4,12.65,19.23,21.89,142.15
2026-06-05,17.3296,17.0969,27.91,21.68,17.88,13.95,15.31,17.88,26.33,20.34,17.55,16.09,12.64,13.73,15.03,16.09,17.1,21.51,23.92,21.82,23.49,152.25
2026-06-08,15.6468,16.3829,20.83,17.78,15.13,12.27,13.49,15.13,23.3,18.54,16.37,14.95,12.02,12.96,14.09,14.95,16.38,18.92,19.69,20.79,22.67,145.0
2026-06-09,16.4607,16.7598,24.22,20.34,17.34,14.06,15.19,17.34,24.23,19.4,17.07,15.72,12.76,13.65,14.78,15.72,16.76,19.87,22.14,21.31,22.97,141.97
2026-06-10,18.8397,18.0026,28.27,24.22,21.25,17.24,18.92,21.25,27.09,21.65,19.21,17.74,14.28,15.41,16.7,17.74,18.0,22.22,25.67,22.89,24.13,143.08
2026-06-11,16.9776,16.9965,23.74,21.06,18.65,16.04,17.09,18.65,23.79,19.36,17.25,16.31,13.46,14.37,15.42,16.31,17.0,19.44,20.66,21.42,23.14,142.98
2026-06-12,15.4311,16.3405,20.37,17.99,15.46,12.78,13.81,15.46,22.26,17.9,15.97,14.89,12.18,13.06,14.12,14.89,16.34,17.68,17.26,20.51,22.59,142.6
2026-06-15,13.4293,15.069,16.1,13.86,11.84,10.7,11.04,11.84,19.49,15.67,13.92,12.99,11.24,11.69,12.36,12.99,15.07,16.2,15.58,19.36,21.77,144.32
2026-06-16,13.9672,15.3793,17.41,15.72,13.56,12.9,12.9,13.56,20.54,16.54,14.49,13.26,10.9,11.66,12.56,13.26,15.38,16.41,15.77,19.53,21.87,142.66
2026-06-17,15.4349,15.9888,21.09,19.72,18.68,16.48,17.36,18.68,23.37,18.69,16.35,15.01,11.68,12.79,14.06,15.01,15.99,18.44,18.63,20.62,22.62,142.62
2026-06-18,14.0333,15.3769,16.95,15.5,13.65,12.59,12.85,13.65,20.8,16.76,14.72,13.47,11.11,11.86,12.71,13.47,15.38,16.4,13.93,19.57,21.99,146.72
2026-06-22,14.2484,15.5042,20.45,16.87,13.59,10.83,11.75,13.59,22.47,17.74,15.46,14.15,11.59,12.41,13.34,14.15,15.5,17.28,16.29,19.76,22.15,141.85
2026-06-23,16.2177,16.6516,23.6,19.29,15.81,12.33,13.6,15.81,24.75,19.39,16.97,15.45,12.34,13.36,14.5,15.45,16.65,19.49,19.47,21.06,22.97,143.14
2026-06-24,15.8858,16.2418,22.73,18.85,15.34,11.92,13.2,15.34,23.86,18.88,16.6,15.07,12.14,13.08,14.19,15.07,16.24,18.63,18.07,20.37,22.4,145.3
2026-06-25,15.9547,16.2333,22.87,18.98,15.38,12.08,13.37,15.38,23.74,18.93,16.67,15.13,12.35,13.28,14.28,15.13,16.23,18.89,17.92,20.33,22.35,139.89
2026-06-26,16.0441,16.2163,22.02,18.53,15.75,12.31,13.67,15.75,23.43,18.79,16.5,15.24,12.42,13.27,14.44,15.24,16.22,18.41,16.8,20.13,22.26,139.4
2026-06-29,14.4097,15.5812,19.22,16.21,13.63,11.0,11.92,13.63,21.77,17.42,15.36,14.18,11.84,12.57,13.42,14.18,15.58,17.65,15.51,19.53,21.8,144.46
2026-06-30,13.4849,14.9219,17.38,14.39,12.3,10.35,10.95,12.3,20.67,16.46,14.52,13.47,11.42,12.06,12.82,13.47,14.92,16.45,13.73,19.0,21.5,149.6
2026-07-01,13.8812,15.2128,17.7,14.57,12.02,10.06,10.67,12.02,21.11,16.8,14.77,13.49,11.36,12.03,12.81,13.49,15.21,16.59,13.14,19.16,21.63,154.82
2026-07-02,13.5958,14.9329,16.93,14.39,12.12,9.74,10.57,12.12,20.79,16.68,14.63,13.48,11.22,11.88,12.73,13.48,14.93,16.15,12.37,19.04,21.5,150.02
2026-07-06,12.4525,14.5085,13.24,11.39,9.71,8.31,8.84,9.71,19.09,15.28,13.61,12.49,10.67,11.21,11.92,12.49,14.51,15.57,12.32,18.78,21.24,145.38
2026-07-07,13.0132,14.7852,14.95,12.53,10.53,8.62,9.31,10.53,19.9,15.81,13.88,12.72,10.62,11.31,12.05,12.72,14.79,16.13,13.42,19.01,21.38,145.74
2026-07-08,13.4352,14.9737,16.12,13.66,11.9,9.32,10.26,11.9,20.61,16.37,14.26,13.24,10.72,11.48,12.44,13.24,14.97,16.9,14.41,19.46,21.56,149.79
2026-07-09,12.8848,14.7547,14.18,12.06,10.11,8.46,8.99,10.11,19.87,15.68,13.82,12.65,10.57,11.21,11.99,12.65,14.75,15.84,12.5,18.99,21.32,144.67
2026-07-10,12.3891,14.5654,12.32,10.42,9.0,7.65,8.23,9.0,19.02,15.23,13.38,12.27,10.3,10.91,11.64,12.27,14.57,15.03,11.15,18.57,21.09,144.27
2026-07-13,13.6064,14.9049,14.53,12.8,11.48,9.92,10.55,11.48,20.45,16.51,14.38,13.16,10.57,11.44,12.41,13.16,14.9,17.16,15.13,19.64,21.69,145.69
2026-07-14,13.2565,14.8922,12.0,10.56,9.64,8.47,8.74,9.64,19.97,15.96,13.94,12.69,10.24,11.02,11.94,12.69,14.89,16.5,13.46,19.3,21.52,145.13
2026-07-15,12.5587,14.5231,10.77,9.94,8.3,7.5,7.74,8.3,19.11,15.33,13.4,12.17,9.93,10.62,11.53,12.17,14.52,15.67,12.06,18.91,21.23,148.51
2026-07-16,13.3235,14.8689,13.7,12.59,12.03,10.23,11.12,12.03,20.62,16.3,14.03,12.83,10.24,11.03,12.01,12.83,14.87,16.73,13.98,19.5,21.68,145.72
2026-07-17,15.01,15.5552,17.54,16.5,15.55,13.93,14.73,15.55,23.3,18.44,15.82,14.34,10.95,12.04,13.33,14.34,15.56,18.77,16.85,20.54,22.28,147.28
2026-07-20,14.4315,15.5253,22.07,17.76,13.94,10.72,11.81,13.94,24.07,18.51,15.96,14.33,11.28,12.24,13.41,14.33,15.53,18.65,17.78,20.4,22.2,146.05
2026-07-21,13.2667,14.9107,20.27,16.28,12.87,10.24,11.06,12.87,22.75,17.61,15.26,13.71,11.03,11.82,12.84,13.71,14.91,17.05,15.48,19.59,21.66,151.66
2026-07-22,13.2876,15.0917,20.51,16.37,12.75,10.02,10.88,12.75,23.0,17.82,15.27,13.68,10.91,11.75,12.81,13.68,15.09,16.64,14.88,19.54,21.68,150.19
2026-07-23,15.0748,15.8376,22.8,18.42,14.5,10.89,12.14,14.5,24.76,19.17,16.41,14.85,11.43,12.49,13.8,14.85,15.84,18.7,18.15,20.6,22.48,145.95
2026-07-24,14.9793,15.9131,22.61,18.23,14.38,10.87,12.02,14.38,24.65,19.03,16.29,14.74,11.38,12.39,13.7,14.74,15.91,18.58,17.62,20.51,22.43,147.28
2026-07-27,14.8,15.606,21.55,17.63,14.06,10.75,11.86,14.06,23.71,18.47,15.91,14.4,11.28,12.23,13.44,14.4,15.61,18.67,18.13,20.2,22.11,146.6
2026-07-28,14.7085,15.5113,21.22,17.32,13.72,10.62,11.68,13.72,23.46,18.32,15.92,14.1,11.2,12.07,13.2,14.1,15.51,18.21,17.25,19.86,21.82,142.98
2026-07-29,16.8068,16.787,24.05,20.05,15.69,12.1,13.45,15.69,26.36,20.79,17.91,15.67,12.15,13.26,14.59,15.67,16.79,20.66,20.38,21.5,23.06,139.55
2026-07-30,13.6725,14.992,19.09,15.64,12.67,10.06,10.9,12.67,22.42,17.58,15.21,13.82,11.21,11.91,12.93,13.82,14.99,17.09,14.85,19.5,21.61,139.9
2026-07-31,13.1254,14.91,17.76,14.63,11.75,9.61,10.26,11.75,21.72,16.87,14.58,13.25,10.92,11.56,12.5,13.25,14.91,15.99,13.05,19.02,21.34,141.23
2026-08-03,12.4559,14.3267,15.48,12.97,10.54,9.53,9.84,10.54,20.3,15.88,13.92,12.69,11.3,11.55,12.12,12.69,14.33,15.86,13.28,18.93,21.2,139.96
2026-08-04,13.1541,14.8804,15.46,13.32,11.9,11.47,11.47,11.9,20.33,16.05,14.41,13.44,12.62,12.7,13.05,13.44,14.88,16.5,15.04,19.34,21.35,126.41
2026-08-05,12.9898,14.7521,14.98,13.03,11.92,10.86,11.22,11.92,20.06,15.76,14.0,13.4,11.91,12.27,12.83,13.4,14.75,15.81,13.79,18.95,21.06,133.32
2026-08-06,12.5669,14.4374,14.71,12.57,10.96,9.76,10.21,10.96,19.83,15.61,13.82,12.74,11.21,11.61,12.2,12.74,14.44,15.15,12.66,18.69,20.91,134.73
2026-08-07,12.4837,14.6015,13.85,11.96,10.53,9.73,10.03,10.53,19.36,15.31,13.68,12.65,11.51,11.75,12.23,12.65,14.6,14.9,11.96,18.72,21.02,132.57
2026-08-10,12.4941,14.7432,13.53,11.66,10.23,9.34,9.66,10.23,19.4,15.15,13.6,12.65,11.37,11.72,12.19,12.65,14.74,15.46,12.77,18.98,21.14,137.13
2026-08-11,12.5424,14.7451,13.47,11.46,10.07,9.34,9.55,10.07,19.4,15.27,13.55,12.48,11.2,11.52,12.07,12.48,14.75,15.28,12.52,18.91,21.1,135.59
2026-08-12,11.9589,14.2686,11.91,10.24,8.91,8.39,8.53,8.91,18.5,14.59,13.04,12.0,10.75,11.11,11.58,12.0,14.27,14.55,11.09,18.53,20.82,136.54
2026-08-13,12.1213,14.4941,11.55,9.87,8.65,8.14,8.3,8.65,18.57,14.48,13.06,12.15,10.99,11.27,11.71,12.15,14.49,14.63,11.37,18.61,20.93,134.37
2026-08-14,11.8354,14.4709,10.45,8.92,8.08,7.61,7.63,8.08,18.27,14.42,12.85,11.89,10.61,10.94,11.44,11.89,14.47,14.25,10.61,18.46,20.8,138.36
2026-08-17,12.2278,14.6108,10.06,8.81,7.97,7.43,7.38,7.97,18.61,14.51,12.84,11.99,10.2,10.77,11.45,11.99,14.61,15.19,12.39,19.04,21.33,142.91
2026-08-18,12.5184,14.4953,11.4,10.17,8.59,7.55,7.89,8.59,19.66,15.38,13.51,12.24,10.27,10.85,11.59,12.24,14.5,15.84,13.59,19.27,21.37,143.6
2026-08-19,12.0672,14.1093,10.59,9.09,8.33,7.44,7.66,8.33,18.27,14.34,12.63,11.72,9.99,10.53,11.18,11.72,14.11,14.89,12.66,18.57,20.9,142.93
2026-08-20,13.0654,14.6805,13.45,12.25,11.35,10.11,10.79,11.35,20.08,15.74,13.77,12.54,10.4,11.03,11.86,12.54,14.68,16.01,14.39,19.06,21.25,143.23
2026-08-21,12.6591,14.4741,9.92,9.32,8.9,8.61,8.72,8.9,18.8,14.94,13.04,12.04,10.2,10.86,11.52,12.04,14.47,15.13,12.58,18.5,20.9,143.9
2026-08-24,12.6104,14.5855,18.68,14.76,12.11,10.24,10.83,12.11,20.75,16.01,13.99,12.73,10.85,11.39,12.11,12.73,14.59,15.85,14.07,18.56,21.04,145.64
2026-08-25,12.552,14.3658,18.19,14.58,11.93,10.25,10.77,11.93,20.3,15.71,13.68,12.66,10.92,11.39,12.08,12.66,14.37,15.45,13.45,18.21,20.84,143.27
2026-08-26,12.4805,14.333,18.0,14.51,11.99,10.23,10.81,11.99,20.02,15.55,13.69,12.57,10.86,11.34,11.99,12.57,14.33,15.21,13.33,17.99,20.64,142.96
2026-08-27,11.8386,13.8729,16.97,13.49,11.31,9.97,10.36,11.31,19.24,14.95,13.2,12.18,10.7,11.11,11.66,12.18,13.87,14.51,12.1,17.56,20.36,144.05
