date,r_idx
2000-01-03,-0.007888496151561402
2000-01-04,-0.037817897665006775
2000-01-05,0.0018669323147829484
2000-01-06,-0.0004716417333902614
2000-01-07,0.033698590932006584
2000-01-10,0.01407480488010943
2000-01-11,-0.0129526506243743
2000-01-12,-0.003314209571574519
2000-01-13,0.013625590864297377
2000-01-14,0.012026665316534122
2000-01-18,-0.005252633861026636
2000-01-19,0.0024017856275621763
2000-01-20,-0.007629476141580475
2000-01-21,-0.002410046953386765
2000-01-24,-0.02642674120201378
2000-01-25,0.007655642238362848
2000-01-26,-0.003634984888649203
2000-01-27,-0.0029217310083536254
2000-01-28,-0.025803633290136237
2000-01-31,0.02575677653906098
2000-02-01,0.012160700517151346
2000-02-02,0.0002785865293126129
2000-02-03,0.01303344292946558
2000-02-04,0.000585245199875038
2000-02-07,0.001279740926740413
2000-02-08,0.012204420950496493
2000-02-09,-0.01964738160300319
2000-02-10,0.004440409108685416
2000-02-11,-0.020110768212728745
2000-02-14,0.0023498914371730935
2000-02-15,0.009896130011711848
2000-02-16,-0.009685428751686691
2000-02-17,0.0005403495212443897
2000-02-18,-0.02931320678509742
2000-02-22,0.005159712759659333
2000-02-23,0.009740873980676742
2000-02-24,-0.004482549237046441
2000-02-25,-0.013607480681607243
2000-02-28,0.011326383225922219
2000-02-29,0.01572447680136161
2000-03-01,0.010923373673696673
2000-03-02,0.002542967896402768
2000-03-03,0.021667322459822135
2000-03-06,-0.011359002686984473
2000-03-07,-0.024415519038934443
2000-03-08,0.009946558197105985
2000-03-09,0.02617462035484946
2000-03-10,-0.0033935206203164125
2000-03-13,-0.006871797123332185
2000-03-14,-0.01716348179206624
2000-03-15,0.026687648891177022
2000-03-16,0.04847395912895755
2000-03-17,0.006640296854214381
2000-03-20,-0.0044505115340111295
2000-03-21,0.02549653219685085
2000-03-22,0.006214973690306389
2000-03-23,0.019336294807223518
2000-03-24,0.000979217873106163
2000-03-27,-0.001341510516586125
2000-03-28,-0.010369541878014208
2000-03-29,0.002484016991486757
2000-03-30,-0.012270012705165206
2000-03-31,0.009131152627249143
2000-04-03,0.005925950458051132
2000-04-04,-0.004752073462025062
2000-04-05,-0.0037615079254474807
2000-04-06,0.009571335732886469
2000-04-07,0.01140154531189459
2000-04-10,-0.0065565991174154495
2000-04-11,-0.0016075900153168302
2000-04-12,-0.01980223002786149
2000-04-13,-0.01620569840794943
2000-04-14,-0.05832436056325385
2000-04-17,0.03632803795519887
2000-04-18,0.03015922716324737
2000-04-19,-0.0074017595723107656
2000-04-20,0.00498993274070691
2000-04-24,-0.0007425737537732198
2000-04-25,0.03580956043899599
2000-04-26,-0.011451328180492912
2000-04-27,0.004180978979708077
2000-04-28,-0.007930086657765295
2000-05-01,0.011491685702654292
2000-05-02,-0.014325003474377906
2000-05-03,-0.019938902216389345
2000-05-04,-0.0037319689124424194
2000-05-05,0.016206999016944085
2000-05-08,-0.004690909491236048
2000-05-09,-0.008150477284872622
2000-05-10,-0.019818054500927648
2000-05-11,0.020433492170891573
2000-05-12,0.009177333119825003
2000-05-15,0.022504749750064945
2000-05-16,0.011118808368644952
2000-05-17,-0.012019735937173462
2000-05-18,-0.0069061749198824
2000-05-19,-0.02109732832963867
2000-05-22,-0.0037597394645538045
2000-05-23,-0.01879217160280794
2000-05-24,0.021103870863001827
2000-05-25,-0.012533080511364895
2000-05-26,-0.0014515994114695568
2000-05-30,0.034059212428311045
2000-05-31,-0.00032601071822111437
2000-06-01,0.021518694155860402
2000-06-02,0.021444599926627943
2000-06-05,-0.006294532343910168
2000-06-06,-0.006343193821543769
2000-06-07,0.011109489850501647
2000-06-08,-0.006578918531762253
2000-06-09,-0.0025437054612137866
2000-06-12,-0.007111121786438946
2000-06-13,0.017153923855393462
2000-06-14,0.0017293655209677807
2000-06-15,0.0068375056238291956
2000-06-16,-0.008823119441928652
2000-06-19,0.01595567057258106
2000-06-20,-0.006100236712584339
2000-06-21,0.002704944868709839
2000-06-22,-0.0174649674857028
2000-06-23,-0.0069063221231854145
2000-06-26,0.010653603388007186
2000-06-27,-0.0026848723098036958
2000-06-28,0.004154737914090819
2000-06-29,-0.007661775511637461
2000-06-30,0.010163168230183926
2000-07-03,0.010804650828469722
2000-07-05,-0.014518192968509905
2000-07-06,0.008221055695305672
2000-07-07,0.01594047065867332
2000-07-10,-0.0017487486054794908
2000-07-11,0.004002849796975323
2000-07-12,0.009480651279816107
2000-07-13,0.0027983560035150716
2000-07-14,0.01019221001640853
2000-07-17,0.0013395470415251169
2000-07-18,-0.010553918192206867
2000-07-19,-0.007086738561394945
2000-07-20,0.011024432989102712
2000-07-21,-0.008839854985268476
2000-07-24,-0.009792789424672026
2000-07-25,0.007954992526021283
2000-07-26,-0.01435283547572066
2000-07-27,-0.0003646030616975634
2000-07-28,-0.019488209355969625
2000-07-31,0.008598986469960365
2000-08-01,0.005889033418362187
2000-08-02,0.0009570009144754643
2000-08-03,0.010720760694704052
2000-08-04,0.00793233550837402
2000-08-07,0.011760364151349793
2000-08-08,0.003421670158339583
2000-08-09,-0.005246589864564381
2000-08-10,-0.008133668650343552
2000-08-11,0.008697059627500817
2000-08-14,0.013884017723232877
2000-08-15,-0.004432274317720226
2000-08-16,-0.0023567786532833392
2000-08-17,0.011181111452797866
2000-08-18,-0.002498249360824247
2000-08-21,0.005632768626894723
2000-08-22,-0.0004679301441143589
2000-08-23,0.0057439700448523
2000-08-24,0.0022504079375740864
2000-08-25,-0.001028036544985789
2000-08-28,0.005679554233927629
2000-08-29,-0.0022971049913878177
2000-08-30,-0.004014579081871788
2000-08-31,0.010649228952530433
2000-09-01,0.0024309657708986524
2000-09-05,-0.008308670917612435
2000-09-06,-0.009071290704474478
2000-09-07,0.007713932097075212
2000-09-08,-0.004399383251481527
2000-09-11,-0.0029796914962804204
2000-09-12,-0.0044236439047515355
2000-09-13,0.0033269618963649604
2000-09-14,-0.0019552334050070954
2000-09-15,-0.009761249875507534
2000-09-18,-0.013529963067844552
2000-09-19,0.011691129742841548
2000-09-20,-0.0047542936231018944
2000-09-21,-0.0015609304670400888
2000-09-22,0.0033688884403167622
2000-09-25,-0.00606643812121021
2000-09-26,-0.007500946069096223
2000-09-27,0.0001847371812009609
2000-09-28,0.022630475194906803
2000-09-29,-0.013224343490648995
2000-10-02,0.0008221891790267052
2000-10-03,-0.006351894077348736
2000-10-04,0.006437364747666574
2000-10-05,0.0032888307793804356
2000-10-06,-0.018222815342447008
2000-10-09,-0.005159640885802685
2000-10-10,-0.010490968608523556
2000-10-11,-0.01343883920597528
2000-10-12,-0.024900530856694233
2000-10-13,0.037501501001207714
2000-10-16,0.0018675483137315222
2000-10-17,-0.016643886378098455
2000-10-18,-0.0037737234031222913
2000-10-19,0.03814526845249068
2000-10-20,0.00722357946102399
2000-10-23,1.8566430146331777e-05
2000-10-24,0.0032452992001105966
2000-10-25,-0.02044473389270782
2000-10-26,0.0014636412270466832
2000-10-27,0.012194150730854222
2000-10-30,0.015583822620026002
2000-10-31,0.023931393820126743
2000-11-01,-0.0050481832902931675
2000-11-02,0.006722830006210204
2000-11-03,-0.00021807476457270011
2000-11-06,0.004507508922360437
2000-11-07,0.0006004261535728464
2000-11-08,-0.014649254835833854
2000-11-09,-0.005093888646954673
2000-11-10,-0.023625767451306248
2000-11-13,-0.009602394773673063
2000-11-14,0.025131184087314767
2000-11-15,0.005629282415512192
2000-11-16,-0.011954749105825578
2000-11-17,-0.002483877257262476
2000-11-20,-0.017104223967792747
2000-11-21,0.004708028042924065
2000-11-22,-0.017836880664455955
2000-11-24,0.016171981224588933
2000-11-27,0.006017306114306507
2000-11-28,-0.008687553334588366
2000-11-29,0.005903632992166605
2000-11-30,-0.018138514539341052
2000-12-01,0.0014308685598210045
2000-12-04,0.008220321831391245
2000-12-05,0.04286119948982944
2000-12-06,-0.01695338070138495
2000-12-07,-0.005098669268116109
2000-12-08,0.021732430489146626
2000-12-11,0.009504343120853204
2000-12-12,-0.005896508326220864
2000-12-13,-0.007227197940108806
2000-12-14,-0.012955170560490054
2000-12-15,-0.020850712799224753
2000-12-18,0.010147013583697148
2000-12-19,-0.011994815405456452
2000-12-20,-0.02944241619400735
2000-12-21,0.009781470847451935
2000-12-22,0.02645652011747707
2000-12-26,0.007613990148147042
2000-12-27,0.0113422970788061
2000-12-28,0.0045731194657526964
2000-12-29,-0.009711281646355234
2001-01-02,-0.02620869264377592
2001-01-03,0.05942538963793406
2001-01-04,-0.008416373147575753
2001-01-05,-0.025096416004767537
2001-01-08,-0.0010228234768300723
2001-01-09,0.005413955219617115
2001-01-10,0.01051955783244863
2001-01-11,0.01136455557242187
2001-01-12,-0.005841220146160984
2001-01-16,0.007033306656000682
2001-01-17,0.003290828780093151
2001-01-18,0.015507175617107384
2001-01-19,-0.002780678617076048
2001-01-22,0.0012449559481230244
2001-01-23,0.013915960550437858
2001-01-24,0.003642126086811105
2001-01-25,-0.003833849837640494
2001-01-26,-0.0011077230677216186
2001-01-29,0.007536790210142831
2001-01-30,0.007505985612063546
2001-01-31,-0.004926994689343852
2001-02-01,0.0061873713943601675
2001-02-02,-0.01674206892773446
2001-02-05,0.003944514268226497
2001-02-06,-0.0008716432924680612
2001-02-07,-0.00717047230075773
2001-02-08,-0.005639707102943653
2001-02-09,-0.013062614040357612
2001-02-12,0.012823626169510511
2001-02-13,-0.007981607418475156
2001-02-14,-0.000868698778192367
2001-02-15,0.0092201928754697
2001-02-16,-0.016730265552757383
2001-02-20,-0.01616387056259216
2001-02-21,-0.017738088353308635
2001-02-22,-0.0013870472083930257
2001-02-23,-0.0048267750003542186
2001-02-26,0.018343374038920793
2001-02-27,-0.006702179219516726
2001-02-28,-0.01331796647826302
2001-03-01,0.0019677575482292685
2001-03-02,-0.004500581420741628
2001-03-05,0.006647440122042286
2001-03-06,0.011063582434011194
2001-03-07,0.007334416712518814
2001-03-08,0.002901635580663767
2001-03-09,-0.024028494016149524
2001-03-12,-0.04247857561109451
2001-03-13,0.017133230510917634
2001-03-14,-0.025372383724689168
2001-03-15,0.006475863703190197
2001-03-16,-0.018887089655100834
2001-03-19,0.018615627767988925
2001-03-20,-0.023505324335336253
2001-03-21,-0.017080698484516633
2001-03-22,-0.0016250678201735547
2001-03-23,0.020974901750804808
2001-03-26,0.011926993200846931
2001-03-27,0.026023839372821857
2001-03-28,-0.022614050655368284
2001-03-29,-0.004068099023667564
2001-03-30,0.011337475232099029
2001-04-02,-0.011845503812831693
2001-04-03,-0.033560510488181455
2001-04-04,-0.00197945586500028
2001-04-05,0.04595857873058658
2001-04-06,-0.01917549113080373
2001-04-09,0.008372823132207491
2001-04-10,0.028804406077638157
2001-04-11,-0.0007897792082923493
2001-04-12,0.01579850779705979
2001-04-16,-0.0028887433817017787
2001-04-17,0.010993058289374635
2001-04-18,0.04225758763430571
2001-04-19,0.014711605575898332
2001-04-20,-0.008275727165467935
2001-04-23,-0.01417455905536956
2001-04-24,-0.011777425168547137
2001-04-25,0.016472764754090534
2001-04-26,0.005545365051955885
2001-04-27,0.01566868274802756
2001-04-30,-0.0021758926254381765
2001-05-01,0.014184142270353316
2001-05-02,0.001985978316549293
2001-05-03,-0.014254225132098002
2001-05-04,0.014770671276556636
2001-05-07,-0.0022285491743277933
2001-05-08,-0.0012931985037218116
2001-05-09,-0.00433927086540722
2001-05-10,0.00029558410947834885
2001-05-11,-0.007269446146305507
2001-05-14,0.0030404182202192014
2001-05-15,0.0005166559039746232
2001-05-16,0.029317915521141887
2001-05-17,0.0032523767995859426
2001-05-18,0.002779789545728707
2001-05-21,0.017379212127263996
2001-05-22,-0.0021819950310969934
2001-05-23,-0.015092539996232668
2001-05-24,0.0035390609750275996
2001-05-25,-0.011709409799928645
2001-05-29,-0.007229402016343358
2001-05-30,-0.01481703495128234
2001-05-31,0.006573621359888572
2001-06-01,0.004257266708321695
2001-06-04,0.005137301296359207
2001-06-05,0.013675274424144413
2001-06-06,-0.009917699831652582
2001-06-07,0.005862808737500928
2001-06-08,-0.009214003852650808
2001-06-11,-0.008223148347232815
2001-06-12,0.0012549668137310645
2001-06-13,-0.010828734243073323
2001-06-14,-0.01713630416649615
2001-06-15,-0.004273907450255153
2001-06-18,-0.004195772126773255
2001-06-19,0.003910868691657119
2001-06-20,0.009437760736928816
2001-06-21,0.012293001977086632
2001-06-22,-0.009211137902339848
2001-06-25,-0.0051998206723818255
2001-06-26,-0.001102260222875314
2001-06-27,-0.004012652815013747
2001-06-28,0.013417130948693163
2001-06-29,-0.0014255150717350528
2001-07-02,0.010722003475483688
2001-07-03,-0.0011864285624169414
2001-07-05,-0.012079254213812216
2001-07-06,-0.022458094457124586
2001-07-09,0.007200084191868767
2001-07-10,-0.013635738451530667
2001-07-11,-0.0003627853439504757
2001-07-12,0.02512885606511301
2001-07-13,0.006511889097126568
2001-07-16,-0.010278854082001522
2001-07-17,0.010598658595766315
2001-07-18,-0.0040848985909273175
2001-07-19,0.006438754113010379
2001-07-20,-0.0031667274722492235
2001-07-23,-0.016137606225448648
2001-07-24,-0.015896235910042862
2001-07-25,0.016231694364757663
2001-07-26,0.010911208361107236
2001-07-27,0.0027977551370472714
2001-07-30,-0.000829849421196787
2001-07-31,0.005865076358764285
2001-08-01,0.004493197182764566
2001-08-02,0.0046277729496692985
2001-08-03,-0.004757918495547602
2001-08-06,-0.011304454457654772
2001-08-07,0.0036027279204517725
2001-08-08,-0.016876081757045955
2001-08-09,0.00028197111116721546
2001-08-10,0.0058309918138037325
2001-08-13,0.0011895793523463494
2001-08-14,-0.0035997175983043745
2001-08-15,-0.006800913959895529
2001-08-16,0.003218584630260337
2001-08-17,-0.016132576169825507
2001-08-20,0.008481066573911431
2001-08-21,-0.011907493003387386
2001-08-22,0.007324301421439297
2001-08-23,-0.002698745900126026
2001-08-24,0.020273754132181125
2001-08-27,-0.004589923719335947
2001-08-28,-0.014787393668649772
2001-08-29,-0.010983869600377715
2001-08-30,-0.016304505876436875
2001-08-31,0.004412612664973214
2001-09-04,0.00016833863274204685
2001-09-05,-0.00034823777825748314
2001-09-06,-0.021823999556119803
2001-09-07,-0.0181172294832218
2001-09-10,0.00685920242562809
2001-09-17,-0.045469967317354684
2001-09-18,-0.004551639186482283
2001-09-19,-0.01509362502868661
2001-09-20,-0.02949915992914629
2001-09-21,-0.018354025795008586
2001-09-24,0.040897660616718054
2001-09-25,0.009103960990106056
2001-09-26,-0.003705720548719176
2001-09-27,0.011925853871828818
2001-09-28,0.02224259670092902
2001-10-01,-0.0015608262592889768
2001-10-02,0.012444544425861476
2001-10-03,0.02199939080110173
2001-10-04,-0.0021979872498074393
2001-10-05,0.0025756352404730258
2001-10-08,-0.007700634354716934
2001-10-09,-0.0049021021830334514
2001-10-10,0.023302949247858144
2001-10-11,0.016359137684600407
2001-10-12,-0.00473779134031103
2001-10-15,-0.0007629558413251217
2001-10-16,0.007437520209373863
2001-10-17,-0.018002242118138764
2001-10-18,-0.006681956605243777
2001-10-19,0.00528988124742764
2001-10-22,0.016000980776004772
2001-10-23,-0.00459645758738226
2001-10-24,0.0010689214528605405
2001-10-25,0.014419633465608685
2001-10-26,0.004299412914772726
2001-10-29,-0.02326128272588122
2001-10-30,-0.016646984464184108
2001-10-31,0.0005192662423731491
2001-11-01,0.02352620795116886
2001-11-02,0.003544734022281691
2001-11-05,0.014912248865220756
2001-11-06,0.015249206115819484
2001-11-07,-0.0021130853373388762
2001-11-08,0.002674301442380473
2001-11-09,0.0016200905011973256
2001-11-12,-0.001351900366812908
2001-11-13,0.01925760217014195
2001-11-14,0.003346195776330076
2001-11-15,0.0016575819578761098
2001-11-16,-0.0030705441908394316
2001-11-19,0.01127234055042865
2001-11-20,-0.00680201900537207
2001-11-21,-0.0045229910886727875
2001-11-23,0.01178104231628432
2001-11-26,0.006735004260075057
2001-11-27,-0.006629068539011901
2001-11-28,-0.017409207285017055
2001-11-29,0.010812301263319153
2001-11-30,-0.000350446361124093
2001-12-03,-0.008194059699085536
2001-12-04,0.013635847174240321
2001-12-05,0.023445132976394358
2001-12-06,-0.0021461290009832483
2001-12-07,-0.007131317472169692
2001-12-10,-0.01536179636260901
2001-12-11,-0.002446997441929788
2001-12-12,0.0008560559834289018
2001-12-13,-0.014862260031585443
2001-12-14,0.00352001351396621
2001-12-17,0.01051670062737746
2001-12-18,0.008077334405313998
2001-12-19,0.006544731752624383
2001-12-20,-0.007748626772407693
2001-12-21,0.004515205650201311
2001-12-24,-0.00026167058281982016
2001-12-26,0.004195413717498142
2001-12-27,0.007099898081014374
2001-12-28,0.0033856741741467478
2001-12-31,-0.010982215944508197
2002-01-02,0.006336406400521924
2002-01-03,0.010137583943520361
2002-01-04,0.006620349968239539
2002-01-07,-0.006215314403719929
2002-01-08,-0.003035585674077945
2002-01-09,-0.0044375194240705435
2002-01-10,0.001451819573613255
2002-01-11,-0.009115671102934106
2002-01-14,-0.005880983487566292
2002-01-15,0.007076186263319538
2002-01-16,-0.01600762360115726
2002-01-17,0.01080758716687931
2002-01-18,-0.009573919039960258
2002-01-22,-0.006648106833922331
2002-01-23,0.007989251198095505
2002-01-24,0.003965659648976471
2002-01-25,0.001355790081319487
2002-01-28,2.3344923699710845e-05
2002-01-29,-0.027957525167369556
2002-01-30,0.012279153535702242
2002-01-31,0.015320305478092636
2002-02-01,-0.007097764647427268
2002-02-04,-0.024028310288689545
2002-02-05,-0.0030423751855869785
2002-02-06,-0.005516913763423618
2002-02-07,-0.0022428603978718108
2002-02-08,0.01550492077218196
2002-02-11,0.014726045475428638
2002-02-12,-0.0037241792928917193
2002-02-13,0.010673225296987417
2002-02-14,-0.0015239583678483388
2002-02-15,-0.010750611284560849
2002-02-19,-0.018516355089849532
2002-02-20,0.014216119953848931
2002-02-21,-0.015022106971940981
2002-02-22,0.008234289533642187
2002-02-25,0.018635966434958226
2002-02-26,0.00027563497524313204
2002-02-27,0.0012152626212186379
2002-02-28,-0.002588406710713532
2002-03-01,0.023537292485806296
2002-03-04,0.020582830535642548
2002-03-05,-0.006306627032522909
2002-03-06,0.01491862710460919
2002-03-07,-0.004329871352786176
2002-03-08,0.006435815173386704
2002-03-11,0.0034708350543896046
2002-03-12,-0.0019642917365805352
2002-03-13,-0.009405985357239105
2002-03-14,-0.0007081815101851656
2002-03-15,0.011821557812907337
2002-03-18,-0.0004892095342049701
2002-03-19,0.004285918345380508
2002-03-20,-0.015397276348971627
2002-03-21,0.0020014172130336
2002-03-22,-0.003922689114562354
2002-03-25,-0.014512119139794189
2002-03-26,0.006257616109306598
2002-03-27,0.005449134441272804
2002-03-28,0.002815027248137709
2002-04-01,-0.0008175163596963412
2002-04-02,-0.008244383395916793
2002-04-03,-0.009618311054561396
2002-04-04,0.0015418890778778182
2002-04-05,-0.002911291267809526
2002-04-08,0.002860617309509129
2002-04-09,-0.006296510749958625
2002-04-10,0.0117890906101458
2002-04-11,-0.023238554484785873
2002-04-12,0.007365333663269743
2002-04-15,-0.007662114193811202
2002-04-16,0.02412729222181858
2002-04-17,-0.0015822227961039767
2002-04-18,-0.0010392414224570938
2002-04-19,0.0008259405554778667
2002-04-22,-0.014975768670976976
2002-04-23,-0.005702624363925735
2002-04-24,-0.0067456003565062195
2002-04-25,-0.0009873483221249637
2002-04-26,-0.013536376691139846
2002-04-29,-0.00970966538552119
2002-04-30,0.011235798477734758
2002-05-01,0.009385279267024708
2002-05-02,-0.0013927607385599832
2002-05-03,-0.010353488244229981
2002-05-06,-0.018938278085167983
2002-05-07,-0.002623211508958871
2002-05-08,0.03984023251839149
2002-05-09,-0.014158152527147458
2002-05-10,-0.01653678207226155
2002-05-13,0.019101498247040313
2002-05-14,0.0219449036294163
2002-05-15,-0.004965149994383318
2002-05-16,0.006901723907364846
2002-05-17,0.008088366975803028
2002-05-20,-0.012888829525607914
2002-05-21,-0.010836774643500949
2002-05-22,0.005954507519173669
2002-05-23,0.010444681959913474
2002-05-24,-0.012071440667977162
2002-05-28,-0.00836014814431211
2002-05-29,-0.006047200288536633
2002-05-30,-0.0024155572044998385
2002-05-31,0.0024876626265575618
2002-06-03,-0.024479403225493017
2002-06-04,0.0005236463455409275
2002-06-05,0.009706877845456034
2002-06-06,-0.01958598521393922
2002-06-07,-0.0002933297821454551
2002-06-10,0.003807708072069398
2002-06-11,-0.01649316263053107
2002-06-12,0.00789966714545812
2002-06-13,-0.009866555512792387
2002-06-14,-0.0015868063322403438
2002-06-17,0.029063090999747042
2002-06-18,0.0011816452392079627
2002-06-19,-0.01597549716549349
2002-06-20,-0.013101686443168418
2002-06-21,-0.016932947502979166
2002-06-24,0.004225273258260891
2002-06-25,-0.01671014230699656
2002-06-26,-0.0010726566890864849
2002-06-27,0.01831163519602833
2002-06-28,-0.0004192639596911075
2002-07-01,-0.02100649522448011
2002-07-02,-0.02050109928868048
2002-07-03,0.00695608443153361
2002-07-05,0.03710490110882984
2002-07-08,-0.011538705372883616
2002-07-09,-0.024039464963320194
2002-07-10,-0.03252537163599259
2002-07-11,0.008708390019617738
2002-07-12,-0.005375944408369551
2002-07-15,-0.001984820765499577
2002-07-16,-0.017467763170302776
2002-07-17,0.006586447937799523
2002-07-18,-0.026432417957121177
2002-07-19,-0.03656451089961644
2002-07-22,-0.031495557866925
2002-07-23,-0.024555146653377657
2002-07-24,0.0588019170407571
2002-07-25,-0.0035556322240591163
2002-07-26,0.018445592060248362
2002-07-29,0.0551598831371951
2002-07-30,0.005191963503441148
2002-07-31,0.010923922270433775
2002-08-01,-0.028923157299178895
2002-08-02,-0.022198196623318248
2002-08-05,-0.03366787244030922
2002-08-06,0.03064875815002355
2002-08-07,0.020827383979469618
2002-08-08,0.03369188332306359
2002-08-09,0.004013226112581141
2002-08-12,-0.004972085600436749
2002-08-13,-0.021306548534606784
2002-08-14,0.04111756427016843
2002-08-15,0.012162491962789639
2002-08-16,-0.001114472460437
2002-08-19,0.024181405612528035
2002-08-20,-0.013652786538069648
2002-08-21,0.013385712395272599
2002-08-22,0.01467761924340295
2002-08-23,-0.022516063423676017
2002-08-26,0.008027760019120325
2002-08-27,-0.013580217408605606
2002-08-28,-0.01772650993608979
2002-08-29,0.00033830823950770523
2002-08-30,-0.0016571209687227249
2002-09-03,-0.041263621610235106
2002-09-04,0.018280960852289127
2002-09-05,-0.01547400521526282
2002-09-06,0.01745431027568539
2002-09-09,0.010542481021317971
2002-09-10,0.007715922927237596
2002-09-11,0.000325492046277989
2002-09-12,-0.024318837434493597
2002-09-13,0.003699245485540225
2002-09-16,0.0019599758227512322
2002-09-17,-0.019554706445956947
2002-09-18,-0.004059825479975807
2002-09-19,-0.029192698416105202
2002-09-20,0.0028605497437125026
2002-09-23,-0.013258528977811473
2002-09-24,-0.016622346257890757
2002-09-25,0.025896833657345724
2002-09-26,0.019007337517506745
2002-09-27,-0.03166136220439794
2002-09-30,-0.014127890932683088
2002-10-01,0.040784963260983874
2002-10-02,-0.02259175839814753
2002-10-03,-0.009940616963648835
2002-10-04,-0.021712625648574627
2002-10-07,-0.01819131620519548
2002-10-08,0.018813322583840542
2002-10-09,-0.026346659352967264
2002-10-10,0.036184677165245344
2002-10-11,0.04000336575431788
2002-10-14,0.008003039965958155
2002-10-15,0.04854660850247074
2002-10-16,-0.02277666865192213
2002-10-17,0.02370455974984437
2002-10-18,0.006545808224675833
2002-10-21,0.01805262556335728
2002-10-22,-0.009830936262854242
2002-10-23,0.007349823144586509
2002-10-24,-0.014606424973071117
2002-10-25,0.017796280302665814
2002-10-28,-0.007580521165981897
2002-10-29,-0.008474342621245653
2002-10-30,0.010632287087691095
2002-10-31,-0.004899137137288759
2002-11-01,0.01775988647716797
2002-11-04,0.008811440382723626
2002-11-05,0.008255178754770425
2002-11-06,0.009815626171757463
2002-11-07,-0.022166549078913828
2002-11-08,-0.007926126386715134
2002-11-11,-0.02049597247736994
2002-11-12,0.0085190671009535
2002-11-13,0.0002736215334815977
2002-11-14,0.025500504998800064
2002-11-15,0.006540961345103241
2002-11-18,-0.009962518634316317
2002-11-19,-0.0033667240887844787
2002-11-20,0.020177677868464892
2002-11-21,0.022643381550043865
2002-11-22,-0.003351869677737674
2002-11-25,0.0030819597435650975
2002-11-26,-0.020350665473399476
2002-11-27,0.028559067877103054
2002-11-29,-0.0025031299228701594
2002-12-02,-0.0016837745212552372
2002-12-03,-0.013960410292375146
2002-12-04,-0.002839606837220879
2002-12-05,-0.011909985188520086
2002-12-06,0.006477695632339713
2002-12-09,-0.02165044081555745
2002-12-10,0.014411304505459977
2002-12-11,0.0009775137700436072
2002-12-12,-0.0035333068644051347
2002-12-13,-0.013007555264814157
2002-12-16,0.02384740553564714
2002-12-17,-0.007925896392065226
2002-12-18,-0.012784943125109813
2002-12-19,-0.0073091161145998436
2002-12-20,0.013349967326848096
2002-12-23,0.0020144827326807413
2002-12-24,-0.005405563622220205
2002-12-26,-0.0029947961905993194
2002-12-27,-0.015568703100416022
2002-12-30,0.004810781171764126
2002-12-31,0.0009347071245347385
2003-01-02,0.03356616208631907
2003-01-03,-1.1638775722994838e-05
2003-01-06,0.022993282584915776
2003-01-07,-0.006120115254842635
2003-01-08,-0.013510919946294083
2003-01-09,0.019717873651805468
2003-01-10,8.468279479932457e-05
2003-01-13,-0.001061066972831463
2003-01-14,0.005901640616842854
2003-01-15,-0.014200511660498783
2003-01-16,-0.003649906571367853
2003-01-17,-0.013486755910387742
2003-01-21,-0.015402417036540023
2003-01-22,-0.010077228906200763
2003-01-23,0.010638720360223992
2003-01-24,-0.02889690441000682
2003-01-27,-0.016003006150030943
2003-01-28,0.013363105800322024
2003-01-29,0.007252948663615902
2003-01-30,-0.02220586037935532
2003-01-31,0.013402811314194636
2003-02-03,0.00571019588071342
2003-02-04,-0.013672095962940584
2003-02-05,-0.005255312771685138
2003-02-06,-0.006022268506062675
2003-02-07,-0.009771012048690911
2003-02-10,0.007750392873108387
2003-02-11,-0.007855531708469029
2003-02-12,-0.011991601863530207
2003-02-13,-0.0012466487450392952
2003-02-14,0.021659283408926578
2003-02-18,0.019869334516156186
2003-02-19,-0.0066114309659917655
2003-02-20,-0.00913695545673562
2003-02-21,0.013286012571698513
2003-02-24,-0.018030743495288517
2003-02-25,0.007288311263432823
2003-02-26,-0.012481669124564948
2003-02-27,0.011933519099461899
2003-02-28,0.004712857782702461
2003-03-03,-0.007388165774393645
2003-03-04,-0.015152548329345799
2003-03-05,0.010091646282857332
2003-03-06,-0.008823932377369689
2003-03-07,0.008495900041227748
2003-03-10,-0.02550951441695139
2003-03-11,-0.008042329363957889
2003-03-12,0.00503673193672565
2003-03-13,0.0353299870139706
2003-03-14,0.001845457227031571
2003-03-17,0.035898800996990436
2003-03-18,0.004582787353763005
2003-03-19,0.009033804553670971
2003-03-20,0.0021463497151163248
2003-03-21,0.02350137670198271
2003-03-24,-0.03482809067523327
2003-03-25,0.012245772096404775
2003-03-26,-0.0052475973484068066
2003-03-27,-0.0013796584192195247
2003-03-28,-0.005551233024836724
2003-03-31,-0.017570287255284308
2003-04-01,0.012473252829005221
2003-04-02,0.026838006637914733
2003-04-03,-0.004827745191662417
2003-04-04,0.0029161184805105603
2003-04-07,0.0014373490251586396
2003-04-08,-0.0013289144891592095
2003-04-09,-0.013813981819640789
2003-04-10,0.006571448239823085
2003-04-11,-0.0034684249576760365
2003-04-14,0.01960710870347098
2003-04-15,0.0068706000086120106
2003-04-16,-0.011744559327235917
2003-04-17,0.01584722097255994
2003-04-21,-0.001669315838446643
2003-04-22,0.021939315542716453
2003-04-23,0.009353242305250116
2003-04-24,-0.007957924883945932
2003-04-25,-0.013599720694254675
2003-04-28,0.018215258168367016
2003-04-29,0.0034916202331182326
2003-04-30,-0.0007294383228621885
2003-05-01,-0.00029853652054776853
2003-05-02,0.015396378137412452
2003-05-05,-0.0033804194933504807
2003-05-06,0.008645973441962043
2003-05-07,-0.004885086449322742
2003-05-08,-0.009875553825310702
2003-05-09,0.014689346506827813
2003-05-12,0.012818074056090895
2003-05-13,-0.0026384524270673423
2003-05-14,-0.002682590864784361
2003-05-15,0.00794216942671041
2003-05-16,-0.0021436669868989786
2003-05-19,-0.024710525923963785
2003-05-20,-0.0008940736831094009
2003-05-21,0.004319065594852733
2003-05-22,0.009442461760132418
2003-05-23,0.0017717868132423977
2003-05-27,0.019969577448516587
2003-05-28,0.002254546485513338
2003-05-29,-0.00358966604979064
2003-05-30,0.01511979227309288
2003-06-02,0.0035442697017670313
2003-06-03,0.005088397319735646
2003-06-04,0.015495301376384269
2003-06-05,0.004459784230584733
2003-06-06,-0.002213723091892314
2003-06-09,-0.011553160734183998
2003-06-10,0.009347748106828757
2003-06-11,0.013423516035418845
2003-06-12,0.0011483420293783072
2003-06-13,-0.009793128334705139
2003-06-16,0.02265054232046551
2003-06-17,0.0013736762657215699
2003-06-18,-0.0011481314767944322
2003-06-19,-0.014886425233145548
2003-06-20,0.001124189027118634
2003-06-23,-0.014009160549401127
2003-06-24,0.002136747419066085
2003-06-25,-0.008003835255696938
2003-06-26,0.011056890904669946
2003-06-27,-0.009752925540867992
2003-06-30,-0.0014680069781689358
2003-07-01,0.00832816850187514
2003-07-02,0.011788624472834556
2003-07-03,-0.007867520701931448
2003-07-07,0.019077453942413298
2003-07-08,0.0037486078296973635
2003-07-09,-0.005095332105833081
2003-07-10,-0.013172446802134363
2003-07-11,0.009737405433487892
2003-07-14,0.006259035971863205
2003-07-15,-0.003603757225380896
2003-07-16,-0.005800486093403498
2003-07-17,-0.011925054044248031
2003-07-18,0.011902971659701686
2003-07-21,-0.01450900153344185
2003-07-22,0.009874668765038067
2003-07-23,0.0011030728634078785
2003-07-24,-0.0069876964379670765
2003-07-25,0.017677904198505904
2003-07-28,-0.0020448802382933397
2003-07-29,-0.007204952061734648
2003-07-30,-0.0014057317826726714
2003-07-31,0.00343224434195786
2003-08-01,-0.010139304173766366
2003-08-04,0.002889698582269651
2003-08-05,-0.0175030602642342
2003-08-06,0.0021549431711153973
2003-08-07,0.007574176448906771
2003-08-08,0.003782554388474663
2003-08-11,0.003338432142058289
2003-08-12,0.010265930665142448
2003-08-13,-0.005963464232613251
2003-08-14,0.006560834638068898
2003-08-15,0.0004956281794214384
2003-08-18,0.009563397079283149
2003-08-19,0.002943659789484673
2003-08-20,-0.001874670458902481
2003-08-21,0.003210387006145713
2003-08-22,-0.009990204489837772
2003-08-25,0.0008251303881439719
2003-08-26,0.0030801724188992932
2003-08-27,0.0004621529240217743
2003-08-28,0.0062734848413576105
2003-08-29,0.005327451627371441
2003-09-02,0.014189044916510211
2003-09-03,0.004659890033574893
2003-09-04,0.0018691366436252824
2003-09-05,-0.006208858305207829
2003-09-08,0.010400962637661146
2003-09-09,-0.008348270844422146
2003-09-10,-0.011326988266892827
2003-09-11,0.005812664819389606
2003-09-12,0.002306373704453843
2003-09-15,-0.003542193546680751
2003-09-16,0.01433264947116449
2003-09-17,-0.003004881285327184
2003-09-18,0.013502642348955986
2003-09-19,-0.002848540738428926
2003-09-22,-0.01318753057890475
2003-09-23,0.006085069482517207
2003-09-24,-0.01864525495204754
2003-09-25,-0.0055840967104379005
2003-09-26,-0.006210885354587488
2003-09-29,0.00972862913293986
2003-09-30,-0.010258640808982566
2003-10-01,0.02222348457831729
2003-10-02,0.0025072822117490185
2003-10-03,0.009581417197422388
2003-10-06,0.004503315637581937
2003-10-07,0.004827231811167291
2003-10-08,-0.004602624610766678
2003-10-09,0.0050655557150074875
2003-10-10,-0.000596223761131986
2003-10-13,0.0069618732876061485
2003-10-14,0.004074981249086988
2003-10-15,-0.002389764628695737
2003-10-16,0.003247890941055955
2003-10-17,-0.009972949796711454
2003-10-20,0.005316151658881658
2003-10-21,0.001546210797889823
2003-10-22,-0.014499893626867499
2003-10-23,0.0036244548664596697
2003-10-24,-0.0044868990293253
2003-10-27,0.0024636975656049443
2003-10-28,0.015531025904592285
2003-10-29,0.0016975956422077946
2003-10-30,-0.0006962640307172432
2003-10-31,0.0036204654403508276
2003-11-03,0.008388846333652417
2003-11-04,-0.005283281966220862
2003-11-05,-0.000847927659814197
2003-11-06,0.005899055362727768
2003-11-07,-0.004268901686990325
2003-11-10,-0.005609149479586074
2003-11-11,-0.00036027604326637993
2003-11-12,0.011943745307784862
2003-11-13,0.00024843040409866003
2003-11-14,-0.007195003505965327
2003-11-17,-0.006555327376834821
2003-11-18,-0.008487974126533472
2003-11-19,0.008442948767825833
2003-11-20,-0.008322991114853594
2003-11-21,0.0015077933872236385
2003-11-24,0.016192062301290135
2003-11-25,0.0022527280902218914
2003-11-26,0.004400822144095626
2003-11-28,0.00032774959551405713
2003-12-01,0.011015375389305198
2003-12-02,-0.002990702669312479
2003-12-03,-0.0011129322607721763
2003-12-04,0.004821390012098907
2003-12-05,-0.007455864648619081
2003-12-08,0.0071066628411750885
2003-12-09,-0.008139505365581508
2003-12-10,-0.0007099502320946408
2003-12-11,0.011893485303786986
2003-12-12,0.0027808256369762216
2003-12-15,-0.005369408477983673
2003-12-16,0.0065437166216702515
2003-12-17,0.0016954439659725925
2003-12-18,0.012245644333944235
2003-12-19,-0.00046588900783820023
2003-12-22,0.00399884761078012
2003-12-23,0.002969052664456172
2003-12-24,-0.0017156709541161145
2003-12-26,0.0016916572126779656
2003-12-29,0.012759739403342775
2003-12-30,0.00011753935083560704
2003-12-31,0.002007746659190845
2004-01-02,-0.0025932091274338724
2004-01-05,0.012625332444174677
2004-01-06,0.0016386167958681072
2004-01-07,0.00282046139501601
2004-01-08,0.00500127356801063
2004-01-09,-0.008353442562803733
2004-01-12,0.005002269113671759
2004-01-13,-0.005270156182242728
2004-01-14,0.008387345274504854
2004-01-15,0.0017752547870650871
2004-01-16,0.007030212384935753
2004-01-20,-0.00029827864668431565
2004-01-21,0.007953103320325798
2004-01-22,-0.0027847084518938647
2004-01-23,-0.0021657862156284095
2004-01-26,0.012350704552169172
2004-01-27,-0.009455321877740746
2004-01-28,-0.01306993059596867
2004-01-29,0.0051910878618020755
2004-01-30,-0.0023091792705531556
2004-02-02,0.003748136404795321
2004-02-03,0.0008138323568087347
2004-02-04,-0.007717543380216381
2004-02-05,0.0022140068593070306
2004-02-06,0.01264990070115771
2004-02-09,-0.0021725454296021695
2004-02-10,0.004970370477698831
2004-02-11,0.011715256351874884
2004-02-12,-0.004467894937610089
2004-02-13,-0.005219534946985089
2004-02-17,0.009828904987730484
2004-02-18,-0.004213856063091257
2004-02-19,-0.003793557542083287
2004-02-20,-0.0023946740010841773
2004-02-23,-0.002657042802573571
2004-02-24,-0.0014132435712697728
2004-02-25,0.004362558047273339
2004-02-26,0.0013468080602304262
2004-02-27,0.00015139172710895753
2004-03-01,0.00982889905660317
2004-03-02,-0.005678900699879179
2004-03-03,0.001987773597013436
2004-03-04,0.0032611546986938103
2004-03-05,0.002104926854918926
2004-03-08,-0.008114014324326088
2004-03-09,-0.005644306119595576
2004-03-10,-0.014482120127423039
2004-03-11,-0.01466755921325523
2004-03-12,0.012486661176723458
2004-03-15,-0.014067311337522963
2004-03-16,0.005882474323623681
2004-03-17,0.01179157805029959
2004-03-18,-0.00112709995188214
2004-03-19,-0.011135696456682413
2004-03-22,-0.012983363416210944
2004-03-23,-0.001108985443230737
2004-03-24,-0.0023395071574359933
2004-03-25,0.016436359671067845
2004-03-26,-0.0006951742934905941
2004-03-29,0.013246335954289853
2004-03-30,0.004117262838625481
2004-03-31,-0.000525860214828686
2004-04-01,0.005509613035353596
2004-04-02,0.008870139422961092
2004-04-05,0.007835833370023904
2004-04-06,-0.001679420545980426
2004-04-07,-0.006399063296683277
2004-04-08,-0.0008226104663539242
2004-04-12,0.005304585124951516
2004-04-13,-0.013619010747756177
2004-04-14,-0.0011182033052791072
2004-04-15,0.0010460150452543194
2004-04-16,0.005242490742324452
2004-04-19,0.0010803703832676038
2004-04-20,-0.01528719882769407
2004-04-21,0.005715219775387888
2004-04-22,0.014490148474867579
2004-04-23,0.0007971327088799364
2004-04-26,-0.004198118162891325
2004-04-27,0.0023985198413267452
2004-04-28,-0.013718387929831178
2004-04-29,-0.006949123358392075
2004-04-30,-0.00549384409289318
2004-05-03,0.009195978973127792
2004-05-04,0.002026379647262952
2004-05-05,0.002107218249767178
2004-05-06,-0.006490138824833711
2004-05-07,-0.013534295378680358
2004-05-10,-0.010225905116623683
2004-05-11,0.007936509728335222
2004-05-12,0.0023288312856679433
2004-05-13,-0.0006368684736260541
2004-05-14,-0.0005466557345954179
2004-05-17,-0.010371396126594826
2004-05-18,0.007033572682727306
2004-05-19,-0.0022666771715779653
2004-05-20,0.00048287753413952866
2004-05-21,0.004169200536027822
2004-05-24,0.0018037330703517941
2004-05-25,0.016175653668589533
2004-05-26,0.002005584929473053
2004-05-27,0.005953865400135832
2004-05-28,-0.000447910493160722
2004-06-01,0.0006076301230430941
2004-06-02,0.003859942111066642
2004-06-03,-0.0072961772257437805
2004-06-04,0.00537432583716692
2004-06-07,0.0161197454655093
2004-06-08,0.0015621163729201844
2004-06-09,-0.009349542137866795
2004-06-10,0.004619857748005695
2004-06-14,-0.009487301283477976
2004-06-15,0.006255488748340981
2004-06-16,0.0014294449736626973
2004-06-17,-0.0012255874377731398
2004-06-18,0.002667762351772494
2004-06-21,-0.003980926169990632
2004-06-22,0.0038583761813291194
2004-06-23,0.008586311467331869
2004-06-24,-0.0026320975991700546
2004-06-25,-0.00414144478468836
2004-06-28,-0.0019174792099855532
2004-06-29,0.002841167170143794
2004-06-30,0.004095300664654795
2004-07-01,-0.010112782166110603
2004-07-02,-0.003109655507454965
2004-07-06,-0.007771307017187378
2004-07-07,0.002196423651390579
2004-07-08,-0.007955521931438087
2004-07-09,0.003494098208907765
2004-07-12,0.0014473428987249691
2004-07-13,0.001070963798189274
2004-07-14,-0.002909422093568876
2004-07-15,-0.00435481123446583
2004-07-16,-0.004376368448751477
2004-07-19,-0.0004323439564826962
2004-07-20,0.007235098550069266
2004-07-21,-0.012789326841496355
2004-07-22,0.0028074388144707094
2004-07-23,-0.009370970933909149
2004-07-26,-0.001644855006570964
2004-07-27,0.010074500145620826
2004-07-28,0.0009612916853976829
2004-07-29,0.005176698776570948
2004-07-30,0.0013345862823392319
2004-08-02,0.004311685708435348
2004-08-03,-0.006091824551246617
2004-08-04,-0.0006284061670117058
2004-08-05,-0.016154853121012686
2004-08-06,-0.015232458761277023
2004-08-09,0.0013283147686215385
2004-08-10,0.013054764122177433
2004-08-11,-0.00197568357008281
2004-08-12,-0.011307864304412003
2004-08-13,0.0017521224412997791
2004-08-16,0.013697682088982472
2004-08-17,0.0023079967980385967
2004-08-18,0.012817639609362204
2004-08-19,-0.0034884338945500673
2004-08-20,0.006615436914039389
2004-08-23,-0.002359318989980387
2004-08-24,0.0005066129054583623
2004-08-25,0.008156574226518637
2004-08-26,0.00016708286611717623
2004-08-27,0.002670128836621881
2004-08-30,-0.007665841491725668
2004-08-31,0.004693395581118479
2004-09-01,0.002013182058611427
2004-09-02,0.011337117974979778
2004-09-03,-0.0040091527406110215
2004-09-07,0.006991938177096607
2004-09-08,-0.004173217133892009
2004-09-09,0.002271262210638289
2004-09-10,0.005159739114644945
2004-09-13,0.0020077439374506976
2004-09-14,0.0024790246237469714
2004-09-15,-0.0069375599706815085
2004-09-16,0.002812996915759228
2004-09-17,0.00465978094165173
2004-09-20,-0.005459489700545644
2004-09-21,0.006469542691974981
2004-09-22,-0.013717612008729457
2004-09-23,-0.004344518687396845
2004-09-24,0.0016550590326259809
2004-09-27,-0.005938769110288366
2004-09-28,0.006279041980193073
2004-09-29,0.004501971861614314
2004-09-30,0.0005619447137378683
2004-10-01,0.015199405655205197
2004-10-04,0.0035036017529892272
2004-10-05,-0.000525770517960992
2004-10-06,0.0071525489445088885
2004-10-07,-0.009749779453834106
2004-10-08,-0.007418207777596975
2004-10-11,0.0020580587359428954
2004-10-12,-0.002250280583060618
2004-10-13,-0.007104721903060805
2004-10-14,-0.008918102800621015
2004-10-15,0.004576732549047696
2004-10-18,0.00531310968077492
2004-10-19,-0.00934473793993283
2004-10-20,0.0007990141480851844
2004-10-21,0.0029498763985064745
2004-10-22,-0.009550951349952229
2004-10-25,-0.0007196531233289947
2004-10-26,0.015039359719283269
2004-10-27,0.013585962194869189
2004-10-28,0.0021696060478752885
2004-10-29,0.0026270803529629765
2004-11-01,0.0004896148014380714
2004-11-02,0.00027969998073739213
2004-11-03,0.01153863796800278
2004-11-04,0.016514281309422094
2004-11-05,0.0042929553843323726
2004-11-08,-0.000961644284239268
2004-11-09,-0.00018305986961164442
2004-11-10,-0.0007235940511830505
2004-11-11,0.009156364754840347
2004-11-12,0.00912794040829879
2004-11-15,0.00014618905840982257
2004-11-16,-0.006907722121513572
2004-11-17,0.005982014210525436
2004-11-18,0.0014448355889925847
2004-11-19,-0.010889256969507537
2004-11-22,0.005947623163786586
2004-11-23,-0.00021860340332183914
2004-11-24,0.004174980997773012
2004-11-26,0.0009011456377598354
2004-11-29,-0.003169553530457515
2004-11-30,-0.0038651099308152173
2004-12-01,0.015340761034319642
2004-12-02,-0.0007209825559298153
2004-12-03,0.0008221367198961561
2004-12-06,-0.0006453586605769891
2004-12-07,-0.010715843501713894
2004-12-08,0.004896214955617706
2004-12-09,0.005571066295641403
2004-12-10,-0.00101047183763836
2004-12-13,0.009268952844702385
2004-12-14,0.004143005904932261
2004-12-15,0.0022497537030126496
2004-12-16,-0.0018690110053865485
2004-12-17,-0.0069333475228117334
2004-12-20,0.0001517157880947003
2004-12-21,0.009135258327001933
2004-12-22,0.0038479725679329045
2004-12-23,0.0006306916565800006
2004-12-27,-0.004279830242580497
2004-12-28,0.00708905820884168
2004-12-29,0.0002431443114233065
2004-12-30,0.0001489324478063951
2004-12-31,-0.001285973867024153
2005-01-03,-0.007985753210106245
2005-01-04,-0.011327687651503883
2005-01-05,-0.0033424470122379447
2005-01-06,0.0038439760985409127
2005-01-07,-0.001369025621580069
2005-01-10,0.0035693396614147133
2005-01-11,-0.0058218248060002056
2005-01-12,0.0046138907977133214
2005-01-13,-0.008586665041060251
2005-01-14,0.006093002850731211
2005-01-18,0.00990806914626509
2005-01-19,-0.00939153381830731
2005-01-20,-0.007360602927299649
2005-01-21,-0.00643968473460745
2005-01-24,-0.0032120683963138036
2005-01-25,0.004193029593008993
2005-01-26,0.005037805070588261
2005-01-27,0.0007510884157747852
2005-01-28,-0.0023925825042865386
2005-01-31,0.008735755394812575
2005-02-01,0.007250850973966768
2005-02-02,0.003451969359073696
2005-02-03,-0.002280164200004375
2005-02-04,0.011254241633388014
2005-02-07,-0.001022701458039632
2005-02-08,0.0010079767592168117
2005-02-09,-0.008326561190193142
2005-02-10,0.004533524843401209
2005-02-11,0.007294159023349223
2005-02-14,0.000978003195889078
2005-02-15,0.003291670218150693
2005-02-16,0.0003094341078628212
2005-02-17,-0.0077262769590230726
2005-02-18,0.0011230239937480772
2005-02-22,-0.014232050199309154
2005-02-23,0.0059131877355478564
2005-02-24,0.008338069222481039
2005-02-25,0.00955942792254017
2005-02-28,-0.006035618833930771
2005-03-01,0.005741122939148243
2005-03-02,0.00029365583909972344
2005-03-03,0.0005295930218749852
2005-03-04,0.0097653289726264
2005-03-07,0.002608538942660824
2005-03-08,-0.004682602053541414
2005-03-09,-0.009717712795933883
2005-03-10,0.001778521099567321
2005-03-11,-0.006995607652243294
2005-03-14,0.005599925927381899
2005-03-15,-0.007428312836140163
2005-03-16,-0.007883684776038315
2005-03-17,0.0018571958421808657
2005-03-18,-0.0003331803004630877
2005-03-21,-0.004556523008944248
2005-03-22,-0.009949053868580826
2005-03-23,0.0009063305481520854
2005-03-24,-0.0005973855581994921
2005-03-28,0.0025743593789014406
2005-03-29,-0.007291107159006348
2005-03-30,0.013984631561403478
2005-03-31,-0.0004329900462492327
2005-04-01,-0.006316082723440652
2005-04-04,0.003312596913789326
2005-04-05,0.004533441547292576
2005-04-06,0.002606168311004305
2005-04-07,0.006073903093734701
2005-04-08,-0.008193677148905277
2005-04-11,0.00010091152602438183
2005-04-12,0.005707362879576384
2005-04-13,-0.01141360982548116
2005-04-14,-0.009793524996574432
2005-04-15,-0.01629983058912213
2005-04-18,0.003089275047275236
2005-04-19,0.006293035326734924
2005-04-20,-0.012869742252749904
2005-04-21,0.019661244869368304
2005-04-22,-0.00637608037450721
2005-04-25,0.008669533169582466
2005-04-26,-0.00852828888068448
2005-04-27,0.004421400669654249
2005-04-28,-0.011104605954869525
2005-04-29,0.012076865507303499
2005-05-02,0.004854781927498654
2005-05-03,-0.0004867939412723087
2005-05-04,0.012658770435829513
2005-05-05,-0.0023155018382638058
2005-05-06,-0.0009901236190864666
2005-05-09,0.0065261063780157015
2005-05-10,-0.010649499191607511
2005-05-11,0.004738786657706598
2005-05-12,-0.009792606275528578
2005-05-13,-0.0042031255285002395
2005-05-16,0.010321699667768086
2005-05-17,0.0070467115486232
2005-05-18,0.010416134475961642
2005-05-19,0.00478498362433467
2005-05-20,-0.001529823025348066
2005-05-23,0.004039500113979957
2005-05-24,0.0003128773456991688
2005-05-25,-0.0032315474655837412
2005-05-26,0.006601585370454215
2005-05-27,0.001202696969171116
2005-05-31,-0.006003811941321058
2005-06-01,0.009335151361012558
2005-06-02,0.001994706659896227
2005-06-03,-0.006783377682818828
2005-06-06,0.0013805477279924057
2005-06-07,-0.0001465311757045497
2005-06-08,-0.001964512982298881
2005-06-09,0.0055704649167689115
2005-06-10,-0.00218852836975242
2005-06-13,0.0025917780492126018
2005-06-14,0.0028621878723369535
2005-06-15,0.0024310818932213292
2005-06-16,0.0035795051270514854
2005-06-17,0.004852115804132202
2005-06-20,-0.0006388198643635429
2005-06-21,-0.0019149468566904328
2005-06-22,0.00038309213294942965
2005-06-23,-0.010463521785774319
2005-06-24,-0.007555553363683122
2005-06-27,-0.0005593409637328362
2005-06-28,0.009499677060497785
2005-06-29,-0.0010523196373214308
2005-06-30,-0.006935847263517307
2005-07-01,0.0028850804700003563
2005-07-05,0.009131089670508871
2005-07-06,-0.007976785566430005
2005-07-07,0.002575056350193824
2005-07-08,0.011803989636788765
2005-07-11,0.006358010607010105
2005-07-12,0.0024227598903907243
2005-07-13,0.001148644580074569
2005-07-14,0.002904805205214142
2005-07-15,0.0012336977459069878
2005-07-18,-0.005463877188790414
2005-07-19,0.007035000202035272
2005-07-20,0.005139577419155886
2005-07-21,-0.006190762465849213
2005-07-22,0.005589115040411188
2005-07-25,-0.0036499442625319723
2005-07-26,0.0017313149312945591
2005-07-27,0.0049701324619471285
2005-07-28,0.005942332730771818
2005-07-29,-0.007552478568911796
2005-08-01,0.0010912327493686738
2005-08-02,0.007411444527211217
2005-08-03,0.001161805818786548
2005-08-04,-0.007283387406929406
2005-08-05,-0.0073850714094566144
2005-08-08,-0.0024622748145403804
2005-08-09,0.006825984998652295
2005-08-10,-0.0013166790611890329
2005-08-11,0.007228000592691837
2005-08-12,-0.005687236657630456
2005-08-15,0.003071395082746663
2005-08-16,-0.011800376173631435
2005-08-17,0.0011967724932250476
2005-08-18,-0.0008423099602092689
2005-08-19,0.0007950951843240322
2005-08-22,0.0016293493172034389
2005-08-23,-0.0033785689612877696
2005-08-24,-0.006407925922687045
2005-08-25,0.002342009297974358
2005-08-26,-0.005811754056517075
2005-08-29,0.006265178687913913
2005-08-30,-0.0028977544717146953
2005-08-31,0.010342472406692343
2005-09-01,0.0014490207642982543
2005-09-02,-0.002782779603452072
2005-09-06,0.012699425295964923
2005-09-07,0.002725793359280086
2005-09-08,-0.003681600982278869
2005-09-09,0.00816923606992649
2005-09-12,-0.0005769185092265126
2005-09-13,-0.007179215503846768
2005-09-14,-0.0031965310181618417
2005-09-15,0.0005003310894372995
2005-09-16,0.008331941206150639
2005-09-19,-0.005292158143279206
2005-09-20,-0.007615810375890697
2005-09-21,-0.009098760011079511
2005-09-22,0.004062152729768166
2005-09-23,0.0007177985167262274
2005-09-26,0.00037857428801913666
2005-09-27,0.00024173414248302894
2005-09-28,0.001455881389745984
2005-09-29,0.009079967248935514
2005-09-30,0.0008567541323466978
2005-10-03,-0.0015884383422419773
2005-10-04,-0.009569490289307552
2005-10-05,-0.0142300094672867
2005-10-06,-0.003939633802713634
2005-10-07,0.004036211511940656
2005-10-10,-0.006874685489814316
2005-10-11,-0.0017494857058710561
2005-10-12,-0.005671099134171666
2005-10-13,-0.000363477683546447
2005-10-14,0.008301447506908873
2005-10-17,0.0032449027888206052
2005-10-18,-0.009662133720246699
2005-10-19,0.015231080398279391
2005-10-20,-0.014674817938145778
2005-10-21,0.0018059281845087649
2005-10-24,0.016900005551383112
2005-10-25,-0.002329311136703959
2005-10-26,-0.003923694965162318
2005-10-27,-0.010073999756709359
2005-10-28,0.016741585005609478
2005-10-31,0.007721372934837219
2005-11-01,-0.003055378292008055
2005-11-02,0.01043227292761173
2005-11-03,0.0049809123491423345
2005-11-04,0.00045379560637394417
2005-11-07,0.002468883944746477
2005-11-08,-0.0028325659833293992
2005-11-09,0.0017159325993538737
2005-11-10,0.008988176975962959
2005-11-11,0.003077897516511293
2005-11-14,-0.00046161342803327526
2005-11-15,-0.0035704147728390532
2005-11-16,0.0023478331922984347
2005-11-17,0.00951625969512726
2005-11-18,0.00462072073129811
2005-11-21,0.005418048410609281
2005-11-22,0.005112349164696613
2005-11-23,0.003651937193536182
2005-11-25,0.00208984682797235
2005-11-28,-0.008297647346445874
2005-11-29,0.00020918657201258152
2005-11-30,-0.005862570461446744
2005-12-01,0.012151405705494858
2005-12-02,0.0004952762118927368
2005-12-05,-0.002257798302656399
2005-12-06,0.0014110838753088827
2005-12-07,-0.004699520989711097
2005-12-08,-0.0009166965203984391
2005-12-09,0.0029597492678188997
2005-12-12,0.0010913767660946127
2005-12-13,0.00587937707922767
2005-12-14,0.004481384305089002
2005-12-15,-0.0012153299331906983
2005-12-16,-0.002578992808124585
2005-12-19,-0.005636107426581921
2005-12-20,-0.00028439960627850875
2005-12-21,0.0025789052657211654
2005-12-22,0.00446129203019782
2005-12-23,0.0005470397349067905
2005-12-27,-0.009497869760266517
2005-12-28,0.0014960671587040766
2005-12-29,-0.002875975358225573
2005-12-30,-0.004969274665186147
2006-01-03,0.01648259816769306
2006-01-04,0.004116631771394896
2006-01-05,0.00020608702892366347
2006-01-06,0.009714180108523016
2006-01-09,0.003808126846997732
2006-01-10,-0.00019909763978073625
2006-01-11,0.0038334111675292952
2006-01-12,-0.006274718152327807
2006-01-13,0.0013473365284152664
2006-01-17,-0.0034896667494675763
2006-01-18,-0.003460790238556984
2006-01-19,0.0058263374111099065
2006-01-20,-0.018042185158367925
2006-01-23,0.002058719737471003
2006-01-24,0.002578075087950607
2006-01-25,-0.0014815620859435971
2006-01-26,0.007643085706417282
2006-01-27,0.008130852659373295
2006-01-30,0.001603171686454341
2006-01-31,-0.00385958769368338
2006-02-01,0.0021113270558631115
2006-02-02,-0.008465831116541719
2006-02-03,-0.0053265289347247035
2006-02-06,0.0008540684048187819
2006-02-07,-0.007815054318261414
2006-02-08,0.009360905207432955
2006-02-09,-0.0012816706681769042
2006-02-10,0.0026335039025308002
2006-02-13,-0.0031472044627356755
2006-02-14,0.010453064560072112
2006-02-15,0.0038671806214111005
2006-02-16,0.007557167898568456
2006-02-17,-0.0016418239624424874
2006-02-21,-0.0031033400028569356
2006-02-22,0.007753418053754489
2006-02-23,-0.0033107976672151246
2006-02-24,0.0014403225563390809
2006-02-27,0.003978345465126218
2006-02-28,-0.010354524647163924
2006-03-01,0.008652888864978808
2006-03-02,-0.001496877660024969
2006-03-03,-0.0012704332499667995
2006-03-06,-0.006864878649417595
2006-03-07,-0.0015975280557634433
2006-03-08,0.002395945736330674
2006-03-09,-0.004791395981552199
2006-03-10,0.007477398403516372
2006-03-13,0.0024169667458818623
2006-03-14,0.010519588958649706
2006-03-15,0.004542643905089319
2006-03-16,0.0021370232706271063
2006-03-17,0.0015090935663405684
2006-03-20,-0.001177852765080823
2006-03-21,-0.005864086588391935
2006-03-22,0.006057913365831758
2006-03-23,-0.002372813125795894
2006-03-24,0.001032983216309906
2006-03-27,-0.0010018490257646681
2006-03-28,-0.006363391454432079
2006-03-29,0.00770692070903234
2006-03-30,-0.0018345612728677698
2006-03-31,-0.004025804266678238
2006-04-03,0.0023763709548474884
2006-04-04,0.006421434846530932
2006-04-05,0.004540349994997243
2006-04-06,-0.0016229833339378452
2006-04-07,-0.010328839934433938
2006-04-10,0.0009643217589590849
2006-04-11,-0.007460975738955676
2006-04-12,0.0014932101087288398
2006-04-13,0.0006960964801897323
2006-04-17,-0.0027836603869965688
2006-04-18,0.017377843907526384
2006-04-19,0.0022225128155618995
2006-04-20,0.0013910947469420079
2006-04-21,-5.728752827480244e-05
2006-04-24,-0.002150095067975603
2006-04-25,-0.004645291460433002
2006-04-26,0.0032159450156184458
2006-04-27,0.003813752356635355
2006-04-28,0.0006832048263811983
2006-05-01,-0.003787184648140092
2006-05-02,0.006312997888445064
2006-05-03,-0.0036306974932140586
2006-05-04,0.003405408584007065
2006-05-05,0.010529716697061693
2006-05-08,-0.0006366573135200038
2006-05-09,0.0005601460802369487
2006-05-10,-0.0010819528467831485
2006-05-11,-0.012608329232738814
2006-05-12,-0.011059820959699625
2006-05-15,0.002893535863973558
2006-05-16,-0.0014760293088313247
2006-05-17,-0.016415953178960187
2006-05-18,-0.00613101971327647
2006-05-19,0.0041958638940262786
2006-05-22,-0.0036772878266705367
2006-05-23,-0.004081665088812122
2006-05-24,0.0019569922591071293
2006-05-25,0.011856014951996058
2006-05-26,0.0058006169478515175
2006-05-30,-0.015695378906525725
2006-05-31,0.008521341819754233
2006-06-01,0.012284738709797514
2006-06-02,0.0018433678106296414
2006-06-05,-0.017689175000967863
2006-06-06,-0.0010571488014456264
2006-06-07,-0.005626947303101361
2006-06-08,0.0017317854970345951
2006-06-09,-0.004397312911385279
2006-06-12,-0.012507476958190222
2006-06-13,-0.00980504518696016
2006-06-14,0.005586643367337602
2006-06-15,0.02160249045614219
2006-06-16,-0.003590715650804249
2006-06-19,-0.008866495457188813
2006-06-20,0.00016158347903659094
2006-06-21,0.009969149391235905
2006-06-22,-0.00493431874355588
2006-06-23,-0.0006158509494061104
2006-06-26,0.004875473577578557
2006-06-27,-0.00894322432924003
2006-06-28,0.005779377508715021
2006-06-29,0.02159455944072167
2006-06-30,-0.0018631834556401394
2006-07-03,0.0078055098790712
2006-07-05,-0.0071083747067658696
2006-07-06,0.002809620397867377
2006-07-07,-0.006667065066033631
2006-07-10,0.0016626825082525073
2006-07-11,0.004234343846867021
2006-07-12,-0.010855809853426124
2006-07-13,-0.012852213387381071
2006-07-14,-0.004758012342392338
2006-07-17,-0.0011532112164680183
2006-07-18,0.0020020033453443022
2006-07-19,0.01897143433968199
2006-07-20,-0.00799324090847103
2006-07-21,-0.006453082052187832
2006-07-24,0.016763745858160085
2006-07-25,0.0068477609761769
2006-07-26,5.984876822544979e-06
2006-07-27,-0.0038612258438852345
2006-07-28,0.012470415216428665
2006-07-31,-0.0012163825794894616
2006-08-01,-0.004394212499057623
2006-08-02,0.006465593220330498
2006-08-03,0.002077552024461759
2006-08-04,-0.0004906477774909273
2006-08-07,-0.002570196045571287
2006-08-08,-0.0029931026475660235
2006-08-09,-0.0038064620415702646
2006-08-10,0.005135715452482072
2006-08-11,-0.0037067177000060366
2006-08-14,0.0014766015227123592
2006-08-15,0.013810636923923949
2006-08-16,0.007955785859317777
2006-08-17,0.001857913091472216
2006-08-18,0.003855819174373797
2006-08-21,-0.0035740361328406227
2006-08-22,0.0008812541194535818
2006-08-23,-0.004319195438347293
2006-08-24,0.002459773084387558
2006-08-25,-0.0005831074033039865
2006-08-28,0.005335271398110125
2006-08-29,0.002311255694740756
2006-08-30,0.0005333837712186369
2006-08-31,-0.0001761182199415213
2006-09-01,0.005629520664139127
2006-09-05,0.0019527363977869744
2006-09-06,-0.00952729091558026
2006-09-07,-0.004611191250426157
2006-09-08,0.0040747967870241805
2006-09-11,0.0008924785077181476
2006-09-12,0.010613091397053014
2006-09-13,0.0043238002910347805
2006-09-14,-0.0009983775206824734
2006-09-15,0.002775558669264872
2006-09-18,0.0012377053195811833
2006-09-19,-0.0020392875244034402
2006-09-20,0.005682901377446658
2006-09-21,-0.005013267741594004
2006-09-22,-0.002497871381000817
2006-09-25,0.0089715121638072
2006-09-26,0.007724214454671977
2006-09-27,0.0005180361577448939
2006-09-28,0.0020890480526867864
2006-09-29,-0.002497380463863883
2006-10-02,-0.0033879142915367987
2006-10-03,0.0023057781108511205
2006-10-04,0.012299306365132948
2006-10-05,0.002637518801189595
2006-10-06,-0.0025037762688021855
2006-10-09,0.0009261955251588166
2006-10-10,0.002196463978129316
2006-10-11,-0.002302068799651448
2006-10-12,0.009675484558328234
2006-10-13,0.002046241629603214
2006-10-16,0.0027215506967754005
2006-10-17,-0.00360806641271341
2006-10-18,0.001661135339361264
2006-10-19,0.0009775026997766788
2006-10-20,0.001708131690682964
2006-10-23,0.006603584452719418
2006-10-24,0.0005288631533143985
2006-10-25,0.0035261372785461284
2006-10-26,0.005242408845356437
2006-10-27,-0.008315138962807887
2006-10-30,0.00048290959020413227
2006-10-31,8.550617079086933e-05
2006-11-01,-0.007039679089636548
2006-11-02,3.280576002644491e-05
2006-11-03,-0.002018575062576037
2006-11-06,0.011345881125541961
2006-11-07,0.00242299674314664
2006-11-08,0.0024460266256529258
2006-11-09,-0.004971820557252847
2006-11-10,0.0019330409172133168
2006-11-13,0.0028644166719178654
2006-11-14,0.006619270462932387
2006-11-15,0.0028466986600051017
2006-11-16,0.0023802498505349334
2006-11-17,0.0011617830722085208
2006-11-20,-0.00047444480113029435
2006-11-21,0.0017687071855537037
2006-11-22,0.0027694335184231048
2006-11-24,-0.0036395504205028947
2006-11-27,-0.013576582027131731
2006-11-28,0.0037703752493557464
2006-11-29,0.009725219674371576
2006-11-30,0.0008313273543683114
2006-12-01,-0.0028372825040027605
2006-12-04,0.009358358964027267
2006-12-05,0.004190491540193611
2006-12-06,-0.000928151522481247
2006-12-07,-0.0038398491422610478
2006-12-08,0.0019456600758395069
2006-12-11,0.002362078485750253
2006-12-12,-0.0009586778327530911
2006-12-13,0.0015240994931626662
2006-12-14,0.008975720110578915
2006-12-15,0.0012861818537961971
2006-12-18,-0.0031365473948469047
2006-12-19,0.0023031860482422223
2006-12-20,-0.0013124252214045565
2006-12-21,-0.003397518425182075
2006-12-22,-0.00510007682264536
2006-12-26,0.004419682711439987
2006-12-27,0.007203915539989861
2006-12-28,-0.0014372353165484106
2006-12-29,-0.004564793033245917
2007-01-03,-0.0005489225966639933
2007-01-04,0.0015077060646904042
2007-01-05,-0.005931206031109968
2007-01-08,0.0026765091551123133
2007-01-09,-0.00028842792980981455
2007-01-10,0.002125399432304373
2007-01-11,0.0066199463956203635
2007-01-12,0.004925100637708649
2007-01-16,0.000844250631903159
2007-01-17,-0.000738598744632031
2007-01-18,-0.002826379364706828
2007-01-19,0.0029935849899348967
2007-01-22,-0.0050717658466245584
2007-01-23,0.003574281441677472
2007-01-24,0.008608918824953368
2007-01-25,-0.011010967894535836
2007-01-26,-0.0011108779871200037
2007-01-29,-0.0009373950322082175
2007-01-30,0.005876030577613167
2007-01-31,0.0069651885968229806
2007-02-01,0.005780094490009522
2007-02-02,0.001792090233321531
2007-02-05,-0.0006869498985955875
2007-02-06,0.0007728593832349584
2007-02-07,0.001839379058812944
2007-02-08,-0.0009671714993216776
2007-02-09,-0.0068242362188812
2007-02-12,-0.003129575460117015
2007-02-13,0.007699381836728919
2007-02-14,0.007903735590257118
2007-02-15,0.0013920273826471348
2007-02-16,-0.0007079092175216205
2007-02-20,0.003148685361520536
2007-02-21,-0.0011783817908833938
2007-02-22,-0.0004902445561047073
2007-02-23,-0.0033083577838298344
2007-02-26,-0.0008112610180307866
2007-02-27,-0.034345834938537496
2007-02-28,0.0056407567978133035
2007-03-01,-0.002267121623157015
2007-03-02,-0.011234574657224466
2007-03-05,-0.009107260677331681
2007-03-06,0.015494541156553295
2007-03-07,-0.0020661054992892683
2007-03-08,0.007137640168058921
2007-03-09,0.0006815615058502483
2007-03-12,0.002829881455922154
2007-03-13,-0.019973997615383335
2007-03-14,0.006783987446321256
2007-03-15,0.0038552213106804573
2007-03-16,-0.0036818290091639168
2007-03-19,0.010984184923496605
2007-03-20,0.006497941529786501
2007-03-21,0.017218334537295085
2007-03-22,-0.00015587480422747977
2007-03-23,0.0011219313770971166
2007-03-26,0.0010782790302059034
2007-03-27,-0.006060768682958267
2007-03-28,-0.0077104011106309675
2007-03-29,0.003808131668199783
2007-03-30,-0.0011027072647068143
2007-04-02,0.002717173743567281
2007-04-03,0.009662472832552317
2007-04-04,0.0012501140794229947
2007-04-05,0.003341783906859884
2007-04-09,0.0007358720824495173
2007-04-10,0.0026032614243646987
2007-04-11,-0.006520499046155624
2007-04-12,0.006303320492462656
2007-04-13,0.0035181266343159876
2007-04-16,0.011120904555808941
2007-04-17,0.0021729452279653136
2007-04-18,0.0008959331975150539
2007-04-19,-0.0011023370860345307
2007-04-20,0.0095106649831421
2007-04-23,-0.0022856107433183127
2007-04-24,-0.00018406859618548923
2007-04-25,0.010470886627797674
2007-04-26,-0.00030388587687871823
2007-04-27,0.00011486393964739054
2007-04-30,-0.0076716278383991005
2007-05-01,0.0029132759597054335
2007-05-02,0.006607756663254631
2007-05-03,0.004759685073849639
2007-05-04,0.0022750626147319108
2007-05-07,0.0026998021084812087
2007-05-08,-0.0009886215139008562
2007-05-09,0.0034735051607425035
2007-05-10,-0.013662246258370422
2007-05-11,0.009706402348769353
2007-05-14,-0.0016207950042946599
2007-05-15,-0.0011125511258426105
2007-05-16,0.008988733769355762
2007-05-17,-0.0006788010229157508
2007-05-18,0.0067126737710248695
2007-05-21,0.001555352116392599
2007-05-22,-0.0006341531434856116
2007-05-23,-0.0010707251420076591
2007-05-24,-0.0093928852314658
2007-05-25,0.005472528667588636
2007-05-29,0.0015706319302613559
2007-05-30,0.008398039215973733
2007-05-31,0.0004726240267928583
2007-06-01,0.004031906942434356
2007-06-04,0.0022606397356278707
2007-06-05,-0.005343779212692915
2007-06-06,-0.008471230910157038
2007-06-07,-0.017357554516776525
2007-06-08,0.011470367774618705
2007-06-11,0.0010638375743549906
2007-06-12,-0.010633092777004565
2007-06-13,0.015479941761353115
2007-06-14,0.004907561288825415
2007-06-15,0.00655804343791236
2007-06-18,-0.0010523204910286323
2007-06-19,0.0017941407703771254
2007-06-20,-0.01335803627787088
2007-06-21,0.006494282625517949
2007-06-22,-0.01272540418154644
2007-06-25,-0.003046810580700794
2007-06-26,-0.0031045149523012613
2007-06-27,0.009329226848434891
2007-06-28,-0.00030785050947358347
2007-06-29,-0.0014742633637231924
2007-07-02,0.010953653847290174
2007-07-03,0.003922784822903925
2007-07-05,0.00047633702082252124
2007-07-06,0.0038012095136257867
2007-07-09,0.0010955183792641559
2007-07-10,-0.014114435907791375
2007-07-11,0.0060098135145407044
2007-07-12,0.019248254180552343
2007-07-13,0.003200919357073438
2007-07-16,-0.0017800846988000937
2007-07-17,7.285678776585626e-05
2007-07-18,-0.0018838777113321585
2007-07-19,0.0048332075751528975
2007-07-20,-0.01207484417533306
2007-07-23,0.005060987407801227
2007-07-24,-0.01927984207413565
2007-07-25,0.004981434581882686
2007-07-26,-0.023076196236688433
2007-07-27,-0.01570504966400528
2007-07-30,0.01026406127707284
2007-07-31,-0.012379712472071312
2007-08-01,0.0075983128482486366
2007-08-02,0.004907987100861595
2007-08-03,-0.026131537911745082
2007-08-06,0.024486896239852333
2007-08-07,0.0062487941280437425
2007-08-08,0.014884704882739182
2007-08-09,-0.02895465410329009
2007-08-10,0.0005789252937337889
2007-08-13,0.0001053392585723252
2007-08-14,-0.017947074514398156
2007-08-15,-0.013303974305013943
2007-08-16,0.0037582520463427006
2007-08-17,0.02469088246667982
2007-08-20,-0.000141338263541955
2007-08-21,0.0012125943806812153
2007-08-22,0.011982520797864622
2007-08-23,-0.0010684916046381485
2007-08-24,0.011941112097354323
2007-08-27,-0.008320069245608436
2007-08-28,-0.023213760649399857
2007-08-29,0.022355630111056624
2007-08-30,-0.004110620247707558
2007-08-31,0.01126704230740792
2007-09-04,0.010581662530175933
2007-09-05,-0.01087725194499142
2007-09-06,0.004509582318141439
2007-09-07,-0.016694412923231313
2007-09-10,-0.0011601576540448337
2007-09-11,0.01376906479330203
2007-09-12,0.0004213530491367312
2007-09-13,0.008614061358438396
2007-09-14,0.00044387726991351376
2007-09-17,-0.005068467563599308
2007-09-18,0.02939615524470963
2007-09-19,0.006308598701763455
2007-09-20,-0.0063791684190505895
2007-09-21,0.004808660399678727
2007-09-24,-0.005178381827030501
2007-09-25,-0.00012429949071172947
2007-09-26,0.005613610539431924
2007-09-27,0.004061812526098963
2007-09-28,-0.002876473250650434
2007-10-01,0.01346465858085895
2007-10-02,-2.4784268084358307e-05
2007-10-03,-0.004194513340293399
2007-10-04,0.002237693003603767
2007-10-05,0.009920951532671035
2007-10-08,-0.00290541017546473
2007-10-09,0.008225067062741787
2007-10-10,-0.0013519340024061436
2007-10-11,-0.004840286342919968
2007-10-12,0.004925485135460165
2007-10-15,-0.008106045847958862
2007-10-16,-0.0063518384825122015
2007-10-17,0.0020966034266770447
2007-10-18,-0.00047611482054386026
2007-10-19,-0.025255286265250636
2007-10-22,0.004140532890470426
2007-10-23,0.00905237220843536
2007-10-24,-0.002116666434020586
2007-10-25,-0.00021986872839675097
2007-10-26,0.014505413614636127
2007-10-29,0.004136180474999295
2007-10-30,-0.006024969093335342
2007-10-31,0.012189473890026772
2007-11-01,-0.025702062199441548
2007-11-02,0.0012687639295966763
2007-11-05,-0.0047370214734211375
2007-11-06,0.012430705411524044
2007-11-07,-0.028268163484772724
2007-11-08,-0.00014621596039573152
2007-11-09,-0.013970868607278798
2007-11-12,-0.009227075158369702
2007-11-13,0.030009561182908182
2007-11-14,-0.006538051339822085
2007-11-15,-0.012766599236099206
2007-11-16,0.005488924741057505
2007-11-19,-0.01698586934124451
2007-11-20,0.0053218128900934455
2007-11-21,-0.015512592582590782
2007-11-23,0.017083985538219264
2007-11-26,-0.022481747932636024
2007-11-27,0.014944336462704632
2007-11-28,0.029185715273022945
2007-11-29,0.0006627015587934107
2007-11-30,0.008199913250584733
2007-12-03,-0.0056642187196290356
2007-12-04,-0.0060519271258168885
2007-12-05,0.016269605904072146
2007-12-06,0.015279910528565154
2007-12-07,-0.0016181153670959732
2007-12-10,0.007681886684029947
2007-12-11,-0.02467126310351125
2007-12-12,0.006525785011283339
2007-12-13,0.0017032940506894999
2007-12-14,-0.013501127556172962
2007-12-17,-0.014641027747880873
2007-12-18,0.006451457077327016
2007-12-19,-0.0011054337108229646
2007-12-20,0.005497308908335756
2007-12-21,0.01698425459309859
2007-12-24,0.008154008952174505
2007-12-26,0.0008884921739154458
2007-12-27,-0.013807625877151722
2007-12-28,0.00158478989667877
2007-12-31,-0.006888704298973253
2008-01-02,-0.013842941972165559
2008-01-03,0.000489665983922568
2008-01-04,-0.02405129902811385
2008-01-07,0.003629858458651491
2008-01-08,-0.017105210842023686
2008-01-09,0.013653598714983336
2008-01-10,0.008337418406570778
2008-01-11,-0.013310246676848044
2008-01-14,0.01112763373924449
2008-01-15,-0.024536772571578654
2008-01-16,-0.004573284739797613
2008-01-17,-0.027999596221338456
2008-01-18,-0.005434731553498607
2008-01-22,-0.010103843078014048
2008-01-23,0.02245642435922334
2008-01-24,0.010864105908292019
2008-01-25,-0.015493149839183259
2008-01-28,0.01768114784252077
2008-01-29,0.006546889764850761
2008-01-30,-0.004584462326226554
2008-01-31,0.01588419321829289
2008-02-01,0.014678752230654856
2008-02-04,-0.009956764536970178
2008-02-05,-0.03134741709805811
2008-02-06,-0.006962058734817552
2008-02-07,0.008538506747796965
2008-02-08,-0.0037865636385389307
2008-02-11,0.006595203518423787
2008-02-12,0.007453706410457269
2008-02-13,0.014134550833808754
2008-02-14,-0.013286726561526269
2008-02-15,0.0009447145673557513
2008-02-19,-0.0006057386976079087
2008-02-20,0.008653742067139624
2008-02-21,-0.012253556712411939
2008-02-22,0.007944526712328478
2008-02-25,0.013932709502869544
2008-02-26,0.007384705906752087
2008-02-27,-0.0005118116168475024
2008-02-28,-0.008276419875173953
2008-02-29,-0.026746519212784724
2008-03-03,0.0006630000349996256
2008-03-04,-0.003063770494878959
2008-03-05,0.005840899991301075
2008-03-06,-0.02137438697303083
2008-03-07,-0.00801011847266045
2008-03-10,-0.015008982079815346
2008-03-11,0.038341046045104986
2008-03-12,-0.008161856124589015
2008-03-13,0.005384654068266006
2008-03-14,-0.020173645053739225
2008-03-17,-0.0077984744082957485
2008-03-18,0.04327078454300265
2008-03-19,-0.02332907828224398
2008-03-20,0.025108436973611894
2008-03-24,0.015515016515817022
2008-03-25,0.0026046250839905243
2008-03-26,-0.008133035388210705
2008-03-27,-0.011034232182985323
2008-03-28,-0.007649557795771465
2008-03-31,0.0064145988769669475
2008-04-01,0.036397651220816236
2008-04-02,-0.0014399819388671603
2008-04-03,0.001454473910264282
2008-04-04,0.0011300406176778918
2008-04-07,0.0017443267609836097
2008-04-08,-0.00446220303212646
2008-04-09,-0.007582111838629568
2008-04-10,0.004768859401385313
2008-04-11,-0.01967042143253868
2008-04-14,-0.0028920207256721325
2008-04-15,0.005014973660597974
2008-04-16,0.022858564695510415
2008-04-17,0.0008594880229761632
2008-04-18,0.018576929789871494
2008-04-21,-0.0010498247579929518
2008-04-22,-0.00836153274197526
2008-04-23,0.0035603109035572704
2008-04-24,0.00705457441562928
2008-04-25,0.006579678807003175
2008-04-28,-0.000932911067063368
2008-04-29,-0.003270810343153563
2008-04-30,-0.003737968778449227
2008-05-01,0.01784288097165005
2008-05-02,0.0032617353021241343
2008-05-05,-0.004160837235361886
2008-05-06,0.007864110271771576
2008-05-07,-0.017212521839671483
2008-05-08,0.003908413401082573
2008-05-09,-0.006172756456618656
2008-05-12,0.011436914422189458
2008-05-13,-1.776454802291462e-05
2008-05-14,0.004486623396607326
2008-05-15,0.010849702336146379
2008-05-16,0.0014903977376742059
2008-05-19,0.0010454550538922065
2008-05-20,-0.00902937964590427
2008-05-21,-0.01570167737857355
2008-05-22,0.003118484498550328
2008-05-23,-0.012864425791145426
2008-05-27,0.0070534475288245285
2008-05-28,0.004343409813027785
2008-05-29,0.005726251817631237
2008-05-30,0.0016905535576997462
2008-06-02,-0.01034120495747299
2008-06-03,-0.00538453948456425
2008-06-04,0.0004184995562235516
2008-06-05,0.019977977943771395
2008-06-06,-0.03032523380834439
2008-06-09,0.0014818096057621103
2008-06-10,-0.002008052753532818
2008-06-11,-0.016398137957638004
2008-06-12,0.004022793334888009
2008-06-13,0.015261078609900041
2008-06-16,0.00025892362728139923
2008-06-17,-0.0063458242814375095
2008-06-18,-0.009419609491954894
2008-06-19,0.004309867121710736
2008-06-20,-0.018269973968450856
2008-06-23,0.0007425420238187494
2008-06-24,-0.0023679178737542766
2008-06-25,0.006254559112784865
2008-06-26,-0.028530332281710716
2008-06-27,-0.0034670942799128615
2008-06-30,0.0015240760738749824
2008-07-01,0.004512959871345417
2008-07-02,-0.017433173608392864
2008-07-03,0.0014206312009630833
2008-07-07,-0.0076245056559049494
2008-07-08,0.018289395620748813
2008-07-09,-0.021890845877612492
2008-07-10,0.008028569956091672
2008-07-11,-0.010608582826370165
2008-07-14,-0.008136216919933341
2008-07-15,-0.00977907093257581
2008-07-16,0.02746066929076447
2008-07-17,0.013293201091689797
2008-07-18,0.0005386197523095376
2008-07-21,-6.685757443225323e-05
2008-07-22,0.015018088866673048
2008-07-23,0.004964576337006117
2008-07-24,-0.021386826847328608
2008-07-25,0.004503623940645986
2008-07-28,-0.017821097848337023
2008-07-29,0.024178685374128886
2008-07-30,0.01742961524812199
2008-07-31,-0.012190381596054102
2008-08-01,-0.005156092102862392
2008-08-04,-0.008047093677286678
2008-08-05,0.029110300266569456
2008-08-06,0.004591940264503498
2008-08-07,-0.01727477850433873
2008-08-08,0.02431155099196557
2008-08-11,0.0074776339578971575
2008-08-12,-0.010880796127069044
2008-08-13,-0.0020814718380871024
2008-08-14,0.00569701551449168
2008-08-15,0.004586679317031272
2008-08-18,-0.014544227462392197
2008-08-19,-0.008691128252752235
2008-08-20,0.0066690195511799055
2008-08-21,0.0028072526195162466
2008-08-22,0.011719685881652979
2008-08-25,-0.019243543283830513
2008-08-26,0.0038010593612505033
2008-08-27,0.008204768125175448
2008-08-28,0.015223503008216387
2008-08-29,-0.013474705248544595
2008-09-02,-0.0033123209009176713
2008-09-03,-0.0012896404128157968
2008-09-04,-0.02922365946594673
2008-09-05,0.004985167422672001
2008-09-08,0.021824262803072918
2008-09-09,-0.032337489258155924
2008-09-10,0.006667379485880486
2008-09-11,0.014865647163054323
2008-09-12,0.0027493726276893197
2008-09-15,-0.04347783502299332
2008-09-16,0.018508208756762748
2008-09-17,-0.04567076115009954
2008-09-18,0.04521466227079851
2008-09-19,0.04393167658690429
2008-09-22,-0.03636933931998666
2008-09-23,-0.01499085293072319
2008-09-24,-0.001098563932377137
2008-09-25,0.020157750782985547
2008-09-26,0.004767912555419845
2008-09-29,-0.08295062029678982
2008-09-30,0.05686018718878459
2008-10-01,-0.002948407648338654
2008-10-02,-0.037959040379454974
2008-10-03,-0.011758553164427405
2008-10-06,-0.037043951232458946
2008-10-07,-0.05597842829297659
2008-10-08,-0.009496840413249781
2008-10-09,-0.07350668496238466
2008-10-10,-0.007636155465417735
2008-10-13,0.11983267853891504
2008-10-14,-0.002253759500443807
2008-10-15,-0.08781920665443776
2008-10-16,0.044741281638791285
2008-10-17,-0.005316062892684279
2008-10-20,0.04859288892733343
2008-10-21,-0.02973006982153751
2008-10-22,-0.057429297187392786
2008-10-23,0.012889575586300668
2008-10-24,-0.03312419018718667
2008-10-27,-0.030447289866111674
2008-10-28,0.10853566327187686
2008-10-29,-0.01015128812797358
2008-10-30,0.028806456989203255
2008-10-31,0.01653388471432216
2008-11-03,-0.0015214702728584063
2008-11-04,0.04114883613278292
2008-11-05,-0.05083828750144934
2008-11-06,-0.04847788122370793
2008-11-07,0.02961263338593727
2008-11-10,-0.011195996335772366
2008-11-11,-0.021344934847895493
2008-11-12,-0.05009250104613928
2008-11-13,0.07012466695820602
2008-11-14,-0.040857876258622736
2008-11-17,-0.02491124038787432
2008-11-18,0.011127702354846187
2008-11-19,-0.05891618418611271
2008-11-20,-0.06338419708543835
2008-11-21,0.06553383035107035
2008-11-24,0.06740885099915266
2008-11-25,0.007736717149681076
2008-11-26,0.03653373457326169
2008-11-28,0.009943779693249645
2008-12-01,-0.08617390240516577
2008-12-02,0.040353496762148035
2008-12-03,0.02721361388757179
2008-12-04,-0.027742555669356055
2008-12-05,0.038219515550945014
2008-12-08,0.03962232442110892
2008-12-09,-0.02205929391490823
2008-12-10,0.012484538346015114
2008-12-11,-0.0265565384521074
2008-12-12,0.007482849808212892
2008-12-15,-0.012075541221297144
2008-12-16,0.05195568427394644
2008-12-17,-0.008938013307138898
2008-12-18,-0.01933430186290435
2008-12-19,0.003532776616791796
2008-12-22,-0.0170925036170178
2008-12-23,-0.00932442356671225
2008-12-24,0.006261270928146138
2008-12-26,0.005342530384654511
2008-12-29,-0.0032671411980354386
2008-12-30,0.024644688612854293
2008-12-31,0.014349082492161429
2009-01-02,0.032279817651977696
2009-01-05,-0.0038929333798343475
2009-01-06,0.008414583947836889
2009-01-07,-0.028440799899718604
2009-01-08,0.0033082058135614194
2009-01-09,-0.020404740389239596
2009-01-12,-0.0213621952165973
2009-01-13,0.0025427535511375874
2009-01-14,-0.03242158476820218
2009-01-15,0.002761223143124407
2009-01-16,0.008328822772908185
2009-01-20,-0.04866780447434917
2009-01-21,0.045060645283346364
2009-01-22,-0.0135694002745956
2009-01-23,0.006367453857691688
2009-01-26,0.006429970195061883
2009-01-27,0.011453966960372644
2009-01-28,0.035120697331069865
2009-01-29,-0.03134313805570919
2009-01-30,-0.021969524103350617
2009-02-02,8.715439013375724e-05
2009-02-03,0.01689055099883571
2009-02-04,-0.0061744180302009425
2009-02-05,0.017538970247427482
2009-02-06,0.028193054268705633
2009-02-09,0.0019380152609424638
2009-02-10,-0.04753788417345555
2009-02-11,0.009104945054365501
2009-02-12,0.002563518891682224
2009-02-13,-0.009489433265946826
2009-02-17,-0.043163734508479254
2009-02-18,9.205199083661274e-05
2009-02-19,-0.010169008643735086
2009-02-20,-0.01041282126851512
2009-02-23,-0.033893506104749935
2009-02-24,0.04076039578319973
2009-02-25,-0.010073489345140435
2009-02-26,-0.014520295944624733
2009-02-27,-0.02105820504673858
2009-03-02,-0.045137629205178234
2009-03-03,-0.005787312166403398
2009-03-04,0.024776798501431895
2009-03-05,-0.04029886519718146
2009-03-06,0.0020782426752030277
2009-03-09,-0.00873897976326503
2009-03-10,0.06481211274730583
2009-03-11,0.003823603283576421
2009-03-12,0.041661009537718834
2009-03-13,0.008324683959231563
2009-03-16,-0.002830013444852453
2009-03-17,0.03239735858851095
2009-03-18,0.022525816090400375
2009-03-19,-0.010933281600171206
2009-03-20,-0.018330164628660366
2009-03-23,0.07224918654406778
2009-03-24,-0.01781499754911492
2009-03-25,0.008432087844561885
2009-03-26,0.024036678896423528
2009-03-27,-0.01859719011736287
2009-03-30,-0.03364434040883659
2009-03-31,0.013706544167347496
2009-04-01,0.017197754282229954
2009-04-02,0.029235053087152456
2009-04-03,0.010171278032871503
2009-04-06,-0.007604000074392817
2009-04-07,-0.02261142972715693
2009-04-08,0.012217754087341881
2009-04-09,0.04009126749063114
2009-04-13,0.0036565423115546866
2009-04-14,-0.018783837791204995
2009-04-15,0.012647574549815913
2009-04-16,0.016027911277745447
2009-04-17,0.005226015862084408
2009-04-20,-0.040070846351529424
2009-04-21,0.021942891676094294
2009-04-22,-0.006829436715104937
2009-04-23,0.010700713902671192
2009-04-24,0.017430736764516244
2009-04-27,-0.008940942729758993
2009-04-28,-0.0026091424087388002
2009-04-29,0.022227432337083537
2009-04-30,-0.00017895103170996818
2009-05-01,0.005762813072109885
2009-05-04,0.03434829340278134
2009-05-05,-0.002725812354776663
2009-05-06,0.01858172156716764
2009-05-07,-0.011773846976208802
2009-05-08,0.024981353192029657
2009-05-11,-0.019588611182063873
2009-05-12,-3.212299902722988e-05
2009-05-13,-0.025369302486696537
2009-05-14,0.010427785717850255
2009-05-15,-0.010865601545078261
2009-05-18,0.030849013359192025
2009-05-19,-0.0010701379482018329
2009-05-20,-0.004494002512342063
2009-05-21,-0.01598169930152174
2009-05-22,-0.0009727354596184516
2009-05-26,0.026435589274576735
2009-05-27,-0.018314938119487745
2009-05-28,0.01567522537647853
2009-05-29,0.013830003558429933
2009-06-01,0.026488809257523487
2009-06-02,0.0024456619912023255
2009-06-03,-0.012663442758110762
2009-06-04,0.011802444988320141
2009-06-05,-0.002017498243910528
2009-06-08,-0.0006657283042749574
2009-06-09,0.003833960175611798
2009-06-10,-0.0031192040818317887
2009-06-11,0.006369198393173613
2009-06-12,0.0016708268641379065
2009-06-15,-0.02338107962906033
2009-06-16,-0.012303226569308408
2009-06-17,-0.0006345816199491325
2009-06-18,0.008564861632856233
2009-06-19,0.003266335772911799
2009-06-22,-0.02898438089849427
2009-06-23,0.002228262621169423
2009-06-24,0.0069740228267037175
2009-06-25,0.021640254145267362
2009-06-26,-0.0014220472848507143
2009-06-29,0.009089689907169423
2009-06-30,-0.008201951006784962
2009-07-01,0.0045247648808986254
2009-07-02,-0.028556608819981795
2009-07-06,0.002702290937434172
2009-07-07,-0.019140153864618894
2009-07-08,-0.00039450592306695373
2009-07-09,0.0035501527874396903
2009-07-10,-0.003820394411332552
2009-07-13,0.025103682995032368
2009-07-14,0.0054562376212080885
2009-07-15,0.029751279252148547
2009-07-16,0.008843109819499375
2009-07-17,-2.952718542578662e-05
2009-07-20,0.01159671799249514
2009-07-21,0.00398350379324981
2009-07-22,-4.277760454195856e-05
2009-07-23,0.023511545039984285
2009-07-24,0.0031700844096599
2009-07-27,0.0029388956667010984
2009-07-28,-0.0021319816328889203
2009-07-29,-0.0037757276398562565
2009-07-30,0.012298366306454946
2009-07-31,0.0009421980070437321
2009-08-03,0.015460440726345274
2009-08-04,0.0031517903014327405
2009-08-05,-0.002287154346756588
2009-08-06,-0.005356050015748567
2009-08-07,0.013478632709138318
2009-08-10,-0.003026207222081008
2009-08-11,-0.01166383667596255
2009-08-12,0.011943156094360998
2009-08-13,0.007321323501839945
2009-08-14,-0.008238404478548296
2009-08-17,-0.02340839405040546
2009-08-18,0.010322052074995595
2009-08-19,0.007173146653026751
2009-08-20,0.010660124834347529
2009-08-21,0.01858441878723976
2009-08-24,-0.0004135567925621177
2009-08-25,0.002515453107803541
2009-08-26,0.0004229609334638714
2009-08-27,0.002721187167464889
2009-08-28,-0.001881105214371543
2009-08-31,-0.0077508761002030874
2009-09-01,-0.021333611915719256
2009-09-02,-0.0028523625199766535
2009-09-03,0.008938992731468807
2009-09-04,0.013099559033600333
2009-09-08,0.009038011504811455
2009-09-09,0.007818700527899198
2009-09-10,0.010482899599931744
2009-09-11,-0.001011055882316393
2009-09-14,0.006394646370556883
2009-09-15,0.0032976246491181515
2009-09-16,0.015465612184793245
2009-09-17,-0.0026075933753092763
2009-09-18,0.0028214268818303584
2009-09-21,-0.0029868522852803977
2009-09-22,0.006688036957743193
2009-09-23,-0.009777049894752353
2009-09-24,-0.008946831921149083
2009-09-25,-0.006115848918854878
2009-09-28,0.017882220652229212
2009-09-29,-0.0019710110043266883
2009-09-30,-0.0030455953027716085
2009-10-01,-0.025042622517666493
2009-10-02,-0.004181049518650192
2009-10-05,0.014918122213252338
2009-10-06,0.013936426719025263
2009-10-07,0.0033423748956267836
2009-10-08,0.00767204379023729
2009-10-09,0.005702631187017689
2009-10-12,0.00452541171525483
2009-10-13,-0.0022461508984636626
2009-10-14,0.01759839335942842
2009-10-15,0.004283409635878414
2009-10-16,-0.00759199148247781
2009-10-19,0.009512166605246918
2009-10-20,-0.005938696517327749
2009-10-21,-0.008338969692527792
2009-10-22,0.010790320551927421
2009-10-23,-0.010844577560201792
2009-10-26,-0.011236034578340973
2009-10-27,-0.003227112236770215
2009-10-28,-0.018998261798303117
2009-10-29,0.022697702424495366
2009-10-30,-0.027647094255575804
2009-11-02,0.006530330204945361
2009-11-03,0.0029468157667802215
2009-11-04,0.0015922964753026154
2009-11-05,0.019904451713133108
2009-11-06,0.0028833312930329354
2009-11-09,0.022446500381173178
2009-11-10,0.0003706247579958303
2009-11-11,0.005121448791275511
2009-11-12,-0.009744235121633017
2009-11-13,0.005819189300675421
2009-11-16,0.014585489001363017
2009-11-17,0.0014321686360723015
2009-11-18,-0.00013988245698762247
2009-11-19,-0.012941987959059103
2009-11-20,-0.003208198951879262
2009-11-23,0.013752720585465852
2009-11-24,-0.00039524135964088896
2009-11-25,0.004664463192918564
2009-11-27,-0.01683107389714729
2009-11-30,0.0040380050203868674
2009-12-01,0.012150240682354724
2009-12-02,0.000544705923108527
2009-12-03,-0.008106542883989577
2009-12-04,0.005618340261145441
2009-12-07,-0.0022506244536645284
2009-12-08,-0.010049626541622546
2009-12-09,0.0038625515120797884
2009-12-10,0.00615237573218734
2009-12-11,0.0038892220011904253
2009-12-14,0.006947573051166183
2009-12-15,-0.005487607837598034
2009-12-16,0.0011014800574570044
2009-12-17,-0.011732918605023648
2009-12-18,0.006584260505463679
2009-12-21,0.010446087754045846
2009-12-22,0.003619445614172777
2009-12-23,0.0027898693757555976
2009-12-24,0.005292408961639384
2009-12-28,0.001472071342597059
2009-12-29,-0.0010867252899969297
2009-12-30,0.0002873150083832724
2009-12-31,-0.01003502625990691
2010-01-04,0.016221302510282885
2010-01-05,0.00331380100581436
2010-01-06,0.0011294917682370216
2010-01-07,0.004177907966136427
2010-01-08,0.0029440377920196214
2010-01-11,0.0018629663020903573
2010-01-12,-0.008899295224814141
2010-01-13,0.008436678741074864
2010-01-14,0.002480858726828342
2010-01-15,-0.010565295932651458
2010-01-19,0.012539312419631849
2010-01-20,-0.010289664772961556
2010-01-21,-0.01839370563127212
2010-01-22,-0.02148185941363582
2010-01-25,0.004653611751158247
2010-01-26,-0.0038477464724330965
2010-01-27,0.00502724292418395
2010-01-28,-0.011471773355472155
2010-01-29,-0.009369262031678538
2010-02-01,0.014155445045389079
2010-02-02,0.012950995411403566
2010-02-03,-0.004703285921522618
2010-02-04,-0.030760192986319816
2010-02-05,0.003235186565721017
2010-02-08,-0.008385692924364637
2010-02-09,0.013123672784695591
2010-02-10,-0.0019326998308637957
2010-02-11,0.009931445810241515
2010-02-12,-0.0024994353397718425
2010-02-16,0.018345399293136937
2010-02-17,0.004663399515960246
2010-02-18,0.006645304138909127
2010-02-19,0.00209323821837226
2010-02-22,-0.000859470928761811
2010-02-23,-0.012036520833672185
2010-02-24,0.009936402858611752
2010-02-25,-0.0015085006313255854
2010-02-26,0.0014644607443536418
2010-03-01,0.01018626613231091
2010-03-02,0.002490844281093134
2010-03-03,0.0004928426593566066
2010-03-04,0.003982844170539896
2010-03-05,0.01400389830905291
2010-03-08,0.00024151735995184092
2010-03-09,0.0020510581207222314
2010-03-10,0.004904064725472802
2010-03-11,0.004667011743399719
2010-03-12,-0.00023403036980524538
2010-03-15,0.0007991576239271768
2010-03-16,0.008062549474699659
2010-03-17,0.0058591941985958185
2010-03-18,-0.00021404634001197373
2010-03-19,-0.005156749140522917
2010-03-22,0.005423569627522564
2010-03-23,0.0074761250621741635
2010-03-24,-0.005394571947398359
2010-03-25,-0.0012592991349272538
2010-03-26,0.0008529723256875282
2010-03-29,0.005784492921317787
2010-03-30,0.00025585860578302935
2010-03-31,-0.003163636791289899
2010-04-01,0.007403138811522499
2010-04-05,0.008093151253988767
2010-04-06,0.0018218097305641985
2010-04-07,-0.005018672415924711
2010-04-08,0.003721595932947172
2010-04-09,0.006616698125150111
2010-04-12,0.001972226034868149
2010-04-13,0.0007498986686083395
2010-04-14,0.011623072004939118
2010-04-15,0.0008794074822848219
2010-04-16,-0.015720260732206427
2010-04-19,0.004865154366388502
2010-04-20,0.008252261437772839
2010-04-21,-0.0007131033223753861
2010-04-22,0.00266298761610845
2010-04-23,0.007094449733868076
2010-04-26,-0.004397307197055885
2010-04-27,-0.022969352951606566
2010-04-28,0.006637789483189247
2010-04-29,0.01316059009992134
2010-04-30,-0.016293447622552235
2010-05-03,0.012970503835510514
2010-05-04,-0.02347878276580182
2010-05-05,-0.005829836575031467
2010-05-06,-0.03193523900774145
2010-05-07,-0.015159729086082385
2010-05-10,0.04396095763293432
2010-05-11,-0.002940833823825132
2010-05-12,0.014230845488836179
2010-05-13,-0.011870651153707302
2010-05-14,-0.01858880194623448
2010-05-17,0.0013598726469796498
2010-05-18,-0.013714794124933307
2010-05-19,-0.004966718270452696
2010-05-20,-0.03834578627650666
2010-05-21,0.01494127980120644
2010-05-24,-0.01238174524867208
2010-05-25,0.0003892682951887677
2010-05-26,-0.005392241901394123
2010-05-27,0.03328404672388427
2010-05-28,-0.011996555637417573
2010-06-01,-0.016579066336193538
2010-06-02,0.026025771538894533
2010-06-03,0.004459266507981151
2010-06-04,-0.03445658488836087
2010-06-07,-0.01299817918873783
2010-06-08,0.011129188770482752
2010-06-09,-0.005519434407437919
2010-06-10,0.029354594798364626
2010-06-11,0.004856881160972606
2010-06-14,-0.0016400304904812062
2010-06-15,0.023476240999855777
2010-06-16,-0.00048699539573308356
2010-06-17,0.001447756445840541
2010-06-18,0.0014112125425712716
2010-06-21,-0.0038251208729122225
2010-06-22,-0.015571378241335955
2010-06-23,-0.0029176157762098717
2010-06-24,-0.01669774860823162
2010-06-25,0.003245099390660421
2010-06-28,-0.0018815174047001545
2010-06-29,-0.0307949036506487
2010-06-30,-0.009931785346808032
2010-07-01,-0.0028361396791419173
2010-07-02,-0.004291162305656713
2010-07-06,0.005621784127773459
2010-07-07,0.0316743978259411
2010-07-08,0.009711864916832461
2010-07-09,0.007276279692835718
2010-07-12,0.001071977791217047
2010-07-13,0.015645119199643124
2010-07-14,2.6166061495376418e-05
2010-07-15,0.001180819691247784
2010-07-16,-0.028318777325269502
2010-07-19,0.0061126830361436565
2010-07-20,0.011791954073470041
2010-07-21,-0.012463971937678639
2010-07-22,0.02258749883149915
2010-07-23,0.008456581124884939
2010-07-26,0.011156156204205138
2010-07-27,-0.000825715969129978
2010-07-28,-0.006782648170380948
2010-07-29,-0.0036997225179830457
2010-07-30,0.0001491163044134115
2010-08-02,0.021946665313005348
2010-08-03,-0.004516079695635936
2010-08-04,0.00661071673215804
2010-08-05,-0.0011823772419609592
2010-08-06,-0.0033406380125144304
2010-08-09,0.005668614266105496
2010-08-10,-0.005777844460874347
2010-08-11,-0.027242047066607922
2010-08-12,-0.005184438530181949
2010-08-13,-0.0038491034594036132
2010-08-16,0.00027121724892652303
2010-08-17,0.012579201173543502
2010-08-18,0.0015471115166411026
2010-08-19,-0.016599397662430862
2010-08-20,-0.0033755522289415935
2010-08-23,-0.0036828409149063167
2010-08-24,-0.01422759317327021
2010-08-25,0.003548591209316215
2010-08-26,-0.007683035819717135
2010-08-27,0.01667304259667199
2010-08-30,-0.014466214492727896
2010-08-31,-1.0135646618503208e-05
2010-09-01,0.03000270600301607
2010-09-02,0.00935154442527077
2010-09-03,0.01328253518544823
2010-09-07,-0.01090858970882203
2010-09-08,0.006637183749636732
2010-09-09,0.00496282839306359
2010-09-10,0.0049972222949613105
2010-09-13,0.011767437244662827
2010-09-14,-0.00035308125034049176
2010-09-15,0.003677143334725363
2010-09-16,5.04232715146056e-06
2010-09-17,0.0011697594917715924
2010-09-20,0.015221999504985987
2010-09-21,-0.0026265306258799843
2010-09-22,-0.004215633829045652
2010-09-23,-0.008080926347807127
2010-09-24,0.02102298340163221
2010-09-27,-0.005425255361516342
2010-09-28,0.005163689719027859
2010-09-29,-0.002301464874290713
2010-09-30,-0.0030322836086006605
2010-10-01,0.004570060826939132
2010-10-04,-0.00787005338331119
2010-10-05,0.020594489231911303
2010-10-06,0.00025001380211368146
2010-10-07,-0.0015508950366150366
2010-10-08,0.006292173321458425
2010-10-11,0.00028314988241375346
2010-10-12,0.003886790386891103
2010-10-13,0.007440202691420483
2010-10-14,-0.003626388559455475
2010-10-15,0.002623504713542236
2010-10-18,0.007531807664382821
2010-10-19,-0.015708976381649996
2010-10-20,0.010533309141596106
2010-10-21,0.002147322273665251
2010-10-22,0.002432211029539108
2010-10-25,0.0023696801632132496
2010-10-26,0.000343779396451006
2010-10-27,-0.0023526731105226913
2010-10-28,0.001515464467468728
2010-10-29,-2.996659215243668e-06
2010-11-01,0.000808400171457157
2010-11-02,0.007909491473224128
2010-11-03,0.0040286114794464995
2010-11-04,0.019596595095616044
2010-11-05,0.00418763931932547
2010-11-08,-0.0018502331813036465
2010-11-09,-0.0073342928227589956
2010-11-10,0.004466455383090601
2010-11-11,-0.0036384991517719486
2010-11-12,-0.011693242551003125
2010-11-15,-0.0012390346455205346
2010-11-16,-0.015577879598410489
2010-11-17,0.0003276572430486728
2010-11-18,0.015441825708095998
2010-11-19,0.0027238571626624322
2010-11-22,-0.0012666967217937893
2010-11-23,-0.014171916253529225
2010-11-24,0.01505096770519868
2010-11-26,-0.0072028877711625165
2010-11-29,-0.0009591818345269192
2010-11-30,-0.005767523855279861
2010-12-01,0.021727843292206814
2010-12-02,0.013013692170731745
2010-12-03,0.0027783881660240874
2010-12-06,-0.0010695099512680992
2010-12-07,0.0007620164925833674
2010-12-08,0.004082400459032077
2010-12-09,0.004170179911110791
2010-12-10,0.006271291755302018
2010-12-13,0.0003623761750265254
2010-12-14,0.0012599075486966354
2010-12-15,-0.00485897872871102
2010-12-16,0.006334393906334814
2010-12-17,0.0012216208361373018
2010-12-20,0.002368291939246638
2010-12-21,0.006157405411024127
2010-12-22,0.0034492027248734275
2010-12-23,-0.0015173451893040924
2010-12-27,0.000872057316455949
2010-12-28,0.0007912912225818937
2010-12-29,0.001241774485110239
2010-12-30,-0.001418792527195708
2010-12-31,-0.00023791718483724849
2011-01-03,0.011455169580720199
2011-01-04,-0.0011680870012517578
2011-01-05,0.005319365047963257
2011-01-06,-0.0014698979585654813
2011-01-07,-0.0016360030040867154
2011-01-10,-0.0013985990726055008
2011-01-11,0.003990955630308178
2011-01-12,0.009131985978647837
2011-01-13,-0.0015705233912086465
2011-01-14,0.007309292157574181
2011-01-18,0.001585206189513702
2011-01-19,-0.009733356018598784
2011-01-20,-0.0008429159989990884
2011-01-21,0.0024392356374234726
2011-01-24,0.005824648975778087
2011-01-25,0.0005326255441858986
2011-01-26,0.004524405333017341
2011-01-27,0.0026826641661467686
2011-01-28,-0.017599201316207118
2011-01-31,0.007630290791876688
2011-02-01,0.01677510769916555
2011-02-02,-0.002296348200315873
2011-02-03,0.002573909461094226
2011-02-04,0.002943377048384584
2011-02-07,0.0066648546820927326
2011-02-08,0.004715477970766891
2011-02-09,-0.0025951243810292393
2011-02-10,0.0011049633464646903
2011-02-11,0.005764524535821092
2011-02-14,0.0026193623533702867
2011-02-15,-0.0030371243436997197
2011-02-16,0.006500105413450339
2011-02-17,0.003426079677609303
2011-02-18,0.001992990997940183
2011-02-22,-0.020311114231544317
2011-02-23,-0.005831597054850971
2011-02-24,-0.0005928962275913948
2011-02-25,0.010412230664936455
2011-02-28,0.005202198089352173
2011-03-01,-0.015435462832545935
2011-03-02,0.0021441240394489977
2011-03-03,0.01715831489188371
2011-03-04,-0.007137413722342643
2011-03-07,-0.008204553200577499
2011-03-08,0.009229136518703678
2011-03-09,-0.0010049545565084077
2011-03-10,-0.018573818191472087
2011-03-11,0.007522983787744055
2011-03-14,-0.005778657454369502
2011-03-15,-0.010952331378749505
2011-03-16,-0.019296204080382608
2011-03-17,0.013175967098301109
2011-03-18,0.004359877075941125
2011-03-21,0.01522606265712738
2011-03-22,-0.0031502235285450547
2011-03-23,0.003085478178332105
2011-03-24,0.009528565372172988
2011-03-25,0.003287564688270024
2011-03-28,-0.0026429185520602757
2011-03-29,0.00737277262659059
2011-03-30,0.00678154010502543
2011-03-31,-0.0016651118991604442
2011-04-01,0.005013755184014596
2011-04-04,0.0005060388974830082
2011-04-05,0.00031382461140408695
2011-04-06,0.0027458281726621
2011-04-07,-0.0013590435575005885
2011-04-08,-0.003921235469174211
2011-04-11,-0.002687064926793018
2011-04-12,-0.007452312420624464
2011-04-13,0.0005822214517914451
2011-04-14,0.00011067461885024461
2011-04-15,0.003941904014203595
2011-04-18,-0.01093787661437656
2011-04-19,0.005713072833693242
2011-04-20,0.013903399489399422
2011-04-21,0.005377380679228057
2011-04-25,-0.0016530754767445526
2011-04-26,0.009110998404244178
2011-04-27,0.006689399635615126
2011-04-28,0.003731949769602292
2011-04-29,0.002523930393565733
2011-05-02,-0.0016267864635100288
2011-05-03,-0.003118783349902314
2011-05-04,-0.006392586867432181
2011-05-05,-0.00898884476294387
2011-05-06,0.004068565276830512
2011-05-09,0.004601442394353569
2011-05-10,0.008061856217423452
2011-05-11,-0.010123637620720596
2011-05-12,0.005294566212938493
2011-05-13,-0.007947920348514539
2011-05-16,-0.006005894037748113
2011-05-17,-2.859138400068208e-05
2011-05-18,0.008991390352345259
2011-05-19,0.002416645311603508
2011-05-20,-0.007581187094455307
2011-05-23,-0.011820685606889942
2011-05-24,-0.0008297442661065673
2011-05-25,0.003134236962941304
2011-05-26,0.004351107620018027
2011-05-27,0.004429726361047567
2011-05-31,0.010563770677000177
2011-06-01,-0.022390701144885887
2011-06-02,-0.00109264894120753
2011-06-03,-0.009694409600944675
2011-06-06,-0.010511308546708129
2011-06-07,-0.0007763102438689912
2011-06-08,-0.003907596133301006
2011-06-09,0.0075844674314837395
2011-06-10,-0.013658539615671718
2011-06-13,0.001155486608319568
2011-06-14,0.012737665525010778
2011-06-15,-0.01746925812394729
2011-06-16,0.0020599985172353656
2011-06-17,0.003134475688381521
2011-06-20,0.005576237485762205
2011-06-21,0.01367328232353898
2011-06-22,-0.006352412436715248
2011-06-23,-0.002548721624110222
2011-06-24,-0.01179826359324399
2011-06-27,0.009337392239482104
2011-06-28,0.013334099584927395
2011-06-29,0.008633765873984706
2011-06-30,0.01022394552764
2011-07-01,0.01449235278842886
2011-07-05,-0.0010945224937983968
2011-07-06,0.001593699819326068
2011-07-07,0.01081651473286593
2011-07-08,-0.006761599464930326
2011-07-11,-0.017889446893223793
2011-07-12,-0.004327209265527112
2011-07-13,0.003268741877507624
2011-07-14,-0.006700359693131836
2011-07-15,0.005941547142706025
2011-07-18,-0.008048357456367313
2011-07-19,0.016513122998222614
2011-07-20,-0.0004119089316393509
2011-07-21,0.013800653342271202
2011-07-22,0.0010980759989330279
2011-07-25,-0.005493093223628931
2011-07-26,-0.003728950660280707
2011-07-27,-0.019959850261046363
2011-07-28,-0.002844182778436667
2011-07-29,-0.006264566032987714
2011-08-01,-0.004054157370598944
2011-08-02,-0.025291837106606294
2011-08-03,0.00567324577008335
2011-08-04,-0.04737700742938196
2011-08-05,-0.00031635160233213185
2011-08-08,-0.06563183748493026
2011-08-09,0.0480233392124476
2011-08-10,-0.043315812922023494
2011-08-11,0.04660305278636751
2011-08-12,0.005399414962521643
2011-08-15,0.022082025467188883
2011-08-16,-0.008935800786437919
2011-08-17,0.0011961724082293018
2011-08-18,-0.04378786763386024
2011-08-19,-0.014469921122673278
2011-08-22,0.0005326628464704669
2011-08-23,0.034745655113914566
2011-08-24,0.013352258148748453
2011-08-25,-0.015292135210574294
2011-08-26,0.01543921425216609
2011-08-29,0.028568560139296074
2011-08-30,0.0027401031710925696
2011-08-31,0.005206962630875661
2011-09-01,-0.011750022992094265
2011-09-02,-0.024922796741255786
2011-09-06,-0.007105857621754178
2011-09-07,0.029234502942552983
2011-09-08,-0.010483271152902478
2011-09-09,-0.026454450528230474
2011-09-12,0.007127929505875037
2011-09-13,0.00976604951242779
2011-09-14,0.013693898790564788
2011-09-15,0.017512725039720543
2011-09-16,0.005994659781901033
2011-09-19,-0.00935704834964298
2011-09-20,-0.0016578111048492637
2011-09-21,-0.02864412261311001
2011-09-22,-0.03156516173981164
2011-09-23,0.006551831997189466
2011-09-26,0.023497279070248626
2011-09-27,0.010788598660841208
2011-09-28,-0.020032393813552735
2011-09-29,0.008205166327947828
2011-09-30,-0.024514341906141258
2011-10-03,-0.027988726701073163
2011-10-04,0.022913108551542015
2011-10-05,0.018702107195143088
2011-10-06,0.018749445373236
2011-10-07,-0.007560213030763356
2011-10-10,0.03425834756417015
2011-10-11,0.0008281168532247792
2011-10-12,0.010124729750145138
2011-10-13,-0.0027082795807928045
2011-10-14,0.01751178022921546
2011-10-17,-0.018905303481439057
2011-10-18,0.02094228524425675
2011-10-19,-0.012193446446289826
2011-10-20,0.004630299519603792
2011-10-21,0.018949943938733827
2011-10-24,0.013295833019059887
2011-10-25,-0.019751507082982223
2011-10-26,0.010736188123432145
2011-10-27,0.03517850576042846
2011-10-28,0.0007071447773099799
2011-10-31,-0.02458638748735587
2011-11-01,-0.027529166230533652
2011-11-02,0.016431857571660942
2011-11-03,0.019165228760657297
2011-11-04,-0.006070259697336489
2011-11-07,0.006499822159593766
2011-11-08,0.012522449790499468
2011-11-09,-0.03634079495344119
2011-11-10,0.008851492231001156
2011-11-11,0.01969839271161596
2011-11-14,-0.009246004007963497
2011-11-15,0.004873235947375232
2011-11-16,-0.016214347675429317
2011-11-17,-0.016582266958403372
2011-11-18,-0.00034183075389936535
2011-11-21,-0.018538570068687497
2011-11-22,-0.003868163514156369
2011-11-23,-0.02177574263935616
2011-11-25,-0.0024359465299967167
2011-11-28,0.029433299332376428
2011-11-29,0.0028286742959368347
2011-11-30,0.04373035605374055
2011-12-01,-0.0016558620435411292
2011-12-02,-0.00014069937442201844
2011-12-05,0.01063623247286698
2011-12-06,0.0012552161763111909
2011-12-07,0.002369016680671209
2011-12-08,-0.02091922575838092
2011-12-09,0.01705419228780278
2011-12-12,-0.014719973604162826
2011-12-13,-0.008487710091520917
2011-12-14,-0.011036424853356867
2011-12-15,0.003427456709324832
2011-12-16,0.0033523908883061047
2011-12-19,-0.01165455559409777
2011-12-20,0.030157914157610113
2011-12-21,0.0021172728957891108
2011-12-22,0.00859569992997279
2011-12-23,0.009096492883457171
2011-12-27,3.076388286058214e-05
2011-12-28,-0.012137329235301163
2011-12-29,0.010683904451697564
2011-12-30,-0.004191844411551635
2012-01-03,0.01578947163052414
2012-01-04,0.0005593008653166655
2012-01-05,0.003057741816636754
2012-01-06,-0.0020532699265355106
2012-01-09,0.002470591802187814
2012-01-10,0.009111986893422736
2012-01-11,0.0005492713024625476
2012-01-12,0.002533857927008205
2012-01-13,-0.0047473549309681486
2012-01-17,0.003874287897055568
2012-01-18,0.011636953704727749
2012-01-19,0.005268106836977346
2012-01-20,0.0011447460823237722
2012-01-23,0.0005499259457297801
2012-01-24,-0.0007947751883984389
2012-01-25,0.00885196684716659
2012-01-26,-0.005426881952499203
2012-01-27,-0.0013926513110628434
2012-01-30,-0.0022228278233692457
2012-01-31,-0.00031779100594827637
2012-02-01,0.009416244224540423
2012-02-02,0.0014039578297203282
2012-02-03,0.014910243841040893
2012-02-06,-0.0003716823487599904
2012-02-07,0.0020966778304712455
2012-02-08,0.0027043254535573423
2012-02-09,0.001893524254745956
2012-02-10,-0.006867992377138214
2012-02-13,0.007041211449307214
2012-02-14,-0.0005682752899802268
2012-02-15,-0.004960458982848367
2012-02-16,0.01141320108507122
2012-02-17,0.002563219342929311
2012-02-21,0.0006163899404993933
2012-02-22,-0.0032714589039564528
2012-02-23,0.004651217722580529
2012-02-24,0.002065865674381848
2012-02-27,0.0015454859430531192
2012-02-28,0.003804032498201646
2012-02-29,-0.004342851064216945
2012-03-01,0.006270246456376666
2012-03-02,-0.0029741011479000904
2012-03-05,-0.0036128860742211995
2012-03-06,-0.015213620404342078
2012-03-07,0.00739404240961431
2012-03-08,0.009905403836891227
2012-03-09,0.0036440730923469494
2012-03-12,0.00029080547330164955
2012-03-13,0.018531377221007523
2012-03-14,-0.0009777594697216697
2012-03-15,0.006168783291753726
2012-03-16,0.0011585456297780676
2012-03-19,0.0038356419197533164
2012-03-20,-0.00270743844250939
2012-03-21,-0.0017673964803306458
2012-03-22,-0.006976353304683749
2012-03-23,0.0031932217729923125
2012-03-26,0.013982013487086187
2012-03-27,-0.0025064902041892156
2012-03-28,-0.0046082795768847854
2012-03-29,-0.0014933640511228762
2012-03-30,0.003892306088092906
2012-04-02,0.0075758575558337515
2012-04-03,-0.0036867468593880692
2012-04-04,-0.009879366923878174
2012-04-05,1.6897774680864909e-06
2012-04-09,-0.011312274567179488
2012-04-10,-0.016968760638332806
2012-04-11,0.007676847605801849
2012-04-12,0.013977004481376192
2012-04-13,-0.012283711297892436
2012-04-16,-0.0003082427839668597
2012-04-17,0.015662634977412094
2012-04-18,-0.0038358657936112496
2012-04-19,-0.005582733034864709
2012-04-20,0.0016107725912876732
2012-04-23,-0.008670135239365922
2012-04-24,0.0034921384596920966
2012-04-25,0.014150204802877245
2012-04-26,0.00725160771877568
2012-04-27,0.0030274296728300286
2012-04-30,-0.0036867776054032818
2012-05-01,0.005697303266026472
2012-05-02,-0.0021945052483664544
2012-05-03,-0.0074093854906990735
2012-05-04,-0.016124033869217964
2012-05-07,0.0002887579591612453
2012-05-08,-0.003994025449178619
2012-05-09,-0.006099359485583688
2012-05-10,0.002934009995690607
2012-05-11,-0.0030290965874618446
2012-05-14,-0.01093942247831485
2012-05-15,-0.005341797924600389
2012-05-16,-0.0040459331088994795
2012-05-17,-0.014423603331197389
2012-05-18,-0.007116648815369893
2012-05-21,0.01643578414763859
2012-05-22,0.0006538827354742408
2012-05-23,0.002044810740980257
2012-05-24,0.00170395797881741
2012-05-25,-0.0020044415476743937
2012-05-29,0.011384304864906176
2012-05-30,-0.013878325019951393
2012-05-31,-0.0020236181247811993
2012-06-01,-0.024444907889224047
2012-06-04,0.0004579558846717547
2012-06-05,0.0059540401081762395
2012-06-06,0.023252462704103513
2012-06-07,0.00010200858268948995
2012-06-08,0.008427677360940425
2012-06-11,-0.012601523725952907
2012-06-12,0.011741802368239499
2012-06-13,-0.006573156807425902
2012-06-14,0.01080332028037323
2012-06-15,0.010550629612179896
2012-06-18,0.0016264854448559225
2012-06-19,0.010028524819814854
2012-06-20,-0.0013389752024428856
2012-06-21,-0.021853911974921602
2012-06-22,0.00725612407636472
2012-06-25,-0.015477148128555544
2012-06-26,0.004859529679051927
2012-06-27,0.009181342896682836
2012-06-28,-0.0020779604813067802
2012-06-29,0.02548255207242558
2012-07-02,0.0025133014449354174
2012-07-03,0.006877875194089736
2012-07-05,-0.004399769705659827
2012-07-06,-0.008952651465110996
2012-07-09,-0.0015221849122972499
2012-07-10,-0.007871420930583033
2012-07-11,9.761195167042456e-05
2012-07-12,-0.004860711682050676
2012-07-13,0.016741009077665403
2012-07-16,-0.002243376811280607
2012-07-17,0.007475167175194033
2012-07-18,0.007080457005358008
2012-07-19,0.0030689007981754583
2012-07-20,-0.009581043544568789
2012-07-23,-0.008922671403269532
2012-07-24,-0.008908624082108714
2012-07-25,1.6768726488256244e-05
2012-07-26,0.017053562939427825
2012-07-27,0.01951065033817817
2012-07-30,-0.0002181342466301359
2012-07-31,-0.0041963213426399835
2012-08-01,-0.0029679671803386543
2012-08-02,-0.0069373112752463195
2012-08-03,0.019212614675514314
2012-08-06,0.0025095917010894437
2012-08-07,0.005443093408957655
2012-08-08,0.001281550676018109
2012-08-09,0.0008903684590106864
2012-08-10,0.002225172274641282
2012-08-13,-0.0009576173693771874
2012-08-14,0.000319194745147003
2012-08-15,0.0017526645547061527
2012-08-16,0.007136377745922738
2012-08-17,0.0019172110027405262
2012-08-20,0.0001114992034138102
2012-08-21,-0.003571751443094927
2012-08-22,0.0003493915843492574
2012-08-23,-0.007845769284517029
2012-08-24,0.006816246794038846
2012-08-27,-0.00037460936080951316
2012-08-28,-0.0007116128077353547
2012-08-29,0.0011978897216342386
2012-08-30,-0.0076079753678662525
2012-08-31,0.005286031185952415
2012-09-04,-0.000854971290256343
2012-09-05,-0.0007790862988333883
2012-09-06,0.020532513137633303
2012-09-07,0.0042079232103998275
2012-09-10,-0.006003568451775519
2012-09-11,0.003276704167556852
2012-09-12,0.002443094310683894
2012-09-13,0.016383062433280925
2012-09-14,0.004205499921118053
2012-09-17,-0.003033563680209892
2012-09-18,-0.001206223436621659
2012-09-19,0.0013112322689014216
2012-09-20,-0.00026746058496594446
2012-09-21,-9.287686855288616e-05
2012-09-24,-0.0019421229768175447
2012-09-25,-0.01042931306803321
2012-09-26,-0.00548465645988831
2012-09-27,0.009717885293083628
2012-09-28,-0.004400556652993828
2012-10-01,0.002892186635711502
2012-10-02,0.0009534622611615474
2012-10-03,0.00407842124331989
2012-10-04,0.007384366754815712
2012-10-05,5.3521722544471904e-05
2012-10-08,-0.003207941290319807
2012-10-09,-0.009789198686028086
2012-10-10,-0.0058051931411949795
2012-10-11,0.0005653990960113293
2012-10-12,-0.0026828224197556045
2012-10-15,0.008215901054408396
2012-10-16,0.010282993528667147
2012-10-17,0.004375778999595928
2012-10-18,-0.002243103228073556
2012-10-19,-0.01638826137634573
2012-10-22,0.0005921834785080769
2012-10-23,-0.014147272301489076
2012-10-24,-0.0028504975530085066
2012-10-25,0.0029232763282699397
2012-10-26,-0.00018141807660245336
2012-10-31,0.0006047901928235264
2012-11-01,0.010783321544479394
2012-11-02,-0.009062440685647757
2012-11-05,0.002387045287129671
2012-11-06,0.008184932792159351
2012-11-07,-0.02245017624084742
2012-11-08,-0.01208922054590769
2012-11-09,0.0016800884554759672
2012-11-12,0.0003503905107000482
2012-11-13,-0.0036142661317468765
2012-11-14,-0.01333382452765194
2012-11-15,-0.0016744492307890373
2012-11-16,0.005058416927863197
2012-11-19,0.01992396828561707
2012-11-20,0.0009101820351838289
2012-11-21,0.0024700082184275426
2012-11-23,0.01325512295972437
2012-11-26,-0.0018474032531023824
2012-11-27,-0.005030665764978055
2012-11-28,0.008391936717779809
2012-11-29,0.004502901828084942
2012-11-30,0.0004974488096091696
2012-12-03,-0.0047746938295362956
2012-12-04,-0.0013758976884832594
2012-12-05,0.002376458404566222
2012-12-06,0.0034825564587767734
2012-12-07,0.003184970163095003
2012-12-10,0.00046497267262059287
2012-12-11,0.006611470039205587
2012-12-12,0.0003259869808296833
2012-12-13,-0.0059139952800916565
2012-12-14,-0.0038410145776254707
2012-12-17,0.011825608032501156
2012-12-18,0.011615875219109702
2012-12-19,-0.0072544934167741775
2012-12-20,0.005737463495537086
2012-12-21,-0.00916045343651529
2012-12-24,-0.0022723661001957207
2012-12-26,-0.004803746552540181
2012-12-27,-0.0010017486154035953
2012-12-28,-0.01089227626663319
2012-12-31,0.01666858762936017
2013-01-02,0.02570508207999886
2013-01-03,-0.0020663771529411414
2013-01-04,0.005149165658871589
2013-01-07,-0.0029962689853668288
2013-01-08,-0.0027984577838620858
2013-01-09,0.0028528607522732936
2013-01-10,0.00751839915132836
2013-01-11,0.0002658683258172786
2013-01-14,-0.0008324582808985843
2013-01-15,0.0013930985894078881
2013-01-16,0.0004170527191047198
2013-01-17,0.005753219887594575
2013-01-18,0.0036738825765583773
2013-01-22,0.004517413378619497
2013-01-23,0.0016443507217358574
2013-01-24,0.0009895933907209582
2013-01-25,0.005563358990614666
2013-01-28,-0.001715929604361589
2013-01-29,0.005214587251053335
2013-01-30,-0.003223750223757596
2013-01-31,-0.0022151263503372154
2013-02-01,0.010154743187261372
2013-02-04,-0.011444611342793438
2013-02-05,0.010685294779563995
2013-02-06,0.0008107439923082644
2013-02-07,-0.001217826632065771
2013-02-08,0.0056612083481446165
2013-02-11,-0.0005257267034352578
2013-02-12,0.001702889683764346
2013-02-13,0.0012483517416788815
2013-02-14,0.0009911187867610992
2013-02-15,-0.001041309273824195
2013-02-19,0.007494700055205611
2013-02-20,-0.01206371419540174
2013-02-21,-0.005806921234663073
2013-02-22,0.009066175703638386
2013-02-25,-0.018087184398731148
2013-02-26,0.006364401752507045
2013-02-27,0.013009798418145566
2013-02-28,-0.0008287401891980053
2013-03-01,0.002565623049016908
2013-03-04,0.004999047660464455
2013-03-05,0.009579187276892312
2013-03-06,0.001463726100103953
2013-03-07,0.0020380823283101886
2013-03-08,0.004582895295948258
2013-03-11,0.0033644139756823163
2013-03-12,-0.0020873365879813728
2013-03-13,0.0017171080985531595
2013-03-14,0.00557688729398805
2013-03-15,-0.0014682697693819784
2013-03-18,-0.005313487062283696
2013-03-19,-0.0022038117309745855
2013-03-20,0.006880835078815063
2013-03-21,-0.008325763640949573
2013-03-22,0.007257307122461599
2013-03-25,-0.0032574991853063172
2013-03-26,0.008179045718830907
2013-03-27,-0.0003791717669617975
2013-03-28,0.0041098704596773256
2013-04-01,-0.0041602541141548014
2013-04-02,0.005179105889080248
2013-04-03,-0.010251347625882767
2013-04-04,0.004186571491375332
2013-04-05,-0.004157706517377488
2013-04-08,0.00675582584696781
2013-04-09,0.003949806054097701
2013-04-10,0.012246458084726705
2013-04-11,0.0036855584540911625
2013-04-12,-0.002627803599092305
2013-04-15,-0.022521869181538017
2013-04-16,0.014333781745076189
2013-04-17,-0.014019915885092748
2013-04-18,-0.006497970254111548
2013-04-19,0.009223685937372028
2013-04-22,0.004808693333117282
2013-04-23,0.010610381769731109
2013-04-24,0.0005695687537625167
2013-04-25,0.004422980945532558
2013-04-26,-0.0016888966753753067
2013-04-29,0.007210884136012296
2013-04-30,0.0026993206794966185
2013-05-01,-0.009021201494853925
2013-05-02,0.009614218015073709
2013-05-03,0.010864831112463483
2013-05-06,0.0019292340650364406
2013-05-07,0.005352123846735668
2013-05-08,0.004629327637290092
2013-05-09,-0.0031374867390645492
2013-05-10,0.004545851528582322
2013-05-13,0.00021640449906090755
2013-05-14,0.010575265116390196
2013-05-15,0.005698591199576489
2013-05-16,-0.0047291202546062274
2013-05-17,0.010435209054855893
2013-05-20,-0.0005814870720806066
2013-05-21,0.0018142989628760584
2013-05-22,-0.008075806717797623
2013-05-23,-0.002732024621761968
2013-05-24,-0.0003138146752817532
2013-05-28,0.006586063988247817
2013-05-29,-0.00689575304833108
2013-05-30,0.003818514574985682
2013-05-31,-0.014047347382127902
2013-06-03,0.006161715598057749
2013-06-04,-0.005308357666039215
2013-06-05,-0.013373154246418288
2013-06-06,0.008698059552172437
2013-06-07,0.013068739412755659
2013-06-10,-0.00019430363596831664
2013-06-11,-0.010141921373470548
2013-06-12,-0.008082861002749558
2013-06-13,0.014889347894582789
2013-06-14,-0.005818300684280688
2013-06-17,0.007725316061595088
2013-06-18,0.007856169731449814
2013-06-19,-0.013781335600009338
2013-06-20,-0.024735477919045467
2013-06-21,0.002524178261097514
2013-06-24,-0.011737944032195021
2013-06-25,0.00953555864214279
2013-06-26,0.009946987886637082
2013-06-27,0.006450766382255429
2013-06-28,-0.0042356706237365
2013-07-01,0.005632624295698987
2013-07-02,-0.00033729807961238367
2013-07-03,0.0009089945921214822
2013-07-05,0.010228001837597044
2013-07-08,0.005842707984298242
2013-07-09,0.007413783883347543
2013-07-10,0.0003348619920385274
2013-07-11,0.0137820571048529
2013-07-12,0.003174885823474614
2013-07-15,0.0016029820487386125
2013-07-16,-0.0036994105363830393
2013-07-17,0.002940579765801381
2013-07-18,0.005215100919556875
2013-07-19,0.0019734855791260567
2013-07-22,0.002118825027939555
2013-07-23,-0.001655772108603417
2013-07-24,-0.0034754326999506258
2013-07-25,0.002730503038720945
2013-07-26,0.0009359131513213582
2013-07-29,-0.0035602865416207944
2013-07-30,0.0006808234567632571
2013-07-31,0.00011205002128782826
2013-08-01,0.012718771081039595
2013-08-02,0.0018248067576791596
2013-08-05,-0.0013627893448642052
2013-08-06,-0.0055996309701798
2013-08-07,-0.0034359779481508224
2013-08-08,0.004174924890895073
2013-08-09,-0.003239924169598751
2013-08-12,-0.001017206550364296
2013-08-13,0.00305058132254078
2013-08-14,-0.004911836408864538
2013-08-15,-0.014147528025523432
2013-08-16,-0.0032309235538026913
2013-08-19,-0.005762258540057427
2013-08-20,0.003933865937645452
2013-08-21,-0.005552539415871907
2013-08-22,0.00870871180139054
2013-08-23,0.004301847327843633
2013-08-26,-0.003948678881091552
2013-08-27,-0.01565798448636226
2013-08-28,0.0028308041585400254
2013-08-29,0.0023093515030395036
2013-08-30,-0.002874036953519532
2013-09-03,0.004305823721471189
2013-09-04,0.008416236901840865
2013-09-05,0.001351860122118456
2013-09-06,0.00020422232567020283
2013-09-09,0.010185021077744537
2013-09-10,0.00757357053038173
2013-09-11,0.003292816071975174
2013-09-12,-0.002965621275879177
2013-09-13,0.0029053536447182305
2013-09-16,0.005845886755039935
2013-09-17,0.004416620983406805
2013-09-18,0.012402721074800924
2013-09-19,-0.001569478785211974
2013-09-20,-0.007053008114467077
2013-09-23,-0.004534075666808288
2013-09-24,-0.002282989897988698
2013-09-25,-0.002683316007449184
2013-09-26,0.0037235796514909466
2013-09-27,-0.0039760942752430275
2013-09-30,-0.005945852178305783
2013-10-01,0.00802973529267226
2013-10-02,-0.0003751220319030888
2013-10-03,-0.008911547187172521
2013-10-04,0.007077145058079932
2013-10-07,-0.008606959180140504
2013-10-08,-0.011721984419572755
2013-10-09,0.0007766893489118554
2013-10-10,0.02213421594975785
2013-10-11,0.006325148782004932
2013-10-14,0.004106117913009726
2013-10-15,-0.006972006836688038
2013-10-16,0.014046622442024344
2013-10-17,0.006938146747694375
2013-10-18,0.007082453056413635
2013-10-21,0.00013130152208318222
2013-10-22,0.00593813696777078
2013-10-23,-0.004542751645369759
2013-10-24,0.0035882492265862068
2013-10-25,0.0047726959765379065
2013-10-28,0.00153698591999517
2013-10-29,0.005819454959121381
2013-10-30,-0.004586913666571882
2013-10-31,-0.003462016173245865
2013-11-01,0.0029224781464282667
2013-11-04,0.0036903812071753064
2013-11-05,-0.0025289772292812762
2013-11-06,0.0051021808118722435
2013-11-07,-0.012917145253312015
2013-11-08,0.013589989171110114
2013-11-11,0.0009298814736448208
2013-11-12,-0.002103040133798661
2013-11-13,0.00850611041272544
2013-11-14,0.005223370289353665
2013-11-15,0.0042648813521054775
2013-11-18,-0.0035371188893031217
2013-11-19,-0.0018465144995291102
2013-11-20,-0.0034972517271725555
2013-11-21,0.008262481425534885
2013-11-22,0.00527613040773435
2013-11-25,-0.0010245382100136124
2013-11-26,0.00040723744002665695
2013-11-27,0.0028636387118549113
2013-11-29,-0.0006352817451049178
2013-12-02,-0.0024539433317811426
2013-12-03,-0.003088911247434922
2013-12-04,-0.0009919340077942662
2013-12-05,-0.004338787375459902
2013-12-06,0.011443151484791185
2013-12-09,0.0019411685319586738
2013-12-10,-0.0032401661571629108
2013-12-11,-0.01098973070945579
2013-12-12,-0.00349622208227542
2013-12-13,8.436823298181046e-06
2013-12-16,0.006458019107926535
2013-12-17,-0.0030189602622010046
2013-12-18,0.01676425106754069
2013-12-19,-0.0003781636515274742
2013-12-20,0.0051385798092979966
2013-12-23,0.0054431659329905735
2013-12-24,0.0030346018886900344
2013-12-26,0.004825826236423578
2013-12-27,-0.00019002182963321615
2013-12-30,-7.265472681293011e-05
2013-12-31,0.004049557679802591
2014-01-02,-0.008538556114065045
2014-01-03,-0.00022352944460691897
2014-01-06,-0.002383625942896662
2014-01-07,0.006195448083642114
2014-01-08,0.00022798598446559026
2014-01-09,0.000476303122081188
2014-01-10,0.0024004078860905146
2014-01-13,-0.012347589198013327
2014-01-14,0.011027246175959016
2014-01-15,0.0051969980423995565
2014-01-16,-0.0012011952523057973
2014-01-17,-0.003653571566783923
2014-01-21,0.002945729556653596
2014-01-22,0.0007679870484661113
2014-01-23,-0.008774410421065451
2014-01-24,-0.02067725700587956
2014-01-27,-0.004851876761677721
2014-01-28,0.00660826827450927
2014-01-29,-0.010031496571574839
2014-01-30,0.011880421413647278
2014-01-31,-0.006272645341410592
2014-02-03,-0.022866958705209637
2014-02-04,0.007853976283291507
2014-02-05,-0.0016001191125478448
2014-02-06,0.013022329056253284
2014-02-07,0.0134829058628356
2014-02-10,0.001737387200352446
2014-02-11,0.011245610799045772
2014-02-12,0.0002675645916916585
2014-02-13,0.0062021385319325105
2014-02-14,0.004928619500623038
2014-02-18,0.00152034080381427
2014-02-19,-0.0062227460694441695
2014-02-20,0.00625168423766873
2014-02-21,-0.0016782342915231362
2014-02-24,0.006394592311207002
2014-02-25,-0.001215465160024462
2014-02-26,0.00048327740818293044
2014-02-27,0.005069644039535197
2014-02-28,0.0028164969792694584
2014-03-03,-0.007291323017842876
2014-03-04,0.015382769280635124
2014-03-05,0.00029023990115800534
2014-03-06,0.001862468435893806
2014-03-07,0.0006199919436659051
2014-03-10,-0.00039309927176795715
2014-03-11,-0.004964111910411967
2014-03-12,0.0006535942973784711
2014-03-13,-0.011506576274490928
2014-03-14,-0.002704934645379363
2014-03-17,0.009678518910303788
2014-03-18,0.007360184519158799
2014-03-19,-0.00605952694609973
2014-03-20,0.006134879474815538
2014-03-21,-0.002755805710199201
2014-03-24,-0.0046032013032885
2014-03-25,0.004600002442116776
2014-03-26,-0.006862217773192402
2014-03-27,-0.0015715232860617826
2014-03-28,0.00479029409149784
2014-03-31,0.008059288084393651
2014-04-01,0.007304043198116343
2014-04-02,0.0030840811787687414
2014-04-03,-0.0011345365783190678
2014-04-04,-0.0124566070936982
2014-04-07,-0.010566427482910649
2014-04-08,0.0044200946629977325
2014-04-09,0.011246626105994079
2014-04-10,-0.020834857686796736
2014-04-11,-0.009330426294237783
2014-04-14,0.008405261731840549
2014-04-15,0.006813112288371398
2014-04-16,0.01066810286521143
2014-04-17,0.0015021548971350795
2014-04-21,0.0038306332561036482
2014-04-22,0.004219807046896642
2014-04-23,-0.0020038483337080485
2014-04-24,0.001963655697266525
2014-04-25,-0.008057563097086108
2014-04-28,0.0034549790026928754
2014-04-29,0.005009307005474612
2014-04-30,0.0032544652523095064
2014-05-01,6.128270670113557e-05
2014-05-02,-0.0013075238038035737
2014-05-05,0.001990317277573806
2014-05-06,-0.008916098523475044
2014-05-07,0.006192125414294474
2014-05-08,-0.0009685201160065215
2014-05-09,0.0018777031229948616
2014-05-12,0.010025538464795878
2014-05-13,0.0007971848961598822
2014-05-14,-0.0044933227772601435
2014-05-15,-0.009263544394925024
2014-05-16,0.0038299424637356465
2014-05-19,0.003967963339147483
2014-05-20,-0.006463593449540789
2014-05-21,0.008368722024614472
2014-05-22,0.002526930547551582
2014-05-23,0.004378969096927021
2014-05-27,0.006115265591885299
2014-05-28,-0.0009442599887839828
2014-05-29,0.005564229678891941
2014-05-30,0.001929280911206784
2014-06-02,0.0008770837401844187
2014-06-03,-0.00031310095818602084
2014-06-04,0.0021852836977735847
2014-06-05,0.006713206017411297
2014-06-06,0.004921428043728484
2014-06-09,0.0010856475852449464
2014-06-10,-0.00016016990522410847
2014-06-11,-0.0033894210646604494
2014-06-12,-0.006735966084153149
2014-06-13,0.0032483138805101453
2014-06-16,0.0010622520273559219
2014-06-17,0.002311626508397744
2014-06-18,0.007958473287918176
2014-06-19,0.0013608389536015136
2014-06-20,0.00180443047612039
2014-06-23,4.057576262665791e-05
2014-06-24,-0.006115192452351584
2014-06-25,0.004984702767633511
2014-06-26,-0.001078477636167007
2014-06-27,0.0021125349908301607
2014-06-30,-0.00021109937240920815
2014-07-01,0.006978243202730512
2014-07-02,0.0007205276660385337
2014-07-03,0.005463273577310415
2014-07-07,-0.0037730640695579146
2014-07-08,-0.006654937546753297
2014-07-09,0.00474332980130842
2014-07-10,-0.0040889515785017694
2014-07-11,0.001685740744514799
2014-07-14,0.004938089146465613
2014-07-15,-0.0018109708894767898
2014-07-16,0.004669992217975657
2014-07-17,-0.011467970511360922
2014-07-18,0.01033807677384371
2014-07-21,-0.0021939022770708643
2014-07-22,0.005060245303451699
2014-07-23,0.0019705005644965043
2014-07-24,0.0006079424865514452
2014-07-25,-0.004744248144321426
2014-07-28,0.00032075086790171313
2014-07-29,-0.004351420818962429
2014-07-30,0.00032399678653385574
2014-07-31,-0.019824320937858565
2014-08-01,-0.0028822820004165235
2014-08-04,0.007241767678141277
2014-08-05,-0.009414051298145583
2014-08-06,0.0006574677591175987
2014-08-07,-0.005229546859796899
2014-08-08,0.01161129667809872
2014-08-11,0.0029514638773286534
2014-08-12,-0.0016349736346549847
2014-08-13,0.006989309747873869
2014-08-14,0.004455994173355142
2014-08-15,0.0002337414380982637
2014-08-18,0.008677393334262826
2014-08-19,0.005385475350080744
2014-08-20,0.002562322696490902
2014-08-21,0.0030729118717385887
2014-08-22,-0.0016705795782625183
2014-08-25,0.0048577650791174
2014-08-26,0.0011405456480343414
2014-08-27,0.00018235348653938195
2014-08-28,-0.001543076037351606
2014-08-29,0.0033828677594331213
2014-09-02,-0.0003589979137811008
2014-09-03,-0.00048282545289445543
2014-09-04,-0.0013191167173845816
2014-09-05,0.005098297671594958
2014-09-08,-0.0029068851753871333
2014-09-09,-0.006474208939117401
2014-09-10,0.0038403217840014743
2014-09-11,0.0011668858767953148
2014-09-12,-0.005765037770577018
2014-09-15,-0.0007329317356166151
2014-09-16,0.007612094069912452
2014-09-17,0.001334623691824271
2014-09-18,0.005115637930315595
2014-09-19,-0.0003738393236477034
2014-09-22,-0.007892939433076387
2014-09-23,-0.0056760022085054805
2014-09-24,0.00812880868359202
2014-09-25,-0.01610052170912151
2014-09-26,0.008834352190001685
2014-09-29,-0.002428901274660496
2014-09-30,-0.002549047351414174
2014-10-01,-0.013007258780377205
2014-10-02,0.00023057246324115557
2014-10-03,0.011264993283736898
2014-10-06,-0.0013990970563120533
2014-10-07,-0.014953699287572791
2014-10-08,0.017776171244573282
2014-10-09,-0.02045117447857651
2014-10-10,-0.011075030093825253
2014-10-13,-0.016264543264585145
2014-10-14,0.0017582053531229314
2014-10-15,-0.00788055014507017
2014-10-16,0.00040297072293320906
2014-10-17,0.012968109542941815
2014-10-20,0.00930508933789414
2014-10-21,0.01970808985094667
2014-10-22,-0.006961685145033253
2014-10-23,0.012383731111287613
2014-10-24,0.007054210014516993
2014-10-27,-0.0013444459111518247
2014-10-28,0.011991627652815131
2014-10-29,-0.0011741766177656345
2014-10-30,0.006637846027250093
2014-10-31,0.011833606401043383
2014-11-03,-9.446254167615558e-05
2014-11-04,-0.002558108920133215
2014-11-05,0.006131573466397323
2014-11-06,0.004388410564827839
2014-11-07,0.0008102256845940897
2014-11-10,0.003368911155782001
2014-11-11,0.0007457130158752768
2014-11-12,-0.00033921457697502517
2014-11-13,0.0010537193297486713
2014-11-14,0.00053184177445826
2014-11-17,0.0009256479394710548
2014-11-18,0.005392616304360552
2014-11-19,-0.0011259735931570605
2014-11-20,0.001983010391796257
2014-11-21,0.0054035366987386655
2014-11-24,0.002991389064524869
2014-11-25,-0.0010567028358353674
2014-11-26,0.003133816819489298
2014-11-28,-0.0015743345369688448
2014-12-01,-0.006798739813646103
2014-12-02,0.006468597339310302
2014-12-03,0.004006428781395545
2014-12-04,-0.0010545854788812548
2014-12-05,0.0017262009463204118
2014-12-08,-0.006803019170351082
2014-12-09,-8.63990021446106e-05
2014-12-10,-0.01619479718464179
2014-12-11,0.004949644523361219
2014-12-12,-0.015922401833674087
2014-12-15,-0.006049759783661435
2014-12-16,-0.008467302619897345
2014-12-17,0.020445196461611564
2014-12-18,0.024538486718113317
2014-12-19,0.004691821717344743
2014-12-22,0.004367738317622582
2014-12-23,0.0020959639555303837
2014-12-24,-7.847830653983649e-05
2014-12-26,0.003342664206076726
2014-12-29,0.0009878172378774243
2014-12-30,-0.004683043598399844
2014-12-31,-0.01018672192393493
2015-01-02,-0.00016792266667948637
2015-01-05,-0.017985549940051894
2015-01-06,-0.008764273167698717
2015-01-07,0.012253080305180457
2015-01-08,0.017975600047895758
2015-01-09,-0.008344235765418281
2015-01-12,-0.007851448564279394
2015-01-13,-0.002427491260642313
2015-01-14,-0.00577821449343354
2015-01-15,-0.009020872740545601
2015-01-16,0.013509074480300962
2015-01-20,0.0018920457113434232
2015-01-21,0.005060883950585164
2015-01-22,0.015506686777162923
2015-01-23,-0.005196000334943264
2015-01-26,0.0026333558820195815
2015-01-27,-0.013042527620598455
2015-01-28,-0.012971465200451813
2015-01-29,0.00997674478089216
2015-01-30,-0.012319552881121465
2015-02-02,0.013070423750509366
2015-02-03,0.014504039413390414
2015-02-04,-0.0035052371823519886
2015-02-05,0.010744681756840449
2015-02-06,-0.0028212461279322303
2015-02-09,-0.004208960269107594
2015-02-10,0.01099832769511868
2015-02-11,0.0003098255352125785
2015-02-12,0.01004117285155987
2015-02-13,0.004297375391005278
2015-02-17,0.0017690318904653947
2015-02-18,-0.0001249762246631476
2015-02-19,-0.0007293071116763103
2015-02-20,0.00627050210598417
2015-02-23,-0.0001738379512678769
2015-02-24,0.0028481443641975865
2015-02-25,-0.00041092881420108727
2015-02-26,-0.0010372767447775792
2015-02-27,-0.0028041975439661976
2015-03-02,0.006351120845041819
2015-03-03,-0.004493887475098081
2015-03-04,-0.004074856454218868
2015-03-05,0.0014545886445414724
2015-03-06,-0.014003933877277237
2015-03-09,0.004087802303724364
2015-03-10,-0.016753757129997313
2015-03-11,-0.0017155414985992195
2015-03-12,0.01311952602731111
2015-03-13,-0.0059185370905481685
2015-03-16,0.01373826624788247
2015-03-17,-0.003258615070761087
2015-03-18,0.012233016275328502
2015-03-19,-0.004738922873717076
2015-03-20,0.00919391611454977
2015-03-23,-0.001574682201204225
2015-03-24,-0.005852991756496759
2015-03-25,-0.014190394576140509
2015-03-26,-0.002172656168449992
2015-03-27,0.0025696338598062266
2015-03-30,0.012366483931542807
2015-03-31,-0.00854112496240472
2015-04-01,-0.00383514629871276
2015-04-02,0.0035847221260573337
2015-04-06,0.006715110602059988
2015-04-07,-0.0019969124540206817
2015-04-08,0.003349150662789841
2015-04-09,0.004634977702555032
2015-04-10,0.005283574034852818
2015-04-13,-0.00439743054719665
2015-04-14,0.0016974928601074428
2015-04-15,0.005298652736143714
2015-04-16,-0.0006669661975526475
2015-04-17,-0.011335431700256462
2015-04-20,0.009349362048406383
2015-04-21,-0.0012506580172747623
2015-04-22,0.0052426657345985336
2015-04-23,0.0026395693609532604
2015-04-24,0.002970737858819221
2015-04-27,-0.003993221249036548
2015-04-28,0.0029219000337041066
2015-04-29,-0.0034995591513019863
2015-04-30,-0.009912760594432562
2015-05-01,0.010965914225843254
2015-05-04,0.002955528972994763
2015-05-05,-0.011556949970010841
2015-05-06,-0.003937649686227544
2015-05-07,0.004154306826187036
2015-05-08,0.013446500090313108
2015-05-11,-0.00469716435540217
2015-05-12,-0.002734559368320296
2015-05-13,3.192307655970641e-05
2015-05-14,0.01096336076342959
2015-05-15,0.0008818905285400736
2015-05-18,0.003197592085630184
2015-05-19,-0.0006609153842101458
2015-05-20,-0.0007353108453242347
2015-05-21,0.002618491432140689
2015-05-22,-0.0021774173197923407
2015-05-26,-0.010248877888419406
2015-05-27,0.009499321004584933
2015-05-28,-0.0010411923573079918
2015-05-29,-0.006052283296933666
2015-06-01,0.0022143413689505245
2015-06-02,-0.0008491084212762296
2015-06-03,0.002455954593423562
2015-06-04,-0.00856826700349043
2015-06-05,-0.0012976986372932554
2015-06-08,-0.006321155575900514
2015-06-09,0.0005768206700050594
2015-06-10,0.012177895006585763
2015-06-11,0.0020410963604577215
2015-06-12,-0.006878916832040512
2015-06-15,-0.004552287048588939
2015-06-16,0.0058368388142231295
2015-06-17,0.0020644353702370397
2015-06-18,0.00991025212649066
2015-06-19,-0.005268325843241657
2015-06-22,0.006257563098254376
2015-06-23,0.0008751531779238113
2015-06-24,-0.007256184155381554
2015-06-25,-0.0028132979935013803
2015-06-26,-5.240365993853451e-05
2015-06-29,-0.020659450887048278
2015-06-30,0.0027679516564520453
2015-07-01,0.0072820623242434174
2015-07-02,-0.0002654025131032394
2015-07-06,-0.0037055095057757586
2015-07-07,0.006322778734750969
2015-07-08,-0.016200734857761228
2015-07-09,0.0023944098621271996
2015-07-10,0.012446990173843802
2015-07-13,0.011347006049637185
2015-07-14,0.004550879774631724
2015-07-15,-0.0007845670084872192
2015-07-16,0.008306074504225344
2015-07-17,0.001945018892529428
2015-07-20,0.0007751145149201277
2015-07-21,-0.00414095220529023
2015-07-22,-0.0020138445524308024
2015-07-23,-0.005466027998083181
2015-07-24,-0.00987899130264749
2015-07-27,-0.0055699153987055034
2015-07-28,0.012513700078814827
2015-07-29,0.007589782215737311
2015-07-30,0.0003777798934176419
2015-07-31,-0.0020825516459771877
2015-08-03,-0.0025224476953040935
2015-08-04,-0.0019142180897995977
2015-08-05,0.004051794245655233
2015-08-06,-0.007254582577390969
2015-08-07,-0.0029041138990963666
2015-08-10,0.012899900772519774
2015-08-11,-0.008956366709456409
2015-08-12,0.001304966189075919
2015-08-13,-0.0011320551886189714
2015-08-14,0.004035700927471427
2015-08-17,0.0053426962648673105
2015-08-18,-0.002514688824341554
2015-08-19,-0.008055340002162447
2015-08-20,-0.02075199072989484
2015-08-21,-0.03143736062511032
2015-08-24,-0.03914381254906164
2015-08-25,-0.013150642981055895
2015-08-26,0.03952141411925246
2015-08-27,0.024520175823058227
2015-08-28,0.0007693845436428538
2015-08-31,-0.00815581043596969
2015-09-01,-0.02931895383796283
2015-09-02,0.018601026829855132
2015-09-03,0.0014146755840479096
2015-09-04,-0.015146430711805997
2015-09-08,0.025595309723502345
2015-09-09,-0.013759356161944068
2015-09-10,0.005315839556648403
2015-09-11,0.004951923500922409
2015-09-14,-0.0039631771966560925
2015-09-15,0.01276011742220431
2015-09-16,0.008926565638560867
2015-09-17,-0.0021826976363760998
2015-09-18,-0.015946154552431792
2015-09-21,0.0047400863713640395
2015-09-22,-0.012150826415729298
2015-09-23,-0.0020035953638722665
2015-09-24,-0.0032732491201750893
2015-09-25,-0.00024053709209041643
2015-09-28,-0.02519585203173816
2015-09-29,0.0013222530954162001
2015-09-30,0.01938677988510282
2015-10-01,0.0022470698868850485
2015-10-02,0.01479320401346276
2015-10-05,0.018549497551880515
2015-10-06,-0.0033213388652664384
2015-10-07,0.00861257646542713
2015-10-08,0.008882370012493567
2015-10-09,0.0009487222892682483
2015-10-12,0.0013811267466338518
2015-10-13,-0.006578835434613342
2015-10-14,-0.004865120089096153
2015-10-15,0.014870443575778327
2015-10-16,0.004780708711742794
2015-10-19,0.0002510671783747518
2015-10-20,-0.0012605878416212417
2015-10-21,-0.005501319079018163
2015-10-22,0.017092089471631915
2015-10-23,0.011574472017904252
2015-10-26,-0.0016072713027560097
2015-10-27,-0.002235158253445634
2015-10-28,0.012213865422059652
2015-10-29,-0.00014499394784942327
2015-10-30,-0.004501436170572596
2015-11-02,0.011808047595340524
2015-11-03,0.002958015684864017
2015-11-04,-0.002930562592039693
2015-11-05,-0.0004423605467177399
2015-11-06,0.00013734107400829615
2015-11-09,-0.009416133859094601
2015-11-10,0.0019793746557114646
2015-11-11,-0.00311862285027518
2015-11-12,-0.013618960344955206
2015-11-13,-0.011028609125249451
2015-11-16,0.015337523300923965
2015-11-17,-0.0007521490093029851
2015-11-18,0.01646103112376844
2015-11-19,-0.0009370436603294691
2015-11-20,0.004090004001205712
2015-11-23,-0.0009064145492279392
2015-11-24,0.0013877997558944233
2015-11-25,0.0001783044729177258
2015-11-27,0.0007893337124912364
2015-11-30,-0.004691282217874628
2015-12-01,0.010831361396555205
2015-12-02,-0.010553104461696652
2015-12-03,-0.01401092549713206
2015-12-04,0.02057019573981173
2015-12-07,-0.00639053198835023
2015-12-08,-0.006104987587960097
2015-12-09,-0.007438734050502612
2015-12-10,0.002428023418689075
2015-12-11,-0.019156472946841186
2015-12-14,0.005123016878421901
2015-12-15,0.010665751617686391
2015-12-16,0.014831574155090064
2015-12-17,-0.01481934645638019
2015-12-18,-0.017531948248463682
2015-12-21,0.007960533543900337
2015-12-22,0.00904225787561082
2015-12-23,0.012674032475853731
2015-12-24,-0.0016187629536420305
2015-12-28,-0.0020127685927310043
2015-12-29,0.010932595158325193
2015-12-30,-0.007050348825178972
2015-12-31,-0.009383065373381357
2016-01-04,-0.01499765763482141
2016-01-05,0.0022628076671063584
2016-01-06,-0.012314632348926184
2016-01-07,-0.02320591334198148
2016-01-08,-0.010732486235694607
2016-01-11,0.001265502105906427
2016-01-12,0.007911136985274146
2016-01-13,-0.02475467267073455
2016-01-14,0.017085262097283314
2016-01-15,-0.021382538841349726
2016-01-19,0.0008319114025856887
2016-01-20,-0.011245187266982423
2016-01-21,0.005689362472424845
2016-01-22,0.0206984925184413
2016-01-25,-0.015119681176631122
2016-01-26,0.014295220354518896
2016-01-27,-0.010324494127183202
2016-01-28,0.006965021413914056
2016-01-29,0.025074504133245343
2016-02-01,-0.00017800069774494157
2016-02-02,-0.018190822129108473
2016-02-03,0.0054695384334453945
2016-02-04,0.0021005350693459814
2016-02-05,-0.017822322909246135
2016-02-08,-0.013596553193453015
2016-02-09,-0.00023734096899608926
2016-02-10,0.0004928313872855935
2016-02-11,-0.011459113363110193
2016-02-12,0.019792666581819687
2016-02-16,0.017074643644383214
2016-02-17,0.01693386750385686
2016-02-18,-0.004609179586240106
2016-02-19,0.00037744584009513925
2016-02-22,0.014675598943584516
2016-02-23,-0.0119893616298477
2016-02-24,0.004665514225873834
2016-02-25,0.01176420172514933
2016-02-26,-0.001570452975274511
2016-02-29,-0.007970526841109275
2016-03-01,0.02400555887123771
2016-03-02,0.004350453286384308
2016-03-03,0.003753679060162677
2016-03-04,0.0034450658456737933
2016-03-07,0.001169221519309031
2016-03-08,-0.01062327678088299
2016-03-09,0.005284252714859208
2016-03-10,0.0003398202375123572
2016-03-11,0.01670723173978035
2016-03-14,-0.0010108448427291492
2016-03-15,-0.0016732600590681813
2016-03-16,0.005882965374760885
2016-03-17,0.006600140104316574
2016-03-18,0.004505662412043052
2016-03-21,0.001127919343649811
2016-03-22,-0.0006461086233287194
2016-03-23,-0.00612286608857652
2016-03-24,-0.00024972643990097125
2016-03-28,0.0006157319687015738
2016-03-29,0.009056719743982289
2016-03-30,0.0045206847671394245
2016-03-31,-0.0019812772872624083
2016-04-01,0.006577043596096723
2016-04-04,-0.0029102275573109977
2016-04-05,-0.009908849360631576
2016-04-06,0.01104579046125502
2016-04-07,-0.011863045504162017
2016-04-08,0.00285295898712564
2016-04-11,-0.002681727238854193
2016-04-12,0.009909306300818642
2016-04-13,0.010404021367267284
2016-04-14,0.00035731750036994985
2016-04-15,-0.0008081812055716511
2016-04-18,0.006753394752393093
2016-04-19,0.0032348042799747903
2016-04-20,0.0010080237610297382
2016-04-21,-0.004969784188230521
2016-04-22,0.0003598654742666487
2016-04-25,-0.0015809878885024488
2016-04-26,0.0019497509262252038
2016-04-27,0.0020653126525927473
2016-04-28,-0.008781900910418406
2016-04-29,-0.004469086102971399
2016-05-02,0.008021172597606499
2016-05-03,-0.008508810594787105
2016-05-04,-0.0054802237645012845
2016-05-05,0.0002705655994918958
2016-05-06,0.0036206919988936506
2016-05-09,0.0010172845454395662
2016-05-10,0.012624728178336547
2016-05-11,-0.008882806521318553
2016-05-12,0.0001378876121674638
2016-05-13,-0.008377767341427185
2016-05-16,0.01001089148174251
2016-05-17,-0.0092330028051305
2016-05-18,0.0003455648727683217
2016-05-19,-0.0029017987188389134
2016-05-20,0.006281252634047062
2016-05-23,-0.002001608166602143
2016-05-24,0.013780704420322544
2016-05-25,0.007133071878390238
2016-05-26,0.00012293871372288402
2016-05-27,0.004430474381213077
2016-05-31,-0.0007380794453106994
2016-06-01,0.0013890683258284285
2016-06-02,0.003003831727116946
2016-06-03,-0.0026491085231592345
2016-06-06,0.0050580888212538805
2016-06-07,0.0014102617326861755
2016-06-08,0.003579155160896196
2016-06-09,-0.0016396765426518907
2016-06-10,-0.009011744596022733
2016-06-13,-0.007687227543515877
2016-06-14,-0.001533303614178021
2016-06-15,-0.0017147349185347596
2016-06-16,0.0033160059340070287
2016-06-17,-0.0031151946488211443
2016-06-20,0.005941841849568322
2016-06-21,0.0027989280264801076
2016-06-22,-0.0016030982522743447
2016-06-23,0.013451067315625074
2016-06-24,-0.035118138470780116
2016-06-27,-0.0176125829173672
2016-06-28,0.017989987531847714
2016-06-29,0.01740050649163292
2016-06-30,0.013733016903559964
2016-07-01,0.002257652629662739
2016-07-05,-0.00647291514108677
2016-07-06,0.005865867703154057
2016-07-07,-0.0006605527567442692
2016-07-08,0.01525874943233584
2016-07-11,0.0034707083686105955
2016-07-12,0.006995401674667184
2016-07-13,0.0003201923849098029
2016-07-14,0.005380088228708901
2016-07-15,-0.0008713525497387276
2016-07-18,0.002495666928705503
2016-07-19,-0.001316769780804513
2016-07-20,0.004527692595294426
2016-07-21,-0.0033914359334722443
2016-07-22,0.0045841052148318535
2016-07-25,-0.0028219083160167385
2016-07-26,0.0004743143272670009
2016-07-27,-0.0009657033203175988
2016-07-28,0.0018439427464400405
2016-07-29,0.0018943355730895984
2016-08-01,-0.0010355641966931222
2016-08-02,-0.006145034780153568
2016-08-03,0.0035630236370363506
2016-08-04,0.0006144013848996537
2016-08-05,0.009033013850566285
2016-08-08,-0.0007615782991548111
2016-08-09,0.00047874235905763144
2016-08-10,-0.002230913997331278
2016-08-11,0.00497154058354096
2016-08-12,-0.0006594439619632095
2016-08-15,0.0029256629690868926
2016-08-16,-0.005264774064234397
2016-08-17,0.002110725694098511
2016-08-18,0.0024541961415009994
2016-08-19,-0.0012795353553745623
2016-08-22,-0.0004977466479037258
2016-08-23,0.00197175632536352
2016-08-24,-0.005113905321858541
2016-08-25,-0.0013082191726710903
2016-08-26,-0.0014083134686142054
2016-08-29,0.0053521343244703964
2016-08-30,-0.0017667201656076507
2016-08-31,-0.0020833062196905197
2016-09-01,0.00012112187030127001
2016-09-02,0.0042766613958715866
2016-09-06,0.0032338901240280124
2016-09-07,9.926264299587688e-05
2016-09-08,-0.0020206411484705506
2016-09-09,-0.02450008617229985
2016-09-12,0.014898608337201951
2016-09-13,-0.014365455308686294
2016-09-14,-0.000479885815234352
2016-09-15,0.010357831490138292
2016-09-16,-0.0036291224016384497
2016-09-19,-4.826434381004736e-05
2016-09-20,0.0003921242149071351
2016-09-21,0.01096703840361176
2016-09-22,0.006603234407405254
2016-09-23,-0.005579987202103528
2016-09-26,-0.008517155968684883
2016-09-27,0.006685543992156517
2016-09-28,0.005612393032972544
2016-09-29,-0.009162633503672609
2016-09-30,0.008172429325844045
2016-10-03,-0.003017637111283946
2016-10-04,-0.004761894135612688
2016-10-05,0.004849889489277234
2016-10-06,0.0003570141234202412
2016-10-07,-0.0031266824348041484
2016-10-10,0.004730861949858718
2016-10-11,-0.012301586859945523
2016-10-12,0.0012777153505351055
2016-10-13,-0.002873195407614996
2016-10-14,0.0003272284204720304
2016-10-17,-0.002995406367509907
2016-10-18,0.0063957931437574325
2016-10-19,0.002425538214689973
2016-10-20,-0.0010933454660716098
2016-10-21,0.0004558430181200247
2016-10-24,0.005089708485965773
2016-10-25,-0.003509192289599906
2016-10-26,-0.001575647436985256
2016-10-27,-0.0027097804599171046
2016-10-28,-0.0026245450846924335
2016-10-31,0.00012748799526089304
2016-11-01,-0.0066852462818048925
2016-11-02,-0.0062833083605032996
2016-11-03,-0.0038605237174984676
2016-11-04,-0.0016611938041585224
2016-11-07,0.022356135361593425
2016-11-08,0.004427023829273754
2016-11-09,0.01207128519880014
2016-11-10,0.0024717877960573576
2016-11-11,-0.0010470057169497625
2016-11-14,0.00031907799579975474
2016-11-15,0.00811630859447632
2016-11-16,-0.00109949746599122
2016-11-17,0.004770815753999909
2016-11-18,-0.0022377207980404175
2016-11-21,0.007738430712683018
2016-11-22,0.0024745912381581737
2016-11-23,0.000986535367581939
2016-11-25,0.003989109520554707
2016-11-28,-0.004990395792067058
2016-11-29,0.0016333019435071
2016-11-30,-0.0019953598397856706
2016-12-01,-0.003287229492775914
2016-12-02,0.0004919946978266613
2016-12-05,0.00601993900870541
2016-12-06,0.0034847638019986893
2016-12-07,0.013586052850405783
2016-12-08,0.0023860426022432255
2016-12-09,0.005986720505773879
2016-12-12,-0.0009032974963518876
2016-12-13,0.0067966865892214925
2016-12-14,-0.007918254230711496
2016-12-15,0.003950060915906522
2016-12-16,-0.0016293414688669137
2016-12-19,0.0020807989247298405
2016-12-20,0.0038296930755980464
2016-12-21,-0.002348108153547815
2016-12-22,-0.0018042146637012849
2016-12-23,0.0013792784916546342
2016-12-27,0.00234269976503876
2016-12-28,-0.008112372242818605
2016-12-29,-0.0002288609268019676
2016-12-30,-0.00463417653550776
2017-01-03,0.008687824788684326
2017-01-04,0.006098820441928266
2017-01-05,-0.0005766444893901601
2017-01-06,0.00384840289527455
2017-01-09,-0.0033428429674446534
2017-01-10,0.000144695611403704
2017-01-11,0.003144109260269938
2017-01-12,-0.0019853365938118767
2017-01-13,0.0018543295015951953
2017-01-17,-0.0025492514106695056
2017-01-18,0.0019628499348809153
2017-01-19,-0.0033663339461081406
2017-01-20,0.0035692774522100186
2017-01-23,-0.0024491088727747468
2017-01-24,0.00680012787632079
2017-01-25,0.008067072902621444
2017-01-26,-0.0004936109714104602
2017-01-27,-0.0007768475147558167
2017-01-30,-0.005816474258203219
2017-01-31,-0.0006089631634227184
2017-02-01,0.0007245271751468202
2017-02-02,0.0008806170478159283
2017-02-03,0.007414693221471495
2017-02-06,-0.002072884394150321
2017-02-07,0.0004378522310720641
2017-02-08,0.0012034496775805961
2017-02-09,0.006094624832000495
2017-02-10,0.0036839044390692363
2017-02-13,0.005469702996645853
2017-02-14,0.004393517899949295
2017-02-15,0.0052934474350680525
2017-02-16,-0.0008122987695102331
2017-02-17,0.0021771054133717187
2017-02-21,0.006189009147355296
2017-02-22,-0.0009189318536551839
2017-02-23,0.0005205540956803131
2017-02-24,0.0018569975838364015
2017-02-27,0.0011075064160377065
2017-02-28,-0.002557341222198417
2017-03-01,0.013839362543722793
2017-03-02,-0.005578190942556337
2017-03-03,0.0005561447399262144
2017-03-06,-0.0032080388307336974
2017-03-07,-0.002814499596867465
2017-03-08,-0.0017497429319525155
2017-03-09,0.0009107854188022099
2017-03-10,0.003337446685624461
2017-03-13,0.0007126562643198217
2017-03-14,-0.003186428948626943
2017-03-15,0.008414861713210632
2017-03-16,-0.0012784681268972872
2017-03-17,-0.0012551402256566245
2017-03-20,-0.0019527278801150256
2017-03-21,-0.012121843827341461
2017-03-22,0.0020008797279048827
2017-03-23,-0.001017745549996457
2017-03-24,-0.000752411509318444
2017-03-27,-0.0008735582782899236
2017-03-28,0.007336858470605322
2017-03-29,0.0015856974445212565
2017-03-30,0.0030528738693768654
2017-03-31,-0.0020937142103991634
2017-04-03,-0.0015464783402403279
2017-04-04,0.0008304201878072388
2017-04-05,-0.002896688836000134
2017-04-06,0.0021807178027882027
2017-04-07,-0.0006821477549143427
2017-04-10,0.0008233746900729206
2017-04-11,-0.0012165227784917284
2017-04-12,-0.003607789945630125
2017-04-13,-0.006721549596494467
2017-04-17,0.008641592482373912
2017-04-18,-0.002666611307628043
2017-04-19,-0.0015016973418612504
2017-04-20,0.007703868967424726
2017-04-21,-0.0029396590271344755
2017-04-24,0.010976067275580767
2017-04-25,0.006127729176742748
2017-04-26,-0.00031622927711798867
2017-04-27,0.0008866138406497753
2017-04-28,-0.0015928947717439629
2017-05-01,0.0018286642647973666
2017-05-02,0.0013054595018881176
2017-05-03,-0.0009765448188578432
2017-05-04,0.0008800147871359707
2017-05-05,0.00411355431121678
2017-05-08,0.0002711261907921451
2017-05-09,-0.0007742030415769969
2017-05-10,0.0017644725649732503
2017-05-11,-0.0017817948234588265
2017-05-12,-0.0013968737080426003
2017-05-15,0.0049809536325434445
2017-05-16,-0.000432729465239911
2017-05-17,-0.01752593411927154
2017-05-18,0.003981547750200963
2017-05-19,0.006913158855294249
2017-05-22,0.005269692541956894
2017-05-23,0.00196941033481519
2017-05-24,0.0026840073926467515
2017-05-25,0.004794999111207686
2017-05-26,0.0004753839112008115
2017-05-30,-0.0010116751726669936
2017-05-31,-0.0001611309632223267
2017-06-01,0.007860030956673014
2017-06-02,0.003832561128514314
2017-06-05,-0.0010674862389282286
2017-06-06,-0.0028122288095473696
2017-06-07,0.0018804755843983428
2017-06-08,0.00038386064474444243
2017-06-09,-0.0006399127067371182
2017-06-12,-0.0007991692899148498
2017-06-13,0.004858667613877925
2017-06-14,-0.0007866763746979231
2017-06-15,-0.0020475270625682444
2017-06-16,0.00020981026661955567
2017-06-19,0.008499620084959584
2017-06-20,-0.006525445909175078
2017-06-21,-0.00013389814119085946
2017-06-22,-0.0001351678711471777
2017-06-23,0.0016185364587825615
2017-06-26,0.00043954364666499914
2017-06-27,-0.007944447584448365
2017-06-28,0.009084704988365389
2017-06-29,-0.008500724352313693
2017-06-30,0.0015334158154637538
2017-07-03,0.0022879723401953065
2017-07-05,0.0019253441857591527
2017-07-06,-0.00886737600594921
2017-07-07,0.0064740468862767965
2017-07-10,0.0009573177851803147
2017-07-11,-0.000647083202450468
2017-07-12,0.007537533754711581
2017-07-13,0.002019609916286426
2017-07-14,0.00485051616756912
2017-07-17,-6.200915685652127e-05
2017-07-18,0.0007678347070207867
2017-07-19,0.005540659226610593
2017-07-20,0.00011312342119577626
2017-07-21,-0.0002139223489976527
2017-07-24,-0.0008064833973182895
2017-07-25,0.0032134713483010103
2017-07-26,0.0005684376439419214
2017-07-27,-0.000530966559855064
2017-07-28,-0.0011807568906064272
2017-07-31,-0.0007435308063878443
2017-08-01,0.00247029439881004
2017-08-02,0.0007152092750757555
2017-08-03,-0.0018732014359068398
2017-08-04,0.0018954026264945572
2017-08-07,0.0018387025068511114
2017-08-08,-0.0022113494181024047
2017-08-09,-0.00020488103360089167
2017-08-10,-0.014041082532231032
2017-08-11,0.0015238184835732861
2017-08-14,0.010162836179855143
2017-08-15,-0.0001821450552874846
2017-08-16,0.0017825636836342313
2017-08-17,-0.015369343075317303
2017-08-18,-0.0017447577698559218
2017-08-21,0.001232809384480757
2017-08-22,0.010072737138347656
2017-08-23,-0.0033200713897537067
2017-08-24,-0.0021177563032592963
2017-08-25,0.00175471503027976
2017-08-28,0.0004989454966153368
2017-08-29,0.0011150947685889564
2017-08-30,0.004992921385736373
2017-08-31,0.005675451898703956
2017-09-01,0.0020860939694794557
2017-09-05,-0.0071892461188881075
2017-09-06,0.003224476765564174
2017-09-07,0.00044295980085325707
2017-09-08,-0.0014005159902207667
2017-09-11,0.010852439601034006
2017-09-12,0.0036088310310298227
2017-09-13,0.0009514782633491477
2017-09-14,-0.0007857840430257924
2017-09-15,0.0019111055113884491
2017-09-18,0.0015010325164935374
2017-09-19,0.0011464330834959021
2017-09-20,0.0008134068722998194
2017-09-21,-0.0029652336322537804
2017-09-22,0.0007023983890940936
2017-09-25,-0.002060964371316864
2017-09-26,0.00024299340446315489
2017-09-27,0.004312670052912801
2017-09-28,0.0014612569217166153
2017-09-29,0.003739101464093541
2017-10-02,0.003966942862545951
2017-10-03,0.002340491765414932
2017-10-04,0.001332444898398337
2017-10-05,0.005971378410059547
2017-10-06,-0.000675943627869312
2017-10-09,-0.0016884976861657086
2017-10-10,0.0026300034307411607
2017-10-11,0.00202524611604019
2017-10-12,-0.0013745879763508338
2017-10-13,0.0009587279251099617
2017-10-16,0.0017931301058662968
2017-10-17,0.0007823387143908215
2017-10-18,0.0009748752081622193
2017-10-19,0.0006096813047431282
2017-10-20,0.005380621682404641
2017-10-23,-0.0037975105949638057
2017-10-24,0.0018179490648458079
2017-10-25,-0.00446033040327088
2017-10-26,0.0015822010917884092
2017-10-27,0.009239269700914876
2017-10-30,-0.0030095954698779116
2017-10-31,0.0012001227212849325
2017-11-01,0.001792215136567871
2017-11-02,0.0005993905222470354
2017-11-03,0.003459507325545308
2017-11-06,0.0014768325056829232
2017-11-07,0.00011717188487571312
2017-11-08,0.001760591359210458
2017-11-09,-0.0034396170962954745
2017-11-10,-0.00028482656979744167
2017-11-13,0.0011054579811375928
2017-11-14,-0.0018634874134351301
2017-11-15,-0.005262023729039376
2017-11-16,0.009494791519714782
2017-11-17,-0.002549282063520641
2017-11-20,0.0013499187616142112
2017-11-21,0.006527977126138021
2017-11-22,-0.000550595912905874
2017-11-24,0.0022727706404822236
2017-11-27,-0.0001680867046018819
2017-11-28,0.009881548626582705
2017-11-29,0.0002548323791380304
2017-11-30,0.008576394151391378
2017-12-01,-0.0019252007704578268
2017-12-04,-0.0006333631082303696
2017-12-05,-0.0034255514818877335
2017-12-06,0.00012944714961657112
2017-12-07,0.003248825812960103
2017-12-08,0.005641988599209815
2017-12-11,0.003271506473672767
2017-12-12,0.0016558594877515175
2017-12-13,-0.00022505979005214838
2017-12-14,-0.0037527885604924367
2017-12-15,0.008997374369398141
2017-12-18,0.005541230896171124
2017-12-19,-0.0030523805477173987
2017-12-20,-0.0006575080979159568
2017-12-21,0.0021269773556293154
2017-12-22,-0.0003803406872579239
2017-12-26,-0.0007847009653901097
2017-12-27,0.0008101607798708548
2017-12-28,0.0020402799084096998
2017-12-29,-0.005142630596452521
2018-01-02,0.008522984918526244
2018-01-03,0.0066262370429729595
2018-01-04,0.00442831681502853
2018-01-05,0.007166620364576426
2018-01-08,0.00190852031770999
2018-01-09,0.0017020414396800951
2018-01-10,-0.0010878460570513217
2018-01-11,0.0072336738454275
2018-01-12,0.007011301543862419
2018-01-16,-0.003309054668516679
2018-01-17,0.00961950417172242
2018-01-18,-0.0013306991654938617
2018-01-19,0.004622979938863925
2018-01-22,0.008211373853714501
2018-01-23,0.002533156788075232
2018-01-24,-0.00034730588174193756
2018-01-25,0.0009714773517283037
2018-01-26,0.012177694080304398
2018-01-29,-0.0063026794066407535
2018-01-30,-0.010570279414164031
2018-01-31,0.0006819806385223064
2018-02-01,-0.0004152403235711541
2018-02-02,-0.02056717341546002
2018-02-05,-0.04071219475392241
2018-02-06,0.017880976587132648
2018-02-07,-0.004615099742364411
2018-02-08,-0.03712216706957655
2018-02-09,0.015207655481928812
2018-02-12,0.01414284462072433
2018-02-13,0.002995414112425002
2018-02-14,0.014042668766700923
2018-02-15,0.01240970989922481
2018-02-16,0.0005485988410146175
2018-02-20,-0.006122381846831302
2018-02-21,-0.005322440286973868
2018-02-22,0.0012043968858013
2018-02-23,0.01606425715901062
2018-02-26,0.011767273295847112
2018-02-27,-0.012481912865905853
2018-02-28,-0.010763651590317521
2018-03-01,-0.013011494752748832
2018-03-02,0.005315262003371101
2018-03-05,0.011240271675793957
2018-03-06,0.002759228591781208
2018-03-07,-0.0002467002051099294
2018-03-08,0.00493400686953131
2018-03-09,0.01742139666189719
2018-03-12,-0.0010827869957023757
2018-03-13,-0.006151786539732238
2018-03-14,-0.005316822740129201
2018-03-15,-0.0007520311187058432
2018-03-16,0.0018733272350585166
2018-03-19,-0.014065349973253928
2018-03-20,0.0015759750598026523
2018-03-21,-0.0016094412115265817
2018-03-22,-0.02484121060008046
2018-03-23,-0.02077704709434068
2018-03-26,0.027454147932222433
2018-03-27,-0.017149948068814334
2018-03-28,-0.002611528051009775
2018-03-29,0.0140422402727885
2018-04-02,-0.022464158870885608
2018-04-03,0.01268595061415123
2018-04-04,0.011760080249530187
2018-04-05,0.007268924481455736
2018-04-06,-0.021834167264294765
2018-04-09,0.0036726163032593452
2018-04-10,0.016872331380650123
2018-04-11,-0.005425357336226879
2018-04-12,0.008488562526892073
2018-04-13,-0.0027968610958294575
2018-04-16,0.008295539774542424
2018-04-17,0.011049895688402377
2018-04-18,0.0010728940489521815
2018-04-19,-0.004824384871875617
2018-04-20,-0.008417400124361601
2018-04-23,3.15281513953817e-05
2018-04-24,-0.013169667580545896
2018-04-25,0.0020122970077891262
2018-04-26,0.011034584589793336
2018-04-27,0.0014774640290339935
2018-04-30,-0.007786402998940446
2018-05-01,0.0026240878858856715
2018-05-02,-0.007013000929327066
2018-05-03,-0.00192817918268774
2018-05-04,0.013102900815656019
2018-05-07,0.003518459375317451
2018-05-08,-5.289579510606954e-05
2018-05-09,0.009672648113200519
2018-05-10,0.009637671038903853
2018-05-11,0.002317940866044175
2018-05-14,0.0010285988997778483
2018-05-15,-0.006622148935634289
2018-05-16,0.004544285758613549
2018-05-17,-0.0005433697129252666
2018-05-18,-0.0025154710418318236
2018-05-21,0.007516669792120242
2018-05-22,-0.0031124667886374756
2018-05-23,0.0036168247794900288
2018-05-24,-0.0018530161621931182
2018-05-25,-0.0020551742123245333
2018-05-29,-0.011274650434104192
2018-05-30,0.012980093019617374
2018-05-31,-0.006471103855238366
2018-06-01,0.011081943746813965
2018-06-04,0.005005057312307596
2018-06-05,0.0009095365783910799
2018-06-06,0.008702145098707838
2018-06-07,-0.00046264379762937037
2018-06-08,0.0032290136652976
2018-06-11,0.0013198057042901076
2018-06-12,0.0018680552396002498
2018-06-13,-0.0037368666191861123
2018-06-14,0.0030287311280148567
2018-06-15,-0.0007946070546883226
2018-06-18,-0.0018556973003092403
2018-06-19,-0.003740112567058057
2018-06-20,0.0018494060103954563
2018-06-21,-0.006083315148934785
2018-06-22,0.002038386394459787
2018-06-25,-0.01334158962260869
2018-06-26,0.002323288444643726
2018-06-27,-0.008485095948379782
2018-06-28,0.006434150453358725
2018-06-29,0.0009473121341461244
2018-07-02,0.0031289688085393464
2018-07-03,-0.004787832324289528
2018-07-05,0.008869161072143094
2018-07-06,0.008657150798803626
2018-07-09,0.009434437930882805
2018-07-10,0.0035837238325350713
2018-07-11,-0.006844092895585879
2018-07-12,0.009135452066284567
2018-07-13,0.0013113287742157604
2018-07-16,-0.0008084974027389001
2018-07-17,0.0043107177848373535
2018-07-18,0.002004154672485156
2018-07-19,-0.0037315943699017646
2018-07-20,-0.0007165853941367995
2018-07-23,0.0019314453773878182
2018-07-24,0.005078412621989923
2018-07-25,0.009369924699303924
2018-07-26,-0.001917425475108576
2018-07-27,-0.006140158327429901
2018-07-30,-0.00553541629704844
2018-07-31,0.0049887993008635514
2018-08-01,-0.0008940872361872802
2018-08-02,0.0053161412026714976
2018-08-03,0.00497923727505221
2018-08-06,0.0036022294916653024
2018-08-07,0.0028926778456690866
2018-08-08,-0.00011027212924114185
2018-08-09,-0.001024287236470084
2018-08-10,-0.0066049675749980125
2018-08-13,-0.00387100469194772
2018-08-14,0.006695340766309797
2018-08-15,-0.007348830759875782
2018-08-16,0.008808518700191826
2018-08-17,0.003421815270990062
2018-08-20,0.0024427279995799895
2018-08-21,0.0021885158446596645
2018-08-22,-0.00019022207432269964
2018-08-23,-0.0016592666601560025
2018-08-24,0.0062609699460034135
2018-08-27,0.007868347405468934
2018-08-28,0.0003337704267960783
2018-08-29,0.0060126486511081325
2018-08-30,-0.004165661183657486
2018-08-31,0.00031486565165715435
2018-09-04,-0.0013841223269571254
2018-09-05,-0.002700566248755712
2018-09-06,-0.0033389845565532286
2018-09-07,-0.0020965748309007045
2018-09-10,0.0020814699274877414
2018-09-11,0.004015208071610554
2018-09-12,0.0005392361229590104
2018-09-13,0.005562638715745384
2018-09-14,0.0004273718971839987
2018-09-17,-0.005602984847642207
2018-09-18,0.005508505692155009
2018-09-19,0.0013420808372996559
2018-09-20,0.007990587865382818
2018-09-21,-0.00034884886185128296
2018-09-24,-0.0032186086723782316
2018-09-25,-0.0009588287385037217
2018-09-26,-0.0031527751960957035
2018-09-27,0.003149048623886068
2018-09-28,9.246218363283361e-05
2018-10-01,0.0037215363288539156
2018-10-02,-0.00035838265913857773
2018-10-03,0.0007044184503094376
2018-10-04,-0.007829708901859479
2018-10-05,-0.005470104825310712
2018-10-08,-0.0002729596040739502
2018-10-09,-0.0009608011766362042
2018-10-10,-0.03252817524901562
2018-10-11,-0.020186390244642333
2018-10-12,0.014796179003170925
2018-10-15,-0.005661659728637813
2018-10-16,0.021734598999259423
2018-10-17,9.400536102440906e-05
2018-10-18,-0.014224235672045208
2018-10-19,0.00012562198178854347
2018-10-22,-0.00390222535500184
2018-10-23,-0.005134548925198058
2018-10-24,-0.03020915158010607
2018-10-25,0.019525085282943024
2018-10-26,-0.017075362202876455
2018-10-29,-0.0060874595366384576
2018-10-30,0.01625836381460007
2018-10-31,0.011325708444705637
2018-11-01,0.011177241754826869
2018-11-02,-0.005875294408109196
2018-11-05,0.005532266781670925
2018-11-06,0.006404689712608373
2018-11-07,0.021748572192733073
2018-11-08,-0.0017084997893059698
2018-11-09,-0.00864665747909563
2018-11-12,-0.01942594138688522
2018-11-13,-0.0014463865936838022
2018-11-14,-0.007285105411426993
2018-11-15,0.011136686751326588
2018-11-16,0.002449097325552268
2018-11-19,-0.01632596838190981
2018-11-20,-0.017750580872156637
2018-11-21,0.003417741110215944
2018-11-23,-0.006126592625144666
2018-11-26,0.01590665528668436
2018-11-27,0.0032996400118947564
2018-11-28,0.02356082519336212
2018-11-29,-0.001887752113553932
2018-11-30,0.00853377605945643
2018-12-03,0.011505593225839545
2018-12-04,-0.03208083242842769
2018-12-06,-0.0009694799142571337
2018-12-07,-0.023055745313667757
2018-12-10,0.002072967734101345
2018-12-11,-0.0002109121723782814
2018-12-12,0.005617719250672162
2018-12-13,-2.3308029182577973e-05
2018-12-14,-0.018694401676182245
2018-12-17,-0.020637261429733607
2018-12-18,0.0006179804137883117
2018-12-19,-0.015127393074403058
2018-12-20,-0.01565138038885328
2018-12-21,-0.020562557039720902
2018-12-24,-0.026681338484745066
2018-12-26,0.05019129359498478
2018-12-27,0.008621143019871979
2018-12-28,-0.0010222104534070204
2018-12-31,0.008726253259386654
2019-01-02,0.0017851231579354312
2019-01-03,-0.023517347390475143
2019-01-04,0.03468946900789015
2019-01-07,0.007439036333547847
2019-01-08,0.009957116822673655
2019-01-09,0.004607036513884313
2019-01-10,0.004548989548010051
2019-01-11,-7.735299333892196e-05
2019-01-14,-0.004881820220240178
2019-01-15,0.011135037512208597
2019-01-16,0.002540249392838413
2019-01-17,0.007783952423702615
2019-01-18,0.013200832493816494
2019-01-22,-0.01398433777400774
2019-01-23,0.002472224292230424
2019-01-24,0.0016793678997026396
2019-01-25,0.008755510402518877
2019-01-28,-0.0076253564797526445
2019-01-29,-0.0013783946287723023
2019-01-30,0.01608121284869446
2019-01-31,0.009637457182478344
2019-02-01,0.0008279653327894412
2019-02-04,0.0069723585904147185
2019-02-05,0.004996411330773531
2019-02-06,-0.001995021144037127
2019-02-07,-0.008838431893947942
2019-02-08,0.0011245198536969615
2019-02-11,0.0007951438961220561
2019-02-12,0.013254667066421416
2019-02-13,0.003192594361526304
2019-02-14,-0.002106353449619916
2019-02-15,0.01104134715104368
2019-02-19,0.001785912034393964
2019-02-20,0.001999118683128109
2019-02-21,-0.0033591859226042606
2019-02-22,0.006449464194557183
2019-02-25,0.0014600830783114143
2019-02-26,-0.0007245712215944517
2019-02-27,-0.00015070634822042587
2019-02-28,-0.002130381420883135
2019-03-01,0.007066072648025952
2019-03-04,-0.0036176414301820857
2019-03-05,-0.0009733424953157996
2019-03-06,-0.00637689588328313
2019-03-07,-0.007895003210928639
2019-03-08,-0.0019218417727568783
2019-03-11,0.014790649385938881
2019-03-12,0.0030226384742508086
2019-03-13,0.007072694656632568
2019-03-14,-0.00045178321821282664
2019-03-15,0.005153371548365397
2019-03-18,0.004050088447059532
2019-03-19,0.000291966456405877
2019-03-20,-0.0027159643895808966
2019-03-21,0.01138205671340336
2019-03-22,-0.018800948417536455
2019-03-25,-0.0006472500930488003
2019-03-26,0.007307418323050526
2019-03-27,-0.004591954649920743
2019-03-28,0.003827025724371621
2019-03-29,0.006825955848765471
2019-04-01,0.011685669870265222
2019-04-02,8.052462645260179e-05
2019-04-03,0.0022671523772190053
2019-04-04,0.0024601554495212222
2019-04-05,0.004730663796820226
2019-04-08,0.0012105730355228658
2019-04-09,-0.005714977269073481
2019-04-10,0.0036765891002167343
2019-04-11,0.00012561149762150645
2019-04-12,0.007093463341378229
2019-04-15,-0.0004525336302233121
2019-04-16,0.000966046560901637
2019-04-17,-0.0017292706048781202
2019-04-18,0.0016921142452397053
2019-04-22,0.001208672195931414
2019-04-23,0.009130157784392915
2019-04-24,-0.002003413423958495
2019-04-25,-2.9582718773188923e-07
2019-04-26,0.005037792268796104
2019-04-29,0.0011866752445376762
2019-04-30,0.0012042055340820883
2019-05-01,-0.0073541318951562615
2019-05-02,-0.0018455504909299768
2019-05-03,0.010016167866079565
2019-05-06,-0.004113837278168437
2019-05-07,-0.01633645992496262
2019-05-08,-0.0015093671252046663
2019-05-09,-0.002572329515803967
2019-05-10,0.004184232052524232
2019-05-13,-0.02397575174266114
2019-05-14,0.00830818124245953
2019-05-15,0.0062716138871068685
2019-05-16,0.009396962652664948
2019-05-17,-0.005732907645931992
2019-05-20,-0.006472630857790099
2019-05-21,0.008542651262193732
2019-05-22,-0.002481078376307005
2019-05-23,-0.011735331861408372
2019-05-24,0.0016442327317622734
2019-05-28,-0.008115703399804521
2019-05-29,-0.006788958707941684
2019-05-30,0.002264632444541786
2019-05-31,-0.012929311913915538
2019-06-03,-0.002500792520638095
2019-06-04,0.02176597035336247
2019-06-05,0.008471918765553256
2019-06-06,0.006512425055382102
2019-06-07,0.010863551243306166
2019-06-10,0.005079021738809542
2019-06-11,-0.00020202907400535528
2019-06-12,-0.001811559442881786
2019-06-13,0.004485945725200128
2019-06-14,-0.0014007961466104746
2019-06-17,0.0010935543237496266
2019-06-18,0.009879494161988868
2019-06-19,0.0030761653747983495
2019-06-20,0.009853441579442441
2019-06-21,-0.0010101587190592442
2019-06-24,-0.0016253003772196447
2019-06-25,-0.009167144986911588
2019-06-26,-0.0008505598739073163
2019-06-27,0.003993571450503466
2019-06-28,0.005901324293055782
2019-07-01,0.007828399031490414
2019-07-02,0.0030998481955485995
2019-07-03,0.007997775453295308
2019-07-05,-0.0016062136146525012
2019-07-08,-0.0046875749005194445
2019-07-09,0.00168964727741284
2019-07-10,0.00468042817131476
2019-07-11,0.0024741115123990336
2019-07-12,0.004950661993466051
2019-07-15,0.0003076176603943271
2019-07-16,-0.003253916156156324
2019-07-17,-0.006232335359051748
2019-07-18,0.003840010605020505
2019-07-19,-0.005980465907540532
2019-07-22,0.002989087991444416
2019-07-23,0.006980829320532468
2019-07-24,0.0049495301909332585
2019-07-25,-0.005117446026862221
2019-07-26,0.007913681965611239
2019-07-29,-0.0016873173159014504
2019-07-30,-0.0022720527775684633
2019-07-31,-0.010662755433163085
2019-08-01,-0.008489624817363846
2019-08-02,-0.007101351792045844
2019-08-05,-0.029657486083662844
2019-08-06,0.013236429425949365
2019-08-07,0.0010860700922578957
2019-08-08,0.019112503000957237
2019-08-09,-0.006392334372990728
2019-08-12,-0.011883090819591212
2019-08-13,0.015124163484631184
2019-08-14,-0.02887725917522563
2019-08-15,0.003283259989521062
2019-08-16,0.014633252144124727
2019-08-19,0.0122266451251674
2019-08-20,-0.007800812188840255
2019-08-21,0.008417287616264361
2019-08-22,-0.00041251936420808044
2019-08-23,-0.025820085184175636
2019-08-26,0.01119049568985662
2019-08-27,-0.0029893923375891463
2019-08-28,0.006622848420890337
2019-08-29,0.012954139183287642
2019-08-30,0.0008846179963319181
2019-09-03,-0.0065690595010912765
2019-09-04,0.011047714607060997
2019-09-05,0.013462937355796277
2019-09-06,0.0009280896106373038
2019-09-09,0.00047561024673682613
2019-09-10,0.000602331849460507
2019-09-11,0.007421052436717363
2019-09-12,0.0031625292367464634
2019-09-13,-0.0003291015430233091
2019-09-16,-0.0029541745776404645
2019-09-17,0.002743031085912529
2019-09-18,0.00043805010005581275
2019-09-19,0.00022912304768985854
2019-09-20,-0.004771166842682833
2019-09-23,5.14499595785971e-06
2019-09-24,-0.00826432435764565
2019-09-25,0.006337449101526233
2019-09-26,-0.002283462192346743
2019-09-27,-0.004996726935953941
2019-09-30,0.005230318198854257
2019-10-01,-0.012064055032380484
2019-10-02,-0.01786552657068842
2019-10-03,0.008207575757265665
2019-10-04,0.01433463169642376
2019-10-07,-0.004449279828762507
2019-10-08,-0.015274466544254914
2019-10-09,0.00949444184655027
2019-10-10,0.006545055286687652
2019-10-11,0.01130469797774318
2019-10-14,-0.0013874792786835192
2019-10-15,0.010102312886332149
2019-10-16,-0.0017678203282356056
2019-10-17,0.002996615657951515
2019-10-18,-0.0037299011673560135
2019-10-21,0.007080771247690131
2019-10-22,-0.003105238460340118
2019-10-23,0.003010292696014356
2019-10-24,0.00236395936196779
2019-10-25,0.004226213275888342
2019-10-28,0.005852602057038787
2019-10-29,-0.0007843933098626824
2019-10-30,0.0035779237528275137
2019-10-31,-0.002688305427055408
2019-11-01,0.009975718585905615
2019-11-04,0.0040065220582916885
2019-11-05,-0.0009539439623075041
2019-11-06,0.0009708865554631924
2019-11-07,0.003479894354496539
2019-11-08,0.002808495894205311
2019-11-11,-0.0019368215645168432
2019-11-12,0.0016733858659367514
2019-11-13,0.0009209236320884901
2019-11-14,0.001123962553912287
2019-11-15,0.007819568351236235
2019-11-18,0.0006930004338093716
2019-11-19,-0.00035591910910823314
2019-11-20,-0.0034541908844241726
2019-11-21,-0.0014199781315131588
2019-11-22,0.002265152913002664
2019-11-25,0.007772988765322053
2019-11-26,0.002404582785040864
2019-11-27,0.0043337347922920285
2019-11-29,-0.0037874807748739005
2019-12-02,-0.008489666274093467
2019-12-03,-0.006486081836172766
2019-12-04,0.0064256650107390656
2019-12-05,0.001799481339991712
2019-12-06,0.009196830510952558
2019-12-09,-0.003013851896316244
2019-12-10,-0.0010426566583685254
2019-12-11,0.0030412401171162015
2019-12-12,0.008846432753060894
2019-12-13,0.0003372899483142776
2019-12-16,0.007156473493176569
2019-12-17,0.0004952060001125247
2019-12-18,-0.00024966119608545455
2019-12-19,0.004616950902094049
2019-12-20,0.004931313283742005
2019-12-23,0.0009738273337496068
2019-12-24,-0.00012102102068638582
2019-12-26,0.005477232747551513
2019-12-27,4.280987406877221e-05
2019-12-30,-0.005604568642640766
2019-12-31,0.002958459121475736
2020-01-02,0.008813255389940558
2020-01-03,-0.006866511476866084
2020-01-06,0.0036928314581617452
2020-01-07,-0.0025200361292449973
2020-01-08,0.004950450349504367
2020-01-09,0.007026378599705043
2020-01-10,-0.002795728645009079
2020-01-13,0.0070683059212042895
2020-01-14,-0.001278115082423247
2020-01-15,0.0018903020561035254
2020-01-16,0.008539948477894523
2020-01-17,0.003836767041868461
2020-01-21,-0.0024863511256060303
2020-01-22,0.00044020472887284205
2020-01-23,0.0013285506982240107
2020-01-24,-0.008849773470094574
2020-01-27,-0.015431265096896392
2020-01-28,0.010251057255526727
2020-01-29,-0.000657381432974007
2020-01-30,0.0037099203040750883
2020-01-31,-0.016710344413224564
2020-02-03,0.0075259641352565885
2020-02-04,0.01527082560465964
2020-02-05,0.01148521490865391
2020-02-06,0.0036859191411137077
2020-02-07,-0.0048277838006957514
2020-02-10,0.007627987434504216
2020-02-11,0.0022066373242440743
2020-02-12,0.006714673727591419
2020-02-13,-0.0011827226148714426
2020-02-14,0.002046088287321001
2020-02-18,-0.002508314480570391
2020-02-19,0.0049704093768156415
2020-02-20,-0.003716732733005979
2020-02-21,-0.010409840592563287
2020-02-24,-0.03305918585110614
2020-02-25,-0.030021266064586775
2020-02-26,-0.00345320809811478
2020-02-27,-0.043491285455048156
2020-02-28,-0.007705121954315517
2020-03-02,0.046460563299799224
2020-03-03,-0.027744040631384505
2020-03-04,0.04253365313525186
2020-03-05,-0.033230610980113505
2020-03-06,-0.016425661281085267
2020-03-09,-0.07312013749276838
2020-03-10,0.0498329485849595
2020-03-11,-0.04812816072317953
2020-03-12,-0.0939462736583969
2020-03-13,0.09499862119035335
2020-03-16,-0.11622220712101151
2020-03-17,0.06227060006304306
2020-03-18,-0.04721049048698649
2020-03-19,0.007159093929258947
2020-03-20,-0.041787829452138305
2020-03-23,-0.026570402175794205
2020-03-24,0.09552118960397782
2020-03-25,0.012838485354333348
2020-03-26,0.06281975447569742
2020-03-27,-0.03283940583274388
2020-03-30,0.034323070393998074
2020-03-31,-0.015420456892121785
2020-04-01,-0.04268348374327206
2020-04-02,0.023583628757065923
2020-04-03,-0.01451839029557029
2020-04-06,0.07093580418291394
2020-04-07,-0.0012374922266189805
2020-04-08,0.03429784884677851
2020-04-09,0.015149192571251607
2020-04-13,-0.008504618701201842
2020-04-14,0.031244133150359482
2020-04-15,-0.020947137850675018
2020-04-16,0.006988054803772806
2020-04-17,0.027278562480565514
2020-04-20,-0.0173718111896304
2020-04-21,-0.030198447099748556
2020-04-22,0.02332595169034577
2020-04-23,-6.232972534731518e-05
2020-04-24,0.014018797337794852
2020-04-27,0.014824055659536395
2020-04-28,-0.004793310621577113
2020-04-29,0.02715816424085253
2020-04-30,-0.008287287184625224
2020-05-01,-0.027429138284361592
2020-05-04,0.0047502946698604045
2020-05-05,0.00936374293186773
2020-05-06,-0.0064500818262380995
2020-05-07,0.012496925775740683
2020-05-08,0.017422796034050624
2020-05-11,0.0005776141812321456
2020-05-12,-0.020165137995289323
2020-05-13,-0.016732116086693036
2020-05-14,0.011960021123875514
2020-05-15,0.004545546669680064
2020-05-18,0.03236934114009276
2020-05-19,-0.010126362103090184
2020-05-20,0.017047576180255486
2020-05-21,-0.007708560828875246
2020-05-22,0.0026187123363893275
2020-05-26,0.012922136153343302
2020-05-27,0.015087150734507107
2020-05-28,-0.0013851375575043294
2020-05-29,0.005276012968604435
2020-06-01,0.004204520142583859
2020-06-02,0.008254682175693407
2020-06-03,0.01410387265998817
2020-06-04,-0.0028635887739616728
2020-06-05,0.026215047895219674
2020-06-08,0.01257370694852384
2020-06-09,-0.0068508024177530435
2020-06-10,-0.004312532161308408
2020-06-11,-0.057648315360591305
2020-06-12,0.013324379851327322
2020-06-15,0.008647298976708465
2020-06-16,0.01916985940469872
2020-06-17,-0.0033692510252302595
2020-06-18,0.0009501909463126906
2020-06-19,-0.0049286182758436934
2020-06-22,0.006801642152617474
2020-06-23,0.00446371736604874
2020-06-24,-0.02529400961315223
2020-06-25,0.01110035946544269
2020-06-26,-0.02388865349702166
2020-06-29,0.014950527377474552
2020-06-30,0.015524229976852115
2020-07-01,0.0056501129637432325
2020-07-02,0.0048386414370857785
2020-07-06,0.016414682049146773
2020-07-07,-0.010118038609104364
2020-07-08,0.008010140905142259
2020-07-09,-0.0044657627632321605
2020-07-10,0.010898498026843315
2020-07-13,-0.009190269330082471
2020-07-14,0.013560094227483615
2020-07-15,0.009254912516904674
2020-07-16,-0.0031580035680788673
2020-07-17,0.002953092321327193
2020-07-20,0.00952528958869983
2020-07-21,0.0019903443607215614
2020-07-22,0.0058041513442517985
2020-07-23,-0.01204608467128977
2020-07-24,-0.0056180509991231664
2020-07-27,0.0076976248624759415
2020-07-28,-0.006393146532679142
2020-07-29,0.012616135461348314
2020-07-30,-0.003114213163843218
2020-07-31,0.008902431166325067
2020-08-03,0.007271473117312172
2020-08-04,0.0039536036580574835
2020-08-05,0.006660968279412367
2020-08-06,0.006857237289025393
2020-08-07,0.0011820465578318224
2020-08-10,0.0031536884504213504
2020-08-11,-0.007740768911600581
2020-08-12,0.014365871159056041
2020-08-13,-0.0014181083248378853
2020-08-14,-1.4245182619674059e-05
2020-08-17,0.003155552698623799
2020-08-18,0.0029356162287768233
2020-08-19,-0.0042108234344305565
2020-08-20,0.0033310139292312213
2020-08-21,0.0037721021043617907
2020-08-24,0.010270666920764395
2020-08-25,0.0036871704238468357
2020-08-26,0.011104061201505403
2020-08-27,0.002115949707555451
2020-08-28,0.00705070732055297
2020-08-31,-0.0017102708860945337
2020-09-01,0.008301703721511266
2020-09-02,0.015623159497913394
2020-09-03,-0.03449504267203284
2020-09-04,-0.007977351098051397
2020-09-08,-0.027481365703313776
2020-09-09,0.020556018814659873
2020-09-10,-0.0174375531261374
2020-09-11,0.0005782837358756858
2020-09-14,0.013153871932198347
2020-09-15,0.0056208140342389225
2020-09-16,-0.004419533283291328
2020-09-17,-0.008287986040145825
2020-09-18,-0.011153184640858151
2020-09-21,-0.010643333623845121
2020-09-22,0.011133023327395542
2020-09-23,-0.02356565394134999
2020-09-24,0.003303184244861812
2020-09-25,0.01616281952056191
2020-09-28,0.016215305682775086
2020-09-29,-0.0045903437516067475
2020-09-30,0.008401184024348298
2020-10-01,0.005864039184633964
2020-10-02,-0.009441153763834668
2020-10-05,0.01822724573239604
2020-10-06,-0.013946335501933907
2020-10-07,0.017554519950273604
2020-10-08,0.00842976483084192
2020-10-09,0.009247912300142625
2020-10-12,0.017117692680676172
2020-10-13,-0.005846005257358817
2020-10-14,-0.0066108724112310105
2020-10-15,-0.0013131666195229513
2020-10-16,7.4742885564087e-05
2020-10-19,-0.016296751490824598
2020-10-20,0.004939117598125155
2020-10-21,-0.001983170251310236
2020-10-22,0.005705102182847924
2020-10-23,0.003679752129521475
2020-10-26,-0.01816448416117334
2020-10-27,-0.0024177216521989123
2020-10-28,-0.03486487062030198
2020-10-29,0.012334605022972404
2020-10-30,-0.011532779275688038
2020-11-02,0.012416497517594929
2020-11-03,0.01795118833316767
2020-11-04,0.023832132242765036
2020-11-05,0.01997384481547521
2020-11-06,0.00020671783643020839
2020-11-09,0.014929129408856785
2020-11-10,-0.0007555662446790842
2020-11-11,0.008420962843557556
2020-11-12,-0.009490451802244719
2020-11-13,0.01388683686178599
2020-11-16,0.011759992701586107
2020-11-17,-0.004495402445716384
2020-11-18,-0.011104670498574543
2020-11-19,0.004350866385335978
2020-11-20,-0.006734790083886782
2020-11-23,0.005975821658577614
2020-11-24,0.016419758363177793
2020-11-25,-0.0011925466204573854
2020-11-27,0.0026687910948443947
2020-11-30,-0.00397096289730997
2020-12-01,0.011512982996459035
2020-12-02,0.0019449263793458848
2020-12-03,-0.0003871829997323968
2020-12-04,0.00898907374205698
2020-12-07,-0.00176118099748184
2020-12-08,0.002961185710837476
2020-12-09,-0.007774380560795498
2020-12-10,-0.0010212096860131438
2020-12-11,-0.0008820632715836348
2020-12-14,-0.0037862659984937573
2020-12-15,0.013126607558255059
2020-12-16,0.002121035148809179
2020-12-17,0.0058543843739490425
2020-12-18,-0.0031631633157970106
2020-12-21,-0.0037318731270449997
2020-12-22,-0.0017692441249351162
2020-12-23,0.0008808560882927074
2020-12-24,0.0036722281139920654
2020-12-28,0.009099852111849032
2020-12-29,-0.002118978427423167
2020-12-30,0.001614565530345795
2020-12-31,0.00646865295626056
2021-01-04,-0.014151942563845384
2021-01-05,0.007275884504429615
2021-01-06,0.006512568661939038
2021-01-07,0.015576463178877457
2021-01-08,0.006187102559802808
2021-01-11,-0.006476491073516483
2021-01-12,0.0009143560124529649
2021-01-13,0.0024081660213502126
2021-01-14,-0.00354393588001768
2021-01-15,-0.0070023013576264465
2021-01-19,0.008419044646296272
2021-01-20,0.014684410257083495
2021-01-21,0.0007793512312473468
2021-01-22,-0.002600577218070556
2021-01-25,0.004003942022564144
2021-01-26,-0.00100499684396196
2021-01-27,-0.025285244551178126
2021-01-28,0.010052028759476597
2021-01-29,-0.01911464446233155
2021-02-01,0.016611451610095414
2021-02-02,0.014346313422363418
2021-02-03,0.001204374530873143
2021-02-04,0.011330046243721864
2021-02-05,0.004227875586289235
2021-02-08,0.00751869064646058
2021-02-09,-0.001008796908173222
2021-02-10,-0.000499101368877049
2021-02-11,0.001965480245331898
2021-02-12,0.004925247971325358
2021-02-16,-0.00040528985277369533
2021-02-17,0.00012501748717442987
2021-02-18,-0.004433109923601607
2021-02-19,-0.001604764990021502
2021-02-22,-0.007338186051335793
2021-02-23,0.0013651344873979857
2021-02-24,0.011671505553575955
2021-02-25,-0.023993162895810136
2021-02-26,-0.00433218469442994
2021-03-01,0.02414343910386952
2021-03-02,-0.007993287562524957
2021-03-03,-0.012903466816525148
2021-03-04,-0.012820150700197264
2021-03-05,0.019659909199411255
2021-03-08,-0.004819682800650935
2021-03-09,0.015854024464799325
2021-03-10,0.006379865761634817
2021-03-11,0.010780819534836417
2021-03-12,0.0014783714331185218
2021-03-15,0.006724676309473664
2021-03-16,-0.0013727760901762242
2021-03-17,0.0031696123861946653
2021-03-18,-0.014526085195339768
2021-03-19,-0.00010596044915114946
2021-03-22,0.007342880192904434
2021-03-23,-0.007225979328968299
2021-03-24,-0.0052906365082475435
2021-03-25,0.005543054492107767
2021-03-26,0.0165782293366555
2021-03-29,-0.0006061126014121571
2021-03-30,-0.0027109324678301805
2021-03-31,0.004110592714973506
2021-04-01,0.011960524829020597
2021-04-05,0.015063133256025934
2021-04-06,-0.0007374585393542187
2021-04-07,0.0015047021991188392
2021-04-08,0.004726338926130641
2021-04-09,0.0077527777952788035
2021-04-12,0.00013325537268545767
2021-04-13,0.003815066449600444
2021-04-14,-0.003948297572939241
2021-04-15,0.011257806856135429
2021-04-16,0.0036817212699284244
2021-04-19,-0.005221437374875564
2021-04-20,-0.006476709207878666
2021-04-21,0.009483541152021945
2021-04-22,-0.009069161309842326
2021-04-23,0.011112931684312065
2021-04-26,0.0019368941543274447
2021-04-27,-0.00015939486930695692
2021-04-28,-0.0004456767722899109
2021-04-29,0.0071598456473724904
2021-04-30,-0.006675331314331438
2021-05-03,0.0028071047382464067
2021-05-04,-0.006601911427067429
2021-05-05,0.000926768894643425
2021-05-06,0.008414961520474344
2021-05-07,0.007511148740150265
2021-05-10,-0.010329309588333446
2021-05-11,-0.008403106645886834
2021-05-12,-0.021239952293143044
2021-05-13,0.012347419106195691
2021-05-14,0.015304252979691029
2021-05-17,-0.0023593965824358783
2021-05-18,-0.008217402837105493
2021-05-19,-0.0027136525962420995
2021-05-20,0.010867498476434576
2021-05-21,-0.0007648697577270644
2021-05-24,0.01020791721638286
2021-05-25,-0.002028919643335046
2021-05-26,0.002085881961631395
2021-05-27,0.0013848281694815625
2021-05-28,0.0008963029730224134
2021-06-01,-0.00017528193728335955
2021-06-02,0.001542652560034542
2021-06-03,-0.0034283623971090088
2021-06-04,0.009089840384496369
2021-06-07,-0.00040985978181815285
2021-06-08,0.00044336210505448707
2021-06-09,-0.0017129259025336781
2021-06-10,0.004968700825306462
2021-06-11,0.0020591354993701252
2021-06-14,0.0022702118819507523
2021-06-15,-0.0019286093209606669
2021-06-16,-0.005315980783829377
2021-06-17,0.0003158164169370286
2021-06-18,-0.012837744307098714
2021-06-21,0.01405498596053883
2021-06-22,0.005270598100883691
2021-06-23,-0.0008748239056172656
2021-06-24,0.0060246749617174815
2021-06-25,0.003427810748417565
2021-06-28,0.002604540749919881
2021-06-29,0.0003761583748919747
2021-06-30,0.0015249378361056924
2021-07-01,0.005260578874712872
2021-07-02,0.00787406054766868
2021-07-06,-0.0014063875389982473
2021-07-07,0.003499203985357556
2021-07-08,-0.00803511660744397
2021-07-09,0.011254119181901286
2021-07-12,0.0036329504778551784
2021-07-13,-0.0034346110170896432
2021-07-14,0.0014515955578444214
2021-07-15,-0.003215725541688213
2021-07-16,-0.007333486572258327
2021-07-19,-0.015502957427208919
2021-07-20,0.015389325856451908
2021-07-21,0.00829403837463295
2021-07-22,0.0022745858844309733
2021-07-23,0.010241065094086944
2021-07-26,0.0026524320086584573
2021-07-27,-0.004765131568410228
2021-07-28,7.446561447279669e-06
2021-07-29,0.004665486154504863
2021-07-30,-0.0052152638165886625
2021-08-02,-0.0015394758512224664
2021-08-03,0.00846840967458572
2021-08-04,-0.004291156121073056
2021-08-05,0.006306723473884563
2021-08-06,0.001734511828988125
2021-08-09,-0.00031945979958192375
2021-08-10,0.0011569002384631067
2021-08-11,0.0025159358420095987
2021-08-12,0.0034012754774124976
2021-08-13,0.0016435575189894538
2021-08-16,0.0025391518337151693
2021-08-17,-0.006803802874585181
2021-08-18,-0.01032677609546408
2021-08-19,0.0013478596218590112
2021-08-20,0.008277870311587632
2021-08-23,0.00900053839358397
2021-08-24,0.0016587914455435497
2021-08-25,0.0022649832058888467
2021-08-26,-0.005708595871894393
2021-08-27,0.008906264244958283
2021-08-30,0.004741275898179977
2021-08-31,-0.00100348486880191
2021-09-01,0.000563999660787926
2021-09-02,0.0030124934882180565
2021-09-03,-0.00012533096704777803
2021-09-07,-0.002968344666998932
2021-09-08,-0.0011072455857511522
2021-09-09,-0.004371571555505866
2021-09-10,-0.007639282691139917
2021-09-13,0.002316129665451638
2021-09-14,-0.005442357115330871
2021-09-15,0.008572146733977833
2021-09-16,-0.001349465023844577
2021-09-17,-0.008922187535160452
2021-09-20,-0.0169561910670391
2021-09-21,-0.0006473036023266414
2021-09-22,0.009814043120842745
2021-09-23,0.012308398290869474
2021-09-24,0.0016799668677187484
2021-09-27,-0.0024198153702313513
2021-09-28,-0.020089596615827043
2021-09-29,0.001797346736141649
2021-09-30,-0.011702608446414497
2021-10-01,0.011529846714789987
2021-10-04,-0.01269687383535296
2021-10-05,0.010773896983024408
2021-10-06,0.004178546857276571
2021-10-07,0.008660815284306267
2021-10-08,-0.0017207311651067784
2021-10-11,-0.006698707355723756
2021-10-12,-0.002165105773401868
2021-10-13,0.003148415406146062
2021-10-14,0.01715500200803283
2021-10-15,0.007790036297627077
2021-10-18,0.0037938713544259962
2021-10-19,0.007502462015271661
2021-10-20,0.0037469516203912367
2021-10-21,0.003316256777685507
2021-10-22,-0.0007110398698014614
2021-10-25,0.005543746499727177
2021-10-26,0.0020412373602453674
2021-10-27,-0.0043071200908175455
2021-10-28,0.010193330393570975
2021-10-29,0.0023098710630011675
2021-11-01,0.002504430151016108
2021-11-02,0.0038276780466420164
2021-11-03,0.006998782567057239
2021-11-04,0.005029077387400141
2021-11-05,0.004192458492958739
2021-11-08,0.0007498155247633624
2021-11-09,-0.0032582500990492127
2021-11-10,-0.007506921388079613
2021-11-11,0.0006696071802502507
2021-11-12,0.00725827210780188
2021-11-15,0.00010243383954020209
2021-11-16,0.0041553618230138496
2021-11-17,-0.0020373048525065673
2021-11-18,0.004005355052935297
2021-11-19,-0.0009501940644602764
2021-11-22,-0.002739747798356263
2021-11-23,0.0016943930771347298
2021-11-24,0.0024951159273767175
2021-11-26,-0.022216107032976898
2021-11-29,0.01364997872782599
2021-11-30,-0.018425484799337054
2021-12-01,-0.01168078029310578
2021-12-02,0.014440399015913074
2021-12-03,-0.008166767646732173
2021-12-06,0.011937981118042784
2021-12-07,0.021089412773545424
2021-12-08,0.003189906640019559
2021-12-09,-0.006997948848378264
2021-12-10,0.010141991680382838
2021-12-13,-0.008845731202300706
2021-12-14,-0.0069795193812214155
2021-12-15,0.016832572443426397
2021-12-16,-0.008311950318527472
2021-12-17,-0.009972422823438479
2021-12-20,-0.011423987847606868
2021-12-21,0.018161040144450448
2021-12-22,0.01056482537650873
2021-12-23,0.00653797561377471
2021-12-27,0.013797091311183408
2021-12-28,-0.000918602449767735
2021-12-29,0.0013313823747057017
2021-12-30,-0.002906247783939841
2021-12-31,-0.002552302369944493
2022-01-03,0.007878519329389912
2022-01-04,-0.00040908105213917606
2022-01-05,-0.01898948755566606
2022-01-06,-0.000770431897553522
2022-01-07,-0.003759418515819232
2022-01-10,-0.0010477763677886188
2022-01-11,0.00945925679330179
2022-01-12,0.003002927183416264
2022-01-13,-0.013900430391941464
2022-01-14,0.0011588799118197658
2022-01-18,-0.018091787900567875
2022-01-19,-0.009499272611731377
2022-01-20,-0.010810144080110171
2022-01-21,-0.01858170543442592
2022-01-24,0.0029924302073596003
2022-01-25,-0.0118686322272532
2022-01-26,-0.001188063729284682
2022-01-27,-0.005045094709511962
2022-01-28,0.02508555239135877
2022-01-31,0.019881889910969845
2022-02-01,0.007135853421526518
2022-02-02,0.009915756907709676
2022-02-03,-0.022280012559568088
2022-02-04,0.006894039183635338
2022-02-07,-0.003549522945068341
2022-02-08,0.008726090023361334
2022-02-09,0.014756365931081834
2022-02-10,-0.01778128686111547
2022-02-11,-0.01870207174469894
2022-02-14,-0.003392395129547037
2022-02-15,0.016343958357977365
2022-02-16,0.0012104333381776286
2022-02-17,-0.02062383551794711
2022-02-18,-0.007017997438274995
2022-02-22,-0.010055765225559534
2022-02-23,-0.01840946634839807
2022-02-24,0.016110267822105853
2022-02-25,0.02249062911442895
2022-02-28,-0.0015548677325488071
2022-03-01,-0.014819515575205307
2022-03-02,0.018688574322354573
2022-03-03,-0.005044302984468127
2022-03-04,-0.007346629913215744
2022-03-07,-0.028991822057882186
2022-03-08,-0.006775384526754302
2022-03-09,0.026507694927907402
2022-03-10,-0.0034732168812443534
2022-03-11,-0.012729395860970109
2022-03-14,-0.006870838465873946
2022-03-15,0.021974213298277576
2022-03-16,0.022986408547328443
2022-03-17,0.012650486061375862
2022-03-18,0.012133797002289037
2022-03-21,-0.0002592075060567529
2022-03-22,0.011982304602026234
2022-03-23,-0.011852478385514462
2022-03-24,0.01457691633103278
2022-03-25,0.005001884613202906
2022-03-28,0.007982604840363193
2022-03-29,0.01245528120210768
2022-03-30,-0.005991491259001664
2022-03-31,-0.015441050514488288
2022-04-01,0.0037441431143302446
2022-04-04,0.008941749766735072
2022-04-05,-0.01236062541473793
2022-04-06,-0.009306033102618145
2022-04-07,0.004478682056081765
2022-04-08,-0.0026182010423670484
2022-04-11,-0.016882226869341814
2022-04-12,-0.0031425507754328187
2022-04-13,0.012053874467612009
2022-04-14,-0.012000930229901152
2022-04-18,-8.145444089818733e-05
2022-04-19,0.01645380544296389
2022-04-20,6.0214793590061995e-06
2022-04-21,-0.014089960077372291
2022-04-22,-0.02742564192218923
2022-04-25,0.005966700086436955
2022-04-26,-0.028022467494209606
2022-04-27,0.0025376481179310204
2022-04-28,0.02558557030561919
2022-04-29,-0.03593843628980271
2022-05-02,0.006186594657430446
2022-05-03,0.005031204262024062
2022-05-04,0.030222792253919595
2022-05-05,-0.035145603352799835
2022-05-06,-0.005334907970379975
2022-05-09,-0.03126328334279934
2022-05-10,0.0027431115906141716
2022-05-11,-0.01622386771515784
2022-05-12,-0.000605950326954693
2022-05-13,0.024662793641149542
2022-05-16,-0.003959481276267906
2022-05-17,0.02016044108588684
2022-05-18,-0.03995421083124831
2022-05-19,-0.0054764857362545214
2022-05-20,0.00047674030389440705
2022-05-23,0.018978271962858704
2022-05-24,-0.007857690498327269
2022-05-25,0.009884560694702107
2022-05-26,0.02065357209012374
2022-05-27,0.02538988159478832
2022-05-31,-0.005692416512434436
2022-06-01,-0.00714828515076865
2022-06-02,0.01908620372310223
2022-06-03,-0.016240548703511534
2022-06-06,0.0034278916459566083
2022-06-07,0.009441119105465226
2022-06-08,-0.01047431673816897
2022-06-09,-0.023504855418088
2022-06-10,-0.02866271503833028
2022-06-13,-0.03855163131604016
2022-06-14,-0.002655737107227372
2022-06-15,0.01514630888788216
2022-06-16,-0.031853153775215526
2022-06-17,0.002748009216543758
2022-06-21,0.02521484992964884
2022-06-22,-0.000990244921375265
2022-06-23,0.01021543405767574
2022-06-24,0.030806368371570306
2022-06-27,-0.0028803662714921457
2022-06-28,-0.020009826737052344
2022-06-29,-0.0002517707986779456
2022-06-30,-0.008476019189369945
2022-07-01,0.01098634269226816
2022-07-05,0.002688540113847386
2022-07-06,0.0036930139640891798
2022-07-07,0.015413233594731056
2022-07-08,-0.0005719449093919759
2022-07-11,-0.011507770085947236
2022-07-12,-0.008889384801869224
2022-07-13,-0.004177631235389549
2022-07-14,-0.002386796742703872
2022-07-15,0.019330757160844814
2022-07-18,-0.008172646118234417
2022-07-19,0.02780683969385913
2022-07-20,0.006311414538958325
2022-07-21,0.010854604827571097
2022-07-22,-0.008839414886775468
2022-07-25,0.0014090244002399198
2022-07-26,-0.011696357811376774
2022-07-27,0.0270850032356809
2022-07-28,0.012835180009587398
2022-07-29,0.015614096468700187
2022-08-01,-0.0025030171683746265
2022-08-02,-0.006386100368383264
2022-08-03,0.01613754890836566
2022-08-04,-0.000428816911754286
2022-08-05,-0.0015298498745127448
2022-08-08,-0.001094734367467455
2022-08-09,-0.003871681436788859
2022-08-10,0.02152722174444136
2022-08-11,-0.00040013123788601906
2022-08-12,0.01773550788530035
2022-08-15,0.0042356272762692545
2022-08-16,0.002202687872793049
2022-08-17,-0.006915694100004696
2022-08-18,0.002504612602195258
2022-08-19,-0.01263046396557731
2022-08-22,-0.021104810019110593
2022-08-23,-0.0019238854263407745
2022-08-24,0.0029839444531667464
2022-08-25,0.014156356768400885
2022-08-26,-0.033402739515530626
2022-08-29,-0.006398255662958606
2022-08-30,-0.010793441915468344
2022-08-31,-0.007490082690723097
2022-09-01,0.003548574802884375
2022-09-02,-0.010573017412127099
2022-09-06,-0.0038688317577892277
2022-09-07,0.018692990132987582
2022-09-08,0.006874105616055502
2022-09-09,0.01556628405661296
2022-09-12,0.010835599035846131
2022-09-13,-0.04284626304440929
2022-09-14,0.004061599645333577
2022-09-15,-0.010777405818610248
2022-09-16,-0.007046335789659774
2022-09-19,0.007100712245182628
2022-09-20,-0.010921404338219086
2022-09-21,-0.01689903193285964
2022-09-22,-0.008271280407696686
2022-09-23,-0.017202601442620334
2022-09-26,-0.00980142063274528
2022-09-27,-0.0018956437600834816
2022-09-28,0.020102551943006117
2022-09-29,-0.02083783679834758
2022-09-30,-0.01482857580065568
2022-10-03,0.026042263222403852
2022-10-04,0.03098395660897729
2022-10-05,-0.0018183536879125563
2022-10-06,-0.009744640096813693
2022-10-07,-0.027630218659919208
2022-10-10,-0.007054525956664747
2022-10-11,-0.0062491368744675485
2022-10-12,-0.0030617696585180957
2022-10-13,0.025922385718033108
2022-10-14,-0.023485414285156343
2022-10-17,0.026874597089794467
2022-10-18,0.011727553502749061
2022-10-19,-0.006197536312640483
2022-10-20,-0.0074093399024333425
2022-10-21,0.024019943245214042
2022-10-24,0.011953177194323348
2022-10-25,0.016491484995328036
2022-10-26,-0.006278059276352949
2022-10-27,-0.005126077969417416
2022-10-28,0.025353867623623474
2022-10-31,-0.0070964311312832155
2022-11-01,-0.003901150095422037
2022-11-02,-0.024694652819222965
2022-11-03,-0.00973258231221851
2022-11-04,0.014029651485805053
2022-11-07,0.009744882278335195
2022-11-08,0.005523615483255461
2022-11-09,-0.020362751725645178
2022-11-10,0.0563943598246448
2022-11-11,0.009831122621516855
2022-11-14,-0.008677534093933464
2022-11-15,0.009272881315904676
2022-11-16,-0.00753287308585331
2022-11-17,-0.0026652819141446777
2022-11-18,0.004840614542190223
2022-11-21,-0.003677006893735987
2022-11-22,0.013659676967396409
2022-11-23,0.006295333857652834
2022-11-25,-0.00019328484838698404
2022-11-28,-0.015037031749857396
2022-11-29,-0.0015470395254092355
2022-11-30,0.03163060346419301
2022-12-01,-0.0003591251685964406
2022-12-02,-0.0009794882960556669
2022-12-05,-0.01780509287003303
2022-12-06,-0.01423663752354742
2022-12-07,-0.001780339183890113
2022-12-08,0.007688087078067094
2022-12-09,-0.007263612596158001
2022-12-12,0.014289215942613833
2022-12-13,0.007372987859843313
2022-12-14,-0.005672436924031145
2022-12-15,-0.024484774696752063
2022-12-16,-0.010904995638342803
2022-12-19,-0.008755297171097898
2022-12-20,0.0011536944440211107
2022-12-21,0.015059341342192206
2022-12-22,-0.014260030521985715
2022-12-23,0.005931905614635108
2022-12-27,-0.0037973573998644847
2022-12-28,-0.011960755712146479
2022-12-29,0.01772591311549065
2022-12-30,-0.0023450179950659285
2023-01-03,-0.003554591353661634
2023-01-04,0.007934714883964161
2023-01-05,-0.01108051240434974
2023-01-06,0.023138187615227703
2023-01-09,-0.00014413104846639413
2023-01-10,0.007120881626785887
2023-01-11,0.013236207935207613
2023-01-12,0.0035634975839296673
2023-01-13,0.004280321426780771
2023-01-17,-0.0017333954928702557
2023-01-18,-0.015403621828973296
2023-01-19,-0.007285496424060113
2023-01-20,0.019199160611330524
2023-01-23,0.012254487607945397
2023-01-24,-0.0004978821927528871
2023-01-25,8.279309284282377e-05
2023-01-26,0.01161331184877195
2023-01-27,0.0032312928636434087
2023-01-30,-0.01268602262444348
2023-01-31,0.014798618630376043
2023-02-01,0.010942775485132289
2023-02-02,0.015919935384181436
2023-02-03,-0.009750007901199502
2023-02-06,-0.005961471953139937
2023-02-07,0.012941731136639587
2023-02-08,-0.010609084600601877
2023-02-09,-0.008256398968077568
2023-02-10,0.002658224789866301
2023-02-13,0.011725974268146675
2023-02-14,0.00030341976330847706
2023-02-15,0.0032946084534610535
2023-02-16,-0.013551323920422095
2023-02-17,-0.002122222248643225
2023-02-21,-0.019699208945545773
2023-02-22,-0.0013939032020182027
2023-02-23,0.005558176694565087
2023-02-24,-0.010297974319653696
2023-02-27,0.003310798771871139
2023-02-28,-0.002841891531977411
2023-03-01,-0.004628894531193108
2023-03-02,0.007696411396425134
2023-03-03,0.016434177568036435
2023-03-06,0.0008215347801781604
2023-03-07,-0.015132910535545182
2023-03-08,0.001565512028103545
2023-03-09,-0.01790047685026442
2023-03-10,-0.01425265829936356
2023-03-13,-0.0006172182264038705
2023-03-14,0.017344726459268205
2023-03-15,-0.0061973452337929415
2023-03-16,0.017863610492222605
2023-03-17,-0.010446283325162304
2023-03-20,0.00911488983170378
2023-03-21,0.013540633580257259
2023-03-22,-0.01617228352307079
2023-03-23,0.003288086848610701
2023-03-24,0.005721039003794038
2023-03-27,0.0020074445299914615
2023-03-28,-0.0015557726193588138
2023-03-29,0.01432748476390388
2023-03-30,0.005919227214380006
2023-03-31,0.014710374615719416
2023-04-03,0.003928007391844103
2023-04-04,-0.005473971027315637
2023-04-05,-0.002109658517931049
2023-04-06,0.003998848144782663
2023-04-10,0.0010474090425637475
2023-04-11,2.937427172115879e-05
2023-04-12,-0.004082587393715656
2023-04-13,0.01371434271886271
2023-04-14,-0.0018751046969856888
2023-04-17,0.003448100112416998
2023-04-18,0.0009268651557321726
2023-04-19,0.0001834654180099119
2023-04-20,-0.005613185629169166
2023-04-21,0.0012287563903392242
2023-04-24,0.0009135966292055781
2023-04-25,-0.01541164630870806
2023-04-26,-0.003222876110641637
2023-04-27,0.020136451228196826
2023-04-28,0.008237320075769194
2023-05-01,-0.00032805231815605647
2023-05-02,-0.011171863769626379
2023-05-03,-0.0064350076898423425
2023-05-04,-0.0066939955173471585
2023-05-05,0.01886949085446809
2023-05-08,0.0006137433774425329
2023-05-09,-0.004354408847168062
2023-05-10,0.004853986115778805
2023-05-11,-0.0010461660262100472
2023-05-12,-0.0012606946262069356
2023-05-15,0.0031107174119542036
2023-05-16,-0.005995931620643317
2023-05-17,0.012221229053955495
2023-05-18,0.0098727750693518
2023-05-19,-0.0013621494716481305
2023-05-22,0.0004572845442807656
2023-05-23,-0.011000907508320529
2023-05-24,-0.006998552953037034
2023-05-25,0.010357007554177405
2023-05-26,0.013488159378823717
2023-05-30,0.00040951995742617535
2023-05-31,-0.005382390394201591
2023-06-01,0.010320339698560447
2023-06-02,0.01462572916917437
2023-06-05,-0.0016757812006768407
2023-06-06,0.0025514408343133956
2023-06-07,-0.003583150190906857
2023-06-08,0.006788857103917043
2023-06-09,0.00145573464981835
2023-06-12,0.009725265697148433
2023-06-13,0.007063211120718715
2023-06-14,0.0015336651143884024
2023-06-15,0.012452354994055255
2023-06-16,-0.003634723281824106
2023-06-20,-0.004442138585576285
2023-06-21,-0.0050163283074060126
2023-06-22,0.004273037360506344
2023-06-23,-0.007573899627710124
2023-06-26,-0.004311217280487064
2023-06-27,0.0116606315272795
2023-06-28,-0.00014663943145722742
2023-06-29,0.00464414026216531
2023-06-30,0.012383076075757341
2023-07-03,0.0014924901297978137
2023-07-05,-0.0016837942833010338
2023-07-06,-0.007805866944166043
2023-07-07,-0.002666576046269952
2023-07-10,0.0024550166339907557
2023-07-11,0.006852283506171415
2023-07-12,0.007624140095989926
2023-07-13,0.00888038560329278
2023-07-14,-0.0005552389526955316
2023-07-17,0.003989694866730694
2023-07-18,0.007338077161296285
2023-07-19,0.0025915421393810883
2023-07-20,-0.006204761304806659
2023-07-21,0.0005287578539562421
2023-07-24,0.004194022914166194
2023-07-25,0.0029821559730453125
2023-07-26,0.0003130559355274496
2023-07-27,-0.006014302891304482
2023-07-28,0.01028625116554579
2023-07-31,0.0016301425325160584
2023-08-01,-0.002517111925095686
2023-08-02,-0.013497490999364306
2023-08-03,-0.0021892283629575747
2023-08-04,-0.004422418086441678
2023-08-07,0.009066808108794799
2023-08-08,-0.003591917666020903
2023-08-09,-0.006694128269213681
2023-08-10,0.0004984461149947781
2023-08-11,-0.0007041403271461798
2023-08-14,0.0060092459160965075
2023-08-15,-0.011236396679972381
2023-08-16,-0.007348588763900648
2023-08-17,-0.007506661696202555
2023-08-18,6.649332478737629e-05
2023-08-21,0.0073624577923841585
2023-08-22,-0.002542977881662045
2023-08-23,0.011141575004111923
2023-08-24,-0.013497772190446119
2023-08-25,0.007097418984792128
2023-08-28,0.006382246364445532
2023-08-29,0.014907025145835988
2023-08-30,0.004018522923659299
2023-08-31,-0.0010720249336886273
2023-09-01,0.0018787140690471231
2023-09-05,-0.0038004601104927945
2023-09-06,-0.006854680795231509
2023-09-07,-0.002629928859717305
2023-09-08,0.0016693199820717638
2023-09-11,0.007451152591830322
2023-09-12,-0.005878464752861227
2023-09-13,0.0016450638980737026
2023-09-14,0.008777481656480778
2023-09-15,-0.011846923131399213
2023-09-18,0.0006445776404398417
2023-09-19,-0.0020311981634005285
2023-09-20,-0.009115676941202666
2023-09-21,-0.01642866717495894
2023-09-22,-0.0022272411291332974
2023-09-25,0.004112876748526292
2023-09-26,-0.014663126613825309
2023-09-27,0.0003762603117458565
2023-09-28,0.006163590448125038
2023-09-29,-0.002444435211994445
2023-10-02,0.0004978865276155735
2023-10-03,-0.013574717259354796
2023-10-04,0.008596096681180809
2023-10-05,-0.0010778349565284953
2023-10-06,0.01208321685183442
2023-10-09,0.006498064734124412
2023-10-10,0.005400284583756481
2023-10-11,0.004630728751942413
2023-10-12,-0.00594870372953453
2023-10-13,-0.0047872011840374255
2023-10-16,0.010765593323351712
2023-10-17,0.00010145313465062614
2023-10-18,-0.013145754968324718
2023-10-19,-0.008117221580314408
2023-10-20,-0.01268452482569308
2023-10-23,-0.0013827174919592807
2023-10-24,0.007586390774321226
2023-10-25,-0.013705876623082713
2023-10-26,-0.011382245735793987
2023-10-27,-0.003992344320867645
2023-10-30,0.01229893918678062
2023-10-31,0.00674278827998989
2023-11-01,0.010976950356982141
2023-11-02,0.0192776023947691
2023-11-03,0.009488549769339306
2023-11-06,0.0021616006048239666
2023-11-07,0.0031737465846998405
2023-11-08,0.0012755690504968962
2023-11-09,-0.007838240541466937
2023-11-10,0.015840367839412124
2023-11-13,-0.0004264889640939871
2023-11-14,0.019515969906494554
2023-11-15,0.0018789574873321214
2023-11-16,0.0011869314573724906
2023-11-17,0.0015445774450882222
2023-11-20,0.00752959782436886
2023-11-21,-0.00182181110558699
2023-11-22,0.004145980968235017
2023-11-24,0.0007065796972606994
2023-11-27,-0.0019056314409126955
2023-11-28,0.0011636386298007945
2023-11-29,-0.0006806049516110959
2023-11-30,0.004170936387442328
2023-12-01,0.006142251933273449
2023-12-04,-0.005331882918200841
2023-12-05,-0.00022598438642391564
2023-12-06,-0.0038158822825924235
2023-12-07,0.00838953363417541
2023-12-08,0.004212175686680825
2023-12-11,0.004177553538379511
2023-12-12,0.004437005752393482
2023-12-13,0.014004418064411567
2023-12-14,0.0035003387266262847
2023-12-15,0.00030026032030917036
2023-12-18,0.004805278084358988
2023-12-19,0.006023672572890629
2023-12-20,-0.014418198816053324
2023-12-21,0.010446444036558391
2023-12-22,0.0018262407664396262
2023-12-26,0.004279613935758146
2023-12-27,0.00162516305002815
2023-12-28,0.0004391895789981837
2023-12-29,-0.0027547013055475174
2024-01-02,-0.0051619735193132775
2024-01-03,-0.007768905295390512
2024-01-04,-0.0033065124039417834
2024-01-05,0.001839452618712811
2024-01-08,0.014376911329253382
2024-01-09,-0.0012276050843273818
2024-01-10,0.005796023009570187
2024-01-11,-0.000503141268613473
2024-01-12,0.0009716004204609654
2024-01-16,-0.0035803248808351767
2024-01-17,-0.005567727052580632
2024-01-18,0.009141201460289293
2024-01-19,0.012413850003112572
2024-01-22,0.002359760029449709
2024-01-23,0.0030871209311885664
2024-01-24,0.00099179554220241
2024-01-25,0.005561845109650531
2024-01-26,-0.0003115606600882856
2024-01-29,0.007639067768060627
2024-01-30,-0.0003678352756613859
2024-01-31,-0.01573825200261442
2024-02-01,0.012941847673460525
2024-02-02,0.011886522723140303
2024-02-05,-0.002693991849849001
2024-02-06,0.0024974652002709564
2024-02-07,0.008386978470735626
2024-02-08,0.0009216620895155883
2024-02-09,0.0061338825226633165
2024-02-12,-0.0008368928844088141
2024-02-13,-0.013375070570764471
2024-02-14,0.009825940254037154
2024-02-15,0.0062449673277171994
2024-02-16,-0.004411752256234792
2024-02-20,-0.005756874164875891
2024-02-21,0.0016276243168215731
2024-02-22,0.022154811099785433
2024-02-23,0.0004955933907961252
2024-02-26,-0.0033417458077652042
2024-02-27,0.0017969515639501598
2024-02-28,-0.0014715397705386479
2024-02-29,0.005594450988088459
2024-03-01,0.00834803851789588
2024-03-04,-0.000902401310151034
2024-03-05,-0.009853679534362515
2024-03-06,0.005225012845857287
2024-03-07,0.010648403778880352
2024-03-08,-0.006181272578023046
2024-03-11,-0.000775213433505605
2024-03-12,0.011946867309378684
2024-03-13,-0.00176961637408295
2024-03-14,-0.0022613333338971486
2024-03-15,-0.006294476786583765
2024-03-18,0.006684823747967622
2024-03-19,0.005722634510308248
2024-03-20,0.009110267376231862
2024-03-21,0.003493170305705875
2024-03-22,-0.0011457088061159065
2024-03-25,-0.0029009553493516667
2024-03-26,-0.0025947673150604703
2024-03-27,0.008916012207686131
2024-03-28,0.0011301369156297555
2024-04-01,-0.0018399458936884472
2024-04-02,-0.007040376804645144
2024-04-03,0.0015181132833002554
2024-04-04,-0.01193911730004218
2024-04-05,0.011168358950497293
2024-04-08,-0.0001957050204258972
2024-04-09,0.0017290941974687105
2024-04-10,-0.009074339752109428
2024-04-11,0.007831015159184948
2024-04-12,-0.014111405777000369
2024-04-15,-0.011791069052466258
2024-04-16,-0.0019044472422095273
2024-04-17,-0.005515061316737973
2024-04-18,-0.0022550054009579613
2024-04-19,-0.0077894332447468895
2024-04-22,0.008786543330129109
2024-04-23,0.012099171106242994
2024-04-24,0.0007859329309707802
2024-04-25,-0.0037836274170135907
2024-04-26,0.011106625384711891
2024-04-29,0.003941836436148673
2024-04-30,-0.015363673743648103
2024-05-01,-0.002805813607283868
2024-05-02,0.009496676018201469
2024-05-03,0.012840102279019475
2024-05-06,0.010467309518825865
2024-05-07,0.0017022128706097306
2024-05-08,1.6608935158485304e-06
2024-05-09,0.005409550488432547
2024-05-10,0.0017825967292528573
2024-05-13,-0.00012791602902575332
2024-05-14,0.0051887925005843
2024-05-15,0.011915533330751314
2024-05-16,-0.0013438527871709623
2024-05-17,0.0013740541266800384
2024-05-20,0.0011957254830934295
2024-05-21,0.0028611883088756626
2024-05-22,-0.002495380387228746
2024-05-23,-0.006818920795204138
2024-05-24,0.00721268291069359
2024-05-28,0.0006040850104192889
2024-05-29,-0.00709385363540134
2024-05-30,-0.005230157117023368
2024-05-31,0.008260794663988885
2024-06-03,0.0015180034790719763
2024-06-04,0.0018505919982186943
2024-06-05,0.012104248288608885
2024-06-06,7.727467153290416e-05
2024-06-07,-0.0008694107280890603
2024-06-10,0.002866587696182792
2024-06-11,0.00321478904981442
2024-06-12,0.009148209247784792
2024-06-13,0.002853614869289705
2024-06-14,1.877520630015839e-05
2024-06-17,0.008209324508308401
2024-06-18,0.002660997829579929
2024-06-20,-0.002163130165787461
2024-06-21,-0.0012258903560540058
2024-06-24,-0.002376331048380163
2024-06-25,0.0042146841030420625
2024-06-26,0.0020344079534655277
2024-06-27,0.0012778816307500783
2024-06-28,-0.0037358042610861134
2024-07-01,0.003293575033583078
2024-07-02,0.006674299136346018
2024-07-03,0.005360849458709178
2024-07-05,0.006021921292495429
2024-07-08,0.0011797922403249514
2024-07-09,0.0009531012230864188
2024-07-10,0.010320326066047977
2024-07-11,-0.008158809882127038
2024-07-12,0.005634626787419952
2024-07-15,0.0030520086405832576
2024-07-16,0.006610723162264501
2024-07-17,-0.013020673867540475
2024-07-18,-0.007706471114687351
2024-07-19,-0.006706148748704927
2024-07-22,0.010956086663699518
2024-07-23,-0.0009716376420832304
2024-07-24,-0.022356483478917107
2024-07-25,-0.004535814522854904
2024-07-26,0.011340667358404999
2024-07-29,0.0011167613164806075
2024-07-30,-0.0043389986071917085
2024-07-31,0.01731940234102749
2024-08-01,-0.012419651348055713
2024-08-02,-0.01789326804618465
2024-08-05,-0.029654201763190124
2024-08-06,0.010417948731404277
2024-08-07,-0.007256678793967069
2024-08-08,0.023582953364593144
2024-08-09,0.005175146453613795
2024-08-12,0.000323988359777597
2024-08-13,0.017176772402952546
2024-08-14,0.003961834358616339
2024-08-15,0.01708778831997354
2024-08-16,0.002239015867627248
2024-08-19,0.009816786695909727
2024-08-20,-0.0016175525461364082
2024-08-21,0.004357288361710647
2024-08-22,-0.00868118134604332
2024-08-23,0.011568985424626626
2024-08-26,-0.002949019680012893
2024-08-27,0.0016038034388299617
2024-08-28,-0.005926334507739553
2024-08-29,0.0006047759065630373
2024-08-30,0.01045444922654573
2024-09-03,-0.019994121806768187
2024-09-04,-0.0014232279763701909
2024-09-05,-0.002465062770982934
2024-09-06,-0.016900729330334312
2024-09-09,0.01183738500145588
2024-09-10,0.005378147180102453
2024-09-11,0.011309301798939441
2024-09-12,0.0078993420048946
2024-09-13,0.005774080696500235
2024-09-16,0.0017601304774897339
2024-09-17,0.0001604451051769731
2024-09-18,-0.0027739833634547596
2024-09-19,0.017349738963509612
2024-09-20,-0.0014249543707553175
2024-09-23,0.0031143693528151496
2024-09-24,0.0027281786637727776
2024-09-25,-0.001620369775513011
2024-09-26,0.004099696424615916
2024-09-27,-0.001003235152125539
2024-09-30,0.004416906467885092
2024-10-01,-0.008761100789402888
2024-10-02,0.0002480669229018949
2024-10-03,-0.0016342887757627555
2024-10-04,0.0094287518013579
2024-10-07,-0.009427929836014051
2024-10-08,0.00990274850408591
2024-10-09,0.0072974634948531425
2024-10-10,-0.0019165690896684722
2024-10-11,0.006341673542830193
2024-10-14,0.0076823383221138585
2024-10-15,-0.0068149398523228745
2024-10-16,0.004903136309364097
2024-10-17,1.972124807451864e-05
2024-10-18,0.004170091423981202
2024-10-21,-0.0017395625146192368
2024-10-22,-0.00014194490623098492
2024-10-23,-0.008840905018150026
2024-10-24,0.0035474116571075813
2024-10-25,-0.00019805476501910918
2024-10-28,0.0026596891951671526
2024-10-29,0.0018438348102336863
2024-10-30,-0.0028527675776863154
2024-10-31,-0.017797258112249772
2024-11-01,0.004717983547721987
2024-11-04,-0.0025495534018613922
2024-11-05,0.012559655118374499
2024-11-06,0.026957256275428908
2024-11-07,0.008005713528930012
2024-11-08,0.004719220773862217
2024-11-11,0.0018266918993458698
2024-11-12,-0.002623353947132767
2024-11-13,0.0005349528501800621
2024-11-14,-0.0060874293393659434
2024-11-15,-0.012662966421304874
2024-11-18,0.004307813705603466
2024-11-19,0.004524391011073442
2024-11-20,0.00036952827548272945
2024-11-21,0.005665648438842614
2024-11-22,0.003950832930665441
2024-11-25,0.003305337673904458
2024-11-26,0.006306363107662714
2024-11-27,-0.0037137788341232566
2024-11-29,0.005920521332486759
2024-12-02,0.0028050807406982963
2024-12-03,0.0007842029454144512
2024-12-04,0.00653509262616957
2024-12-05,-0.0013664538097381699
2024-12-06,0.0033343419015189695
2024-12-09,-0.005948121825980859
2024-12-10,-0.0024573670963480925
2024-12-11,0.00888358518468903
2024-12-12,-0.005298872518658368
2024-12-13,0.0013062273897627734
2024-12-16,0.004751313324743818
2024-12-17,-0.0036480793469630744
2024-12-18,-0.029372418609405482
2024-12-19,-0.0005891801977478362
2024-12-20,0.010815877224319898
2024-12-23,0.007380829862220334
2024-12-24,0.011489440380671683
2024-12-26,-0.0003489180295372503
2024-12-27,-0.011022435776050696
2024-12-30,-0.010730889058091922
2024-12-31,-0.004147932631939845
2025-01-02,-0.002012728327569229
2025-01-03,0.013116940650200063
2025-01-06,0.005791684578466141
2025-01-07,-0.010747794866671264
2025-01-08,0.0018931965317581225
2025-01-10,-0.014715177311656759
2025-01-13,0.0017935470827967906
2025-01-14,0.0011217742103902708
2025-01-15,0.018803887602722395
2025-01-16,-0.0016562285447059833
2025-01-17,0.010165010011102392
2025-01-21,0.009500928545983504
2025-01-22,0.006812356899734872
2025-01-23,0.005447534705632565
2025-01-24,-0.002425862750300007
2025-01-27,-0.010832882781417358
2025-01-28,0.009886306154285724
2025-01-29,-0.004259546115026141
2025-01-30,0.006499993380369993
2025-01-31,-0.004566668016663434
2025-02-03,-0.007076549584366183
2025-02-04,0.007787749818879477
2025-02-05,0.004388254130459896
2025-02-06,0.004104968128363629
2025-02-07,-0.009282759194256899
2025-02-10,0.007268982741830054
2025-02-11,0.00032140984799852116
2025-02-12,-0.0024625504144255355
2025-02-13,0.010860028210377775
2025-02-14,0.0003642443695294366
2025-02-18,0.002882656657341722
2025-02-19,0.002704396540425058
2025-02-20,-0.004551556588847455
2025-02-21,-0.016867688562179906
2025-02-24,-0.004827048523390486
2025-02-25,-0.0039889981798801825
2025-02-26,0.0005362019058177696
2025-02-27,-0.015119493068384986
2025-02-28,0.016158968292691724
2025-03-03,-0.016718957039805842
2025-03-04,-0.012117002930390081
2025-03-05,0.011510400320694052
2025-03-06,-0.01750016775940882
2025-03-07,0.0058032462808300786
2025-03-10,-0.026376049118041894
2025-03-11,-0.0071251761758024945
2025-03-12,0.005550320822146904
2025-03-13,-0.013615632097436573
2025-03-14,0.021500834632084374
2025-03-17,0.006787796851770325
2025-03-18,-0.010608240652485012
2025-03-19,0.011112362371837898
2025-03-20,-0.0020337249450971353
2025-03-21,0.0011828560382979151
2025-03-24,0.018407403147854114
2025-03-25,0.001666275912992218
2025-03-26,-0.01085118936998759
2025-03-27,-0.0030452090291588118
2025-03-28,-0.01955502398593252
2025-03-31,0.005810385032446243
2025-04-01,0.004160474185104143
2025-04-02,0.007153961784284503
2025-04-03,-0.04646192501613134
2025-04-04,-0.059056781542183676
2025-04-07,-0.0016084840611074293
2025-04-08,-0.015488140781864168
2025-04-09,0.09788386470034717
2025-04-10,-0.03351921025194236
2025-04-11,0.01819053441468454
2025-04-14,0.008249351594501422
2025-04-15,-0.0014608471938125723
2025-04-16,-0.02209283403307321
2025-04-17,0.0030144589862128425
2025-04-21,-0.02341073386478703
2025-04-22,0.02545745292041469
2025-04-23,0.017091743279143957
2025-04-24,0.021046706533075263
2025-04-25,0.007595170958415012
2025-04-28,0.0008131595133432402
2025-04-29,0.006009618004214924
2025-04-30,0.001787217788717453
2025-05-01,0.00697538834760984
2025-05-02,0.015228601048453267
2025-05-05,-0.0058198170989241195
2025-05-06,-0.007518325582385054
2025-05-07,0.004616227729351795
2025-05-08,0.006057840872386278
2025-05-09,-0.000400355609812317
2025-05-12,0.0336144096448695
2025-05-13,0.008130898826585103
2025-05-14,0.0016047127814845952
2025-05-15,0.004557230651507257
2025-05-16,0.0074101787397961635
2025-05-19,0.0010377234534181363
2025-05-20,-0.003827054003968469
2025-05-21,-0.01590960499088477
2025-05-22,-0.000234694235286475
2025-05-23,-0.00630079963394977
2025-05-27,0.0207870579334522
2025-05-28,-0.005403772658425334
2025-05-29,0.003980822350689792
2025-05-30,0.0005017476187463592
2025-06-02,0.004374436352868746
2025-06-03,0.005960863619434048
2025-06-04,0.00020443919796342283
2025-06-05,-0.004862967372496909
2025-06-06,0.01073351304191513
2025-06-09,0.001356370501389398
2025-06-10,0.005848215280583036
2025-06-11,-0.0027150746205587294
2025-06-12,0.004317500172144722
2025-06-13,-0.010251578197605268
2025-06-16,0.009508984838844908
2025-06-17,-0.008287725374363696
2025-06-18,-7.150835103889708e-05
2025-06-20,-0.0021142950208525592
2025-06-23,0.01007503641941633
2025-06-24,0.011411430585988954
2025-06-25,0.00014665405411761335
2025-06-26,0.008135432181519742
2025-06-27,0.00555376103066445
2025-06-30,0.005416548243118136
2025-07-01,-0.0005739067316446482
2025-07-02,0.005390926962946687
2025-07-03,0.008684961696810123
2025-07-07,-0.007719964620498386
2025-07-08,-0.0006791448567759102
2025-07-09,0.006097100919618907
2025-07-10,0.0030182256630627183
2025-07-11,-0.003138063970216497
2025-07-14,0.0017076318701494007
2025-07-15,-0.0035865374104278283
2025-07-16,0.0035294723819517667
2025-07-17,0.0056006470651955
2025-07-18,0.00015738152649289318
2025-07-21,0.0015946230841596951
2025-07-22,0.0010171637084002494
2025-07-23,0.008203472108322552
2025-07-24,0.0013473339784118093
2025-07-25,0.004225489223472572
2025-07-28,0.0003937456281546244
2025-07-29,-0.0025460352355847933
2025-07-30,-0.0010474432107829789
2025-07-31,-0.0027099587491009
2025-08-01,-0.01568014305133418
2025-08-04,0.015221929643989895
2025-08-05,-0.004259185911257617
2025-08-06,0.008115982981113838
2025-08-07,-0.0005718520740022457
2025-08-08,0.008158277492919684
2025-08-11,-0.0020668027891058375
2025-08-12,0.011401952546902513
2025-08-13,0.0032213232084787333
2025-08-14,0.0006140517972454348
2025-08-15,-0.0022402097300517846
2025-08-18,0.00015123812799112583
2025-08-19,-0.005601171744280203
2025-08-20,-0.0022099310341328515
2025-08-21,-0.004048242396597912
2025-08-22,0.015479473697596141
2025-08-25,-0.004129850890961521
2025-08-26,0.004277167994197481
2025-08-27,0.00238767049792247
2025-08-28,0.0033312677327629477
2025-08-29,-0.006166387807230362
2025-09-02,-0.006454957267567355
2025-09-03,0.005660980090331167
2025-09-04,0.00870747263278382
2025-09-05,-0.0021697407073012153
2025-09-08,0.002521972456396698
2025-09-09,0.0030916462116821228
2025-09-10,0.006908605859819475
2025-09-11,0.008625564932437862
2025-09-12,-0.00025193307788526635
2025-09-15,0.005486752572057278
2025-09-16,-0.0008232450278040387
2025-09-17,-0.0007333781112991134
2025-09-18,0.004994771928115459
2025-09-19,0.005155921352167544
2025-09-22,0.005060420407570429
2025-09-23,-0.005545554376528661
2025-09-24,-0.002656172252453017
2025-09-25,-0.005170871743332722
2025-09-26,0.006016614277148413
2025-09-29,0.0028855882348008273
2025-09-30,0.004244263701952457
2025-10-01,0.0042111260750408875
2025-10-02,0.0005706361510087303
2025-10-03,0.0003130316653273738
2025-10-06,0.00452051702749703
2025-10-07,-0.0037747975983154613
2025-10-08,0.006100867740178108
2025-10-09,-0.0024167092454541027
2025-10-10,-0.02633957747970806
2025-10-13,0.01614055430242177
2025-10-14,-0.0008908844074959446
2025-10-15,0.0046235896883759795
2025-10-16,-0.005940501853160789
2025-10-17,0.005103422493709969
2025-10-20,0.010498390409999694
2025-10-21,0.00023917713334106966
2025-10-22,-0.004925532161010991
2025-10-23,0.006241256504678703
2025-10-24,0.00805584527616229
2025-10-27,0.012467298455285715
2025-10-28,0.002567456926440042
2025-10-29,0.0005315890998748011
2025-10-30,-0.009302354615011676
2025-10-31,0.003770949064643034
2025-11-03,0.0022417917879348796
2025-11-04,-0.011329846156612191
2025-11-05,0.0041498909855865514
2025-11-06,-0.010806615946996721
2025-11-07,0.0014099056145168076
2025-11-10,0.015902845877162862
2025-11-11,0.0024682412982866583
2025-11-12,0.0005730931460745025
2025-11-13,-0.016454610131383555
2025-11-14,-1.5262414243328757e-05
2025-11-17,-0.00859327367905448
2025-11-18,-0.007942909594772925
2025-11-19,0.0042412374197748105
2025-11-20,-0.014693306364666751
2025-11-21,0.009861857327888057
2025-11-24,0.016337346302121972
2025-11-25,0.009610931126124456
2025-11-26,0.007242384183226299
2025-11-28,0.0055033643192911735
2025-12-01,-0.004907733290391786
2025-12-02,0.002682504806393694
2025-12-03,0.003759721644213088
2025-12-04,0.0014575932605517265
2025-12-05,0.0023393905645021267
2025-12-08,-0.0034082253983212124
2025-12-09,-0.0004293489787561995
2025-12-10,0.007055951615497925
2025-12-11,0.0020276350395122943
2025-12-12,-0.0097086799369757
2025-12-15,-0.0010529488376057345
2025-12-16,-0.002028462739322227
2025-12-17,-0.011411420994703481
2025-12-18,0.008272832117099026
2025-12-19,0.009230857055938247
2025-12-22,0.006589332271805695
2025-12-23,0.004428537375883297
2025-12-24,0.0032924157909635598
2025-12-26,-0.00019693561396501595
2025-12-29,-0.003442686310480248
2025-12-30,-0.0013667214115160788
2025-12-31,-0.007288145864818326
2026-01-02,0.0025054673289907512
2026-01-05,0.0068316938206878655
2026-01-06,0.0066153997921125085
2026-01-07,-0.0030637632867078586
2026-01-08,0.0006470002475393953
2026-01-09,0.0071512859613463145
2026-01-12,0.0021831638239979217
2026-01-13,-0.0015428666990043981
2026-01-14,-0.005119085889269795
2026-01-15,0.0026543096539309863
2026-01-16,-0.00042318222992977636
2026-01-20,-0.020333296443941773
2026-01-21,0.012049539521507153
2026-01-22,0.006076964540573609
2026-01-23,0.0006215608698495074
2026-01-26,0.004987338048690873
2026-01-27,0.004459234559816965
2026-01-28,0.00031399980417013876
2026-01-29,-0.0002000637188787226
2026-01-30,-0.003277370280069345
2026-02-02,0.005976432115254485
2026-02-03,-0.00739049222635456
2026-02-04,-0.003777223019231432
2026-02-05,-0.012006009261550469
2026-02-06,0.020571227687325867
2026-02-09,0.005460443562694218
2026-02-10,-0.0029280384461100257
2026-02-11,0.0006255403991946821
2026-02-12,-0.014426795646042776
2026-02-13,0.0011948235614916644
2026-02-17,0.0008582603239089398
2026-02-18,0.005726469452521038
2026-02-19,-0.0024363426962620977
2026-02-20,0.006944981040238374
2026-02-23,-0.009731692262794646
2026-02-24,0.008094532284251204
2026-02-25,0.008420158907828849
2026-02-26,-0.004981341755890056
2026-02-27,-0.003149866262141627
2026-03-02,0.0009064619431164852
2026-03-03,-0.009010880110802904
2026-03-04,0.008269835651477393
2026-03-05,-0.005383677453864635
2026-03-06,-0.012724518958794109
2026-03-09,0.008685744687443259
2026-03-10,-0.0017538785750695013
2026-03-11,-0.0003241503679090723
2026-03-12,-0.014827543722121686
2026-03-13,-0.005459542423317769
2026-03-16,0.010118390284856265
2026-03-17,0.002625095985603923
2026-03-18,-0.013503556815577447
2026-03-19,-0.0025996326352881144
2026-03-20,-0.014980125300507113
2026-03-23,0.011974179477650296
2026-03-24,-0.003349886891037769
2026-03-25,0.00576478560186225
2026-03-26,-0.016831857809074233
2026-03-27,-0.01634416303349303
2026-03-30,-0.0034427050529364043
2026-03-31,0.029673099180481294
2026-04-01,0.0076883789375213375
2026-04-02,0.0011217280464188772
2026-04-06,0.004531210365331165
2026-04-07,0.0008250248499047596
2026-04-08,0.025731633149436734
2026-04-09,0.006695876842938443
2026-04-10,-0.0007966294534688752
2026-04-13,0.010718117151141187
2026-04-14,0.012461176625597672
2026-04-15,0.008919160267008192
2026-04-16,0.003073523372889457
2026-04-17,0.01242581708577717
2026-04-20,-0.0022144639385824234
2026-04-21,-0.005814602883010321
2026-04-22,0.010971773132432458
2026-04-23,-0.0034829279633886547
2026-04-24,0.008570560529106595
2026-04-27,0.0013672354575170115
2026-04-28,-0.004595077027279139
2026-04-29,0.0003590586198309905
2026-04-30,0.012683889174286415
2026-05-01,0.0035298863073951526
2026-05-04,-0.0034774949730684026
2026-05-05,0.008708738071980446
2026-05-06,0.015530437201218592
2026-05-07,-0.0030541250647165155
2026-05-08,0.009707771321150065
2026-05-11,0.002358143355038195
2026-05-12,-0.0013166399908670487
2026-05-13,0.00659883889659144
2026-05-14,0.008030630114256903
2026-05-15,-0.011772655829172689
2026-05-18,-0.00040073246728547263
2026-05-19,-0.006364890029378545
2026-05-20,0.01117871894476725
2026-05-21,0.0019961100000375712
2026-05-22,0.004075483857330209
2026-05-26,0.0069909578335061
2026-05-27,0.0007345172859353499
2026-05-28,0.006381433547049095
2026-05-29,0.0031524413177599314
2026-06-01,0.003699582845678086
2026-06-02,0.001947066460573447
2026-06-03,-0.00678793186012614
2026-06-04,0.005618598870369862
2026-06-05,-0.02489998018620678
2026-06-08,0.0039015477648003337
2026-06-09,-0.002294487867096253
2026-06-10,-0.015502223667143052
2026-06-11,0.018269422552414368
2026-06-12,0.005394321796808987
2026-06-15,0.01739433644430906
2026-06-16,-0.005062028440529635
2026-06-17,-0.011913371136414878
2026-06-18,0.011509871590405655
2026-06-22,-0.0030615777739276804
2026-06-23,-0.012997593956072046
2026-06-24,-0.0009197944988896362
2026-06-25,0.0012407202046828606
2026-06-26,0.0009656509328525595
2026-06-29,0.013035152747818931
2026-06-30,0.008167074053200203
2026-07-01,-0.0006615997310284452
2026-07-02,0.0010911372001847558
2026-07-06,0.008253829243984424
2026-07-07,-0.0038310580326487895
2026-07-08,-0.0025136028279939392
2026-07-09,0.008677989129626805
2026-07-10,0.00451697817316559
2026-07-13,-0.007442397292183352
2026-07-14,0.004421816268632144
2026-07-15,0.004734586528921344
2026-07-16,-0.004174921878948716
2026-07-17,-0.009819752831538126
2026-07-20,-0.001998212932350228
2026-07-21,0.009551281854986762
2026-07-22,-0.0011991554544780237
2026-07-23,-0.012253520222720568
2026-07-24,0.0011938997013381187
2026-07-27,0.0010910153414605585
2026-07-28,0.003147328443846822
2026-07-29,-0.01424277517053265
2026-07-30,0.019280931959135012
